race,female,hispanic,age,weight,num
American Indian or Alaska Native,FALSE,FALSE,18,4.948886059148095e-5,245
American Indian or Alaska Native,FALSE,FALSE,19,5.757930672269914e-5,256
American Indian or Alaska Native,FALSE,FALSE,20,5.7000870469946317e-5,242
American Indian or Alaska Native,FALSE,FALSE,21,5.148848790232181e-5,198
American Indian or Alaska Native,FALSE,FALSE,22,5.121650794241817e-5,176
American Indian or Alaska Native,FALSE,FALSE,23,4.416801320688717e-5,180
American Indian or Alaska Native,FALSE,FALSE,24,3.95022161482585e-5,165
American Indian or Alaska Native,FALSE,FALSE,25,4.4279103613045e-5,181
American Indian or Alaska Native,FALSE,FALSE,26,5.500890456642669e-5,182
American Indian or Alaska Native,FALSE,FALSE,27,4.864993648980634e-5,168
American Indian or Alaska Native,FALSE,FALSE,28,5.3871185579224134e-5,217
American Indian or Alaska Native,FALSE,FALSE,29,5.802366834733044e-5,201
American Indian or Alaska Native,FALSE,FALSE,30,5.8824285412398906e-5,232
American Indian or Alaska Native,FALSE,FALSE,31,4.089659228072224e-5,195
American Indian or Alaska Native,FALSE,FALSE,32,4.554706652470845e-5,192
American Indian or Alaska Native,FALSE,FALSE,33,4.466217397910646e-5,182
American Indian or Alaska Native,FALSE,FALSE,34,4.9622935219602465e-5,208
American Indian or Alaska Native,FALSE,FALSE,35,4.280811340736896e-5,189
American Indian or Alaska Native,FALSE,FALSE,36,4.5700294671133034e-5,200
American Indian or Alaska Native,FALSE,FALSE,37,4.914792796568624e-5,191
American Indian or Alaska Native,FALSE,FALSE,38,5.035076891511925e-5,207
American Indian or Alaska Native,FALSE,FALSE,39,3.91114843748758e-5,187
American Indian or Alaska Native,FALSE,FALSE,40,5.272963588836096e-5,186
American Indian or Alaska Native,FALSE,FALSE,41,4.3133723218521205e-5,171
American Indian or Alaska Native,FALSE,FALSE,42,4.524827163918051e-5,180
American Indian or Alaska Native,FALSE,FALSE,43,3.97129048495923e-5,173
American Indian or Alaska Native,FALSE,FALSE,44,3.5859216967013945e-5,180
American Indian or Alaska Native,FALSE,FALSE,45,3.491303316284212e-5,162
American Indian or Alaska Native,FALSE,FALSE,46,4.0862115947776705e-5,163
American Indian or Alaska Native,FALSE,FALSE,47,3.7671139798484684e-5,186
American Indian or Alaska Native,FALSE,FALSE,48,4.042924643412725e-5,173
American Indian or Alaska Native,FALSE,FALSE,49,3.5376548305776496e-5,160
American Indian or Alaska Native,FALSE,FALSE,50,4.606038081523082e-5,194
American Indian or Alaska Native,FALSE,FALSE,51,4.4263780798402536e-5,211
American Indian or Alaska Native,FALSE,FALSE,52,5.1963495156238023e-5,226
American Indian or Alaska Native,FALSE,FALSE,53,3.059583013732939e-5,174
American Indian or Alaska Native,FALSE,FALSE,54,4.824771260544179e-5,215
American Indian or Alaska Native,FALSE,FALSE,55,4.387304902501984e-5,206
American Indian or Alaska Native,FALSE,FALSE,56,3.823042253293443e-5,184
American Indian or Alaska Native,FALSE,FALSE,57,3.2564811818885325e-5,192
American Indian or Alaska Native,FALSE,FALSE,58,3.962862936905878e-5,213
American Indian or Alaska Native,FALSE,FALSE,59,4.617147122138864e-5,203
American Indian or Alaska Native,FALSE,FALSE,60,4.8197913457853804e-5,233
American Indian or Alaska Native,FALSE,FALSE,61,3.4112416097773656e-5,179
American Indian or Alaska Native,FALSE,FALSE,62,3.734169928367182e-5,201
American Indian or Alaska Native,FALSE,FALSE,63,3.240392226513951e-5,187
American Indian or Alaska Native,FALSE,FALSE,64,4.004617606806578e-5,186
American Indian or Alaska Native,FALSE,FALSE,65,3.082567235696626e-5,180
American Indian or Alaska Native,FALSE,FALSE,66,3.29746971105711e-5,203
American Indian or Alaska Native,FALSE,FALSE,67,2.7374208358752448e-5,166
American Indian or Alaska Native,FALSE,FALSE,68,2.72056573976854e-5,162
American Indian or Alaska Native,FALSE,FALSE,69,2.750062157955273e-5,155
American Indian or Alaska Native,FALSE,FALSE,70,2.4570133279182507e-5,152
American Indian or Alaska Native,FALSE,FALSE,71,2.1279558834714504e-5,132
American Indian or Alaska Native,FALSE,FALSE,72,1.9647679075292654e-5,102
American Indian or Alaska Native,FALSE,FALSE,73,2.1758396792291336e-5,140
American Indian or Alaska Native,FALSE,FALSE,74,2.2103160121746657e-5,104
American Indian or Alaska Native,FALSE,FALSE,75,2.1494078239708926e-5,116
American Indian or Alaska Native,FALSE,FALSE,76,1.3334679442599674e-5,80
American Indian or Alaska Native,FALSE,FALSE,77,1.1936472606475318e-5,80
American Indian or Alaska Native,FALSE,FALSE,78,1.0262455106786706e-5,71
American Indian or Alaska Native,FALSE,FALSE,79,8.87957108530481e-6,61
American Indian or Alaska Native,FALSE,FALSE,80,7.508179174804757e-6,49
American Indian or Alaska Native,FALSE,FALSE,81,9.159212452529681e-6,54
American Indian or Alaska Native,FALSE,FALSE,82,6.707562109736291e-6,42
American Indian or Alaska Native,FALSE,FALSE,83,6.113803042341017e-6,52
American Indian or Alaska Native,FALSE,FALSE,84,4.393817098725029e-6,27
American Indian or Alaska Native,FALSE,FALSE,85,3.7272746617780757e-6,22
American Indian or Alaska Native,FALSE,FALSE,86,3.5242473677654985e-6,16
American Indian or Alaska Native,FALSE,FALSE,87,1.448005983712346e-6,9
American Indian or Alaska Native,FALSE,FALSE,88,1.3369155775545206e-6,10
American Indian or Alaska Native,FALSE,FALSE,89,2.3750362695810967e-6,15
American Indian or Alaska Native,FALSE,FALSE,90,8.772311382807599e-7,7
American Indian or Alaska Native,FALSE,FALSE,92,1.214333060414851e-6,6
American Indian or Alaska Native,FALSE,FALSE,93,2.0724106803925376e-6,17
American Indian or Alaska Native,FALSE,FALSE,94,9.346916931899799e-7,3
American Indian or Alaska Native,FALSE,FALSE,95,7.661407321229344e-8,1
American Indian or Alaska Native,FALSE,TRUE,18,4.592247548344869e-5,117
American Indian or Alaska Native,FALSE,TRUE,19,5.740692505797147e-5,136
American Indian or Alaska Native,FALSE,TRUE,20,6.56122922990081e-5,146
American Indian or Alaska Native,FALSE,TRUE,21,6.110738479412524e-5,127
American Indian or Alaska Native,FALSE,TRUE,22,5.9356753221224344e-5,142
American Indian or Alaska Native,FALSE,TRUE,23,4.427144220572376e-5,99
American Indian or Alaska Native,FALSE,TRUE,24,4.3256305735660876e-5,99
American Indian or Alaska Native,FALSE,TRUE,25,5.806197538393658e-5,133
American Indian or Alaska Native,FALSE,TRUE,26,5.1806436306152826e-5,113
American Indian or Alaska Native,FALSE,TRUE,27,3.8824181600329704e-5,95
American Indian or Alaska Native,FALSE,TRUE,28,5.522725467508173e-5,119
American Indian or Alaska Native,FALSE,TRUE,29,5.207075485873524e-5,114
American Indian or Alaska Native,FALSE,TRUE,30,5.7437570687256396e-5,120
American Indian or Alaska Native,FALSE,TRUE,31,4.69184584352085e-5,121
American Indian or Alaska Native,FALSE,TRUE,32,4.994471432709409e-5,107
American Indian or Alaska Native,FALSE,TRUE,33,4.5462791044174926e-5,109
American Indian or Alaska Native,FALSE,TRUE,34,4.7435603429391486e-5,111
American Indian or Alaska Native,FALSE,TRUE,35,4.975317914406336e-5,110
American Indian or Alaska Native,FALSE,TRUE,36,5.346130028753836e-5,106
American Indian or Alaska Native,FALSE,TRUE,37,5.717325213467398e-5,123
American Indian or Alaska Native,FALSE,TRUE,38,4.507972067811346e-5,100
American Indian or Alaska Native,FALSE,TRUE,39,3.428862846616193e-5,93
American Indian or Alaska Native,FALSE,TRUE,40,5.42542559452856e-5,98
American Indian or Alaska Native,FALSE,TRUE,41,4.5378515563641405e-5,117
American Indian or Alaska Native,FALSE,TRUE,42,4.730152880126997e-5,98
American Indian or Alaska Native,FALSE,TRUE,43,5.470244827357752e-5,109
American Indian or Alaska Native,FALSE,TRUE,44,4.504907504882854e-5,97
American Indian or Alaska Native,FALSE,TRUE,45,5.4625834200365225e-5,107
American Indian or Alaska Native,FALSE,TRUE,46,4.1429060089547676e-5,93
American Indian or Alaska Native,FALSE,TRUE,47,3.956350740682833e-5,88
American Indian or Alaska Native,FALSE,TRUE,48,4.627106951656462e-5,97
American Indian or Alaska Native,FALSE,TRUE,49,4.510270490007715e-5,95
American Indian or Alaska Native,FALSE,TRUE,50,4.4229304465457e-5,95
American Indian or Alaska Native,FALSE,TRUE,51,3.9728227664234764e-5,96
American Indian or Alaska Native,FALSE,TRUE,52,3.7288069432423216e-5,85
American Indian or Alaska Native,FALSE,TRUE,53,2.807522712864493e-5,70
American Indian or Alaska Native,FALSE,TRUE,54,3.1005715429015155e-5,80
American Indian or Alaska Native,FALSE,TRUE,55,2.518687656854147e-5,63
American Indian or Alaska Native,FALSE,TRUE,56,3.6426161108784916e-5,89
American Indian or Alaska Native,FALSE,TRUE,57,2.530179767835991e-5,65
American Indian or Alaska Native,FALSE,TRUE,58,2.8760923083894958e-5,60
American Indian or Alaska Native,FALSE,TRUE,59,2.5389903862554047e-5,57
American Indian or Alaska Native,FALSE,TRUE,60,2.4309645430260707e-5,67
American Indian or Alaska Native,FALSE,TRUE,61,2.9373835669593306e-5,75
American Indian or Alaska Native,FALSE,TRUE,62,2.732057850750384e-5,61
American Indian or Alaska Native,FALSE,TRUE,63,1.857125134665993e-5,46
American Indian or Alaska Native,FALSE,TRUE,64,2.389209873125371e-5,49
American Indian or Alaska Native,FALSE,TRUE,65,1.3966745546601094e-5,39
American Indian or Alaska Native,FALSE,TRUE,66,1.7690189504718556e-5,52
American Indian or Alaska Native,FALSE,TRUE,67,1.8552097828356857e-5,52
American Indian or Alaska Native,FALSE,TRUE,68,1.7690189504718556e-5,44
American Indian or Alaska Native,FALSE,TRUE,69,7.849111800599463e-6,29
American Indian or Alaska Native,FALSE,TRUE,70,1.2909471336271444e-5,39
American Indian or Alaska Native,FALSE,TRUE,71,1.0622541250884485e-5,28
American Indian or Alaska Native,FALSE,TRUE,72,9.312440598954268e-6,24
American Indian or Alaska Native,FALSE,TRUE,73,3.6698141068688556e-6,13
American Indian or Alaska Native,FALSE,TRUE,74,1.0883029099806283e-5,30
American Indian or Alaska Native,FALSE,TRUE,75,5.860976600740448e-6,20
American Indian or Alaska Native,FALSE,TRUE,76,5.309355273611936e-6,13
American Indian or Alaska Native,FALSE,TRUE,77,6.765022664645511e-6,12
American Indian or Alaska Native,FALSE,TRUE,78,2.911334782067151e-6,13
American Indian or Alaska Native,FALSE,TRUE,79,3.3556964066984526e-6,11
American Indian or Alaska Native,FALSE,TRUE,80,2.666169747787812e-6,9
American Indian or Alaska Native,FALSE,TRUE,81,2.4018511952053995e-6,6
American Indian or Alaska Native,FALSE,TRUE,82,4.949269129514156e-6,10
American Indian or Alaska Native,FALSE,TRUE,83,1.4441752800517312e-6,7
American Indian or Alaska Native,FALSE,TRUE,84,2.532095119666298e-6,6
American Indian or Alaska Native,FALSE,TRUE,85,1.505466538621566e-6,6
American Indian or Alaska Native,FALSE,TRUE,86,1.8502298680768867e-6,3
American Indian or Alaska Native,FALSE,TRUE,87,3.141177001704031e-7,1
American Indian or Alaska Native,FALSE,TRUE,88,8.810618419413745e-8,1
American Indian or Alaska Native,FALSE,TRUE,89,7.776328431047784e-7,3
American Indian or Alaska Native,FALSE,TRUE,92,8.082784723896958e-7,2
American Indian or Alaska Native,FALSE,TRUE,94,1.5629270935307862e-6,3
American Indian or Alaska Native,FALSE,TRUE,95,4.5585373561314597e-7,1
American Indian or Alaska Native,TRUE,FALSE,18,4.419865883617209e-5,186
American Indian or Alaska Native,TRUE,FALSE,19,5.108243331429665e-5,205
American Indian or Alaska Native,TRUE,FALSE,20,4.0042345364405166e-5,153
American Indian or Alaska Native,TRUE,FALSE,21,5.8954529336859804e-5,183
American Indian or Alaska Native,TRUE,FALSE,22,4.144055220052952e-5,165
American Indian or Alaska Native,TRUE,FALSE,23,4.140607586758399e-5,160
American Indian or Alaska Native,TRUE,FALSE,24,5.3242950178883324e-5,173
American Indian or Alaska Native,TRUE,FALSE,25,5.1174370202151406e-5,195
American Indian or Alaska Native,TRUE,FALSE,26,3.750258883741764e-5,132
American Indian or Alaska Native,TRUE,FALSE,27,4.401095435680197e-5,171
American Indian or Alaska Native,TRUE,FALSE,28,4.654304947646826e-5,175
American Indian or Alaska Native,TRUE,FALSE,29,4.163208738356026e-5,145
American Indian or Alaska Native,TRUE,FALSE,30,4.9266679779165296e-5,195
American Indian or Alaska Native,TRUE,FALSE,31,4.715596206216661e-5,195
American Indian or Alaska Native,TRUE,FALSE,32,5.1055618388672346e-5,190
American Indian or Alaska Native,TRUE,FALSE,33,5.164937745606762e-5,184
American Indian or Alaska Native,TRUE,FALSE,34,5.349194591682328e-5,198
American Indian or Alaska Native,TRUE,FALSE,35,4.896022348631612e-5,200
American Indian or Alaska Native,TRUE,FALSE,36,4.320650658807289e-5,166
American Indian or Alaska Native,TRUE,FALSE,37,4.4585559905894165e-5,170
American Indian or Alaska Native,TRUE,FALSE,38,4.4853709162137195e-5,171
American Indian or Alaska Native,TRUE,FALSE,39,3.9640121480040626e-5,177
American Indian or Alaska Native,TRUE,FALSE,40,5.068404013359272e-5,210
American Indian or Alaska Native,TRUE,FALSE,41,4.4018615764123194e-5,185
American Indian or Alaska Native,TRUE,FALSE,42,4.384240339573492e-5,167
American Indian or Alaska Native,TRUE,FALSE,43,4.2903880998884324e-5,175
American Indian or Alaska Native,TRUE,FALSE,44,3.246521352370934e-5,142
American Indian or Alaska Native,TRUE,FALSE,45,2.8163333312839068e-5,136
American Indian or Alaska Native,TRUE,FALSE,46,3.603926003906283e-5,159
American Indian or Alaska Native,TRUE,FALSE,47,3.433076620642869e-5,142
American Indian or Alaska Native,TRUE,FALSE,48,3.8257237458558726e-5,163
American Indian or Alaska Native,TRUE,FALSE,49,5.0274154841906956e-5,177
American Indian or Alaska Native,TRUE,FALSE,50,3.803888734990369e-5,192
American Indian or Alaska Native,TRUE,FALSE,51,4.4830724940173507e-5,187
American Indian or Alaska Native,TRUE,FALSE,52,3.6154181148881275e-5,171
American Indian or Alaska Native,TRUE,FALSE,53,3.314324807163814e-5,172
American Indian or Alaska Native,TRUE,FALSE,54,4.544746822953247e-5,190
American Indian or Alaska Native,TRUE,FALSE,55,4.2670208075586834e-5,203
American Indian or Alaska Native,TRUE,FALSE,56,4.303412492334522e-5,211
American Indian or Alaska Native,TRUE,FALSE,57,4.421398165081454e-5,228
American Indian or Alaska Native,TRUE,FALSE,58,4.662349425334117e-5,229
American Indian or Alaska Native,TRUE,FALSE,59,3.9165114226124404e-5,222
American Indian or Alaska Native,TRUE,FALSE,60,4.139075305294153e-5,205
American Indian or Alaska Native,TRUE,FALSE,61,4.542831471122939e-5,231
American Indian or Alaska Native,TRUE,FALSE,62,4.332908910521255e-5,241
American Indian or Alaska Native,TRUE,FALSE,63,4.1532489088384275e-5,227
American Indian or Alaska Native,TRUE,FALSE,64,3.77017854277696e-5,211
American Indian or Alaska Native,TRUE,FALSE,65,4.0482876285375855e-5,233
American Indian or Alaska Native,TRUE,FALSE,66,3.649511377467598e-5,198
American Indian or Alaska Native,TRUE,FALSE,67,3.10440224656213e-5,170
American Indian or Alaska Native,TRUE,FALSE,68,3.6318901406287707e-05,197
American Indian or Alaska Native,TRUE,FALSE,69,3.336542888395379e-5,174
American Indian or Alaska Native,TRUE,FALSE,70,2.910568641335028e-5,149
American Indian or Alaska Native,TRUE,FALSE,71,2.9822027997885223e-5,173
American Indian or Alaska Native,TRUE,FALSE,72,2.338644584805257e-5,135
American Indian or Alaska Native,TRUE,FALSE,73,2.6362902592350174e-5,150
American Indian or Alaska Native,TRUE,FALSE,74,2.4600778908467423e-5,121
American Indian or Alaska Native,TRUE,FALSE,75,2.3738870584829123e-5,134
American Indian or Alaska Native,TRUE,FALSE,76,1.9371868411728397e-5,96
American Indian or Alaska Native,TRUE,FALSE,77,1.5073818904518734e-5,87
American Indian or Alaska Native,TRUE,FALSE,78,1.4104650878383223e-5,80
American Indian or Alaska Native,TRUE,FALSE,79,1.3583675180539626e-5,71
American Indian or Alaska Native,TRUE,FALSE,80,1.675166710786796e-5,69
American Indian or Alaska Native,TRUE,FALSE,81,8.626744643704242e-6,51
American Indian or Alaska Native,TRUE,FALSE,82,7.4468879162349225e-6,53
American Indian or Alaska Native,TRUE,FALSE,83,4.5585373561314596e-6,32
American Indian or Alaska Native,TRUE,FALSE,84,1.0484635919102358e-5,53
American Indian or Alaska Native,TRUE,FALSE,85,7.24002991856173e-6,40
American Indian or Alaska Native,TRUE,FALSE,86,5.949082784934585e-6,30
American Indian or Alaska Native,TRUE,FALSE,87,4.6619663549680555e-6,24
American Indian or Alaska Native,TRUE,FALSE,88,2.1528554572654456e-6,15
American Indian or Alaska Native,TRUE,FALSE,89,3.7425974764205346e-6,22
American Indian or Alaska Native,TRUE,FALSE,90,2.6431855258241235e-7,2
American Indian or Alaska Native,TRUE,FALSE,91,1.1492110981844016e-6,4
American Indian or Alaska Native,TRUE,FALSE,92,1.704663128973529e-6,10
American Indian or Alaska Native,TRUE,FALSE,93,1.0480805215441743e-5,48
American Indian or Alaska Native,TRUE,FALSE,94,3.1220234834009575e-6,17
American Indian or Alaska Native,TRUE,FALSE,95,7.316643991774023e-7,3
American Indian or Alaska Native,TRUE,TRUE,18,5.978579203121319e-5,156
American Indian or Alaska Native,TRUE,TRUE,19,4.5995258853000364e-5,128
American Indian or Alaska Native,TRUE,TRUE,20,5.579036811319208e-5,117
American Indian or Alaska Native,TRUE,TRUE,21,5.376009517306631e-5,118
American Indian or Alaska Native,TRUE,TRUE,22,5.1009649944744975e-5,99
American Indian or Alaska Native,TRUE,TRUE,23,7.299022754935196e-5,131
American Indian or Alaska Native,TRUE,TRUE,24,3.7900982018121564e-5,108
American Indian or Alaska Native,TRUE,TRUE,25,3.811167071945537e-5,95
American Indian or Alaska Native,TRUE,TRUE,26,4.709467080359678e-5,93
American Indian or Alaska Native,TRUE,TRUE,27,3.677475514190085e-5,94
American Indian or Alaska Native,TRUE,TRUE,28,4.3336750512533787e-5,94
American Indian or Alaska Native,TRUE,TRUE,29,5.1618731826782706e-5,117
American Indian or Alaska Native,TRUE,TRUE,30,4.527891726846542e-5,114
American Indian or Alaska Native,TRUE,TRUE,31,3.887781145157831e-5,92
American Indian or Alaska Native,TRUE,TRUE,32,3.902720889434228e-5,106
American Indian or Alaska Native,TRUE,TRUE,33,2.5585269749245395e-5,68
American Indian or Alaska Native,TRUE,TRUE,34,4.5589204264975214e-5,102
American Indian or Alaska Native,TRUE,TRUE,35,4.465834327544585e-5,102
American Indian or Alaska Native,TRUE,TRUE,36,3.5981799484153616e-5,95
American Indian or Alaska Native,TRUE,TRUE,37,4.459705201687601e-5,113
American Indian or Alaska Native,TRUE,TRUE,38,3.619248818548742e-5,87
American Indian or Alaska Native,TRUE,TRUE,39,4.101917479786191e-5,106
American Indian or Alaska Native,TRUE,TRUE,40,5.139655101446705e-5,112
American Indian or Alaska Native,TRUE,TRUE,41,4.9140266558365015e-5,110
American Indian or Alaska Native,TRUE,TRUE,42,4.2417381633986264e-5,98
American Indian or Alaska Native,TRUE,TRUE,43,4.597610533469729e-5,101
American Indian or Alaska Native,TRUE,TRUE,44,4.327545925396395e-5,105
American Indian or Alaska Native,TRUE,TRUE,45,3.929918885424592e-5,88
American Indian or Alaska Native,TRUE,TRUE,46,3.688584554805868e-5,88
American Indian or Alaska Native,TRUE,TRUE,47,4.9462045665856643e-5,102
American Indian or Alaska Native,TRUE,TRUE,48,3.0365987917692505e-5,85
American Indian or Alaska Native,TRUE,TRUE,49,3.1974883455150665e-5,83
American Indian or Alaska Native,TRUE,TRUE,50,3.76749705021453e-5,92
American Indian or Alaska Native,TRUE,TRUE,51,2.7427838210001053e-5,64
American Indian or Alaska Native,TRUE,TRUE,52,3.8115501423115984e-5,81
American Indian or Alaska Native,TRUE,TRUE,53,2.8416159754439637e-5,79
American Indian or Alaska Native,TRUE,TRUE,54,2.6485485109489842e-5,64
American Indian or Alaska Native,TRUE,TRUE,55,2.078539806249521e-5,53
American Indian or Alaska Native,TRUE,TRUE,56,2.757340494910441e-5,69
American Indian or Alaska Native,TRUE,TRUE,57,2.7243964434291546e-5,74
American Indian or Alaska Native,TRUE,TRUE,58,1.8115397611046784e-5,57
American Indian or Alaska Native,TRUE,TRUE,59,1.4047190323474003e-5,51
American Indian or Alaska Native,TRUE,TRUE,60,1.752163854365151e-5,61
American Indian or Alaska Native,TRUE,TRUE,61,1.978558440707478e-5,59
American Indian or Alaska Native,TRUE,TRUE,62,3.0519216064117095e-5,64
American Indian or Alaska Native,TRUE,TRUE,63,1.544539715959836e-5,47
American Indian or Alaska Native,TRUE,TRUE,64,1.9279931523873645e-5,46
American Indian or Alaska Native,TRUE,TRUE,65,2.7002630103672825e-5,72
American Indian or Alaska Native,TRUE,TRUE,66,2.036018995616698e-5,46
American Indian or Alaska Native,TRUE,TRUE,67,1.8663188234514683e-5,46
American Indian or Alaska Native,TRUE,TRUE,68,1.4943574980057836e-5,38
American Indian or Alaska Native,TRUE,TRUE,69,9.98664444322245e-6,37
American Indian or Alaska Native,TRUE,TRUE,70,1.0335238476338385e-5,31
American Indian or Alaska Native,TRUE,TRUE,71,9.684018854033891e-6,28
American Indian or Alaska Native,TRUE,TRUE,72,7.987017132381592e-6,27
American Indian or Alaska Native,TRUE,TRUE,73,1.1063072171855173e-5,33
American Indian or Alaska Native,TRUE,TRUE,74,9.480991560021313e-6,30
American Indian or Alaska Native,TRUE,TRUE,75,6.4164286315295755e-6,28
American Indian or Alaska Native,TRUE,TRUE,76,3.7540895874023786e-6,15
American Indian or Alaska Native,TRUE,TRUE,77,8.446701571655353e-6,23
American Indian or Alaska Native,TRUE,TRUE,78,5.546858900570045e-6,16
American Indian or Alaska Native,TRUE,TRUE,79,4.520230319525313e-6,12
American Indian or Alaska Native,TRUE,TRUE,80,2.6814925624302703e-6,12
American Indian or Alaska Native,TRUE,TRUE,81,3.8268729569540576e-6,12
American Indian or Alaska Native,TRUE,TRUE,82,4.941607722192927e-6,12
American Indian or Alaska Native,TRUE,TRUE,83,1.8272456461131986e-6,7
American Indian or Alaska Native,TRUE,TRUE,84,2.6585083404665824e-6,9
American Indian or Alaska Native,TRUE,TRUE,85,1.612726241118777e-6,10
American Indian or Alaska Native,TRUE,TRUE,86,1.846399164416272e-6,5
American Indian or Alaska Native,TRUE,TRUE,87,8.810618419413745e-8,1
American Indian or Alaska Native,TRUE,TRUE,88,1.7659543875433637e-6,4
American Indian or Alaska Native,TRUE,TRUE,89,7.508179174804757e-7,2
American Indian or Alaska Native,TRUE,TRUE,90,2.662339044127197e-6,4
American Indian or Alaska Native,TRUE,TRUE,92,5.784362527528155e-7,3
American Indian or Alaska Native,TRUE,TRUE,93,2.8347207088548573e-7,1
American Indian or Alaska Native,TRUE,TRUE,94,1.7238166472766025e-6,4
American Indian or Alaska Native,TRUE,TRUE,95,9.806601371173561e-7,2
Asian,FALSE,FALSE,18,4.714485302155083e-4,1519
Asian,FALSE,FALSE,19,4.8488280795328393e-4,1621
Asian,FALSE,FALSE,20,4.5321055008732184e-4,1367
Asian,FALSE,FALSE,21,4.7814076951060216e-4,1385
Asian,FALSE,FALSE,22,4.799833379713578e-4,1389
Asian,FALSE,FALSE,23,4.557081688740426e-4,1271
Asian,FALSE,FALSE,24,4.954287351309561e-4,1316
Asian,FALSE,FALSE,25,5.335365751467509e-4,1391
Asian,FALSE,FALSE,26,5.211634023229655e-4,1308
Asian,FALSE,FALSE,27,5.243850241015424e-4,1308
Asian,FALSE,FALSE,28,5.041359245515333e-4,1264
Asian,FALSE,FALSE,29,5.581373540552183e-4,1371
Asian,FALSE,FALSE,30,6.263506941397838e-4,1477
Asian,FALSE,FALSE,31,5.854962395993284e-4,1426
Asian,FALSE,FALSE,32,6.143720837930417e-4,1492
Asian,FALSE,FALSE,33,6.379079270838583e-4,1536
Asian,FALSE,FALSE,34,6.011523254602605e-4,1450
Asian,FALSE,FALSE,35,5.978502589048106e-4,1476
Asian,FALSE,FALSE,36,6.231405644721887e-4,1495
Asian,FALSE,FALSE,37,6.268525163193243e-4,1487
Asian,FALSE,FALSE,38,5.939927403185716e-4,1485
Asian,FALSE,FALSE,39,6.207770203135894e-4,1463
Asian,FALSE,FALSE,40,5.696945869992927e-4,1388
Asian,FALSE,FALSE,41,5.582752593870005e-4,1402
Asian,FALSE,FALSE,42,5.857758809665531e-4,1364
Asian,FALSE,FALSE,43,5.558236090442071e-4,1368
Asian,FALSE,FALSE,44,5.433163615923001e-4,1322
Asian,FALSE,FALSE,45,5.407114831030822e-4,1394
Asian,FALSE,FALSE,46,4.982174873958837e-4,1329
Asian,FALSE,FALSE,47,5.09686614155764e-4,1358
Asian,FALSE,FALSE,48,4.975394528479548e-4,1338
Asian,FALSE,FALSE,49,5.415925449450236e-4,1445
Asian,FALSE,FALSE,50,5.317323137226014e-4,1447
Asian,FALSE,FALSE,51,4.7643227567796797e-4,1352
Asian,FALSE,FALSE,52,4.725939106100321e-4,1324
Asian,FALSE,FALSE,53,4.842469111456219e-4,1298
Asian,FALSE,FALSE,54,4.362673477964232e-4,1213
Asian,FALSE,FALSE,55,4.1301114587283147e-4,1173
Asian,FALSE,FALSE,56,4.311342048911995e-4,1175
Asian,FALSE,FALSE,57,4.189755514724085e-4,1190
Asian,FALSE,FALSE,58,4.352905183629664e-4,1232
Asian,FALSE,FALSE,59,4.289392116936673e-4,1251
Asian,FALSE,FALSE,60,3.5399915598106245e-4,1069
Asian,FALSE,FALSE,61,3.3081190672336184e-4,1016
Asian,FALSE,FALSE,62,3.5992142384037276e-4,1049
Asian,FALSE,FALSE,63,3.721758448506791e-4,1035
Asian,FALSE,FALSE,64,3.5058599901945477e-4,1058
Asian,FALSE,FALSE,65,3.625837628844999e-4,1088
Asian,FALSE,FALSE,66,3.344817208302307e-4,1023
Asian,FALSE,FALSE,67,3.141177001704031e-4,937
Asian,FALSE,FALSE,68,3.14247944094864e-4,935
Asian,FALSE,FALSE,69,2.7369228443993647e-4,819
Asian,FALSE,FALSE,70,2.768526149599436e-4,850
Asian,FALSE,FALSE,71,2.474864406976715e-4,747
Asian,FALSE,FALSE,72,2.6909160934353825e-4,804
Asian,FALSE,FALSE,73,2.272526639623048e-4,697
Asian,FALSE,FALSE,74,2.1927330823724443e-4,664
Asian,FALSE,FALSE,75,2.096505806417804e-4,598
Asian,FALSE,FALSE,76,1.7878660124820796e-4,545
Asian,FALSE,FALSE,77,1.3760270619293964e-4,418
Asian,FALSE,FALSE,78,1.4251366828584765e-4,427
Asian,FALSE,FALSE,79,1.401769390528727e-4,408
Asian,FALSE,FALSE,80,1.1939154099037748e-4,358
Asian,FALSE,FALSE,81,1.2518356492522686e-4,370
Asian,FALSE,FALSE,82,1.0299612932294668e-4,313
Asian,FALSE,FALSE,83,9.693212542819366e-5,272
Asian,FALSE,FALSE,84,8.087764638655757e-5,233
Asian,FALSE,FALSE,85,6.771151790502494e-5,209
Asian,FALSE,FALSE,86,6.486147438152763e-5,196
Asian,FALSE,FALSE,87,5.826883338160977e-5,144
Asian,FALSE,FALSE,88,3.8211269014631355e-05,113
Asian,FALSE,FALSE,89,3.243839859808504e-5,107
Asian,FALSE,FALSE,90,3.859817008435343e-5,106
Asian,FALSE,FALSE,91,8.806787715753131e-6,27
Asian,FALSE,FALSE,92,1.8303102090416904e-5,53
Asian,FALSE,FALSE,93,7.76483632006594e-6,21
Asian,FALSE,FALSE,94,5.564097067042811e-5,185
Asian,FALSE,FALSE,95,2.3194910665021838e-5,71
Asian,FALSE,FALSE,96,2.2601151597626565e-7,1
Asian,FALSE,FALSE,97,4.711765502556047e-6,19
Asian,FALSE,TRUE,18,1.090601332176997e-5,31
Asian,FALSE,TRUE,19,9.760632927246185e-6,23
Asian,FALSE,TRUE,20,1.6468195036982474e-5,39
Asian,FALSE,TRUE,21,9.094090490299232e-6,26
Asian,FALSE,TRUE,22,1.4483890540784075e-5,34
Asian,FALSE,TRUE,23,1.056891139963588e-5,25
Asian,FALSE,TRUE,24,1.3338510146260288e-5,32
Asian,FALSE,TRUE,25,1.6675053034655666e-5,26
Asian,FALSE,TRUE,26,1.0139872589647037e-5,22
Asian,FALSE,TRUE,27,7.473702841859225e-6,18
Asian,FALSE,TRUE,28,9.791278556531101e-6,27
Asian,FALSE,TRUE,29,7.201722881955583e-6,21
Asian,FALSE,TRUE,30,1.1028595838909641e-5,24
Asian,FALSE,TRUE,31,6.155940782607778e-6,16
Asian,FALSE,TRUE,32,8.439040164334122e-6,21
Asian,FALSE,TRUE,33,6.933573625712557e-6,14
Asian,FALSE,TRUE,34,1.1223961725600989e-5,23
Asian,FALSE,TRUE,35,7.6077774699807385e-6,18
Asian,FALSE,TRUE,36,7.098293883118987e-6,14
Asian,FALSE,TRUE,37,8.113430353181876e-6,20
Asian,FALSE,TRUE,38,4.914792796568624e-6,11
Asian,FALSE,TRUE,39,6.3436452619778965e-6,13
Asian,FALSE,TRUE,40,7.902741651848069e-6,15
Asian,FALSE,TRUE,41,8.825941234056205e-6,18
Asian,FALSE,TRUE,42,1.0369714809283918e-5,21
Asian,FALSE,TRUE,43,6.2402162631413006e-6,16
Asian,FALSE,TRUE,44,3.914979141148195e-6,9
Asian,FALSE,TRUE,45,3.953286177754341e-6,9
Asian,FALSE,TRUE,46,6.236385559480686e-6,10
Asian,FALSE,TRUE,47,2.6316934148422796e-6,9
Asian,FALSE,TRUE,48,5.186772756472266e-6,11
Asian,FALSE,TRUE,49,3.7425974764205346e-6,8
Asian,FALSE,TRUE,50,4.539383837828386e-6,13
Asian,FALSE,TRUE,51,4.707934798895432e-6,10
Asian,FALSE,TRUE,52,4.508738208543469e-6,14
Asian,FALSE,TRUE,53,8.864248270662352e-6,11
Asian,FALSE,TRUE,54,2.896011967424692e-6,9
Asian,FALSE,TRUE,55,4.301880210870277e-6,8
Asian,FALSE,TRUE,56,1.8004307204888958e-6,6
Asian,FALSE,TRUE,57,4.665797058628671e-6,9
Asian,FALSE,TRUE,58,3.2522674078618567e-6,10
Asian,FALSE,TRUE,59,2.1949931975322073e-6,4
Asian,FALSE,TRUE,60,4.252081063282286e-6,12
Asian,FALSE,TRUE,61,2.149024753604831e-6,7
Asian,FALSE,TRUE,62,5.55068960423066e-6,10
Asian,FALSE,TRUE,63,2.309914307350647e-6,7
Asian,FALSE,TRUE,64,5.554520307891274e-7,2
Asian,FALSE,TRUE,65,1.4173603544274286e-6,4
Asian,FALSE,TRUE,66,3.5625544043716448e-6,9
Asian,FALSE,TRUE,67,2.723630302697032e-6,9
Asian,FALSE,TRUE,68,2.33672923297495e-6,9
Asian,FALSE,TRUE,69,1.2832857263059152e-6,4
Asian,FALSE,TRUE,71,1.9000290156648774e-6,2
Asian,FALSE,TRUE,72,1.8502298680768867e-6,4
Asian,FALSE,TRUE,73,1.225825171396695e-6,4
Asian,FALSE,TRUE,74,3.960947585075571e-6,9
Asian,FALSE,TRUE,75,4.2137740266761393e-7,2
Asian,FALSE,TRUE,76,1.3254234665726765e-6,3
Asian,FALSE,TRUE,77,1.5246200569246395e-6,3
Asian,FALSE,TRUE,78,2.1068870133380696e-7,1
Asian,FALSE,TRUE,80,9.57675915153668e-7,3
Asian,FALSE,TRUE,81,6.129125856983475e-7,3
Asian,FALSE,TRUE,82,2.2945914927081887e-6,4
Asian,FALSE,TRUE,83,6.167432893589622e-7,1
Asian,FALSE,TRUE,86,2.873027745461004e-7,1
Asian,FALSE,TRUE,87,5.401292161466688e-7,2
Asian,FALSE,TRUE,88,9.078767675656773e-7,3
Asian,FALSE,TRUE,89,7.661407321229345e-7,1
Asian,FALSE,TRUE,92,3.562554404371645e-7,1
Asian,FALSE,TRUE,95,1.3024392446089884e-7,1
Asian,TRUE,FALSE,18,4.8432352521883424e-4,1693
Asian,TRUE,FALSE,19,4.5778441025809576e-4,1650
Asian,TRUE,FALSE,20,4.4522353295494023e-4,1382
Asian,TRUE,FALSE,21,4.703529489685725e-4,1426
Asian,TRUE,FALSE,22,4.700273391574203e-4,1283
Asian,TRUE,FALSE,23,4.291537310986617e-4,1230
Asian,TRUE,FALSE,24,4.751834662846076e-4,1228
Asian,TRUE,FALSE,25,4.8331221945243193e-4,1272
Asian,TRUE,FALSE,26,5.312036766174366e-4,1402
Asian,TRUE,FALSE,27,5.140153092922585e-4,1313
Asian,TRUE,FALSE,28,5.516481420541371e-4,1407
Asian,TRUE,FALSE,29,5.60933767727467e-4,1461
Asian,TRUE,FALSE,30,6.182104488609776e-4,1612
Asian,TRUE,FALSE,31,6.464389041360471e-4,1606
Asian,TRUE,FALSE,32,6.630986343560604e-4,1684
Asian,TRUE,FALSE,33,6.642669989725479e-4,1704
Asian,TRUE,FALSE,34,6.76046412728938e-4,1697
Asian,TRUE,FALSE,35,6.562148598779358e-4,1709
Asian,TRUE,FALSE,36,6.906643778978436e-4,1747
Asian,TRUE,FALSE,37,6.30801971793418e-4,1699
Asian,TRUE,FALSE,38,6.584749750376984e-4,1700
Asian,TRUE,FALSE,39,6.433168806526462e-4,1668
Asian,TRUE,FALSE,40,6.849259838142427e-4,1785
Asian,TRUE,FALSE,41,6.482469962638572e-4,1702
Asian,TRUE,FALSE,42,7.145258309998123e-4,1823
Asian,TRUE,FALSE,43,6.191834475907737e-4,1646
Asian,TRUE,FALSE,44,5.732801256256281e-4,1565
Asian,TRUE,FALSE,45,5.903076033970604e-4,1635
Asian,TRUE,FALSE,46,5.464920149269497e-4,1537
Asian,TRUE,FALSE,47,6.161342074769245e-4,1663
Asian,TRUE,FALSE,48,5.717516748650429e-4,1609
Asian,TRUE,FALSE,49,5.612134090946919e-4,1636
Asian,TRUE,FALSE,50,6.035235310261809e-4,1729
Asian,TRUE,FALSE,51,5.243505477685969e-4,1590
Asian,TRUE,FALSE,52,5.557776406002797e-4,1626
Asian,TRUE,FALSE,53,5.158961847896203e-4,1541
Asian,TRUE,FALSE,54,5.16535912300943e-4,1518
Asian,TRUE,FALSE,55,4.844537691432951e-4,1473
Asian,TRUE,FALSE,56,4.7943937805155053e-4,1420
Asian,TRUE,FALSE,57,4.968384340780623e-4,1498
Asian,TRUE,FALSE,58,4.630094900511742e-4,1394
Asian,TRUE,FALSE,59,4.6123204355264896e-4,1468
Asian,TRUE,FALSE,60,4.414004907016468e-4,1388
Asian,TRUE,FALSE,61,4.1381176293789996e-4,1294
Asian,TRUE,FALSE,62,4.4245010350465525e-4,1393
Asian,TRUE,FALSE,63,4.346967592955711e-4,1297
Asian,TRUE,FALSE,64,4.268859545315778e-4,1264
Asian,TRUE,FALSE,65,4.401708348265895e-4,1330
Asian,TRUE,FALSE,66,4.011742715615321e-4,1238
Asian,TRUE,FALSE,67,4.097780319832727e-4,1276
Asian,TRUE,FALSE,68,3.729649698047657e-4,1102
Asian,TRUE,FALSE,69,3.6081397779329596e-4,1069
Asian,TRUE,FALSE,70,3.59411940253511e-4,1098
Asian,TRUE,FALSE,71,2.9958784118569166e-4,946
Asian,TRUE,FALSE,72,3.0308144292417224e-4,964
Asian,TRUE,FALSE,73,3.028669235191778e-4,961
Asian,TRUE,FALSE,74,2.7238218378800624e-4,850
Asian,TRUE,FALSE,75,2.7697136677342266e-4,778
Asian,TRUE,FALSE,76,2.3628929389769482e-4,653
Asian,TRUE,FALSE,77,2.0614931749597857e-4,581
Asian,TRUE,FALSE,78,1.9664917241765418e-4,570
Asian,TRUE,FALSE,79,1.7342744682700804e-4,489
Asian,TRUE,FALSE,80,1.666547627550413e-4,478
Asian,TRUE,FALSE,81,1.6089721515313745e-4,459
Asian,TRUE,FALSE,82,1.4783834637410202e-4,419
Asian,TRUE,FALSE,83,1.1600902965805473e-4,327
Asian,TRUE,FALSE,84,1.1802014907987743e-4,330
Asian,TRUE,FALSE,85,1.0270882654840058e-4,281
Asian,TRUE,FALSE,86,9.669845250489617e-5,268
Asian,TRUE,FALSE,87,8.596099014419324e-5,241
Asian,TRUE,FALSE,88,6.96038855133686e-5,207
Asian,TRUE,FALSE,89,6.69147315436171e-5,200
Asian,TRUE,FALSE,90,6.480401382661841e-5,172
Asian,TRUE,FALSE,91,1.7590591209542574e-5,54
Asian,TRUE,FALSE,92,2.7496790875892115e-5,90
Asian,TRUE,FALSE,93,1.2288897343251867e-5,37
Asian,TRUE,FALSE,94,1.2032240197990684e-4,431
Asian,TRUE,FALSE,95,3.832235942078918e-5,114
Asian,TRUE,FALSE,97,1.7437363063117987e-5,54
Asian,TRUE,TRUE,18,1.5322814642458688e-5,51
Asian,TRUE,TRUE,19,1.180622868201442e-5,34
Asian,TRUE,TRUE,20,4.547045245149616e-6,16
Asian,TRUE,TRUE,21,1.0354391994641458e-5,30
Asian,TRUE,TRUE,22,8.573114792455636e-6,27
Asian,TRUE,TRUE,23,1.180622868201442e-5,23
Asian,TRUE,TRUE,24,1.1518925907468319e-5,28
Asian,TRUE,TRUE,25,1.197861034674208e-5,29
Asian,TRUE,TRUE,26,1.746417798874229e-5,31
Asian,TRUE,TRUE,27,1.1323560020776971e-5,27
Asian,TRUE,TRUE,28,1.4621795872566202e-5,33
Asian,TRUE,TRUE,29,6.347475965638512e-6,20
Asian,TRUE,TRUE,30,1.0522942955708505e-5,21
Asian,TRUE,TRUE,31,7.079140364815914e-6,20
Asian,TRUE,TRUE,32,9.511637189306231e-6,24
Asian,TRUE,TRUE,33,5.7575476019038525e-6,17
Asian,TRUE,TRUE,34,9.902368962688928e-6,22
Asian,TRUE,TRUE,35,7.393258064986317e-6,18
Asian,TRUE,TRUE,36,7.634592395605042e-6,24
Asian,TRUE,TRUE,37,9.607404780821598e-6,17
Asian,TRUE,TRUE,38,4.991406869780917e-6,16
Asian,TRUE,TRUE,39,4.554706652470845e-6,11
Asian,TRUE,TRUE,40,6.768853368306125e-6,20
Asian,TRUE,TRUE,41,4.6389821330043676e-6,11
Asian,TRUE,TRUE,42,8.772311382807598e-6,12
Asian,TRUE,TRUE,43,5.401292161466687e-6,17
Asian,TRUE,TRUE,44,5.309355273611936e-6,19
Asian,TRUE,TRUE,45,3.2177910749163244e-6,10
Asian,TRUE,TRUE,46,4.290388099888432e-6,11
Asian,TRUE,TRUE,47,1.0725970249721081e-5,22
Asian,TRUE,TRUE,48,6.8109911085728865e-6,13
Asian,TRUE,TRUE,49,3.1258541870615725e-6,10
Asian,TRUE,TRUE,50,8.270489203267077e-6,20
Asian,TRUE,TRUE,51,5.979728414219503e-6,13
Asian,TRUE,TRUE,52,5.761378305564467e-6,12
Asian,TRUE,TRUE,53,3.5319087750867275e-6,11
Asian,TRUE,TRUE,54,6.048681080110567e-6,12
Asian,TRUE,TRUE,55,4.585352281755763e-6,13
Asian,TRUE,TRUE,56,4.83817872335633e-6,8
Asian,TRUE,TRUE,57,5.179111349151037e-6,15
Asian,TRUE,TRUE,58,3.0300865955462056e-6,9
Asian,TRUE,TRUE,59,2.4363275281509313e-6,9
Asian,TRUE,TRUE,60,4.508738208543469e-6,12
Asian,TRUE,TRUE,61,4.811363797732028e-6,12
Asian,TRUE,TRUE,62,4.286557396227818e-6,10
Asian,TRUE,TRUE,63,5.117820090581202e-6,13
Asian,TRUE,TRUE,64,1.3177620592514473e-6,6
Asian,TRUE,TRUE,65,1.0687663213114936e-6,4
Asian,TRUE,TRUE,66,3.6046921446384065e-6,12
Asian,TRUE,TRUE,67,4.072037991233396e-6,7
Asian,TRUE,TRUE,68,4.018408139984791e-6,6
Asian,TRUE,TRUE,69,9.69168026135512e-7,5
Asian,TRUE,TRUE,70,3.118192779740343e-6,11
Asian,TRUE,TRUE,71,1.053443506669035e-6,4
Asian,TRUE,TRUE,72,3.2522674078618567e-6,5
Asian,TRUE,TRUE,73,2.2792686780657298e-6,7
Asian,TRUE,TRUE,74,1.3522383921969793e-6,5
Asian,TRUE,TRUE,75,3.869010697220819e-6,10
Asian,TRUE,TRUE,76,1.2296558750573098e-6,5
Asian,TRUE,TRUE,77,3.3671885176802965e-6,7
Asian,TRUE,TRUE,78,7.278336955167877e-7,3
Asian,TRUE,TRUE,79,2.2716072707445003e-6,3
Asian,TRUE,TRUE,80,6.703731406075676e-7,3
Asian,TRUE,TRUE,81,2.5282644160056836e-7,1
Asian,TRUE,TRUE,82,8.159398797109252e-7,4
Asian,TRUE,TRUE,83,1.1760260238087044e-6,3
Asian,TRUE,TRUE,84,9.729987297961267e-7,2
Asian,TRUE,TRUE,85,2.873027745461004e-7,1
Asian,TRUE,TRUE,86,3.1258541870615725e-6,4
Asian,TRUE,TRUE,87,5.36298512486054e-7,1
Asian,TRUE,TRUE,89,2.8347207088548573e-7,1
Asian,TRUE,TRUE,92,4.4819232829191664e-7,3
Asian,TRUE,TRUE,93,4.9799147587990736e-8,1
Asian,TRUE,TRUE,94,6.971880662318703e-7,2
Asian,TRUE,TRUE,95,5.401292161466688e-7,2
Black or African American,FALSE,FALSE,18,0.0011267057141782905,2335
Black or African American,FALSE,FALSE,19,0.001081725591795353,2430
Black or African American,FALSE,FALSE,20,0.0011843961113071474,2319
Black or African American,FALSE,FALSE,21,0.0012173248399737911,2270
Black or African American,FALSE,FALSE,22,0.0011393700204802824,1998
Black or African American,FALSE,FALSE,23,0.0011093564572993665,1934
Black or African American,FALSE,FALSE,24,0.0010960485927823912,1922
Black or African American,FALSE,FALSE,25,0.0011254722275995724,1825
Black or African American,FALSE,FALSE,26,0.001042277005498343,1741
Black or African American,FALSE,FALSE,27,0.0011042501293197671,1845
Black or African American,FALSE,FALSE,28,0.0010976383348015463,1952
Black or African American,FALSE,FALSE,29,0.0011164355976641825,1936
Black or African American,FALSE,FALSE,30,0.0012719621662851382,2067
Black or African American,FALSE,FALSE,31,0.0010830816608912105,1905
Black or African American,FALSE,FALSE,32,0.001148360681971745,2024
Black or African American,FALSE,FALSE,33,0.0011301801623984679,1930
Black or African American,FALSE,FALSE,34,0.001138021612791746,1928
Black or African American,FALSE,FALSE,35,0.001054573564248916,1926
Black or African American,FALSE,FALSE,36,0.001026134420272513,1889
Black or African American,FALSE,FALSE,37,0.0010266017661191079,1918
Black or African American,FALSE,FALSE,38,9.708995041901098e-4,1771
Black or African American,FALSE,FALSE,39,9.463906621694972e-4,1752
Black or African American,FALSE,FALSE,40,0.0010541790017718727,1934
Black or African American,FALSE,FALSE,41,9.580589855197294e-4,1786
Black or African American,FALSE,FALSE,42,0.0010327615376053761,1888
Black or African American,FALSE,FALSE,43,9.186793518886106e-4,1676
Black or African American,FALSE,FALSE,44,9.543470336725938e-4,1670
Black or African American,FALSE,FALSE,45,9.13078863136792e-4,1811
Black or African American,FALSE,FALSE,46,7.859799463812578e-4,1616
Black or African American,FALSE,FALSE,47,8.587058553780274e-4,1731
Black or African American,FALSE,FALSE,48,8.008583993990852e-4,1585
Black or African American,FALSE,FALSE,49,9.325388377327145e-4,1795
Black or African American,FALSE,FALSE,50,9.485703325523869e-4,1939
Black or African American,FALSE,FALSE,51,9.510487978208047e-4,1980
Black or African American,FALSE,FALSE,52,9.151895808537907e-4,1906
Black or African American,FALSE,FALSE,53,8.386291374927458e-4,1820
Black or African American,FALSE,FALSE,54,8.604028570996797e-4,1867
Black or African American,FALSE,FALSE,55,7.756255543866163e-4,1777
Black or African American,FALSE,FALSE,56,8.201191774046558e-4,1961
Black or African American,FALSE,FALSE,57,8.625518818532844e-4,2081
Black or African American,FALSE,FALSE,58,8.721554559304454e-4,2085
Black or African American,FALSE,FALSE,59,8.537221099155677e-4,2025
Black or African American,FALSE,FALSE,60,8.983421461544074e-4,2143
Black or African American,FALSE,FALSE,61,8.458538445966651e-4,2110
Black or African American,FALSE,FALSE,62,8.785105933034052e-4,2229
Black or African American,FALSE,FALSE,63,8.366065259599413e-4,1991
Black or African American,FALSE,FALSE,64,7.996823733752765e-4,1943
Black or African American,FALSE,FALSE,65,7.194559466110234e-4,1953
Black or African American,FALSE,FALSE,66,6.888141480297667e-4,1876
Black or African American,FALSE,FALSE,67,6.684769422955633e-4,1846
Black or African American,FALSE,FALSE,68,6.25871856182207e-4,1774
Black or African American,FALSE,FALSE,69,5.807231828382025e-4,1597
Black or African American,FALSE,FALSE,70,5.452240520152863e-4,1595
Black or African American,FALSE,FALSE,71,5.100735152254861e-4,1467
Black or African American,FALSE,FALSE,72,4.848943000642658e-4,1371
Black or African American,FALSE,FALSE,73,4.199562116095259e-4,1214
Black or African American,FALSE,FALSE,74,3.6436120938302514e-4,1058
Black or African American,FALSE,FALSE,75,3.639934618316061e-4,1089
Black or African American,FALSE,FALSE,76,2.962551290009569e-4,889
Black or African American,FALSE,FALSE,77,2.390474005333374e-4,686
Black or African American,FALSE,FALSE,78,2.514244040607834e-4,730
Black or African American,FALSE,FALSE,79,1.9189143847117077e-4,596
Black or African American,FALSE,FALSE,80,2.0507672047100648e-4,579
Black or African American,FALSE,FALSE,81,1.6941670009434448e-4,480
Black or African American,FALSE,FALSE,82,1.5558785987952552e-4,459
Black or African American,FALSE,FALSE,83,1.3521617781237668e-4,418
Black or African American,FALSE,FALSE,84,1.1478703519031865e-4,327
Black or African American,FALSE,FALSE,85,9.853335955833059e-5,289
Black or African American,FALSE,FALSE,86,7.9421978995524e-5,261
Black or African American,FALSE,FALSE,87,7.38866122059358e-5,248
Black or African American,FALSE,FALSE,88,7.074926590789238e-5,216
Black or African American,FALSE,FALSE,89,3.606224426102652e-5,128
Black or African American,FALSE,FALSE,90,2.8952458266925692e-5,72
Black or African American,FALSE,FALSE,91,1.1426989019613567e-5,34
Black or African American,FALSE,FALSE,92,2.3938067175181084e-5,88
Black or African American,FALSE,FALSE,93,3.0710751247147826e-5,107
Black or African American,FALSE,FALSE,94,4.62136089616554e-5,129
Black or African American,FALSE,FALSE,95,3.401664850625829e-5,101
Black or African American,FALSE,FALSE,96,3.3250507774135352e-6,5
Black or African American,FALSE,TRUE,18,4.6803537325390066e-5,113
Black or African American,FALSE,TRUE,19,3.688584554805868e-5,102
Black or African American,FALSE,TRUE,20,4.4371040500899746e-05,107
Black or African American,FALSE,TRUE,21,4.8155775717587043e-05,122
Black or African American,FALSE,TRUE,22,3.809634790481291e-5,76
Black or African American,FALSE,TRUE,23,2.896778108156815e-5,61
Black or African American,FALSE,TRUE,24,3.769795472410899e-5,70
Black or African American,FALSE,TRUE,25,3.0243405400552837e-5,56
Black or African American,FALSE,TRUE,26,3.8023564535261235e-5,86
Black or African American,FALSE,TRUE,27,2.8416159754439637e-5,66
Black or African American,FALSE,TRUE,28,2.9573032259945267e-5,65
Black or African American,FALSE,TRUE,29,3.305131118378339e-5,80
Black or African American,FALSE,TRUE,30,3.481343486766614e-5,62
Black or African American,FALSE,TRUE,31,3.865179993560204e-5,71
Black or African American,FALSE,TRUE,32,3.410858539411304e-5,71
Black or African American,FALSE,TRUE,33,2.9201454004865644e-5,63
Black or African American,FALSE,TRUE,34,2.9343190040308387e-5,53
Black or African American,FALSE,TRUE,35,2.2765871855032996e-5,51
Black or African American,FALSE,TRUE,36,3.275634700191606e-5,54
Black or African American,FALSE,TRUE,37,2.5772974228615515e-5,51
Black or African American,FALSE,TRUE,38,2.2574336672002262e-5,48
Black or African American,FALSE,TRUE,39,2.156303090559999e-5,40
Black or African American,FALSE,TRUE,40,2.504130982943811e-5,61
Black or African American,FALSE,TRUE,41,2.8699631825325123e-5,47
Black or African American,FALSE,TRUE,42,1.61617387441333e-5,31
Black or African American,FALSE,TRUE,43,1.8919845379775866e-5,37
Black or African American,FALSE,TRUE,44,1.6249844928327438e-5,37
Black or African American,FALSE,TRUE,45,1.4541351095693295e-5,35
Black or African American,FALSE,TRUE,46,1.3591336587860857e-5,28
Black or African American,FALSE,TRUE,47,1.092899754373366e-5,25
Black or African American,FALSE,TRUE,48,1.309334511198095e-5,26
Black or African American,FALSE,TRUE,49,2.0567047953840173e-5,38
Black or African American,FALSE,TRUE,50,1.4790346833633249e-5,26
Black or African American,FALSE,TRUE,51,1.6203876484400064e-5,42
Black or African American,FALSE,TRUE,52,1.0611049139902641e-5,24
Black or African American,FALSE,TRUE,53,1.0672340398472476e-5,26
Black or African American,FALSE,TRUE,54,1.739905602651184e-5,31
Black or African American,FALSE,TRUE,55,1.2082039345578676e-5,25
Black or African American,FALSE,TRUE,56,1.5207893532640248e-5,29
Black or African American,FALSE,TRUE,57,1.254555448851305e-5,29
Black or African American,FALSE,TRUE,58,8.772311382807598e-6,14
Black or African American,FALSE,TRUE,59,9.408208190469635e-6,21
Black or African American,FALSE,TRUE,60,9.048122046371855e-6,26
Black or African American,FALSE,TRUE,61,1.0967304580339806e-5,30
Black or African American,FALSE,TRUE,62,7.96020220675729e-6,22
Black or African American,FALSE,TRUE,63,7.82995828229639e-6,14
Black or African American,FALSE,TRUE,64,5.880130119043522e-6,15
Black or African American,FALSE,TRUE,65,4.8956392782655505e-6,14
Black or African American,FALSE,TRUE,66,3.2407752968800127e-6,8
Black or African American,FALSE,TRUE,67,7.684391543193033e-6,19
Black or African American,FALSE,TRUE,68,4.6389821330043676e-6,15
Black or African American,FALSE,TRUE,69,4.566198763452689e-6,10
Black or African American,FALSE,TRUE,70,4.49341539390101e-6,13
Black or African American,FALSE,TRUE,71,3.2867437408073885e-6,7
Black or African American,FALSE,TRUE,72,3.7311053654386907e-6,8
Black or African American,FALSE,TRUE,73,5.171449941829808e-7,1
Black or African American,FALSE,TRUE,74,5.6847642323521735e-6,14
Black or African American,FALSE,TRUE,75,4.884147167283707e-6,9
Black or African American,FALSE,TRUE,76,6.0716653020742555e-6,8
Black or African American,FALSE,TRUE,77,6.205739930195769e-7,3
Black or African American,FALSE,TRUE,78,1.8617219790587306e-6,6
Black or African American,FALSE,TRUE,79,3.2752516298255446e-6,6
Black or African American,FALSE,TRUE,80,8.350933980139985e-7,2
Black or African American,FALSE,TRUE,81,3.4859403311593514e-7,1
Black or African American,FALSE,TRUE,82,9.193688785475213e-7,3
Black or African American,FALSE,TRUE,83,3.4974324421411956e-6,8
Black or African American,FALSE,TRUE,84,1.2334865787179243e-6,4
Black or African American,FALSE,TRUE,85,5.937590673952742e-7,2
Black or African American,FALSE,TRUE,87,5.516213271285128e-7,2
Black or African American,FALSE,TRUE,88,6.818652515894116e-7,2
Black or African American,FALSE,TRUE,90,1.4173603544274286e-7,1
Black or African American,FALSE,TRUE,92,4.9799147587990736e-8,1
Black or African American,FALSE,TRUE,94,4.328695136494579e-7,1
Black or African American,FALSE,TRUE,95,1.6050648337975475e-6,3
Black or African American,TRUE,FALSE,18,0.0010993161830048954,2380
Black or African American,TRUE,FALSE,19,0.0010404957282961571,2378
Black or African American,TRUE,FALSE,20,0.001206181323025063,2288
Black or African American,TRUE,FALSE,21,0.0011113637460175285,1986
Black or African American,TRUE,FALSE,22,0.00114614653525591,1799
Black or African American,TRUE,FALSE,23,0.0011173434744317483,1632
Black or African American,TRUE,FALSE,24,0.001086268806336842,1544
Black or African American,TRUE,FALSE,25,0.0010859585193403322,1550
Black or African American,TRUE,FALSE,26,0.001065054369464358,1524
Black or African American,TRUE,FALSE,27,0.0011029323672605157,1590
Black or African American,TRUE,FALSE,28,0.0011457749570008302,1687
Black or African American,TRUE,FALSE,29,0.0011312106216831734,1624
Black or African American,TRUE,FALSE,30,0.0012629906583119786,1797
Black or African American,TRUE,FALSE,31,0.0011913335156365206,1780
Black or African American,TRUE,FALSE,32,0.0012061238624701538,1824
Black or African American,TRUE,FALSE,33,0.001196796099056557,1732
Black or African American,TRUE,FALSE,34,0.0011383855296395046,1704
Black or African American,TRUE,FALSE,35,0.001126491194773296,1790
Black or African American,TRUE,FALSE,36,0.0010652535660547098,1736
Black or African American,TRUE,FALSE,37,0.0010659622462319235,1699
Black or African American,TRUE,FALSE,38,0.0010592240384929023,1688
Black or African American,TRUE,FALSE,39,0.0011005956380275407,1765
Black or African American,TRUE,FALSE,40,0.001143878758688826,1869
Black or African American,TRUE,FALSE,41,0.0010779217030603627,1739
Black or African American,TRUE,FALSE,42,0.0011383395611955771,1903
Black or African American,TRUE,FALSE,43,0.0010593734359356664,1762
Black or African American,TRUE,FALSE,44,9.931444003472992e-4,1704
Black or African American,TRUE,FALSE,45,9.910911431852097e-4,1772
Black or African American,TRUE,FALSE,46,9.129716034342948e-4,1620
Black or African American,TRUE,FALSE,47,9.568523138666358e-4,1743
Black or African American,TRUE,FALSE,48,9.044559491967484e-4,1698
Black or African American,TRUE,FALSE,49,9.68731325918202e-4,1776
Black or African American,TRUE,FALSE,50,0.001047636159919543,1953
Black or African American,TRUE,FALSE,51,9.986337986929601e-4,1981
Black or African American,TRUE,FALSE,52,0.0010005108434866612,2007
Black or African American,TRUE,FALSE,53,9.553430166243537e-4,1940
Black or African American,TRUE,FALSE,54,9.158139855504709e-4,1879
Black or African American,TRUE,FALSE,55,9.028738685849145e-4,2058
Black or African American,TRUE,FALSE,56,9.255669570703959e-4,2101
Black or African American,TRUE,FALSE,57,9.968065530468469e-4,2312
Black or African American,TRUE,FALSE,58,9.678042956323332e-4,2284
Black or African American,TRUE,FALSE,59,9.857243273566887e-4,2287
Black or African American,TRUE,FALSE,60,0.0010352898020213818,2409
Black or African American,TRUE,FALSE,61,9.941978438539683e-4,2356
Black or African American,TRUE,FALSE,62,0.001020874864146489,2469
Black or African American,TRUE,FALSE,63,9.852493201027725e-4,2453
Black or African American,TRUE,FALSE,64,9.990513453919671e-4,2467
Black or African American,TRUE,FALSE,65,9.674595323028779e-4,2506
Black or African American,TRUE,FALSE,66,8.210730226161488e-4,2236
Black or African American,TRUE,FALSE,67,8.296193224829802e-4,2290
Black or African American,TRUE,FALSE,68,8.214216166492648e-4,2204
Black or African American,TRUE,FALSE,69,7.455890069837367e-4,2081
Black or African American,TRUE,FALSE,70,7.019458001783537e-4,1991
Black or African American,TRUE,FALSE,71,6.916986678862095e-4,1918
Black or African American,TRUE,FALSE,72,6.571955200150531e-4,1847
Black or African American,TRUE,FALSE,73,5.801026088451829e-4,1651
Black or African American,TRUE,FALSE,74,5.429524447445417e-4,1525
Black or African American,TRUE,FALSE,75,5.321153840886629e-4,1474
Black or African American,TRUE,FALSE,76,4.2911159335839495e-4,1196
Black or African American,TRUE,FALSE,77,3.9710223357029877e-4,1076
Black or African American,TRUE,FALSE,78,3.612238630849817e-4,1025
Black or African American,TRUE,FALSE,79,3.43227217287414e-4,1023
Black or African American,TRUE,FALSE,80,3.089960493761613e-4,872
Black or African American,TRUE,FALSE,81,2.89076390340965e-4,850
Black or African American,TRUE,FALSE,82,2.719952827182842e-4,746
Black or African American,TRUE,FALSE,83,2.3591388493895458e-4,659
Black or African American,TRUE,FALSE,84,2.1208690816993132e-4,629
Black or African American,TRUE,FALSE,85,1.7543090484150952e-4,532
Black or African American,TRUE,FALSE,86,1.6664327064405947e-4,491
Black or African American,TRUE,FALSE,87,1.470683749383185e-4,434
Black or African American,TRUE,FALSE,88,1.2797231719015434e-4,404
Black or African American,TRUE,FALSE,89,1.0353242783543274e-4,303
Black or African American,TRUE,FALSE,90,5.6476064068442106e-5,184
Black or African American,TRUE,FALSE,91,2.9864165738151983e-5,80
Black or African American,TRUE,FALSE,92,8.265126218142217e-5,275
Black or African American,TRUE,FALSE,93,8.604526562472676e-5,320
Black or African American,TRUE,FALSE,94,1.2577349328896152e-4,385
Black or African American,TRUE,FALSE,95,1.2892999310530802e-4,335
Black or African American,TRUE,FALSE,96,3.3595271103590675e-6,10
Black or African American,TRUE,TRUE,18,3.333095255100826e-5,100
Black or African American,TRUE,TRUE,19,3.212811160157525e-5,89
Black or African American,TRUE,TRUE,20,4.167805582748763e-5,92
Black or African American,TRUE,TRUE,21,4.965741155254799e-5,82
Black or African American,TRUE,TRUE,22,3.633422422093016e-5,71
Black or African American,TRUE,TRUE,23,3.340373592055994e-5,78
Black or African American,TRUE,TRUE,24,2.9481095372090516e-5,56
Black or African American,TRUE,TRUE,25,3.6468298849051676e-5,74
Black or African American,TRUE,TRUE,26,2.2788856076996685e-5,40
Black or African American,TRUE,TRUE,27,3.0507723953135248e-5,59
Black or African American,TRUE,TRUE,28,3.988911721798058e-5,72
Black or African American,TRUE,TRUE,29,3.456060842606557e-5,68
Black or African American,TRUE,TRUE,30,3.609672059397205e-5,79
Black or African American,TRUE,TRUE,31,3.368337728778481e-5,69
Black or African American,TRUE,TRUE,32,3.489771034819966e-5,76
Black or African American,TRUE,TRUE,33,3.434608902107115e-5,69
Black or African American,TRUE,TRUE,34,2.90597179694229e-5,59
Black or African American,TRUE,TRUE,35,2.9408312002538836e-5,47
Black or African American,TRUE,TRUE,36,3.2200894971126935e-5,64
Black or African American,TRUE,TRUE,37,3.4744482201775076e-5,68
Black or African American,TRUE,TRUE,38,3.089079431919672e-5,64
Black or African American,TRUE,TRUE,39,2.5692529451742604e-5,43
Black or African American,TRUE,TRUE,40,2.186565649478855e-5,44
Black or African American,TRUE,TRUE,41,1.876661723335128e-5,47
Black or African American,TRUE,TRUE,42,2.7519775097855804e-5,50
Black or African American,TRUE,TRUE,43,2.22448961571894e-5,47
Black or African American,TRUE,TRUE,44,2.2279372490134933e-5,41
Black or African American,TRUE,TRUE,45,2.095011831990164e-5,39
Black or African American,TRUE,TRUE,46,1.6268998446630513e-5,30
Black or African American,TRUE,TRUE,47,1.817668886961662e-5,32
Black or African American,TRUE,TRUE,48,1.5935727228157036e-5,32
Black or African American,TRUE,TRUE,49,9.028968528068781e-6,21
Black or African American,TRUE,TRUE,50,6.83014462687596e-6,13
Black or African American,TRUE,TRUE,51,1.7165383103214346e-5,31
Black or African American,TRUE,TRUE,52,1.7682528097397326e-5,30
Black or African American,TRUE,TRUE,53,2.5707852266385066e-5,47
Black or African American,TRUE,TRUE,54,1.0415683253211293e-5,25
Black or African American,TRUE,TRUE,55,1.4729055575063414e-5,30
Black or African American,TRUE,TRUE,56,1.2882656410647142e-5,26
Black or African American,TRUE,TRUE,57,8.492670015582728e-6,22
Black or African American,TRUE,TRUE,58,1.4116142989365067e-5,31
Black or African American,TRUE,TRUE,59,8.128753167824334e-6,22
Black or African American,TRUE,TRUE,60,1.5633101638968476e-5,32
Black or African American,TRUE,TRUE,61,9.668696039391432e-6,22
Black or African American,TRUE,TRUE,62,1.0718308842399852e-5,19
Black or African American,TRUE,TRUE,63,6.707562109736291e-6,21
Black or African American,TRUE,TRUE,64,3.4821096274987368e-6,9
Black or African American,TRUE,TRUE,65,6.742038442681823e-6,20
Black or African American,TRUE,TRUE,66,7.2630141405254186e-6,14
Black or African American,TRUE,TRUE,67,6.2402162631413006e-6,14
Black or African American,TRUE,TRUE,68,3.761750994723608e-6,12
Black or African American,TRUE,TRUE,69,8.450532275315966e-6,21
Black or African American,TRUE,TRUE,70,4.692611984252973e-6,14
Black or African American,TRUE,TRUE,71,5.554520307891274e-6,14
Black or African American,TRUE,TRUE,72,5.623472973782339e-6,13
Black or African American,TRUE,TRUE,73,4.527891726846543e-6,12
Black or African American,TRUE,TRUE,74,5.90311434100721e-6,15
Black or African American,TRUE,TRUE,75,4.060545880251553e-6,12
Black or African American,TRUE,TRUE,76,5.753716898243237e-6,12
Black or African American,TRUE,TRUE,77,3.6046921446384065e-6,10
Black or African American,TRUE,TRUE,78,3.895825622845121e-6,14
Black or African American,TRUE,TRUE,79,4.439785542652405e-6,10
Black or African American,TRUE,TRUE,80,6.102310931359172e-6,3
Black or African American,TRUE,TRUE,81,1.1990102457723923e-6,5
Black or African American,TRUE,TRUE,82,3.38634203598337e-6,9
Black or African American,TRUE,TRUE,83,1.0955812469357962e-6,6
Black or African American,TRUE,TRUE,84,8.810618419413745e-8,1
Black or African American,TRUE,TRUE,85,7.623100284623197e-7,2
Black or African American,TRUE,TRUE,86,2.1949931975322073e-6,8
Black or African American,TRUE,TRUE,87,8.925539529232186e-7,4
Black or African American,TRUE,TRUE,88,5.669441417709715e-7,2
Black or African American,TRUE,TRUE,89,1.0611049139902641e-6,4
Black or African American,TRUE,TRUE,91,2.56657145261183e-7,1
Black or African American,TRUE,TRUE,92,4.0222388436454055e-7,1
Black or African American,TRUE,TRUE,93,2.489957379399537e-7,1
Black or African American,TRUE,TRUE,94,1.4748209093366488e-6,3
Black or African American,TRUE,TRUE,95,2.3443906402961793e-6,19
Native Hawaiian or Other Pacific Islander,FALSE,FALSE,18,1.7575268394900116e-5,39
Native Hawaiian or Other Pacific Islander,FALSE,FALSE,19,1.774381935596716e-5,45
Native Hawaiian or Other Pacific Islander,FALSE,FALSE,20,1.589742019155089e-5,39
Native Hawaiian or Other Pacific Islander,FALSE,FALSE,21,1.9057750711557992e-5,40
Native Hawaiian or Other Pacific Islander,FALSE,FALSE,22,1.8486975866126407e-5,39
Native Hawaiian or Other Pacific Islander,FALSE,FALSE,23,1.3376817182866434e-05,39
Native Hawaiian or Other Pacific Islander,FALSE,FALSE,24,1.3273388184029839e-5,37
Native Hawaiian or Other Pacific Islander,FALSE,FALSE,25,2.2896115779493895e-5,43
Native Hawaiian or Other Pacific Islander,FALSE,FALSE,26,1.898879804566693e-5,38
Native Hawaiian or Other Pacific Islander,FALSE,FALSE,27,2.540905738085712e-5,48
Native Hawaiian or Other Pacific Islander,FALSE,FALSE,28,1.8525282902732554e-5,35
Native Hawaiian or Other Pacific Islander,FALSE,FALSE,29,1.4817161759257551e-5,37
Native Hawaiian or Other Pacific Islander,FALSE,FALSE,30,1.6609931072425217e-5,44
Native Hawaiian or Other Pacific Islander,FALSE,FALSE,31,1.9548080780116672e-5,38
Native Hawaiian or Other Pacific Islander,FALSE,FALSE,32,2.120294476150221e-5,49
Native Hawaiian or Other Pacific Islander,FALSE,FALSE,33,2.1681782719079043e-5,37
Native Hawaiian or Other Pacific Islander,FALSE,FALSE,34,1.656013192483723e-5,39
Native Hawaiian or Other Pacific Islander,FALSE,FALSE,35,1.7314780545978316e-5,31
Native Hawaiian or Other Pacific Islander,FALSE,FALSE,36,2.1436617684799704e-5,47
Native Hawaiian or Other Pacific Islander,FALSE,FALSE,37,1.3169959185193243e-5,31
Native Hawaiian or Other Pacific Islander,FALSE,FALSE,38,1.6943202290898693e-5,45
Native Hawaiian or Other Pacific Islander,FALSE,FALSE,39,1.4407276467571782e-5,36
Native Hawaiian or Other Pacific Islander,FALSE,FALSE,40,1.6789974144474106e-5,39
Native Hawaiian or Other Pacific Islander,FALSE,FALSE,41,1.1277591576849594e-5,24
Native Hawaiian or Other Pacific Islander,FALSE,FALSE,42,1.476736261166956e-5,29
Native Hawaiian or Other Pacific Islander,FALSE,FALSE,43,1.489760653613046e-5,31
Native Hawaiian or Other Pacific Islander,FALSE,FALSE,44,1.1844535718620566e-5,26
Native Hawaiian or Other Pacific Islander,FALSE,FALSE,45,2.2991883371009263e-5,39
Native Hawaiian or Other Pacific Islander,FALSE,FALSE,46,1.180622868201442e-5,29
Native Hawaiian or Other Pacific Islander,FALSE,FALSE,47,1.1162670467031155e-5,23
Native Hawaiian or Other Pacific Islander,FALSE,FALSE,48,1.4985712720324596e-5,34
Native Hawaiian or Other Pacific Islander,FALSE,FALSE,49,1.8544436421035626e-5,36
Native Hawaiian or Other Pacific Islander,FALSE,FALSE,50,1.2108854271202978e-5,23
Native Hawaiian or Other Pacific Islander,FALSE,FALSE,51,9.216673007438901e-6,27
Native Hawaiian or Other Pacific Islander,FALSE,FALSE,52,9.488652967342542e-6,38
Native Hawaiian or Other Pacific Islander,FALSE,FALSE,53,1.1936472606475318e-5,21
Native Hawaiian or Other Pacific Islander,FALSE,FALSE,54,1.0185841033574413e-5,38
Native Hawaiian or Other Pacific Islander,FALSE,FALSE,55,1.2491924637264445e-5,36
Native Hawaiian or Other Pacific Islander,FALSE,FALSE,56,1.8854723417545417e-5,46
Native Hawaiian or Other Pacific Islander,FALSE,FALSE,57,1.1097548504800704e-5,28
Native Hawaiian or Other Pacific Islander,FALSE,FALSE,58,7.400919472307547e-6,25
Native Hawaiian or Other Pacific Islander,FALSE,FALSE,59,1.2116515678524207e-5,24
Native Hawaiian or Other Pacific Islander,FALSE,FALSE,60,1.2085870049239291e-5,32
Native Hawaiian or Other Pacific Islander,FALSE,FALSE,61,1.1932641902814704e-5,34
Native Hawaiian or Other Pacific Islander,FALSE,FALSE,62,1.336532507188459e-5,34
Native Hawaiian or Other Pacific Islander,FALSE,FALSE,63,6.033358265468109e-6,22
Native Hawaiian or Other Pacific Islander,FALSE,FALSE,64,8.458193682637195e-6,26
Native Hawaiian or Other Pacific Islander,FALSE,FALSE,65,7.343458917398327e-6,23
Native Hawaiian or Other Pacific Islander,FALSE,FALSE,66,8.791464901110672e-6,26
Native Hawaiian or Other Pacific Islander,FALSE,FALSE,67,9.431192412433322e-6,26
Native Hawaiian or Other Pacific Islander,FALSE,FALSE,68,8.557791977813178e-6,22
Native Hawaiian or Other Pacific Islander,FALSE,FALSE,69,8.51948494120703e-6,16
Native Hawaiian or Other Pacific Islander,FALSE,FALSE,70,1.2059055123614987e-5,27
Native Hawaiian or Other Pacific Islander,FALSE,FALSE,71,4.608336503719451e-6,17
Native Hawaiian or Other Pacific Islander,FALSE,FALSE,72,5.106327979599358e-6,11
Native Hawaiian or Other Pacific Islander,FALSE,FALSE,73,4.37849428408257e-6,13
Native Hawaiian or Other Pacific Islander,FALSE,FALSE,74,6.002712636183191e-6,18
Native Hawaiian or Other Pacific Islander,FALSE,FALSE,75,5.175280645490422e-6,12
Native Hawaiian or Other Pacific Islander,FALSE,FALSE,76,4.6734584659499e-6,12
Native Hawaiian or Other Pacific Islander,FALSE,FALSE,77,1.8885369046830332e-6,8
Native Hawaiian or Other Pacific Islander,FALSE,FALSE,78,1.0151364700628881e-6,7
Native Hawaiian or Other Pacific Islander,FALSE,FALSE,79,3.141177001704031e-6,11
Native Hawaiian or Other Pacific Islander,FALSE,FALSE,80,1.1109040615782548e-6,5
Native Hawaiian or Other Pacific Islander,FALSE,FALSE,81,1.8080921278101252e-6,5
Native Hawaiian or Other Pacific Islander,FALSE,FALSE,82,2.585724970914904e-6,11
Native Hawaiian or Other Pacific Islander,FALSE,FALSE,83,1.0840891359539522e-6,2
Native Hawaiian or Other Pacific Islander,FALSE,FALSE,84,5.784362527528155e-7,1
Native Hawaiian or Other Pacific Islander,FALSE,FALSE,85,1.9230132376285655e-6,2
Native Hawaiian or Other Pacific Islander,FALSE,FALSE,86,1.225825171396695e-6,3
Native Hawaiian or Other Pacific Islander,FALSE,FALSE,87,2.873027745461004e-7,1
Native Hawaiian or Other Pacific Islander,FALSE,FALSE,90,2.2218081231565099e-7,1
Native Hawaiian or Other Pacific Islander,FALSE,FALSE,91,3.945624770433112e-7,1
Native Hawaiian or Other Pacific Islander,FALSE,FALSE,92,2.2984221963688032e-7,1
Native Hawaiian or Other Pacific Islander,FALSE,FALSE,93,2.9113347820671506e-7,2
Native Hawaiian or Other Pacific Islander,FALSE,FALSE,94,9.69168026135512e-7,1
Native Hawaiian or Other Pacific Islander,FALSE,FALSE,97,6.703731406075676e-7,3
Native Hawaiian or Other Pacific Islander,FALSE,TRUE,18,3.7809045130266814e-6,10
Native Hawaiian or Other Pacific Islander,FALSE,TRUE,19,3.0990392614372696e-6,10
Native Hawaiian or Other Pacific Islander,FALSE,TRUE,20,2.382697676902326e-6,5
Native Hawaiian or Other Pacific Islander,FALSE,TRUE,21,9.998136554204295e-7,4
Native Hawaiian or Other Pacific Islander,FALSE,TRUE,22,2.86153563447916e-6,8
Native Hawaiian or Other Pacific Islander,FALSE,TRUE,23,2.873027745461004e-6,7
Native Hawaiian or Other Pacific Islander,FALSE,TRUE,24,7.35495102838017e-6,9
Native Hawaiian or Other Pacific Islander,FALSE,TRUE,25,4.3172030255127355e-6,7
Native Hawaiian or Other Pacific Islander,FALSE,TRUE,26,1.903859719325492e-6,3
Native Hawaiian or Other Pacific Islander,FALSE,TRUE,27,6.933573625712557e-7,3
Native Hawaiian or Other Pacific Islander,FALSE,TRUE,28,2.585724970914904e-6,5
Native Hawaiian or Other Pacific Islander,FALSE,TRUE,29,3.6698141068688556e-6,7
Native Hawaiian or Other Pacific Islander,FALSE,TRUE,30,8.695697309595306e-7,2
Native Hawaiian or Other Pacific Islander,FALSE,TRUE,31,3.505093849462425e-6,8
Native Hawaiian or Other Pacific Islander,FALSE,TRUE,32,3.9226405484694244e-06,6
Native Hawaiian or Other Pacific Islander,FALSE,TRUE,33,9.002153602444479e-7,3
Native Hawaiian or Other Pacific Islander,FALSE,TRUE,34,6.627117332863382e-7,3
Native Hawaiian or Other Pacific Islander,FALSE,TRUE,35,1.995796607180244e-6,5
Native Hawaiian or Other Pacific Islander,FALSE,TRUE,36,1.8004307204888958e-6,3
Native Hawaiian or Other Pacific Islander,FALSE,TRUE,37,1.202840949433007e-6,5
Native Hawaiian or Other Pacific Islander,FALSE,TRUE,38,2.489957379399537e-6,4
Native Hawaiian or Other Pacific Islander,FALSE,TRUE,39,1.9689816815559412e-6,4
Native Hawaiian or Other Pacific Islander,FALSE,TRUE,40,1.4518366873729607e-6,4
Native Hawaiian or Other Pacific Islander,FALSE,TRUE,41,4.826686612374487e-7,1
Native Hawaiian or Other Pacific Islander,FALSE,TRUE,42,2.0417650511076202e-6,4
Native Hawaiian or Other Pacific Islander,FALSE,TRUE,43,1.6088955374581622e-7,1
Native Hawaiian or Other Pacific Islander,FALSE,TRUE,44,1.8310763497738133e-6,1
Native Hawaiian or Other Pacific Islander,FALSE,TRUE,45,1.4441752800517312e-6,5
Native Hawaiian or Other Pacific Islander,FALSE,TRUE,46,2.309914307350647e-6,5
Native Hawaiian or Other Pacific Islander,FALSE,TRUE,47,2.8883505601034625e-6,2
Native Hawaiian or Other Pacific Islander,FALSE,TRUE,48,1.3139313555908325e-6,3
Native Hawaiian or Other Pacific Islander,FALSE,TRUE,49,3.1679919273283337e-6,4
Native Hawaiian or Other Pacific Islander,FALSE,TRUE,50,1.6203876484400064e-6,3
Native Hawaiian or Other Pacific Islander,FALSE,TRUE,51,2.1681782719079044e-6,5
Native Hawaiian or Other Pacific Islander,FALSE,TRUE,52,2.0953949023562254e-6,3
Native Hawaiian or Other Pacific Islander,FALSE,TRUE,53,4.6236593183619095e-06,6
Native Hawaiian or Other Pacific Islander,FALSE,TRUE,54,2.4133433061872436e-7,1
Native Hawaiian or Other Pacific Islander,FALSE,TRUE,55,1.566757797191401e-6,2
Native Hawaiian or Other Pacific Islander,FALSE,TRUE,56,2.0953949023562254e-6,4
Native Hawaiian or Other Pacific Islander,FALSE,TRUE,58,1.306269948269603e-6,6
Native Hawaiian or Other Pacific Islander,FALSE,TRUE,59,3.788565920347911e-6,4
Native Hawaiian or Other Pacific Islander,FALSE,TRUE,61,9.270302858687506e-7,3
Native Hawaiian or Other Pacific Islander,FALSE,TRUE,63,9.538452114930533e-7,2
Native Hawaiian or Other Pacific Islander,FALSE,TRUE,64,5.860976600740448e-7,3
Native Hawaiian or Other Pacific Islander,FALSE,TRUE,65,7.01018769892485e-7,1
Native Hawaiian or Other Pacific Islander,FALSE,TRUE,66,1.800430720488896e-7,1
Native Hawaiian or Other Pacific Islander,FALSE,TRUE,67,2.4516503427933903e-7,1
Native Hawaiian or Other Pacific Islander,FALSE,TRUE,69,2.7197995990364174e-7,1
Native Hawaiian or Other Pacific Islander,FALSE,TRUE,71,4.5585373561314597e-7,2
Native Hawaiian or Other Pacific Islander,FALSE,TRUE,75,1.6088955374581622e-7,2
Native Hawaiian or Other Pacific Islander,FALSE,TRUE,76,2.160516864586675e-6,2
Native Hawaiian or Other Pacific Islander,FALSE,TRUE,94,1.2296558750573098e-6,2
Native Hawaiian or Other Pacific Islander,TRUE,FALSE,18,1.0630202658205714e-5,33
Native Hawaiian or Other Pacific Islander,TRUE,FALSE,19,1.3572183069557784e-5,40
Native Hawaiian or Other Pacific Islander,TRUE,FALSE,20,1.278305811547116e-5,32
Native Hawaiian or Other Pacific Islander,TRUE,FALSE,21,1.074895447168477e-5,28
Native Hawaiian or Other Pacific Islander,TRUE,FALSE,22,1.3327018035278443e-5,32
Native Hawaiian or Other Pacific Islander,TRUE,FALSE,23,2.0337205734203293e-5,40
Native Hawaiian or Other Pacific Islander,TRUE,FALSE,24,1.8437176718538416e-5,38
Native Hawaiian or Other Pacific Islander,TRUE,FALSE,25,1.1155009059709924e-5,24
Native Hawaiian or Other Pacific Islander,TRUE,FALSE,26,1.6337951112521576e-5,33
Native Hawaiian or Other Pacific Islander,TRUE,FALSE,27,1.6744005700546732e-5,36
Native Hawaiian or Other Pacific Islander,TRUE,FALSE,28,1.4349815912662561e-5,34
Native Hawaiian or Other Pacific Islander,TRUE,FALSE,29,1.4483890540784075e-5,24
Native Hawaiian or Other Pacific Islander,TRUE,FALSE,30,1.569439289753831e-5,26
Native Hawaiian or Other Pacific Islander,TRUE,FALSE,31,1.1580217166038154e-5,34
Native Hawaiian or Other Pacific Islander,TRUE,FALSE,32,1.996562747912367e-5,36
Native Hawaiian or Other Pacific Islander,TRUE,FALSE,33,8.87957108530481e-6,26
Native Hawaiian or Other Pacific Islander,TRUE,FALSE,34,1.9180333228697663e-5,32
Native Hawaiian or Other Pacific Islander,TRUE,FALSE,35,1.3472584774381801e-5,31
Native Hawaiian or Other Pacific Islander,TRUE,FALSE,36,1.5054665386215661e-5,37
Native Hawaiian or Other Pacific Islander,TRUE,FALSE,37,1.221611397370019e-5,29
Native Hawaiian or Other Pacific Islander,TRUE,FALSE,38,1.7839586947482526e-5,41
Native Hawaiian or Other Pacific Islander,TRUE,FALSE,39,2.017631618045748e-5,42
Native Hawaiian or Other Pacific Islander,TRUE,FALSE,40,1.9601710631365277e-5,38
Native Hawaiian or Other Pacific Islander,TRUE,FALSE,41,1.4702240649439111e-5,33
Native Hawaiian or Other Pacific Islander,TRUE,FALSE,42,1.4759701204348331e-5,30
Native Hawaiian or Other Pacific Islander,TRUE,FALSE,43,1.6042986930654246e-5,30
Native Hawaiian or Other Pacific Islander,TRUE,FALSE,44,1.1078394986497631e-5,22
Native Hawaiian or Other Pacific Islander,TRUE,FALSE,45,1.3166128481532627e-5,37
Native Hawaiian or Other Pacific Islander,TRUE,FALSE,46,1.8770447937011893e-5,38
Native Hawaiian or Other Pacific Islander,TRUE,FALSE,47,1.4491551948105304e-5,33
Native Hawaiian or Other Pacific Islander,TRUE,FALSE,48,1.1986271754063309e-5,37
Native Hawaiian or Other Pacific Islander,TRUE,FALSE,49,1.5211724236300863e-5,30
Native Hawaiian or Other Pacific Islander,TRUE,FALSE,50,1.5253861976567624e-5,30
Native Hawaiian or Other Pacific Islander,TRUE,FALSE,51,1.2526400970209977e-5,33
Native Hawaiian or Other Pacific Islander,TRUE,FALSE,52,1.893133749075771e-5,40
Native Hawaiian or Other Pacific Islander,TRUE,FALSE,53,1.1001780913285337e-5,27
Native Hawaiian or Other Pacific Islander,TRUE,FALSE,54,8.975338676820176e-6,27
Native Hawaiian or Other Pacific Islander,TRUE,FALSE,55,1.1063072171855173e-5,23
Native Hawaiian or Other Pacific Islander,TRUE,FALSE,56,1.6636745998049522e-5,38
Native Hawaiian or Other Pacific Islander,TRUE,FALSE,57,1.0285439328750395e-5,31
Native Hawaiian or Other Pacific Islander,TRUE,FALSE,58,1.2595353636101041e-5,34
Native Hawaiian or Other Pacific Islander,TRUE,FALSE,59,1.557947178771987e-5,36
Native Hawaiian or Other Pacific Islander,TRUE,FALSE,60,1.1181823985334227e-5,29
Native Hawaiian or Other Pacific Islander,TRUE,FALSE,61,1.0465482400799285e-5,29
Native Hawaiian or Other Pacific Islander,TRUE,FALSE,62,1.0139872589647037e-5,32
Native Hawaiian or Other Pacific Islander,TRUE,FALSE,63,1.178324446005073e-5,34
Native Hawaiian or Other Pacific Islander,TRUE,FALSE,64,1.0867706285163824e-5,33
Native Hawaiian or Other Pacific Islander,TRUE,FALSE,65,9.369901153863488e-6,21
Native Hawaiian or Other Pacific Islander,TRUE,FALSE,66,5.6924256396734025e-6,18
Native Hawaiian or Other Pacific Islander,TRUE,FALSE,67,5.159957830847963e-6,18
Native Hawaiian or Other Pacific Islander,TRUE,FALSE,68,1.1369528464704347e-5,31
Native Hawaiian or Other Pacific Islander,TRUE,FALSE,69,8.87190967798358e-6,26
Native Hawaiian or Other Pacific Islander,TRUE,FALSE,70,6.5619953706329335e-6,24
Native Hawaiian or Other Pacific Islander,TRUE,FALSE,71,8.967677269498947e-6,22
Native Hawaiian or Other Pacific Islander,TRUE,FALSE,72,9.025137824408168e-6,23
Native Hawaiian or Other Pacific Islander,TRUE,FALSE,73,4.907131389247395e-6,16
Native Hawaiian or Other Pacific Islander,TRUE,FALSE,74,3.0185944845643616e-6,8
Native Hawaiian or Other Pacific Islander,TRUE,FALSE,75,5.730732676279549e-6,20
Native Hawaiian or Other Pacific Islander,TRUE,FALSE,76,2.8193978942123984e-6,14
Native Hawaiian or Other Pacific Islander,TRUE,FALSE,77,4.095022213197084e-6,8
Native Hawaiian or Other Pacific Islander,TRUE,FALSE,78,2.5665714526118304e-6,11
Native Hawaiian or Other Pacific Islander,TRUE,FALSE,79,1.4671595020154193e-6,6
Native Hawaiian or Other Pacific Islander,TRUE,FALSE,80,4.5585373561314596e-6,11
Native Hawaiian or Other Pacific Islander,TRUE,FALSE,81,3.102869965097884e-6,9
Native Hawaiian or Other Pacific Islander,TRUE,FALSE,82,3.7923966240085253e-6,13
Native Hawaiian or Other Pacific Islander,TRUE,FALSE,83,2.8806891527822335e-6,9
Native Hawaiian or Other Pacific Islander,TRUE,FALSE,84,4.255911766942901e-6,10
Native Hawaiian or Other Pacific Islander,TRUE,FALSE,85,8.695697309595306e-7,4
Native Hawaiian or Other Pacific Islander,TRUE,FALSE,86,1.8617219790587306e-6,5
Native Hawaiian or Other Pacific Islander,TRUE,FALSE,87,7.163415845349437e-7,5
Native Hawaiian or Other Pacific Islander,TRUE,FALSE,88,1.3292541702332912e-6,4
Native Hawaiian or Other Pacific Islander,TRUE,FALSE,89,5.324678088254394e-7,1
Native Hawaiian or Other Pacific Islander,TRUE,FALSE,90,2.56657145261183e-7,2
Native Hawaiian or Other Pacific Islander,TRUE,FALSE,91,8.427548053352279e-8,1
Native Hawaiian or Other Pacific Islander,TRUE,FALSE,92,9.959829517598147e-8,1
Native Hawaiian or Other Pacific Islander,TRUE,FALSE,93,1.0457820993478055e-6,3
Native Hawaiian or Other Pacific Islander,TRUE,FALSE,94,7.623100284623197e-7,2
Native Hawaiian or Other Pacific Islander,TRUE,FALSE,95,5.171449941829808e-7,2
Native Hawaiian or Other Pacific Islander,TRUE,FALSE,97,6.627117332863382e-7,3
Native Hawaiian or Other Pacific Islander,TRUE,TRUE,18,4.351679358458268e-6,13
Native Hawaiian or Other Pacific Islander,TRUE,TRUE,19,1.2909471336271444e-6,6
Native Hawaiian or Other Pacific Islander,TRUE,TRUE,20,1.5629270935307862e-6,6
Native Hawaiian or Other Pacific Islander,TRUE,TRUE,21,5.60048875181865e-6,7
Native Hawaiian or Other Pacific Islander,TRUE,TRUE,22,2.463142453775234e-6,9
Native Hawaiian or Other Pacific Islander,TRUE,TRUE,23,1.425021761748658e-6,4
Native Hawaiian or Other Pacific Islander,TRUE,TRUE,24,1.81192283147074e-6,5
Native Hawaiian or Other Pacific Islander,TRUE,TRUE,25,2.8232285978730134e-6,5
Native Hawaiian or Other Pacific Islander,TRUE,TRUE,26,1.5820806118338596e-6,3
Native Hawaiian or Other Pacific Islander,TRUE,TRUE,27,4.0107467326635615e-6,5
Native Hawaiian or Other Pacific Islander,TRUE,TRUE,28,9.921522480992e-7,2
Native Hawaiian or Other Pacific Islander,TRUE,TRUE,29,1.51695864960341e-6,4
Native Hawaiian or Other Pacific Islander,TRUE,TRUE,30,2.053257162089464e-6,4
Native Hawaiian or Other Pacific Islander,TRUE,TRUE,31,3.4859403311593514e-7,1
Native Hawaiian or Other Pacific Islander,TRUE,TRUE,32,4.252081063282286e-7,2
Native Hawaiian or Other Pacific Islander,TRUE,TRUE,33,1.367561206839438e-6,6
Native Hawaiian or Other Pacific Islander,TRUE,TRUE,34,2.3750362695810967e-6,8
Native Hawaiian or Other Pacific Islander,TRUE,TRUE,35,9.538452114930533e-7,3
Native Hawaiian or Other Pacific Islander,TRUE,TRUE,36,2.3903590842235555e-6,4
Native Hawaiian or Other Pacific Islander,TRUE,TRUE,37,2.3290678256537205e-6,5
Native Hawaiian or Other Pacific Islander,TRUE,TRUE,38,4.045223065609094e-6,8
Native Hawaiian or Other Pacific Islander,TRUE,TRUE,39,2.6776618587696558e-6,6
Native Hawaiian or Other Pacific Islander,TRUE,TRUE,40,2.7964136722487106e-7,1
Native Hawaiian or Other Pacific Islander,TRUE,TRUE,41,3.980101103378645e-6,5
Native Hawaiian or Other Pacific Islander,TRUE,TRUE,42,1.2105023567542364e-6,4
Native Hawaiian or Other Pacific Islander,TRUE,TRUE,43,8.044477687290811e-7,3
Native Hawaiian or Other Pacific Islander,TRUE,TRUE,44,1.5820806118338596e-6,4
Native Hawaiian or Other Pacific Islander,TRUE,TRUE,45,1.5859113154944741e-6,1
Native Hawaiian or Other Pacific Islander,TRUE,TRUE,46,1.2181637640754657e-6,2
Native Hawaiian or Other Pacific Islander,TRUE,TRUE,47,7.393258064986317e-7,1
Native Hawaiian or Other Pacific Islander,TRUE,TRUE,48,1.1300575798813282e-6,2
Native Hawaiian or Other Pacific Islander,TRUE,TRUE,49,5.290201755308862e-6,9
Native Hawaiian or Other Pacific Islander,TRUE,TRUE,50,1.6970017216522997e-6,5
Native Hawaiian or Other Pacific Islander,TRUE,TRUE,51,1.4441752800517312e-6,4
Native Hawaiian or Other Pacific Islander,TRUE,TRUE,52,1.072597024972108e-6,3
Native Hawaiian or Other Pacific Islander,TRUE,TRUE,53,2.2792686780657298e-6,4
Native Hawaiian or Other Pacific Islander,TRUE,TRUE,54,2.5282644160056836e-7,1
Native Hawaiian or Other Pacific Islander,TRUE,TRUE,55,5.248064015042101e-7,2
Native Hawaiian or Other Pacific Islander,TRUE,TRUE,56,1.053443506669035e-6,2
Native Hawaiian or Other Pacific Islander,TRUE,TRUE,57,1.4939744276397222e-7,1
Native Hawaiian or Other Pacific Islander,TRUE,TRUE,58,1.026628581044732e-6,2
Native Hawaiian or Other Pacific Islander,TRUE,TRUE,59,5.439599198072835e-7,2
Native Hawaiian or Other Pacific Islander,TRUE,TRUE,61,2.409512602526629e-6,3
Native Hawaiian or Other Pacific Islander,TRUE,TRUE,62,9.729987297961267e-7,3
Native Hawaiian or Other Pacific Islander,TRUE,TRUE,63,3.1794840383101777e-7,1
Native Hawaiian or Other Pacific Islander,TRUE,TRUE,64,1.1875181347905484e-7,1
Native Hawaiian or Other Pacific Islander,TRUE,TRUE,67,1.8770447937011892e-7,1
Native Hawaiian or Other Pacific Islander,TRUE,TRUE,69,1.0342899883659615e-7,1
Native Hawaiian or Other Pacific Islander,TRUE,TRUE,70,1.9919659035196294e-7,1
Native Hawaiian or Other Pacific Islander,TRUE,TRUE,71,8.121091760503104e-7,5
Native Hawaiian or Other Pacific Islander,TRUE,TRUE,72,2.56657145261183e-7,1
Native Hawaiian or Other Pacific Islander,TRUE,TRUE,75,1.0611049139902641e-6,4
Native Hawaiian or Other Pacific Islander,TRUE,TRUE,77,1.8770447937011892e-7,1
Native Hawaiian or Other Pacific Islander,TRUE,TRUE,81,4.78837957576834e-7,2
Native Hawaiian or Other Pacific Islander,TRUE,TRUE,82,4.213774026676139e-8,1
Native Hawaiian or Other Pacific Islander,TRUE,TRUE,86,1.9919659035196294e-7,1
Native Hawaiian or Other Pacific Islander,TRUE,TRUE,93,9.959829517598147e-8,1
Native Hawaiian or Other Pacific Islander,TRUE,TRUE,94,7.393258064986317e-7,1
Native Hawaiian or Other Pacific Islander,TRUE,TRUE,95,6.933573625712557e-7,1
Other,FALSE,FALSE,18,6.638992514211288e-5,146
Other,FALSE,FALSE,19,5.079129983608994e-5,133
Other,FALSE,FALSE,20,5.82496798633067e-5,122
Other,FALSE,FALSE,21,4.270468440853237e-5,105
Other,FALSE,FALSE,22,4.89027629314069e-5,96
Other,FALSE,FALSE,23,4.555472793202968e-5,82
Other,FALSE,FALSE,24,4.37849428408257e-5,80
Other,FALSE,FALSE,25,5.842589223169498e-5,117
Other,FALSE,FALSE,26,5.7502692649486845e-5,113
Other,FALSE,FALSE,27,4.509504349275592e-5,101
Other,FALSE,FALSE,28,4.96344273305843e-5,109
Other,FALSE,FALSE,29,4.466217397910646e-5,100
Other,FALSE,FALSE,30,4.8301342456690396e-5,108
Other,FALSE,FALSE,31,5.066488661528965e-5,108
Other,FALSE,FALSE,32,3.570215811692874e-5,85
Other,FALSE,FALSE,33,5.690127217477034e-5,133
Other,FALSE,FALSE,34,5.277177362862772e-5,123
Other,FALSE,FALSE,35,5.3871185579224134e-5,122
Other,FALSE,FALSE,36,5.5572018004537046e-5,133
Other,FALSE,FALSE,37,4.995237573441532e-5,124
Other,FALSE,FALSE,38,5.9146064519890535e-5,137
Other,FALSE,FALSE,39,5.288669473844616e-5,119
Other,FALSE,FALSE,40,6.016503169361404e-5,138
Other,FALSE,FALSE,41,5.651054040138764e-5,124
Other,FALSE,FALSE,42,5.457986575643785e-5,126
Other,FALSE,FALSE,43,3.817679268168582e-5,106
Other,FALSE,FALSE,44,5.218567596855368e-5,118
Other,FALSE,FALSE,45,5.0553796209131824e-5,113
Other,FALSE,FALSE,46,3.9915932143604884e-5,98
Other,FALSE,FALSE,47,5.8012176236348594e-5,116
Other,FALSE,FALSE,48,3.557957559978907e-5,91
Other,FALSE,FALSE,49,4.133329249803231e-5,99
Other,FALSE,FALSE,50,5.542645126543369e-5,118
Other,FALSE,FALSE,51,5.207841626605647e-5,112
Other,FALSE,FALSE,52,5.724220480056504e-5,129
Other,FALSE,FALSE,53,5.0354599618779867e-5,109
Other,FALSE,FALSE,54,3.4326935502768075e-5,89
Other,FALSE,FALSE,55,3.869010697220819e-5,95
Other,FALSE,FALSE,56,3.7226778173853384e-5,94
Other,FALSE,FALSE,57,4.764629213072529e-5,118
Other,FALSE,FALSE,58,4.39151867652866e-5,122
Other,FALSE,FALSE,59,3.40204792099189e-5,99
Other,FALSE,FALSE,60,4.111877309303789e-5,108
Other,FALSE,FALSE,61,4.02338805474359e-5,107
Other,FALSE,FALSE,62,4.4309749242329913e-5,129
Other,FALSE,FALSE,63,3.809634790481291e-5,113
Other,FALSE,FALSE,64,2.878773800951926e-5,85
Other,FALSE,FALSE,65,3.339607451323871e-5,103
Other,FALSE,FALSE,66,3.0611152951971843e-5,97
Other,FALSE,FALSE,67,3.204383612104173e-5,76
Other,FALSE,FALSE,68,2.038317417813067e-5,67
Other,FALSE,FALSE,69,2.0517248806252182e-5,66
Other,FALSE,FALSE,70,2.8638340566755287e-5,84
Other,FALSE,FALSE,71,2.072793750758599e-5,55
Other,FALSE,FALSE,72,1.9892844109571993e-5,42
Other,FALSE,FALSE,73,1.511978734844611e-5,54
Other,FALSE,FALSE,74,1.3009069631447427e-5,47
Other,FALSE,FALSE,75,1.6862757514025786e-5,49
Other,FALSE,FALSE,76,1.348024618170303e-5,40
Other,FALSE,FALSE,77,1.0913674729091201e-5,35
Other,FALSE,FALSE,78,1.1105209912121935e-5,31
Other,FALSE,FALSE,79,8.458193682637195e-6,22
Other,FALSE,FALSE,80,9.178365970832755e-6,22
Other,FALSE,FALSE,81,3.4514639982138195e-6,10
Other,FALSE,FALSE,82,4.186959101051836e-6,16
Other,FALSE,FALSE,83,4.914792796568624e-6,11
Other,FALSE,FALSE,84,2.7734294502850227e-6,10
Other,FALSE,FALSE,85,1.1377189872025576e-6,5
Other,FALSE,FALSE,86,2.9343190040308387e-6,12
Other,FALSE,FALSE,87,3.983931807039259e-6,13
Other,FALSE,FALSE,88,1.179856727469319e-6,2
Other,FALSE,FALSE,89,1.1760260238087044e-6,4
Other,FALSE,FALSE,90,5.439599198072835e-7,3
Other,FALSE,FALSE,91,4.864993648980633e-7,2
Other,FALSE,FALSE,92,8.427548053352279e-7,2
Other,FALSE,FALSE,93,9.921522480992e-7,4
Other,FALSE,FALSE,94,3.133515594382802e-6,10
Other,FALSE,FALSE,95,2.3980204915447845e-6,3
Other,FALSE,TRUE,18,7.343765373691175e-4,1599
Other,FALSE,TRUE,19,6.943724990413185e-4,1578
Other,FALSE,TRUE,20,7.875083971418431e-4,1631
Other,FALSE,TRUE,21,7.792608921605396e-4,1564
Other,FALSE,TRUE,22,7.561655797906938e-4,1527
Other,FALSE,TRUE,23,7.442405992952003e-4,1514
Other,FALSE,TRUE,24,7.103925017500091e-4,1465
Other,FALSE,TRUE,25,7.23784641747518e-4,1486
Other,FALSE,TRUE,26,7.281171675876731e-4,1563
Other,FALSE,TRUE,27,7.327178426840714e-4,1486
Other,FALSE,TRUE,28,7.073317695251779e-4,1482
Other,FALSE,TRUE,29,7.522237857239213e-4,1561
Other,FALSE,TRUE,30,7.832946231151669e-4,1612
Other,FALSE,TRUE,31,7.287645565063171e-4,1474
Other,FALSE,TRUE,32,7.473013315200315e-4,1515
Other,FALSE,TRUE,33,6.831830136486631e-4,1396
Other,FALSE,TRUE,34,7.028498462422587e-4,1461
Other,FALSE,TRUE,35,8.032487584833087e-4,1554
Other,FALSE,TRUE,36,7.473281464456557e-4,1459
Other,FALSE,TRUE,37,7.139435640433989e-4,1375
Other,FALSE,TRUE,38,6.953838048077208e-4,1283
Other,FALSE,TRUE,39,7.128173371671782e-4,1345
Other,FALSE,TRUE,40,7.917758010197678e-4,1482
Other,FALSE,TRUE,41,7.030950112765381e-4,1303
Other,FALSE,TRUE,42,6.779311189299604e-4,1303
Other,FALSE,TRUE,43,6.498558918013154e-4,1244
Other,FALSE,TRUE,44,6.264004932873718e-4,1231
Other,FALSE,TRUE,45,6.610109008610254e-4,1298
Other,FALSE,TRUE,46,5.812096822031005e-4,1133
Other,FALSE,TRUE,47,6.200989857656606e-4,1208
Other,FALSE,TRUE,48,6.293692886243481e-4,1174
Other,FALSE,TRUE,49,5.621212858622575e-4,1131
Other,FALSE,TRUE,50,6.08702642375332e-4,1194
Other,FALSE,TRUE,51,5.000715479676211e-4,1096
Other,FALSE,TRUE,52,5.458944251558939e-4,1094
Other,FALSE,TRUE,53,5.012207590658056e-4,1025
Other,FALSE,TRUE,54,4.6726157111445646e-4,985
Other,FALSE,TRUE,55,4.8122065525373634e-4,1013
Other,FALSE,TRUE,56,4.919542869107786e-4,1007
Other,FALSE,TRUE,57,4.1791444655841825e-4,942
Other,FALSE,TRUE,58,4.474759867073817e-4,942
Other,FALSE,TRUE,59,4.206419075647759e-4,884
Other,FALSE,TRUE,60,3.9103056826822447e-4,852
Other,FALSE,TRUE,61,3.8443409656464605e-4,843
Other,FALSE,TRUE,62,3.4281733199572825e-4,807
Other,FALSE,TRUE,63,3.148723487915442e-4,748
Other,FALSE,TRUE,64,2.9352383729093864e-4,670
Other,FALSE,TRUE,65,2.60832612251253e-4,636
Other,FALSE,TRUE,66,2.627556254888816e-4,645
Other,FALSE,TRUE,67,2.4489688502309597e-4,583
Other,FALSE,TRUE,68,2.341440998477506e-4,549
Other,FALSE,TRUE,69,1.882752542155505e-4,472
Other,FALSE,TRUE,70,2.1501739647030154e-4,541
Other,FALSE,TRUE,71,1.7810090529295794e-4,429
Other,FALSE,TRUE,72,1.6144117507294474e-4,412
Other,FALSE,TRUE,73,1.3008686561081365e-4,331
Other,FALSE,TRUE,74,1.493438129127236e-4,339
Other,FALSE,TRUE,75,1.1914637595609815e-4,305
Other,FALSE,TRUE,76,8.626744643704241e-5,241
Other,FALSE,TRUE,77,8.916728910812772e-5,250
Other,FALSE,TRUE,78,7.614289666203784e-5,204
Other,FALSE,TRUE,79,7.589390092409788e-5,208
Other,FALSE,TRUE,80,6.941235033033785e-5,173
Other,FALSE,TRUE,81,5.951381207130955e-5,154
Other,FALSE,TRUE,82,5.0423552284670926e-5,130
Other,FALSE,TRUE,83,5.406655146591548e-5,132
Other,FALSE,TRUE,84,3.21664186381814e-5,93
Other,FALSE,TRUE,85,3.243839859808504e-5,100
Other,FALSE,TRUE,86,3.860200078801405e-5,102
Other,FALSE,TRUE,87,3.095591628142717e-5,71
Other,FALSE,TRUE,88,2.2601151597626565e-5,65
Other,FALSE,TRUE,89,1.9777922999753553e-5,48
Other,FALSE,TRUE,90,1.249575534092506e-5,32
Other,FALSE,TRUE,91,1.9230132376285655e-6,6
Other,FALSE,TRUE,92,1.309334511198095e-5,33
Other,FALSE,TRUE,93,5.566012418873119e-6,13
Other,FALSE,TRUE,94,2.3616288067689452e-5,88
Other,FALSE,TRUE,95,9.247318636723819e-6,32
Other,FALSE,TRUE,96,7.201722881955584e-7,2
Other,TRUE,FALSE,18,4.548960596979923e-5,134
Other,TRUE,FALSE,19,4.249016500353794e-5,100
Other,TRUE,FALSE,20,4.299198718307846e-5,96
Other,TRUE,FALSE,21,3.7391498431259816e-5,86
Other,TRUE,FALSE,22,4.540916119292632e-5,96
Other,TRUE,FALSE,23,4.160910316159657e-5,80
Other,TRUE,FALSE,24,4.5340208527035255e-5,98
Other,TRUE,FALSE,25,4.488818549508273e-5,92
Other,TRUE,FALSE,26,3.4012817802597674e-5,78
Other,TRUE,FALSE,27,4.01802506961873e-5,87
Other,TRUE,FALSE,28,5.0419721581010316e-5,105
Other,TRUE,FALSE,29,4.8217066976156876e-5,93
Other,TRUE,FALSE,30,5.942187518345479e-5,113
Other,TRUE,FALSE,31,5.062274887502289e-5,115
Other,TRUE,FALSE,32,4.5229118120877436e-5,99
Other,TRUE,FALSE,33,6.163219119562946e-5,107
Other,TRUE,FALSE,34,4.888360941310383e-5,100
Other,TRUE,FALSE,35,4.3294612772267026e-5,99
Other,TRUE,FALSE,36,4.897554630095858e-5,126
Other,TRUE,FALSE,37,5.431171650019482e-5,132
Other,TRUE,FALSE,38,5.3051414995852594e-5,119
Other,TRUE,FALSE,39,5.028947765654942e-5,116
Other,TRUE,FALSE,40,5.900432848444779e-5,129
Other,TRUE,FALSE,41,5.7881932311887695e-5,123
Other,TRUE,FALSE,42,4.877634971060662e-5,106
Other,TRUE,FALSE,43,4.75964929831373e-5,119
Other,TRUE,FALSE,44,5.374860306208446e-5,121
Other,TRUE,FALSE,45,5.3829047838957373e-5,126
Other,TRUE,FALSE,46,4.822089767981749e-5,101
Other,TRUE,FALSE,47,3.176419475381686e-5,91
Other,TRUE,FALSE,48,3.698161313957404e-5,90
Other,TRUE,FALSE,49,5.616577707193232e-5,109
Other,TRUE,FALSE,50,4.873038126667924e-5,119
Other,TRUE,FALSE,51,4.274299144513851e-5,106
Other,TRUE,FALSE,52,4.219903152533123e-5,115
Other,TRUE,FALSE,53,3.807336368284922e-5,91
Other,TRUE,FALSE,54,3.7858844277854804e-5,93
Other,TRUE,FALSE,55,3.631507070262709e-5,86
Other,TRUE,FALSE,56,3.8153808459722134e-5,102
Other,TRUE,FALSE,57,4.127583194312309e-5,114
Other,TRUE,FALSE,58,3.4771297127399375e-5,102
Other,TRUE,FALSE,59,3.503178497632118e-5,99
Other,TRUE,FALSE,60,5.037758384074355e-5,132
Other,TRUE,FALSE,61,2.9389158484235764e-5,94
Other,TRUE,FALSE,62,3.616567325986312e-5,112
Other,TRUE,FALSE,63,2.8668986196040207e-5,100
Other,TRUE,FALSE,64,3.3656562362160505e-5,100
Other,TRUE,FALSE,65,3.6261440851378485e-5,102
Other,TRUE,FALSE,66,2.7006460807333438e-5,98
Other,TRUE,FALSE,67,2.896011967424692e-5,79
Other,TRUE,FALSE,68,2.4685054389000948e-5,87
Other,TRUE,FALSE,69,2.3509028365192243e-5,72
Other,TRUE,FALSE,70,2.12259289834659e-5,55
Other,TRUE,FALSE,71,2.046744965866419e-5,60
Other,TRUE,FALSE,72,1.7073446215359595e-5,53
Other,TRUE,FALSE,73,1.692404877259562e-5,54
Other,TRUE,FALSE,74,1.8961983120042627e-5,61
Other,TRUE,FALSE,75,1.8123059018368015e-5,50
Other,TRUE,FALSE,76,1.0388868327586991e-5,35
Other,TRUE,FALSE,77,1.585528245128413e-5,39
Other,TRUE,FALSE,78,1.0028782183489212e-5,32
Other,TRUE,FALSE,79,6.06783459841364e-6,23
Other,TRUE,FALSE,80,8.46968579361904e-6,21
Other,TRUE,FALSE,81,5.2480640150421e-6,15
Other,TRUE,FALSE,82,8.573114792455636e-6,25
Other,TRUE,FALSE,83,5.899283637346595e-6,17
Other,TRUE,FALSE,84,6.531349741348016e-6,15
Other,TRUE,FALSE,85,3.336542888395379e-6,12
Other,TRUE,FALSE,86,1.5935727228157036e-6,5
Other,TRUE,FALSE,87,2.800244375909325e-6,9
Other,TRUE,FALSE,88,2.3980204915447845e-6,10
Other,TRUE,FALSE,89,3.2407752968800127e-6,9
Other,TRUE,FALSE,90,1.2909471336271444e-6,4
Other,TRUE,FALSE,91,4.252081063282286e-7,2
Other,TRUE,FALSE,92,9.538452114930533e-7,4
Other,TRUE,FALSE,93,1.4863130203184927e-6,3
Other,TRUE,FALSE,94,7.335797510077097e-6,20
Other,TRUE,FALSE,95,3.914979141148195e-6,14
Other,TRUE,TRUE,18,6.82129570141994e-4,1492
Other,TRUE,TRUE,19,6.788466571048473e-4,1516
Other,TRUE,TRUE,20,7.118175235117577e-4,1449
Other,TRUE,TRUE,21,6.875002166741758e-4,1377
Other,TRUE,TRUE,22,7.255161198021158e-4,1369
Other,TRUE,TRUE,23,6.806470878253361e-4,1366
Other,TRUE,TRUE,24,6.746213909671893e-4,1277
Other,TRUE,TRUE,25,6.833247496841058e-4,1394
Other,TRUE,TRUE,26,6.381530921181376e-4,1369
Other,TRUE,TRUE,27,6.685420642577938e-4,1403
Other,TRUE,TRUE,28,6.557398526240196e-4,1395
Other,TRUE,TRUE,29,6.761613338387563e-4,1399
Other,TRUE,TRUE,30,7.336027352296733e-4,1505
Other,TRUE,TRUE,31,6.920434312156648e-4,1428
Other,TRUE,TRUE,32,6.678410454879013e-4,1397
Other,TRUE,TRUE,33,6.140847810184956e-4,1291
Other,TRUE,TRUE,34,5.903267569153635e-4,1205
Other,TRUE,TRUE,35,6.157856134438085e-4,1263
Other,TRUE,TRUE,36,6.114607490109745e-4,1279
Other,TRUE,TRUE,37,6.127402040336198e-4,1300
Other,TRUE,TRUE,38,5.748851904594257e-4,1157
Other,TRUE,TRUE,39,6.457608695881183e-4,1260
Other,TRUE,TRUE,40,6.842249650443503e-4,1358
Other,TRUE,TRUE,41,6.263468634361232e-4,1320
Other,TRUE,TRUE,42,6.358201935888233e-4,1294
Other,TRUE,TRUE,43,5.937552366916135e-4,1221
Other,TRUE,TRUE,44,6.121579370772064e-4,1260
Other,TRUE,TRUE,45,6.36042374401139e-4,1328
Other,TRUE,TRUE,46,5.85519223821292e-4,1211
Other,TRUE,TRUE,47,5.574516580999683e-4,1198
Other,TRUE,TRUE,48,5.542606819506763e-4,1186
Other,TRUE,TRUE,49,5.446685999844972e-4,1177
Other,TRUE,TRUE,50,5.577159766525507e-4,1210
Other,TRUE,TRUE,51,5.356587849747314e-4,1173
Other,TRUE,TRUE,52,5.169113212596832e-4,1140
Other,TRUE,TRUE,53,4.4248074913394014e-4,1027
Other,TRUE,TRUE,54,4.730344415310028e-4,1077
Other,TRUE,TRUE,55,4.539460451901599e-4,1039
Other,TRUE,TRUE,56,4.2662546668265604e-4,1001
Other,TRUE,TRUE,57,4.4315495297820836e-4,1045
Other,TRUE,TRUE,58,3.960449593599691e-4,914
Other,TRUE,TRUE,59,3.877399938237565e-4,925
Other,TRUE,TRUE,60,3.915745281880318e-4,937
Other,TRUE,TRUE,61,3.767190593921681e-4,872
Other,TRUE,TRUE,62,3.4819947063889184e-4,865
Other,TRUE,TRUE,63,3.202008575834592e-4,788
Other,TRUE,TRUE,64,3.135660788432746e-4,755
Other,TRUE,TRUE,65,3.099882016242605e-4,754
Other,TRUE,TRUE,66,2.839624009540444e-4,723
Other,TRUE,TRUE,67,2.96224483371672e-4,700
Other,TRUE,TRUE,68,2.5229397379174294e-4,609
Other,TRUE,TRUE,69,2.295204405293887e-4,598
Other,TRUE,TRUE,70,2.116655307672637e-4,578
Other,TRUE,TRUE,71,2.003802777830929e-4,514
Other,TRUE,TRUE,72,2.0595395160928723e-4,496
Other,TRUE,TRUE,73,1.7627365964684475e-4,428
Other,TRUE,TRUE,74,1.750631572900905e-4,471
Other,TRUE,TRUE,75,1.4355561968153484e-4,361
Other,TRUE,TRUE,76,1.5259991102424607e-4,380
Other,TRUE,TRUE,77,1.2671201568581212e-4,310
Other,TRUE,TRUE,78,1.1012123813168998e-4,283
Other,TRUE,TRUE,79,1.1760643308453105e-4,281
Other,TRUE,TRUE,80,8.578860847946558e-5,224
Other,TRUE,TRUE,81,7.761005616405325e-5,225
Other,TRUE,TRUE,82,7.077608083351668e-5,202
Other,TRUE,TRUE,83,6.908674051918561e-5,182
Other,TRUE,TRUE,84,7.480598108448332e-5,196
Other,TRUE,TRUE,85,5.971683936532212e-5,146
Other,TRUE,TRUE,86,6.282354003408062e-5,144
Other,TRUE,TRUE,87,3.9517538962900955e-5,114
Other,TRUE,TRUE,88,3.8782043860062936e-5,108
Other,TRUE,TRUE,89,3.466786812856278e-5,90
Other,TRUE,TRUE,90,2.6313103444762183e-5,65
Other,TRUE,TRUE,91,8.634406051025471e-6,19
Other,TRUE,TRUE,92,2.5527809194336173e-5,81
Other,TRUE,TRUE,93,9.067275564674928e-6,31
Other,TRUE,TRUE,94,4.085445454045548e-5,134
Other,TRUE,TRUE,95,3.228900115532107e-5,81
Other,TRUE,TRUE,96,2.9113347820671506e-7,1
Two or More Races,FALSE,FALSE,18,4.7722523133571524e-4,1364
Two or More Races,FALSE,FALSE,19,4.7356690933982823e-4,1274
Two or More Races,FALSE,FALSE,20,4.6009432456544644e-4,1117
Two or More Races,FALSE,FALSE,21,4.3650102071972064e-4,1082
Two or More Races,FALSE,FALSE,22,4.06882020015848e-4,1031
Two or More Races,FALSE,FALSE,23,4.132831258327351e-4,982
Two or More Races,FALSE,FALSE,24,4.0801973900305056e-4,909
Two or More Races,FALSE,FALSE,25,3.8605831491674665e-4,890
Two or More Races,FALSE,FALSE,26,3.7493778218998226e-4,877
Two or More Races,FALSE,FALSE,27,4.2765592596736136e-4,993
Two or More Races,FALSE,FALSE,28,4.2699704493773564e-4,988
Two or More Races,FALSE,FALSE,29,3.8444175797196727e-4,952
Two or More Races,FALSE,FALSE,30,4.312338031863755e-4,990
Two or More Races,FALSE,FALSE,31,3.8553733921890305e-4,963
Two or More Races,FALSE,FALSE,32,4.3916335976384785e-4,1035
Two or More Races,FALSE,FALSE,33,3.821586585902409e-4,946
Two or More Races,FALSE,FALSE,34,3.5605624384681253e-4,919
Two or More Races,FALSE,FALSE,35,3.412352513838944e-4,892
Two or More Races,FALSE,FALSE,36,3.539263726115108e-4,926
Two or More Races,FALSE,FALSE,37,3.172435543574647e-4,911
Two or More Races,FALSE,FALSE,38,3.576191709403433e-4,903
Two or More Races,FALSE,FALSE,39,3.5005736191428996e-4,895
Two or More Races,FALSE,FALSE,40,3.383890385640577e-4,901
Two or More Races,FALSE,FALSE,41,3.1358140165791706e-4,861
Two or More Races,FALSE,FALSE,42,3.3289197881107563e-4,860
Two or More Races,FALSE,FALSE,43,3.0963960759114456e-4,798
Two or More Races,FALSE,FALSE,44,2.8773947476341046e-4,785
Two or More Races,FALSE,FALSE,45,2.615029853918606e-4,714
Two or More Races,FALSE,FALSE,46,2.8196660434686414e-4,768
Two or More Races,FALSE,FALSE,47,2.4598097415904995e-4,713
Two or More Races,FALSE,FALSE,48,2.55136355907919e-4,699
Two or More Races,FALSE,FALSE,49,2.3948793145430806e-4,674
Two or More Races,FALSE,FALSE,50,2.634911205917196e-4,759
Two or More Races,FALSE,FALSE,51,2.4535656946236974e-4,760
Two or More Races,FALSE,FALSE,52,2.5781401776668866e-4,768
Two or More Races,FALSE,FALSE,53,2.3972926578492678e-4,709
Two or More Races,FALSE,FALSE,54,2.241995931447949e-4,647
Two or More Races,FALSE,FALSE,55,2.0594245949830537e-4,669
Two or More Races,FALSE,FALSE,56,2.0228030679875775e-4,663
Two or More Races,FALSE,FALSE,57,2.1618959179044964e-4,741
Two or More Races,FALSE,FALSE,58,2.4170207817014334e-4,791
Two or More Races,FALSE,FALSE,59,2.4237245131075093e-4,779
Two or More Races,FALSE,FALSE,60,2.206983299989931e-4,764
Two or More Races,FALSE,FALSE,61,2.402808871120553e-4,765
Two or More Races,FALSE,FALSE,62,2.237245858908787e-4,808
Two or More Races,FALSE,FALSE,63,2.1488715254584066e-4,762
Two or More Races,FALSE,FALSE,64,2.0523377932109166e-4,716
Two or More Races,FALSE,FALSE,65,1.8700346060022646e-4,652
Two or More Races,FALSE,FALSE,66,1.6222263861971013e-4,611
Two or More Races,FALSE,FALSE,67,1.7674866690076097e-4,651
Two or More Races,FALSE,FALSE,68,1.5091440141357562e-4,562
Two or More Races,FALSE,FALSE,69,1.4136828789132385e-4,540
Two or More Races,FALSE,FALSE,70,1.342776554155261e-4,528
Two or More Races,FALSE,FALSE,71,1.3412825797276212e-4,455
Two or More Races,FALSE,FALSE,72,1.0920569995680307e-4,430
Two or More Races,FALSE,FALSE,73,1.0683449439088259e-4,411
Two or More Races,FALSE,FALSE,74,1.1558765225538711e-4,403
Two or More Races,FALSE,FALSE,75,9.209394670483733e-5,360
Two or More Races,FALSE,FALSE,76,8.13564843441344e-5,294
Two or More Races,FALSE,FALSE,77,6.104609353555541e-5,243
Two or More Races,FALSE,FALSE,78,6.091584961109451e-5,251
Two or More Races,FALSE,FALSE,79,5.027032413824634e-5,216
Two or More Races,FALSE,FALSE,80,5.1534456346249185e-5,189
Two or More Races,FALSE,FALSE,81,4.2333106153452744e-5,157
Two or More Races,FALSE,FALSE,82,3.232730819192722e-5,122
Two or More Races,FALSE,FALSE,83,3.416987665268287e-5,134
Two or More Races,FALSE,FALSE,84,3.0963577688748395e-5,120
Two or More Races,FALSE,FALSE,85,2.204186886317682e-5,94
Two or More Races,FALSE,FALSE,86,2.1379157129890486e-5,88
Two or More Races,FALSE,FALSE,87,2.1716259052024576e-5,78
Two or More Races,FALSE,FALSE,88,1.20360709016513e-5,49
Two or More Races,FALSE,FALSE,89,1.3916946399013103e-5,49
Two or More Races,FALSE,FALSE,90,9.772125038228028e-6,33
Two or More Races,FALSE,FALSE,91,5.106327979599358e-6,14
Two or More Races,FALSE,FALSE,92,4.37849428408257e-6,21
Two or More Races,FALSE,FALSE,93,7.289829066149721e-6,23
Two or More Races,FALSE,FALSE,94,1.2867333596004684e-5,44
Two or More Races,FALSE,FALSE,95,8.58460690343748e-6,28
Two or More Races,FALSE,FALSE,96,8.121091760503104e-7,3
Two or More Races,FALSE,TRUE,18,9.210888644911372e-4,2098
Two or More Races,FALSE,TRUE,19,8.62973259255952e-4,1972
Two or More Races,FALSE,TRUE,20,8.691751684824872e-4,1874
Two or More Races,FALSE,TRUE,21,8.871028616141639e-4,1834
Two or More Races,FALSE,TRUE,22,8.344881468356213e-4,1712
Two or More Races,FALSE,TRUE,23,8.468000284008369e-4,1679
Two or More Races,FALSE,TRUE,24,7.941355144747064e-4,1623
Two or More Races,FALSE,TRUE,25,7.911590577304088e-4,1611
Two or More Races,FALSE,TRUE,26,7.426087195357785e-4,1591
Two or More Races,FALSE,TRUE,27,7.249759905859691e-4,1563
Two or More Races,FALSE,TRUE,28,7.589466706483001e-4,1611
Two or More Races,FALSE,TRUE,29,7.149395469951587e-4,1534
Two or More Races,FALSE,TRUE,30,8.200004255911766e-4,1612
Two or More Races,FALSE,TRUE,31,7.53330859081839e-4,1551
Two or More Races,FALSE,TRUE,32,8.089296920120003e-4,1599
Two or More Races,FALSE,TRUE,33,7.430492504567492e-4,1504
Two or More Races,FALSE,TRUE,34,7.459797387571194e-4,1599
Two or More Races,FALSE,TRUE,35,8.174453462495467e-4,1540
Two or More Races,FALSE,TRUE,36,7.45715420204537e-4,1469
Two or More Races,FALSE,TRUE,37,7.327906260536231e-4,1431
Two or More Races,FALSE,TRUE,38,7.752501454278761e-4,1493
Two or More Races,FALSE,TRUE,39,7.035623571231332e-4,1371
Two or More Races,FALSE,TRUE,40,8.420729400836385e-4,1620
Two or More Races,FALSE,TRUE,41,7.80540347183185e-4,1496
Two or More Races,FALSE,TRUE,42,7.631949210079218e-4,1482
Two or More Races,FALSE,TRUE,43,7.169123593803753e-4,1355
Two or More Races,FALSE,TRUE,44,6.800150217213348e-4,1362
Two or More Races,FALSE,TRUE,45,7.568704292642469e-4,1524
Two or More Races,FALSE,TRUE,46,6.758204012129617e-4,1362
Two or More Races,FALSE,TRUE,47,6.791799283233207e-4,1346
Two or More Races,FALSE,TRUE,48,6.664619921700801e-4,1377
Two or More Races,FALSE,TRUE,49,6.442898793824423e-4,1303
Two or More Races,FALSE,TRUE,50,6.891052815079734e-4,1458
Two or More Races,FALSE,TRUE,51,6.547936688198477e-4,1391
Two or More Races,FALSE,TRUE,52,6.256496753698913e-4,1304
Two or More Races,FALSE,TRUE,53,6.3237256029427e-4,1361
Two or More Races,FALSE,TRUE,54,5.696103115187593e-4,1228
Two or More Races,FALSE,TRUE,55,5.715371554600485e-4,1197
Two or More Races,FALSE,TRUE,56,5.280088697644839e-4,1260
Two or More Races,FALSE,TRUE,57,5.533374823684682e-4,1217
Two or More Races,FALSE,TRUE,58,5.307593149928053e-4,1186
Two or More Races,FALSE,TRUE,59,4.975586063662579e-4,1133
Two or More Races,FALSE,TRUE,60,4.967771428194926e-4,1137
Two or More Races,FALSE,TRUE,61,4.7887243390977956e-4,1145
Two or More Races,FALSE,TRUE,62,4.518429888804824e-4,1098
Two or More Races,FALSE,TRUE,63,3.855220164042606e-4,982
Two or More Races,FALSE,TRUE,64,3.946314297092023e-4,932
Two or More Races,FALSE,TRUE,65,3.792856308447799e-4,981
Two or More Races,FALSE,TRUE,66,3.293370858140252e-4,854
Two or More Races,FALSE,TRUE,67,3.214688204951227e-4,843
Two or More Races,FALSE,TRUE,68,3.172895228013921e-4,833
Two or More Races,FALSE,TRUE,69,2.622078348654137e-4,716
Two or More Races,FALSE,TRUE,70,2.5616681519262434e-4,659
Two or More Races,FALSE,TRUE,71,2.3655744315393784e-4,618
Two or More Races,FALSE,TRUE,72,2.3824678346826892e-4,609
Two or More Races,FALSE,TRUE,73,2.1729283444470664e-4,588
Two or More Races,FALSE,TRUE,74,2.1248913205429586e-4,569
Two or More Races,FALSE,TRUE,75,1.8823311647528376e-4,543
Two or More Races,FALSE,TRUE,76,1.3947975098664082e-4,391
Two or More Races,FALSE,TRUE,77,1.4622945083664387e-4,409
Two or More Races,FALSE,TRUE,78,1.259228907317255e-4,352
Two or More Races,FALSE,TRUE,79,1.1074947353203079e-4,321
Two or More Races,FALSE,TRUE,80,1.2199641947959546e-4,332
Two or More Races,FALSE,TRUE,81,8.822493600761651e-5,260
Two or More Races,FALSE,TRUE,82,8.520251081939153e-5,238
Two or More Races,FALSE,TRUE,83,7.850644082063708e-5,213
Two or More Races,FALSE,TRUE,84,7.084120279574714e-5,199
Two or More Races,FALSE,TRUE,85,5.0216694286997734e-5,152
Two or More Races,FALSE,TRUE,86,5.341150113995037e-5,154
Two or More Races,FALSE,TRUE,87,4.108046605643174e-5,122
Two or More Races,FALSE,TRUE,88,3.171056490256826e-5,94
Two or More Races,FALSE,TRUE,89,2.8937135452283234e-5,96
Two or More Races,FALSE,TRUE,90,1.78587404657856e-5,60
Two or More Races,FALSE,TRUE,91,1.3112498630284023e-5,33
Two or More Races,FALSE,TRUE,92,3.534590267649158e-5,103
Two or More Races,FALSE,TRUE,93,7.00252629160362e-6,22
Two or More Races,FALSE,TRUE,94,3.223537130407246e-5,80
Two or More Races,FALSE,TRUE,95,3.109382161320929e-5,84
Two or More Races,FALSE,TRUE,96,1.5705885008520155e-6,4
Two or More Races,FALSE,TRUE,97,1.379053317821282e-7,1
Two or More Races,TRUE,FALSE,18,4.573936784847131e-4,1353
Two or More Races,TRUE,FALSE,19,4.3635928468427793e-4,1309
Two or More Races,TRUE,FALSE,20,4.572174661163248e-4,1140
Two or More Races,TRUE,FALSE,21,4.059932967665854e-4,996
Two or More Races,TRUE,FALSE,22,4.008410003430587e-4,935
Two or More Races,TRUE,FALSE,23,4.0141177518849023e-4,899
Two or More Races,TRUE,FALSE,24,4.136700269024572e-4,907
Two or More Races,TRUE,FALSE,25,3.857173822909519e-4,875
Two or More Races,TRUE,FALSE,26,3.901993055738711e-4,908
Two or More Races,TRUE,FALSE,27,3.819211549632828e-4,897
Two or More Races,TRUE,FALSE,28,4.4009805145703784e-4,1020
Two or More Races,TRUE,FALSE,29,4.0379830356905317e-4,928
Two or More Races,TRUE,FALSE,30,3.97895189228046e-4,943
Two or More Races,TRUE,FALSE,31,4.0452996796823057e-4,1017
Two or More Races,TRUE,FALSE,32,3.8812306418981794e-4,965
Two or More Races,TRUE,FALSE,33,3.645106068257891e-4,918
Two or More Races,TRUE,FALSE,34,3.6338821065322904e-4,891
Two or More Races,TRUE,FALSE,35,3.5833551252487827e-4,915
Two or More Races,TRUE,FALSE,36,3.6601607336441067e-4,928
Two or More Races,TRUE,FALSE,37,3.5927020421806826e-4,953
Two or More Races,TRUE,FALSE,38,3.3371174939444715e-4,890
Two or More Races,TRUE,FALSE,39,3.515168600089841e-4,948
Two or More Races,TRUE,FALSE,40,3.4276753284814024e-4,897
Two or More Races,TRUE,FALSE,41,3.2313900729115066e-4,918
Two or More Races,TRUE,FALSE,42,3.3730878013176434e-4,895
Two or More Races,TRUE,FALSE,43,3.169102831389912e-4,897
Two or More Races,TRUE,FALSE,44,2.83548684958698e-4,820
Two or More Races,TRUE,FALSE,45,2.747189130209812e-4,800
Two or More Races,TRUE,FALSE,46,2.888810244542736e-4,817
Two or More Races,TRUE,FALSE,47,2.732211078896809e-4,778
Two or More Races,TRUE,FALSE,48,2.6718008821689153e-4,759
Two or More Races,TRUE,FALSE,49,2.4564004153325523e-4,746
Two or More Races,TRUE,FALSE,50,2.832652128878125e-4,847
Two or More Races,TRUE,FALSE,51,2.822347536031072e-4,863
Two or More Races,TRUE,FALSE,52,2.7292997441147413e-4,799
Two or More Races,TRUE,FALSE,53,2.4728724410731954e-4,784
Two or More Races,TRUE,FALSE,54,2.3681793100285964e-4,712
Two or More Races,TRUE,FALSE,55,2.2225742638886327e-4,763
Two or More Races,TRUE,FALSE,56,2.4159481846764615e-4,806
Two or More Races,TRUE,FALSE,57,2.4188212124219224e-4,865
Two or More Races,TRUE,FALSE,58,2.5632387404270955e-4,841
Two or More Races,TRUE,FALSE,59,2.669349231826122e-4,872
Two or More Races,TRUE,FALSE,60,2.774042362870721e-4,889
Two or More Races,TRUE,FALSE,61,2.386107003160273e-4,806
Two or More Races,TRUE,FALSE,62,2.5217905268192447e-4,858
Two or More Races,TRUE,FALSE,63,2.4149522017247014e-4,840
Two or More Races,TRUE,FALSE,64,2.320601970563762e-4,820
Two or More Races,TRUE,FALSE,65,2.1546175809493285e-4,779
Two or More Races,TRUE,FALSE,66,2.1321696574981265e-4,763
Two or More Races,TRUE,FALSE,67,1.8323787890184222e-4,686
Two or More Races,TRUE,FALSE,68,1.7484863788509608e-4,685
Two or More Races,TRUE,FALSE,69,1.7580631380024976e-4,656
Two or More Races,TRUE,FALSE,70,1.6630616872192536e-4,611
Two or More Races,TRUE,FALSE,71,1.717189529943739e-4,581
Two or More Races,TRUE,FALSE,72,1.407515446019649e-4,526
Two or More Races,TRUE,FALSE,73,1.2470472696765004e-4,495
Two or More Races,TRUE,FALSE,74,1.2639789798564173e-4,466
Two or More Races,TRUE,FALSE,75,1.3110583278453714e-4,491
Two or More Races,TRUE,FALSE,76,8.5635380333041e-5,329
Two or More Races,TRUE,FALSE,77,9.20862852975161e-5,306
Two or More Races,TRUE,FALSE,78,8.864631341028413e-5,324
Two or More Races,TRUE,FALSE,79,8.100022890369724e-5,289
Two or More Races,TRUE,FALSE,80,6.760425820252773e-5,278
Two or More Races,TRUE,FALSE,81,6.12759357551923e-5,234
Two or More Races,TRUE,FALSE,82,5.8433553639016205e-5,213
Two or More Races,TRUE,FALSE,83,5.1894542490346964e-5,179
Two or More Races,TRUE,FALSE,84,4.6703939030214084e-5,152
Two or More Races,TRUE,FALSE,85,4.576541663336349e-5,143
Two or More Races,TRUE,FALSE,86,3.128152609257941e-5,119
Two or More Races,TRUE,FALSE,87,2.6726819440108567e-5,103
Two or More Races,TRUE,FALSE,88,2.5198368679523313e-5,99
Two or More Races,TRUE,FALSE,89,1.821116520256215e-5,63
Two or More Races,TRUE,FALSE,90,9.293287080651195e-6,37
Two or More Races,TRUE,FALSE,91,3.378680628662141e-6,16
Two or More Races,TRUE,FALSE,92,1.2748581782525628e-5,60
Two or More Races,TRUE,FALSE,93,1.4920590758094147e-5,66
Two or More Races,TRUE,FALSE,94,2.6355241185028943e-5,89
Two or More Races,TRUE,FALSE,95,1.384033232580081e-5,42
Two or More Races,TRUE,FALSE,96,5.248064015042101e-7,1
Two or More Races,TRUE,FALSE,97,8.427548053352279e-8,1
Two or More Races,TRUE,TRUE,18,8.488149785263202e-4,1882
Two or More Races,TRUE,TRUE,19,7.798431591169531e-4,1879
Two or More Races,TRUE,TRUE,20,7.997283418192039e-4,1667
Two or More Races,TRUE,TRUE,21,8.211074989490943e-4,1637
Two or More Races,TRUE,TRUE,22,8.371121788431424e-4,1568
Two or More Races,TRUE,TRUE,23,7.432254628251374e-4,1418
Two or More Races,TRUE,TRUE,24,7.4436318181234e-4,1391
Two or More Races,TRUE,TRUE,25,7.172264770805457e-4,1397
Two or More Races,TRUE,TRUE,26,6.701279755732882e-4,1393
Two or More Races,TRUE,TRUE,27,6.799843760920498e-4,1397
Two or More Races,TRUE,TRUE,28,6.907026849344497e-4,1432
Two or More Races,TRUE,TRUE,29,7.515151055467076e-4,1476
Two or More Races,TRUE,TRUE,30,7.563800991956882e-4,1520
Two or More Races,TRUE,TRUE,31,6.914381800372877e-4,1450
Two or More Races,TRUE,TRUE,32,7.266806537149427e-4,1555
Two or More Races,TRUE,TRUE,33,7.114842522932842e-4,1495
Two or More Races,TRUE,TRUE,34,6.639184049394319e-4,1399
Two or More Races,TRUE,TRUE,35,7.075347968191905e-4,1449
Two or More Races,TRUE,TRUE,36,7.107372650794644e-4,1454
Two or More Races,TRUE,TRUE,37,6.81424720668441e-4,1435
Two or More Races,TRUE,TRUE,38,7.08235815589083e-4,1440
Two or More Races,TRUE,TRUE,39,6.907754683040014e-4,1459
Two or More Races,TRUE,TRUE,40,7.487799831330287e-4,1538
Two or More Races,TRUE,TRUE,41,6.835469304964215e-4,1478
Two or More Races,TRUE,TRUE,42,6.972378653794583e-4,1478
Two or More Races,TRUE,TRUE,43,6.767627543134729e-4,1380
Two or More Races,TRUE,TRUE,44,6.448644849315345e-4,1422
Two or More Races,TRUE,TRUE,45,6.868183514225864e-4,1491
Two or More Races,TRUE,TRUE,46,6.585247741852865e-4,1457
Two or More Races,TRUE,TRUE,47,6.625738279545561e-4,1451
Two or More Races,TRUE,TRUE,48,6.572299963479986e-4,1444
Two or More Races,TRUE,TRUE,49,6.361228191780118e-4,1421
Two or More Races,TRUE,TRUE,50,6.344219867526989e-4,1425
Two or More Races,TRUE,TRUE,51,6.283656442652671e-4,1432
Two or More Races,TRUE,TRUE,52,5.989726550773707e-4,1417
Two or More Races,TRUE,TRUE,53,5.500239237020365e-4,1294
Two or More Races,TRUE,TRUE,54,5.944754089798091e-4,1375
Two or More Races,TRUE,TRUE,55,5.720504697505709e-4,1392
Two or More Races,TRUE,TRUE,56,5.533106674428438e-4,1310
Two or More Races,TRUE,TRUE,57,5.951879198606835e-4,1392
Two or More Races,TRUE,TRUE,58,5.490317714539373e-4,1353
Two or More Races,TRUE,TRUE,59,4.854727363170186e-4,1254
Two or More Races,TRUE,TRUE,60,5.01136483585272e-4,1232
Two or More Races,TRUE,TRUE,61,4.947047321391e-4,1265
Two or More Races,TRUE,TRUE,62,4.8017870385804915e-4,1242
Two or More Races,TRUE,TRUE,63,4.474836481147029e-4,1181
Two or More Races,TRUE,TRUE,64,4.1872655573446855e-4,1075
Two or More Races,TRUE,TRUE,65,4.2581335750660574e-4,1084
Two or More Races,TRUE,TRUE,66,3.6746407934812303e-4,1029
Two or More Races,TRUE,TRUE,67,3.5566551207342985e-4,944
Two or More Races,TRUE,TRUE,68,3.5284611417921743e-4,930
Two or More Races,TRUE,TRUE,69,3.243954780918323e-4,851
Two or More Races,TRUE,TRUE,70,3.02089290676073e-4,833
Two or More Races,TRUE,TRUE,71,2.8545637538168414e-4,775
Two or More Races,TRUE,TRUE,72,2.515508172815837e-4,692
Two or More Races,TRUE,TRUE,73,2.552168006847919e-4,690
Two or More Races,TRUE,TRUE,74,2.8097445209876497e-4,704
Two or More Races,TRUE,TRUE,75,2.492868714181604e-4,676
Two or More Races,TRUE,TRUE,76,1.9163095062224898e-4,538
Two or More Races,TRUE,TRUE,77,1.7402503659806392e-4,475
Two or More Races,TRUE,TRUE,78,1.793650375009608e-4,474
Two or More Races,TRUE,TRUE,79,1.613568995924112e-4,435
Two or More Races,TRUE,TRUE,80,1.4772725596794422e-4,414
Two or More Races,TRUE,TRUE,81,1.440651032683966e-4,364
Two or More Races,TRUE,TRUE,82,1.1844152648254505e-4,312
Two or More Races,TRUE,TRUE,83,1.2760073893507473e-4,343
Two or More Races,TRUE,TRUE,84,9.965575573089069e-5,267
Two or More Races,TRUE,TRUE,85,9.696277105747858e-5,280
Two or More Races,TRUE,TRUE,86,7.992380117506452e-5,238
Two or More Races,TRUE,TRUE,87,8.277384469856183e-5,223
Two or More Races,TRUE,TRUE,88,6.488445860349132e-5,180
Two or More Races,TRUE,TRUE,89,4.583053859559394e-5,143
Two or More Races,TRUE,TRUE,90,3.6472129552712294e-5,124
Two or More Races,TRUE,TRUE,91,1.3449600552418113e-5,45
Two or More Races,TRUE,TRUE,92,6.584213451864499e-5,203
Two or More Races,TRUE,TRUE,93,1.755611487659704e-5,66
Two or More Races,TRUE,TRUE,94,6.440562064591448e-5,195
Two or More Races,TRUE,TRUE,95,6.826696993581407e-5,236
Two or More Races,TRUE,TRUE,96,1.0227978773841174e-6,2
White,FALSE,FALSE,18,0.004445654180660467,13161
White,FALSE,FALSE,19,0.004212027225806899,13078
White,FALSE,FALSE,20,0.004511074937776444,11694
White,FALSE,FALSE,21,0.004557112334369711,11080
White,FALSE,FALSE,22,0.004587505137213028,10464
White,FALSE,FALSE,23,0.004596082082709144,10315
White,FALSE,FALSE,24,0.004635637928708651,10241
White,FALSE,FALSE,25,0.004358888742747544,10337
White,FALSE,FALSE,26,0.0044710479152266815,10698
White,FALSE,FALSE,27,0.004553645547556855,11015
White,FALSE,FALSE,28,0.004550408602963635,11082
White,FALSE,FALSE,29,0.004753945380563075,11716
White,FALSE,FALSE,30,0.004762135424989469,12223
White,FALSE,FALSE,31,0.0047576190253736045,12422
White,FALSE,FALSE,32,0.004934474951976862,12792
White,FALSE,FALSE,33,0.004863901898437359,12583
White,FALSE,FALSE,34,0.004677775668975413,12354
White,FALSE,FALSE,35,0.004773891854523895,12366
White,FALSE,FALSE,36,0.004744713384740994,12516
White,FALSE,FALSE,37,0.004817102191815629,12661
White,FALSE,FALSE,38,0.004709003565216743,12575
White,FALSE,FALSE,39,0.004773865039598271,12448
White,FALSE,FALSE,40,0.0048905865801372,12902
White,FALSE,FALSE,41,0.004756488967793723,12529
White,FALSE,FALSE,42,0.004690566388498205,12435
White,FALSE,FALSE,43,0.004494085767041618,11926
White,FALSE,FALSE,44,0.004383995174539213,11748
White,FALSE,FALSE,45,0.004320562552623095,11590
White,FALSE,FALSE,46,0.004168767089367578,11165
White,FALSE,FALSE,47,0.004228131503996123,11459
White,FALSE,FALSE,48,0.004187077852865316,11538
White,FALSE,FALSE,49,0.004262914293234504,11688
White,FALSE,FALSE,50,0.0047357342153605125,12821
White,FALSE,FALSE,51,0.004998083786261369,13915
White,FALSE,FALSE,52,0.004998156569630921,13886
White,FALSE,FALSE,53,0.004820929064772583,13506
White,FALSE,FALSE,54,0.004727754859635452,13418
White,FALSE,FALSE,55,0.004678472857041645,13912
White,FALSE,FALSE,56,0.00470387042231152,14132
White,FALSE,FALSE,57,0.005050242647304299,15304
White,FALSE,FALSE,58,0.0052684548506275524,16132
White,FALSE,FALSE,59,0.005392060165644606,16416
White,FALSE,FALSE,60,0.005594267689073812,17034
White,FALSE,FALSE,61,0.005624564724325614,17349
White,FALSE,FALSE,62,0.005561963365103849,17535
White,FALSE,FALSE,63,0.005524874492261777,17555
White,FALSE,FALSE,64,0.005578711201508056,17848
White,FALSE,FALSE,65,0.005171848335010511,17840
White,FALSE,FALSE,66,0.0049671738384238695,17411
White,FALSE,FALSE,67,0.004875160336495905,17003
White,FALSE,FALSE,68,0.004694117450791594,16754
White,FALSE,FALSE,69,0.004622655674002828,16400
White,FALSE,FALSE,70,0.004456713422128661,15897
White,FALSE,FALSE,71,0.004215045820291463,15069
White,FALSE,FALSE,72,0.004017335542959819,14475
White,FALSE,FALSE,73,0.003914239815341696,14220
White,FALSE,FALSE,74,0.0039011656237480184,14202
White,FALSE,FALSE,75,0.003990095409229188,14522
White,FALSE,FALSE,76,0.0029139741368893143,10738
White,FALSE,FALSE,77,0.002609391058130181,9733
White,FALSE,FALSE,78,0.0025622312653643536,9540
White,FALSE,FALSE,79,0.002566027492692023,9466
White,FALSE,FALSE,80,0.0021159772731247084,7784
White,FALSE,FALSE,81,0.0018871961584018182,6837
White,FALSE,FALSE,82,0.0016531363340346011,6220
White,FALSE,FALSE,83,0.0015186786355470261,5547
White,FALSE,FALSE,84,0.0013080971939157164,4814
White,FALSE,FALSE,85,0.0011371597044681078,4197
White,FALSE,FALSE,86,9.938569112281736e-4,3716
White,FALSE,FALSE,87,8.957449290725106e-4,3269
White,FALSE,FALSE,88,7.085920710295202e-4,2633
White,FALSE,FALSE,89,5.858601564470867e-4,2096
White,FALSE,FALSE,90,4.0874757269856733e-4,1528
White,FALSE,FALSE,91,1.745383508885863e-4,650
White,FALSE,FALSE,92,3.0976219010828425e-4,1249
White,FALSE,FALSE,93,3.131523628479282e-4,1219
White,FALSE,FALSE,94,6.395742831762256e-4,2318
White,FALSE,FALSE,95,4.6650309178965476e-4,1701
White,FALSE,FALSE,96,1.5334306753440533e-5,61
White,FALSE,FALSE,97,7.776328431047784e-7,5
White,FALSE,TRUE,18,4.0236945110364394e-4,1011
White,FALSE,TRUE,19,3.663646673975266e-4,1019
White,FALSE,TRUE,20,3.9723247749475963e-4,943
White,FALSE,TRUE,21,3.865831213182509e-4,882
White,FALSE,TRUE,22,3.5127552567836543e-4,812
White,FALSE,TRUE,23,3.5307978710251496e-4,807
White,FALSE,TRUE,24,3.9110335163777615e-4,843
White,FALSE,TRUE,25,3.6642978935975707e-4,850
White,FALSE,TRUE,26,3.4978538195438633e-4,809
White,FALSE,TRUE,27,3.4549116315083726e-4,772
White,FALSE,TRUE,28,3.5366205405892837e-4,821
White,FALSE,TRUE,29,3.078276847596738e-4,722
White,FALSE,TRUE,30,3.656023573690643e-4,791
White,FALSE,TRUE,31,3.307697689830951e-4,725
White,FALSE,TRUE,32,3.4752909749828425e-4,741
White,FALSE,TRUE,33,3.0094007957788863e-4,673
White,FALSE,TRUE,34,2.7593324608139605e-4,640
White,FALSE,TRUE,35,3.1789094327610857e-4,656
White,FALSE,TRUE,36,3.113481014237787e-4,639
White,FALSE,TRUE,37,2.9015664877325833e-4,608
White,FALSE,TRUE,38,2.609666868793745e-4,552
White,FALSE,TRUE,39,2.7726250025162936e-4,588
White,FALSE,TRUE,40,2.8317327599995776e-4,599
White,FALSE,TRUE,41,2.6609216837727696e-4,550
White,FALSE,TRUE,42,2.797754418529926e-4,586
White,FALSE,TRUE,43,2.6548308649523925e-4,559
White,FALSE,TRUE,44,2.3231302349797678e-4,508
White,FALSE,TRUE,45,2.1643475682472897e-4,489
White,FALSE,TRUE,46,2.2211185964975992e-4,499
White,FALSE,TRUE,47,2.3511709857754673e-4,536
White,FALSE,TRUE,48,2.1384520115015344e-4,438
White,FALSE,TRUE,49,1.9496749351064434e-4,436
White,FALSE,TRUE,50,2.216368523958437e-4,486
White,FALSE,TRUE,51,2.2786174584434252e-4,508
White,FALSE,TRUE,52,1.7947995861077924e-4,402
White,FALSE,TRUE,53,1.8020013089897478e-4,404
White,FALSE,TRUE,54,1.7573353043069808e-4,380
White,FALSE,TRUE,55,1.5700522023395295e-4,393
White,FALSE,TRUE,56,1.519831677348871e-4,362
White,FALSE,TRUE,57,1.627627678358568e-4,385
White,FALSE,TRUE,58,1.50025678164313e-4,367
White,FALSE,TRUE,59,1.3569884647361414e-4,343
White,FALSE,TRUE,60,1.5687497630949206e-4,359
White,FALSE,TRUE,61,1.44379220968567e-4,367
White,FALSE,TRUE,62,1.3102538800766425e-4,338
White,FALSE,TRUE,63,1.095006641386704e-4,307
White,FALSE,TRUE,64,1.0938191232519135e-4,296
White,FALSE,TRUE,65,1.0784196945362424e-4,317
White,FALSE,TRUE,66,1.114581537092445e-4,329
White,FALSE,TRUE,67,9.708152287095763e-5,275
White,FALSE,TRUE,68,8.686120550443769e-5,270
White,FALSE,TRUE,69,7.206702796714382e-5,221
White,FALSE,TRUE,70,9.708535357461824e-5,248
White,FALSE,TRUE,71,8.57924391831262e-5,232
White,FALSE,TRUE,72,7.642636873292332e-5,224
White,FALSE,TRUE,73,6.989118828791469e-5,202
White,FALSE,TRUE,74,6.645504710434333e-5,200
White,FALSE,TRUE,75,6.206506070927892e-5,198
White,FALSE,TRUE,76,4.1007682686880065e-5,137
White,FALSE,TRUE,77,5.1224169349739394e-5,153
White,FALSE,TRUE,78,4.882614885819461e-5,150
White,FALSE,TRUE,79,4.7140639247524156e-5,141
White,FALSE,TRUE,80,3.13045103145431e-5,101
White,FALSE,TRUE,81,3.637253125753631e-5,108
White,FALSE,TRUE,82,2.3528181883495314e-5,79
White,FALSE,TRUE,83,2.8324222866584886e-5,95
White,FALSE,TRUE,84,2.2501553302450583e-5,74
White,FALSE,TRUE,85,2.2198927713262026e-5,69
White,FALSE,TRUE,86,2.1126330688289917e-5,64
White,FALSE,TRUE,87,1.739139461919061e-5,53
White,FALSE,TRUE,88,1.0151364700628881e-5,38
White,FALSE,TRUE,89,9.063444861014314e-6,30
White,FALSE,TRUE,90,6.7305463316999785e-6,20
White,FALSE,TRUE,91,3.7425974764205346e-6,11
White,FALSE,TRUE,92,1.484014598122124e-5,48
White,FALSE,TRUE,93,2.9151654857277653e-6,12
White,FALSE,TRUE,94,8.507992830225186e-6,35
White,FALSE,TRUE,95,6.42792074251142e-6,29
White,FALSE,TRUE,96,1.9459974595922534e-6,7
White,TRUE,FALSE,18,0.004226258289906083,12989
White,TRUE,FALSE,19,0.003994217246368009,12673
White,TRUE,FALSE,20,0.0041630976479498675,10939
White,TRUE,FALSE,21,0.004263469745265294,10445
White,TRUE,FALSE,22,0.004382305834224881,9662
White,TRUE,FALSE,23,0.004389863812547274,9614
White,TRUE,FALSE,24,0.0043760771100727226,9564
White,TRUE,FALSE,25,0.004154294690937775,10122
White,TRUE,FALSE,26,0.004177638999045561,10186
White,TRUE,FALSE,27,0.0043245541458374545,10600
White,TRUE,FALSE,28,0.004369825401698599,10764
White,TRUE,FALSE,29,0.004426136745509635,11095
White,TRUE,FALSE,30,0.0046239198062108305,11959
White,TRUE,FALSE,31,0.0046490645450391055,12256
White,TRUE,FALSE,32,0.004658802193744388,12285
White,TRUE,FALSE,33,0.004660667746427108,12146
White,TRUE,FALSE,34,0.00454894144346162,12007
White,TRUE,FALSE,35,0.0046413341850519855,12230
White,TRUE,FALSE,36,0.0046049080239432,12299
White,TRUE,FALSE,37,0.0046494361232941855,12313
White,TRUE,FALSE,38,0.004522773906755961,12211
White,TRUE,FALSE,39,0.004487159854823226,12103
White,TRUE,FALSE,40,0.004673194147397318,12464
White,TRUE,FALSE,41,0.0045451605389485936,12252
White,TRUE,FALSE,42,0.004481743239847118,12164
White,TRUE,FALSE,43,0.004305806682122407,11674
White,TRUE,FALSE,44,0.004324370272061746,11566
White,TRUE,FALSE,45,0.004134037929980445,11395
White,TRUE,FALSE,46,0.004071367618092789,11182
White,TRUE,FALSE,47,0.004013056646970912,11238
White,TRUE,FALSE,48,0.004153551534427616,11439
White,TRUE,FALSE,49,0.004114712030012644,11426
White,TRUE,FALSE,50,0.004472890483687437,12812
White,TRUE,FALSE,51,0.004747425522932709,13869
White,TRUE,FALSE,52,0.004867816877578507,14141
White,TRUE,FALSE,53,0.0046781970463780805,13842
White,TRUE,FALSE,54,0.004738373570182676,13804
White,TRUE,FALSE,55,0.004576277344783766,14186
White,TRUE,FALSE,56,0.004749402166021586,14828
White,TRUE,FALSE,57,0.004994647645077798,15870
White,TRUE,FALSE,58,0.005284494006854546,16785
White,TRUE,FALSE,59,0.005382027552757456,17336
White,TRUE,FALSE,60,0.005672919696633553,18162
White,TRUE,FALSE,61,0.005661676581389648,18436
White,TRUE,FALSE,62,0.005784255267825658,19045
White,TRUE,FALSE,63,0.005663561287590671,18742
White,TRUE,FALSE,64,0.005864064147890904,19316
White,TRUE,FALSE,65,0.005487168876130348,19215
White,TRUE,FALSE,66,0.00525722322749463,18736
White,TRUE,FALSE,67,0.005177264949986621,18351
White,TRUE,FALSE,68,0.005117463835140765,18364
White,TRUE,FALSE,69,0.004999662036169542,17834
White,TRUE,FALSE,70,0.004871613104906175,17335
White,TRUE,FALSE,71,0.004639223467334986,16496
White,TRUE,FALSE,72,0.004454637180744608,16102
White,TRUE,FALSE,73,0.004429737606950613,15920
White,TRUE,FALSE,74,0.004414801693377876,15784
White,TRUE,FALSE,75,0.004615492258157479,16058
White,TRUE,FALSE,76,0.0034466449730087665,11946
White,TRUE,FALSE,77,0.003202705763900824,11334
White,TRUE,FALSE,78,0.003171845615210912,11038
White,TRUE,FALSE,79,0.003106670023129214,11001
White,TRUE,FALSE,80,0.002774521200828298,9634
White,TRUE,FALSE,81,0.0024346266957256187,8426
White,TRUE,FALSE,82,0.0021141270432566313,7508
White,TRUE,FALSE,83,0.002029280787877677,7120
White,TRUE,FALSE,84,0.0018734171173345872,6595
White,TRUE,FALSE,85,0.001663823997247716,5836
White,TRUE,FALSE,86,0.0015091516755430774,5356
White,TRUE,FALSE,87,0.001371525985128174,4895
White,TRUE,FALSE,88,0.001178435536411231,4131
White,TRUE,FALSE,89,9.393153525083419e-4,3378
White,TRUE,FALSE,90,6.922081514730712e-4,2370
White,TRUE,FALSE,91,3.2590860603777506e-4,1112
White,TRUE,FALSE,92,5.807385056528449e-4,2378
White,TRUE,FALSE,93,7.0983704971922e-4,2698
White,TRUE,FALSE,94,0.0014493850370301672,5411
White,TRUE,FALSE,95,0.0011652196087821103,4266
White,TRUE,FALSE,96,4.227947630220413e-5,173
White,TRUE,FALSE,97,1.8502298680768867e-6,4
White,TRUE,TRUE,18,4.2062658475013347e-4,1154
White,TRUE,TRUE,19,3.6105148142025407e-4,979
White,TRUE,TRUE,20,3.7347828409528804e-4,936
White,TRUE,TRUE,21,4.106361096032504e-4,918
White,TRUE,TRUE,22,3.914289614489284e-4,832
White,TRUE,TRUE,23,4.0406262212163563e-4,826
White,TRUE,TRUE,24,3.8822649318865455e-4,808
White,TRUE,TRUE,25,3.565963730629592e-4,791
White,TRUE,TRUE,26,3.55654019962448e-4,813
White,TRUE,TRUE,27,4.038787483459261e-4,846
White,TRUE,TRUE,28,3.9083903308519374e-4,837
White,TRUE,TRUE,29,3.358492820370701e-4,757
White,TRUE,TRUE,30,3.4488208126879955e-4,830
White,TRUE,TRUE,31,3.084444280490328e-4,740
White,TRUE,TRUE,32,3.2331905036319953e-4,751
White,TRUE,TRUE,33,3.226946456665194e-4,739
White,TRUE,TRUE,34,3.2499306786288814e-4,731
White,TRUE,TRUE,35,3.431046347702743e-4,732
White,TRUE,TRUE,36,2.980785439434095e-4,633
White,TRUE,TRUE,37,2.7031743451493495e-4,610
White,TRUE,TRUE,38,2.919302645681229e-4,648
White,TRUE,TRUE,39,2.6701153725582446e-4,608
White,TRUE,TRUE,40,2.9953421133444306e-4,658
White,TRUE,TRUE,41,2.864140512968378e-4,610
White,TRUE,TRUE,42,2.7718205547475647e-4,595
White,TRUE,TRUE,43,2.77584279359121e-4,573
White,TRUE,TRUE,44,2.2551352450038574e-4,519
White,TRUE,TRUE,45,2.411159805100693e-4,534
White,TRUE,TRUE,46,2.0067907266862082e-4,459
White,TRUE,TRUE,47,2.2076345196122356e-4,510
White,TRUE,TRUE,48,1.9025955871174893e-4,447
White,TRUE,TRUE,49,1.8635990238524317e-4,447
White,TRUE,TRUE,50,2.2341812959802951e-4,525
White,TRUE,TRUE,51,1.9394852633692085e-4,489
White,TRUE,TRUE,52,1.9750341933397127e-4,487
White,TRUE,TRUE,53,2.0663581686087665e-4,481
White,TRUE,TRUE,54,1.5549592299167077e-4,376
White,TRUE,TRUE,55,1.7030159263994648e-4,409
White,TRUE,TRUE,56,1.784533300297345e-4,439
White,TRUE,TRUE,57,1.6919451928202884e-4,445
White,TRUE,TRUE,58,1.720330706945443e-4,457
White,TRUE,TRUE,59,1.503129809388591e-4,392
White,TRUE,TRUE,60,1.2697250353473392e-4,368
White,TRUE,TRUE,61,1.506730670829569e-4,440
White,TRUE,TRUE,62,1.4594214806209777e-4,416
White,TRUE,TRUE,63,1.4816395618525428e-4,397
White,TRUE,TRUE,64,1.32220567549776e-4,370
White,TRUE,TRUE,65,1.1507433796486474e-4,342
White,TRUE,TRUE,66,1.1113254389809225e-4,330
White,TRUE,TRUE,67,1.0437518264076796e-4,299
White,TRUE,TRUE,68,1.1700884331347515e-4,349
White,TRUE,TRUE,69,1.1044301723918161e-4,323
White,TRUE,TRUE,70,9.484056122949805e-5,276
White,TRUE,TRUE,71,9.381776335211393e-5,278
White,TRUE,TRUE,72,9.00751658756934e-5,270
White,TRUE,TRUE,73,7.456847745752521e-5,224
White,TRUE,TRUE,74,7.858688559751e-5,247
White,TRUE,TRUE,75,7.718101735406441e-5,224
White,TRUE,TRUE,76,6.881859126294258e-5,215
White,TRUE,TRUE,77,5.79355621631363e-5,168
White,TRUE,TRUE,78,5.957127262621876e-5,180
White,TRUE,TRUE,79,5.2419348891851174e-5,164
White,TRUE,TRUE,80,5.731115746645611e-5,159
White,TRUE,TRUE,81,4.247101148523487e-5,138
White,TRUE,TRUE,82,5.19826486745411e-5,137
White,TRUE,TRUE,83,4.0084483104671926e-5,129
White,TRUE,TRUE,84,3.426564424419824e-5,111
White,TRUE,TRUE,85,3.8402804197662086e-5,108
White,TRUE,TRUE,86,2.780324716874129e-5,92
White,TRUE,TRUE,87,3.0266389622516523e-5,98
White,TRUE,TRUE,88,2.7408684691697977e-5,76
White,TRUE,TRUE,89,1.6142585225830228e-5,41
White,TRUE,TRUE,90,9.726156594300652e-6,28
White,TRUE,TRUE,91,6.014204747165035e-6,14
White,TRUE,TRUE,92,2.1325527278641878e-5,96
White,TRUE,TRUE,93,6.7305463316999785e-6,30
White,TRUE,TRUE,94,2.0961610430883485e-5,67
White,TRUE,TRUE,95,1.972812385216556e-5,54
