id,PreScreen_Q1,Commitment_Q1,Commitment_Q2,Q1,Q2,Q3,Q4,Q5,Q6,Q7,Q8,Manipulation_Q1,QD2,QD2_1_TEXT,QD3_1,QD3_2,QD3_3,QD3_4,QD3_5,QD3_6,QD3_7,QD4,QD5,rnum,pi1,pi2,pi3,pi4,pi5,pi6,pi7,rnum_age,age1,age2,first_name1,first_name2,pol_exp1,pol_exp2,career1,career2
1,Yes,"Yes, I will",purple,,Candidate 2,,,,,,,Candidate 1,Age,48,,,,,White,,,No,Female,0.8757900937636826,0.125,0.25,0.375,0.5,0.625,0.75,0.875,0.5721358825853411,62,49,Brendan Schmitt,Jay O'Connell,No experience,No experience,Restaurant owner,Small business owner
2,Yes,"Yes, I will",purple,,Candidate 1,,,,,,,Candidate 2,Age,19,,,,,White,,,No,Male,0.9887393440559366,0.125,0.25,0.375,0.5,0.625,0.75,0.875,0.33661881772256896,49,62,Brendan Schmitt,Jay O'Connell,No experience,No experience,Restaurant owner,Small business owner
3,Yes,"Yes, I will",purple,,,,,,,,Candidate 1,Candidate 1,Age,24,,Asian,,,,,,No,Male,0.6277020158310659,0.125,0.25,0.375,0.5,0.625,0.75,0.875,0.6947855210618082,62,49,Tremayne Rivers,Rasheed Mosely,No experience,No experience,Restaurant owner,Small business owner
4,Yes,"Yes, I will",purple,,,,,,,Candidate 2,,Candidate 1,Age,44,,,,,White,,,No,Male,0.35835256342737765,0.125,0.25,0.375,0.5,0.625,0.75,0.875,0.8545927605253162,62,49,Tanisha Rivers,Keisha Mosely,Member of Congress,State legislator,Restaurant owner,Small business owner
5,Yes,"Yes, I will",purple,,,,Candidate 1,,,,,Candidate 1,Age,32,,Asian,,,,,,No,Male,0.39693790310922494,0.125,0.25,0.375,0.5,0.625,0.75,0.875,0.9404965005676488,62,49,Tanisha Rivers,Keisha Mosely,No experience,No experience,Restaurant owner,Small business owner
6,Yes,"Yes, I will",purple,,,,,,,Candidate 1,,Candidate 1,Age,38,,,,,White,,,No,Female,0.8309776170251373,0.125,0.25,0.375,0.5,0.625,0.75,0.875,0.7298361446545077,62,49,Brendan Schmitt,Jay O'Connell,Member of Congress,State legislator,Restaurant owner,Small business owner
7,Yes,"Yes, I will",Purple,,,,,Candidate 1,,,,Candidate 2,Age,25,,,,,White,,,No,Male,0.9827704604209332,0.125,0.25,0.375,0.5,0.625,0.75,0.875,0.3807280788618904,49,62,Brendan Schmitt,Jay O'Connell,No experience,No experience,Restaurant owner,Small business owner
8,Yes,"Yes, I will",purple,,,,Candidate 1,,,,,Candidate 2,Age,29,,,,,White,,,No,Prefer not to disclose,0.2260077172485198,0.125,0.25,0.375,0.5,0.625,0.75,0.875,0.4550177407113411,49,62,Laurie Schmitt,Allison O'Connell,No experience,No experience,Restaurant owner,Small business owner
9,Yes,"Yes, I will",purple,,,,Candidate 2,,,,,Candidate 2,Age,62,,,,,White,,,No,Male,0.9428000799247064,0.125,0.25,0.375,0.5,0.625,0.75,0.875,0.2036016174134802,49,62,Brendan Schmitt,Jay O'Connell,No experience,No experience,Restaurant owner,Small business owner
10,Yes,"Yes, I will",purple,,,Candidate 2,,,,,,Candidate 2,Age,41,,,,,White,,,No,Male,0.02305218065694258,0.125,0.25,0.375,0.5,0.625,0.75,0.875,0.38266963497332057,49,62,Laurie Schmitt,Allison O'Connell,Member of Congress,State legislator,Restaurant owner,Small business owner
11,Yes,"Yes, I will",purple,,,,,Candidate 1,,,,Candidate 2,Age,21,,Asian,,,,,,No,Male,0.35917000294643686,0.082,0.336,0.347,0.408,0.662,0.798,0.974,0.2509406167666755,49,62,Tanisha Rivers,Keisha Mosely,No experience,No experience,Restaurant owner,Small business owner
12,Yes,"Yes, I will",purple,,,,,,,Candidate 2,,Candidate 2,Age,68,,,,,White,,,No,Male,0.9182898953832428,0.125,0.25,0.375,0.5,0.625,0.75,0.875,0.1869636718619065,49,62,Brendan Schmitt,Jay O'Connell,No experience,No experience,Restaurant owner,Small business owner
13,Yes,"Yes, I will",purple,,,,,,,,Candidate 2,Candidate 2,Age,46,,,,,White,,,No,Male,0.17793715679504377,0.125,0.25,0.375,0.5,0.625,0.75,0.875,0.9054378370999911,62,49,Laurie Schmitt,Allison O'Connell,No experience,No experience,Restaurant owner,Small business owner
14,Yes,"Yes, I will",purple,,Candidate 2,,,,,,,Candidate 1,Age,23,,,Black or African American,,White,,,No,Female,0.17265668957788885,0.125,0.25,0.375,0.5,0.625,0.75,0.875,0.8039741722876146,62,49,Laurie Schmitt,Allison O'Connell,No experience,No experience,Restaurant owner,Small business owner
15,Yes,"Yes, I will",purple,,,,,,,,Candidate 1,Candidate 1,Age,51,,,,,White,,,No,Female,0.14353353906039465,0.125,0.25,0.375,0.5,0.625,0.75,0.875,0.5755567081681352,62,49,Laurie Schmitt,Allison O'Connell,No experience,No experience,Restaurant owner,Small business owner
16,Yes,"Yes, I will",purple,,,,,,Candidate 1,,,Candidate 2,Age,42,,,,,White,,,No,Male,0.7699202771228553,0.125,0.25,0.375,0.5,0.625,0.75,0.875,0.4872152904251626,49,62,Brendan Schmitt,Jay O'Connell,Member of Congress,State legislator,Restaurant owner,Small business owner
17,Yes,"Yes, I will",purple,,Candidate 2,,,,,,,Candidate 1,Age,24,,,Black or African American,,,,,No,Male,0.6624111951474126,0.125,0.25,0.375,0.5,0.625,0.75,0.875,0.9209007371498508,62,49,Tremayne Rivers,Rasheed Mosely,No experience,No experience,Restaurant owner,Small business owner
18,Yes,"Yes, I will",purple,Candidate 1,,,,,,,,Candidate 2,Age,28,,,,,White,,,No,Male,0.1458539762873794,0.125,0.25,0.375,0.5,0.625,0.75,0.875,0.1445339559913925,49,62,Laurie Schmitt,Allison O'Connell,No experience,No experience,Restaurant owner,Small business owner
19,Yes,"Yes, I will",purple,Candidate 2,,,,,,,,Candidate 1,Age,45,,Asian,,,,,,No,Female,0.6765961180619421,0.125,0.25,0.375,0.5,0.625,0.75,0.875,0.5609816772772422,62,49,Tremayne Rivers,Rasheed Mosely,No experience,No experience,Restaurant owner,Small business owner
20,Yes,"Yes, I will",purple,,,,,,,Candidate 1,,Candidate 2,Age,31,,,,,White,,,No,Female,0.565918963534273,0.125,0.25,0.375,0.5,0.625,0.75,0.875,0.4757192403720038,49,62,Tremayne Rivers,Rasheed Mosely,Member of Congress,State legislator,Restaurant owner,Small business owner
21,Yes,"Yes, I will",purple,,,,Candidate 2,,,,,Candidate 1,Age,36,,,,,White,,,No,Female,0.5304684984801497,0.125,0.25,0.375,0.5,0.625,0.75,0.875,0.8882875258308573,62,49,Tremayne Rivers,Rasheed Mosely,Member of Congress,State legislator,Restaurant owner,Small business owner
22,Yes,"Yes, I will",purple,,,,Candidate 2,,,,,Candidate 1,Age,32,,,,,White,,,No,Male,0.8836176986535121,0.125,0.25,0.375,0.5,0.625,0.75,0.875,0.8114338696029582,62,49,Brendan Schmitt,Jay O'Connell,No experience,No experience,Restaurant owner,Small business owner
23,Yes,"Yes, I will",purple,,,Candidate 2,,,,,,Candidate 1,Age,44,,,,,White,,,No,Female,0.6914052902002366,0.125,0.25,0.375,0.5,0.625,0.75,0.875,0.9713080462467176,62,49,Tremayne Rivers,Rasheed Mosely,No experience,No experience,Restaurant owner,Small business owner
24,Yes,"Yes, I will",purple,,,Candidate 2,,,,,,Candidate 2,Age,24,,,,,White,,,No,Female,0.7992595580404763,0.125,0.25,0.375,0.5,0.625,0.75,0.875,0.26743702643258427,49,62,Brendan Schmitt,Jay O'Connell,Member of Congress,State legislator,Restaurant owner,Small business owner
25,Yes,"Yes, I will",purple,,,,Candidate 2,,,,,Candidate 2,Age,46,,,Black or African American,,,,,No,Female,0.41604925771617546,0.125,0.25,0.375,0.5,0.625,0.75,0.875,0.2022206925792202,49,62,Tanisha Rivers,Keisha Mosely,No experience,No experience,Restaurant owner,Small business owner
26,Yes,"Yes, I will",purple,,,,Candidate 2,,,,,Candidate 2,Age,47,,,,,White,,,No,Male,0.6406014374551833,0.125,0.25,0.375,0.5,0.625,0.75,0.875,0.3803473341698635,49,62,Tremayne Rivers,Rasheed Mosely,No experience,No experience,Restaurant owner,Small business owner
27,Yes,"Yes, I will",PURPLE,,,,,Candidate 2,,,,Candidate 1,Age,52,,,,,White,,,No,Female,0.6236920886728196,0.125,0.25,0.375,0.5,0.625,0.75,0.875,0.8288863687377624,62,49,Tremayne Rivers,Rasheed Mosely,Member of Congress,State legislator,Restaurant owner,Small business owner
28,Yes,"Yes, I will",purple,,,,Candidate 2,,,,,Candidate 1,Age,60,,,,,,Other,,Prefer not to disclose,Male,0.1801970748184708,0.125,0.25,0.375,0.5,0.625,0.75,0.875,0.6558888260405252,62,49,Laurie Schmitt,Allison O'Connell,No experience,No experience,Restaurant owner,Small business owner
29,Yes,"Yes, I will",purple,,Candidate 2,,,,,,,Candidate 1,Age,37,,,,,White,,,No,Male,0.92312857669851,0.125,0.25,0.375,0.5,0.625,0.75,0.875,0.6257054467279709,62,49,Brendan Schmitt,Jay O'Connell,No experience,No experience,Restaurant owner,Small business owner
30,Yes,"Yes, I will",purple,,,,,Candidate 2,,,,Candidate 1,Age,46,,,,,White,,,No,Female,0.08678079491639062,0.125,0.25,0.375,0.5,0.625,0.75,0.875,0.6439599366029631,62,49,Laurie Schmitt,Allison O'Connell,Member of Congress,State legislator,Restaurant owner,Small business owner
31,Yes,"Yes, I will",purple,,,,,,Candidate 1,,,Candidate 2,Age,28,,Asian,,,,,,No,Female,0.8614625637096964,0.125,0.25,0.375,0.5,0.625,0.75,0.875,0.0010935110042555,49,62,Brendan Schmitt,Jay O'Connell,Member of Congress,State legislator,Restaurant owner,Small business owner
32,Yes,"Yes, I will",purple,,,,,,,Candidate 2,,Candidate 1,Age,37,,,,,White,,,No,Male,0.6224755930300978,0.125,0.25,0.375,0.5,0.625,0.75,0.875,0.5120795298163033,62,49,Tremayne Rivers,Rasheed Mosely,Member of Congress,State legislator,Restaurant owner,Small business owner
33,Yes,"Yes, I will",purple,Candidate 1,,,,,,,,Candidate 2,Age,21,,,,,White,,,No,Female,0.25932759355272345,0.125,0.25,0.375,0.5,0.625,0.75,0.875,0.6635542764942055,49,62,Tanisha Rivers,Keisha Mosely,Member of Congress,State legislator,Restaurant owner,Small business owner
34,Yes,"Yes, I will",purple,,,,,Candidate 1,,,,Candidate 2,Age,24,,Asian,,,White,Other,,Yes,Female,0.9235346419558708,0.125,0.25,0.375,0.5,0.625,0.75,0.875,0.4617879270719802,49,62,Brendan Schmitt,Jay O'Connell,No experience,No experience,Restaurant owner,Small business owner
35,Yes,"Yes, I will",purple,Candidate 2,,,,,,,,Candidate 1,Age,27,,,,,,Other,,Yes,Male,0.5313648112424102,0.125,0.25,0.375,0.5,0.625,0.75,0.875,0.706792684902156,62,49,Tremayne Rivers,Rasheed Mosely,Member of Congress,State legislator,Restaurant owner,Small business owner
36,Yes,"Yes, I will",purple,,,,Candidate 2,,,,,Candidate 1,Age,63,,,,,White,,,No,Female,0.7007453203435859,0.125,0.25,0.375,0.5,0.625,0.75,0.875,0.8051357138448245,62,49,Tremayne Rivers,Rasheed Mosely,No experience,No experience,Restaurant owner,Small business owner
37,Yes,"Yes, I will",purple,,,,,Candidate 1,,,,Candidate 2,Age,27,,,,,White,,,Yes,Female,0.5618129718494166,0.125,0.25,0.375,0.5,0.625,0.75,0.875,0.33015295824272395,49,62,Tremayne Rivers,Rasheed Mosely,Member of Congress,State legislator,Restaurant owner,Small business owner
38,Yes,"Yes, I will",purple,,Candidate 1,,,,,,,Candidate 2,Age,58,,,,,White,,,No,Male,0.5908598011803953,0.125,0.25,0.375,0.5,0.625,0.75,0.875,0.04625697667856165,49,62,Tremayne Rivers,Rasheed Mosely,Member of Congress,State legislator,Restaurant owner,Small business owner
39,Yes,"Yes, I will",purple,,Candidate 1,,,,,,,Candidate 2,Age,36,,,,,White,,,No,Male,0.8713939145373631,0.125,0.25,0.375,0.5,0.625,0.75,0.875,0.22139309631227355,49,62,Brendan Schmitt,Jay O'Connell,Member of Congress,State legislator,Restaurant owner,Small business owner
40,Yes,"Yes, I will",purple,,,,,,,,Candidate 1,Candidate 1,Age,60,,,,,White,,,No,Female,0.09838849168698968,0.125,0.25,0.375,0.5,0.625,0.75,0.875,0.5334535009538414,62,49,Laurie Schmitt,Allison O'Connell,Member of Congress,State legislator,Restaurant owner,Small business owner
41,Yes,"Yes, I will",purple,,Candidate 2,,,,,,,Candidate 1,Age,34,,,,,White,,,No,Male,0.10780987937650874,0.125,0.25,0.375,0.5,0.625,0.75,0.875,0.8146960821036939,62,49,Laurie Schmitt,Allison O'Connell,Member of Congress,State legislator,Restaurant owner,Small business owner
42,Yes,"Yes, I will",purple,,,,,,,Candidate 1,,Candidate 2,Age,31,,,,,White,,,No,Male,0.8491329478214339,0.125,0.25,0.375,0.5,0.625,0.75,0.875,0.36701981219626495,49,62,Brendan Schmitt,Jay O'Connell,Member of Congress,State legislator,Restaurant owner,Small business owner
43,Yes,"Yes, I will",purple,,,,,,,Candidate 1,,Candidate 1,Age,70,,,,,White,,,No,Male,0.2919584902217515,0.125,0.25,0.375,0.5,0.625,0.75,0.875,0.5643660623031589,62,49,Tanisha Rivers,Keisha Mosely,Member of Congress,State legislator,Restaurant owner,Small business owner
44,Yes,"Yes, I will",purple,,,,,,,Candidate 1,,Candidate 2,Age,51,,Asian,,,,,,No,Female,0.9134526876531198,0.125,0.25,0.375,0.5,0.625,0.75,0.875,0.3451758582017328,49,62,Brendan Schmitt,Jay O'Connell,No experience,No experience,Restaurant owner,Small business owner
45,Yes,"Yes, I will",purple,,,,Candidate 1,,,,,Candidate 2,Age,57,,,,,White,,,No,Female,0.5551141541346708,0.125,0.25,0.375,0.5,0.625,0.75,0.875,0.18886225349010485,49,62,Tremayne Rivers,Rasheed Mosely,Member of Congress,State legislator,Restaurant owner,Small business owner
46,Yes,"Yes, I will",purple,,,,,,,Candidate 2,,Candidate 1,Age,26,,,,,White,,,No,Female,0.7762496906277374,0.125,0.25,0.375,0.5,0.625,0.75,0.875,0.7105248113420152,62,49,Brendan Schmitt,Jay O'Connell,Member of Congress,State legislator,Restaurant owner,Small business owner
47,Yes,"Yes, I will",purple,,,,,Candidate 2,,,,Candidate 1,Age,29,,,,,White,,,No,Female,0.9252788747952504,0.125,0.25,0.375,0.5,0.625,0.75,0.875,0.8246485006121566,62,49,Brendan Schmitt,Jay O'Connell,No experience,No experience,Restaurant owner,Small business owner
48,Yes,"Yes, I will",Purple,,,,,,,Candidate 1,,Candidate 1,Age,53,,,,,White,,,No,Female,0.5817202440420446,0.125,0.25,0.375,0.5,0.625,0.75,0.875,0.5373273858654609,62,49,Tremayne Rivers,Rasheed Mosely,Member of Congress,State legislator,Restaurant owner,Small business owner
49,Yes,"Yes, I will",purple,,,,,,Candidate 1,,,Candidate 1,Age,30,,Asian,,,,,,No,Female,0.07825407760177136,0.125,0.25,0.375,0.5,0.625,0.75,0.875,0.5528203734552535,62,49,Laurie Schmitt,Allison O'Connell,Member of Congress,State legislator,Restaurant owner,Small business owner
50,Yes,"Yes, I will",purple,,,,,Candidate 1,,,,Candidate 2,Age,35,American Indian or Alaska Native,,,,White,,,No,Male,0.8842794943797122,0.125,0.25,0.375,0.5,0.625,0.75,0.875,0.20552250328602328,49,62,Brendan Schmitt,Jay O'Connell,No experience,No experience,Restaurant owner,Small business owner
51,Yes,"Yes, I will",purple,,,,,,,,Candidate 1,Candidate 2,Age,32,,Asian,Black or African American,,,,,No,Female,0.3062872617287299,0.125,0.25,0.375,0.5,0.625,0.75,0.875,0.05486958917576577,49,62,Tanisha Rivers,Keisha Mosely,Member of Congress,State legislator,Restaurant owner,Small business owner
52,Yes,"Yes, I will",purple,,,Candidate 1,,,,,,Candidate 2,Age,42,,,,,White,,,No,Male,0.0512277183707868,0.125,0.25,0.375,0.5,0.625,0.75,0.875,0.1854719690013379,49,62,Laurie Schmitt,Allison O'Connell,Member of Congress,State legislator,Restaurant owner,Small business owner
53,Yes,"Yes, I will",purple,,Candidate 1,,,,,,,Candidate 2,Age,22,,,,,White,,,No,Male,0.23291516542269736,0.125,0.25,0.375,0.5,0.625,0.75,0.875,0.26752509113110723,49,62,Laurie Schmitt,Allison O'Connell,No experience,No experience,Restaurant owner,Small business owner
54,Yes,"Yes, I will",purple,,,,Candidate 1,,,,,Candidate 2,Age,43,,,Black or African American,,,,,No,Female,0.1911010251359784,0.125,0.25,0.375,0.5,0.625,0.75,0.875,0.09800317233847528,49,62,Laurie Schmitt,Allison O'Connell,No experience,No experience,Restaurant owner,Small business owner
55,Yes,"Yes, I will",purple,,,,,Candidate 1,,,,Candidate 1,Age,58,,,Black or African American,,,,,No,Female,0.5682851422038593,0.125,0.25,0.375,0.5,0.625,0.75,0.875,0.7143413440124926,62,49,Tremayne Rivers,Rasheed Mosely,Member of Congress,State legislator,Restaurant owner,Small business owner
56,Yes,"Yes, I will",purple,,,,Candidate 2,,,,,Candidate 2,Age,70,,,Black or African American,,,,,No,Female,0.23600334423501124,0.125,0.25,0.375,0.5,0.625,0.75,0.875,0.14226190469746056,49,62,Laurie Schmitt,Allison O'Connell,No experience,No experience,Restaurant owner,Small business owner
57,Yes,"Yes, I will",purple,,,,,,,,Candidate 1,Candidate 1,Age,63,,,,,White,,,No,Female,0.259086233856875,0.125,0.25,0.375,0.5,0.625,0.75,0.875,0.8832529955271755,62,49,Tanisha Rivers,Keisha Mosely,Member of Congress,State legislator,Restaurant owner,Small business owner
58,Yes,"Yes, I will",purple,,,,Candidate 2,,,,,Candidate 1,Age,44,,Asian,,,,,,No,Female,0.8742905819961546,0.125,0.25,0.375,0.5,0.625,0.75,0.875,0.6235137199106425,62,49,Brendan Schmitt,Jay O'Connell,Member of Congress,State legislator,Restaurant owner,Small business owner
59,Yes,"Yes, I will",purple,,,Candidate 1,,,,,,Candidate 2,Age,49,,,,,White,,,No,Male,0.8934162403208707,0.125,0.25,0.375,0.5,0.625,0.75,0.875,0.0415137580226906,49,62,Brendan Schmitt,Jay O'Connell,No experience,No experience,Restaurant owner,Small business owner
60,Yes,"Yes, I will",Purple,,,,Candidate 1,,,,,Candidate 2,Age,41,,,,,,,Prefer not to disclose,No,Female,0.09268954561387412,0.125,0.25,0.375,0.5,0.625,0.75,0.875,0.4565139243976478,49,62,Laurie Schmitt,Allison O'Connell,Member of Congress,State legislator,Restaurant owner,Small business owner
61,Yes,"Yes, I will",purple,,,,,,,,Candidate 2,Candidate 1,Age,72,,,,,White,,,No,Male,0.3364133954365769,0.125,0.25,0.375,0.5,0.625,0.75,0.875,0.6941913533243796,62,49,Tanisha Rivers,Keisha Mosely,Member of Congress,State legislator,Restaurant owner,Small business owner
62,Yes,"Yes, I will",purple,Candidate 2,,,,,,,,Candidate 1,Age,35,,,,,White,,,Yes,Male,0.5548540054715364,0.125,0.25,0.375,0.5,0.625,0.75,0.875,0.9976784789463689,62,49,Tremayne Rivers,Rasheed Mosely,Member of Congress,State legislator,Restaurant owner,Small business owner
63,Yes,"Yes, I will",purple,,,,Candidate 2,,,,,Candidate 1,Age,31,,Asian,,,,,,No,Female,0.4234001721309964,0.125,0.25,0.375,0.5,0.625,0.75,0.875,0.8480457460619616,62,49,Tanisha Rivers,Keisha Mosely,No experience,No experience,Restaurant owner,Small business owner
64,Yes,"Yes, I will",purple,,,,Candidate 1,,,,,Candidate 2,Age,38,American Indian or Alaska Native,,Black or African American,,,,,No,Female,0.3189025410262175,0.125,0.25,0.375,0.5,0.625,0.75,0.875,0.14668501334886183,49,62,Tanisha Rivers,Keisha Mosely,Member of Congress,State legislator,Restaurant owner,Small business owner
65,Yes,"Yes, I will",purple,,,,,,,Candidate 1,,Candidate 2,Age,26,,,,,White,,,No,Female,0.4420691527058531,0.125,0.25,0.375,0.5,0.625,0.75,0.875,0.7751749262155907,49,62,Tanisha Rivers,Keisha Mosely,No experience,No experience,Restaurant owner,Small business owner
66,Yes,"Yes, I will",purple,,Candidate 2,,,,,,,Candidate 1,Age,36,,,,,White,,,No,Female,0.6699970235745416,0.125,0.25,0.375,0.5,0.625,0.75,0.875,0.9313006291471656,62,49,Tremayne Rivers,Rasheed Mosely,No experience,No experience,Restaurant owner,Small business owner
67,Yes,"Yes, I will",purple,Candidate 1,,,,,,,,Candidate 2,Age,34,,,,,White,,,Yes,Female,0.95653719523841,0.125,0.25,0.375,0.5,0.625,0.75,0.875,0.28730688553473605,49,62,Brendan Schmitt,Jay O'Connell,No experience,No experience,Restaurant owner,Small business owner
68,Yes,"Yes, I will",purple,,,,,,,Candidate 2,,Candidate 1,Age,31,,,,,White,,,No,Female,0.8374155016703102,0.125,0.25,0.375,0.5,0.625,0.75,0.875,0.6405861658604318,62,49,Brendan Schmitt,Jay O'Connell,Member of Congress,State legislator,Restaurant owner,Small business owner
69,Yes,"Yes, I will",purple,,,Candidate 2,,,,,,Candidate 1,Age,22,,,,,,,Prefer not to disclose,Yes,Female,0.9382749497746756,0.082,0.336,0.347,0.408,0.662,0.798,0.974,0.6133294095316272,62,49,Brendan Schmitt,Jay O'Connell,Member of Congress,State legislator,Restaurant owner,Small business owner
70,Yes,"Yes, I will",purple,,,,,Candidate 1,,,,Candidate 2,Age,29,,,,,White,,,Yes,Male,0.04596563639258166,0.125,0.25,0.375,0.5,0.625,0.75,0.875,0.28903183045076014,49,62,Laurie Schmitt,Allison O'Connell,Member of Congress,State legislator,Restaurant owner,Small business owner
71,Yes,"Yes, I will",purple,,,,,,,,Candidate 2,Candidate 1,Age,41,,,Black or African American,,,,,No,Male,0.7152607400704316,0.125,0.25,0.375,0.5,0.625,0.75,0.875,0.5904369763076391,62,49,Tremayne Rivers,Rasheed Mosely,No experience,No experience,Restaurant owner,Small business owner
72,Yes,"Yes, I will",purple,,,,,,Candidate 2,,,Candidate 1,Age,24,,Asian,,,,,,No,Male,0.5659525945237728,0.125,0.25,0.375,0.5,0.625,0.75,0.875,0.8165696372316614,62,49,Tremayne Rivers,Rasheed Mosely,Member of Congress,State legislator,Restaurant owner,Small business owner
73,Yes,"Yes, I will",purple,,,,Candidate 1,,,,,Candidate 2,Age,27,,,,,White,,,No,Prefer not to disclose,0.20172478286589607,0.125,0.25,0.375,0.5,0.625,0.75,0.875,0.3423606204666106,49,62,Laurie Schmitt,Allison O'Connell,No experience,No experience,Restaurant owner,Small business owner
74,Yes,"Yes, I will",purple,,,,,,Candidate 2,,,Candidate 2,Age,22,,Asian,,,,,,No,Male,0.09768362508567134,0.125,0.25,0.375,0.5,0.625,0.75,0.875,0.4564584774096633,49,62,Laurie Schmitt,Allison O'Connell,Member of Congress,State legislator,Restaurant owner,Small business owner
75,Yes,"Yes, I will",purple,,Candidate 1,,,,,,,Candidate 2,Age,29,,Asian,,,,,,No,Female,0.6467330666833402,0.125,0.25,0.375,0.5,0.625,0.75,0.875,0.4984317052872925,49,62,Tremayne Rivers,Rasheed Mosely,No experience,No experience,Restaurant owner,Small business owner
76,Yes,"Yes, I will",purple,,,Candidate 2,,,,,,Candidate 2,Age,46,,,,,White,,,No,Female,0.2791838111074604,0.125,0.25,0.375,0.5,0.625,0.75,0.875,0.24550319561862927,49,62,Tanisha Rivers,Keisha Mosely,Member of Congress,State legislator,Restaurant owner,Small business owner
77,Yes,"Yes, I will",purple,,,,,,,Candidate 1,,Candidate 2,Age,46,,,,,,Other,,Yes,Female,0.846004735409749,0.125,0.25,0.375,0.5,0.625,0.75,0.875,0.0135294855603784,49,62,Brendan Schmitt,Jay O'Connell,Member of Congress,State legislator,Restaurant owner,Small business owner
78,Yes,"Yes, I will",purple,,,,,,Candidate 1,,,Candidate 1,Age,23,,,,,White,,,Yes,Male,0.5866964507351389,0.125,0.25,0.375,0.5,0.625,0.75,0.875,0.5771051173976401,62,49,Tremayne Rivers,Rasheed Mosely,Member of Congress,State legislator,Restaurant owner,Small business owner
79,Yes,"Yes, I will",PURPLE,,,,,,,Candidate 1,,Candidate 2,Age,24,,,,,White,,,No,Male,0.6146618292235447,0.125,0.25,0.375,0.5,0.625,0.75,0.875,0.316676479605184,49,62,Tremayne Rivers,Rasheed Mosely,Member of Congress,State legislator,Restaurant owner,Small business owner
80,Yes,"Yes, I will",purple,Candidate 1,,,,,,,,Candidate 1,Age,51,,,Black or African American,,,,,No,Female,0.03579707863642766,0.125,0.25,0.375,0.5,0.625,0.75,0.875,0.7067977354644792,62,49,Laurie Schmitt,Allison O'Connell,Member of Congress,State legislator,Restaurant owner,Small business owner
81,Yes,"Yes, I will",purple,,,,Candidate 2,,,,,Candidate 1,Age,29,American Indian or Alaska Native,,,,White,,,No,Female,0.997756819705888,0.125,0.25,0.375,0.5,0.625,0.75,0.875,0.7201447421033272,62,49,Brendan Schmitt,Jay O'Connell,No experience,No experience,Restaurant owner,Small business owner
82,Yes,"Yes, I will",purple,,,,,,,,Candidate 2,Candidate 1,Age,28,,,Black or African American,,,,,No,Female,0.5237550021903019,0.125,0.25,0.375,0.5,0.625,0.75,0.875,0.9760332519598384,62,49,Tremayne Rivers,Rasheed Mosely,Member of Congress,State legislator,Restaurant owner,Small business owner
83,Yes,"Yes, I will",purple,,,,,,,,Candidate 2,Candidate 1,Age,21,,,,,White,,,No,Female,0.5563099173727235,0.125,0.25,0.375,0.5,0.625,0.75,0.875,0.5987487674222208,62,49,Tremayne Rivers,Rasheed Mosely,Member of Congress,State legislator,Restaurant owner,Small business owner
84,Yes,"Yes, I will",purple,,,,Candidate 1,,,,,Candidate 2,Age,33,,Asian,,,,,,No,Female,0.906930548815739,0.125,0.25,0.375,0.5,0.625,0.75,0.875,0.351978769607837,49,62,Brendan Schmitt,Jay O'Connell,No experience,No experience,Restaurant owner,Small business owner
85,Yes,"Yes, I will",purple,,,,,Candidate 1,,,,Candidate 2,Age,23,American Indian or Alaska Native,,,,,,,Yes,Male,0.6665183810206405,0.125,0.25,0.375,0.5,0.625,0.75,0.875,0.44871731951104415,49,62,Tremayne Rivers,Rasheed Mosely,No experience,No experience,Restaurant owner,Small business owner
86,Yes,"Yes, I will",purple,,,,,,,,Candidate 2,Candidate 1,Age,25,,,,,White,,,No,Female,0.9813854170454166,0.125,0.25,0.375,0.5,0.625,0.75,0.875,0.7215386500399417,62,49,Brendan Schmitt,Jay O'Connell,No experience,No experience,Restaurant owner,Small business owner
87,Yes,"Yes, I will",purple,,,,,,,,Candidate 1,Candidate 2,Age,22,,,Black or African American,,,,,No,Female,0.9072158247947728,0.125,0.25,0.375,0.5,0.625,0.75,0.875,0.27643735946073134,49,62,Brendan Schmitt,Jay O'Connell,No experience,No experience,Restaurant owner,Small business owner
88,Yes,"Yes, I will",purple,,Candidate 1,,,,,,,Candidate 2,Age,44,,,,,White,,,No,Male,0.2839686005106123,0.125,0.25,0.375,0.5,0.625,0.75,0.875,0.2856917647378733,49,62,Tanisha Rivers,Keisha Mosely,Member of Congress,State legislator,Restaurant owner,Small business owner
89,Yes,"Yes, I will",purple,,,,,,,,Candidate 1,Candidate 1,Age,32,,Asian,,,,,,No,Male,0.6655645444210536,0.125,0.25,0.375,0.5,0.625,0.75,0.875,0.8691846974820794,62,49,Tremayne Rivers,Rasheed Mosely,No experience,No experience,Restaurant owner,Small business owner
90,Yes,"Yes, I will",purple,,,,,Candidate 2,,,,Candidate 1,Age,42,,,,,White,,,No,Male,0.6780276267505315,0.125,0.25,0.375,0.5,0.625,0.75,0.875,0.6172908036078538,62,49,Tremayne Rivers,Rasheed Mosely,No experience,No experience,Restaurant owner,Small business owner
91,Yes,"Yes, I will",purple,Candidate 2,,,,,,,,Candidate 1,Age,32,,,,,White,,,No,Male,0.5681096158381806,0.125,0.25,0.375,0.5,0.625,0.75,0.875,0.841510136807689,62,49,Tremayne Rivers,Rasheed Mosely,Member of Congress,State legislator,Restaurant owner,Small business owner
92,Yes,"Yes, I will",purple,,Candidate 1,,,,,,,Candidate 1,Age,32,,,,,White,,,No,Female,0.7008086372401585,0.125,0.25,0.375,0.5,0.625,0.75,0.875,0.6669479034996936,62,49,Tremayne Rivers,Rasheed Mosely,No experience,No experience,Restaurant owner,Small business owner
93,Yes,"Yes, I will",purple,,,,,,,Candidate 1,,Candidate 2,Age,35,,,,,White,,,No,Male,0.6754089374270776,0.125,0.25,0.375,0.5,0.625,0.75,0.875,0.8790015303248078,49,62,Tremayne Rivers,Rasheed Mosely,No experience,No experience,Restaurant owner,Small business owner
94,Yes,"Yes, I will",purple,,,,,,,,Candidate 1,Candidate 2,Age,43,,,,,White,,,No,Male,0.23925118386728017,0.125,0.25,0.375,0.5,0.625,0.75,0.875,0.2339864636850512,49,62,Laurie Schmitt,Allison O'Connell,No experience,No experience,Restaurant owner,Small business owner
95,Yes,"Yes, I will",purple,,,,,,,Candidate 2,,Candidate 1,Age,34,,,,,White,,,No,Female,0.7357140296920468,0.082,0.336,0.347,0.408,0.662,0.798,0.974,0.7312749095101084,62,49,Tremayne Rivers,Rasheed Mosely,No experience,No experience,Restaurant owner,Small business owner
96,Yes,"Yes, I will",purple,,,Candidate 2,,,,,,Candidate 1,Age,41,,,,,White,,,No,Female,0.9498648601467408,0.125,0.25,0.375,0.5,0.625,0.75,0.875,0.9847405569126692,62,49,Brendan Schmitt,Jay O'Connell,No experience,No experience,Restaurant owner,Small business owner
97,Yes,"Yes, I will",purple,,,,,,,,Candidate 2,Candidate 1,Age,32,,,,,White,,,No,Male,0.5634049932852865,0.125,0.25,0.375,0.5,0.625,0.75,0.875,0.7060910183252047,62,49,Tremayne Rivers,Rasheed Mosely,Member of Congress,State legislator,Restaurant owner,Small business owner
98,Yes,"Yes, I will",purple,,,,,,,Candidate 1,,Candidate 2,Age,33,,,,,White,,,No,Male,0.9897499575721448,0.125,0.25,0.375,0.5,0.625,0.75,0.875,0.7563051923076402,49,62,Brendan Schmitt,Jay O'Connell,No experience,No experience,Restaurant owner,Small business owner
99,Yes,"Yes, I will",purple,,,,,,,,Candidate 2,Candidate 1,Age,46,,,,,White,,,No,Female,0.5940486296531857,0.125,0.25,0.375,0.5,0.625,0.75,0.875,0.5482577589685698,62,49,Tremayne Rivers,Rasheed Mosely,Member of Congress,State legislator,Restaurant owner,Small business owner
100,Yes,"Yes, I will",purple,,Candidate 2,,,,,,,Candidate 1,Age,27,,,,,White,,,No,Male,0.14592181941166563,0.125,0.25,0.375,0.5,0.625,0.75,0.875,0.7321253557997116,62,49,Laurie Schmitt,Allison O'Connell,No experience,No experience,Restaurant owner,Small business owner
101,Yes,"Yes, I will",purple,,,,Candidate 1,,,,,Candidate 1,Age,23,,,,,White,,,No,Female,0.00994317559756878,0.125,0.25,0.375,0.5,0.625,0.75,0.875,0.6447403602406244,62,49,Laurie Schmitt,Allison O'Connell,Member of Congress,State legislator,Restaurant owner,Small business owner
102,Yes,"Yes, I will",purple,Candidate 1,,,,,,,,Candidate 1,Age,37,,,,,White,,,No,Male,0.9102749174717524,0.125,0.25,0.375,0.5,0.625,0.75,0.875,0.5399962376197791,62,49,Brendan Schmitt,Jay O'Connell,No experience,No experience,Restaurant owner,Small business owner
103,Yes,"Yes, I will",purple,,,,,,Candidate 1,,,Candidate 2,Age,27,,,Black or African American,,White,,,No,Female,5.4618320440551e-4,0.125,0.25,0.375,0.5,0.625,0.75,0.875,0.2448028524510569,49,62,Laurie Schmitt,Allison O'Connell,Member of Congress,State legislator,Restaurant owner,Small business owner
104,Yes,"Yes, I will",purple,,,,,,Candidate 2,,,Candidate 1,Age,30,,,,,White,,,No,Male,0.7625427469058295,0.125,0.25,0.375,0.5,0.625,0.75,0.875,0.5102057413920308,62,49,Brendan Schmitt,Jay O'Connell,Member of Congress,State legislator,Restaurant owner,Small business owner
105,Yes,"Yes, I will",purple,Candidate 1,,,,,,,,Candidate 2,Age,29,,,Black or African American,,,,,No,Male,0.6231539593132106,0.125,0.25,0.375,0.5,0.625,0.75,0.875,0.47830880910118784,49,62,Tremayne Rivers,Rasheed Mosely,Member of Congress,State legislator,Restaurant owner,Small business owner
106,Yes,"Yes, I will",purple,,,,,Candidate 2,,,,Candidate 1,Age,30,,,Black or African American,,,,,No,Female,0.04257517565101738,0.125,0.25,0.375,0.5,0.625,0.75,0.875,0.5830868847163131,62,49,Laurie Schmitt,Allison O'Connell,Member of Congress,State legislator,Restaurant owner,Small business owner
107,Yes,"Yes, I will",purple,,,,,,Candidate 2,,,Candidate 1,Age,40,,,,,White,,,Yes,Female,0.253665279656105,0.125,0.25,0.375,0.5,0.625,0.75,0.875,0.904823862692533,62,49,Tanisha Rivers,Keisha Mosely,Member of Congress,State legislator,Restaurant owner,Small business owner
108,Yes,"Yes, I will",purple,,,,,,,,Candidate 2,Candidate 1,Age,32,,,,,White,,,No,Female,0.24842501507336856,0.125,0.25,0.375,0.5,0.625,0.75,0.875,0.6575089065957602,62,49,Laurie Schmitt,Allison O'Connell,No experience,No experience,Restaurant owner,Small business owner
109,Yes,"Yes, I will",purple,,,,,Candidate 1,,,,Candidate 2,Age,22,,,,,White,,,No,Male,0.4962519794926634,0.125,0.25,0.375,0.5,0.625,0.75,0.875,0.4936163636142426,49,62,Tanisha Rivers,Keisha Mosely,No experience,No experience,Restaurant owner,Small business owner
110,Yes,"Yes, I will",purple,,,,,,Candidate 2,,,Candidate 2,Age,59,,,,,White,,,No,Male,0.4907999873372726,0.125,0.25,0.375,0.5,0.625,0.75,0.875,0.25362077710535863,49,62,Tanisha Rivers,Keisha Mosely,No experience,No experience,Restaurant owner,Small business owner
111,Yes,"Yes, I will",purple,,,,,,,,Candidate 2,Candidate 1,Age,39,,,,,White,,,No,Female,0.7778227899171931,0.125,0.25,0.375,0.5,0.625,0.75,0.875,0.5984241612251904,62,49,Brendan Schmitt,Jay O'Connell,Member of Congress,State legislator,Restaurant owner,Small business owner
112,Yes,"Yes, I will",purple,,,,Candidate 2,,,,,Candidate 2,Age,24,,,Black or African American,,,,,No,Female,0.3674660083762058,0.125,0.25,0.375,0.5,0.625,0.75,0.875,0.2306125516143191,49,62,Tanisha Rivers,Keisha Mosely,Member of Congress,State legislator,Restaurant owner,Small business owner
113,Yes,"Yes, I will",purple,,Candidate 1,,,,,,,Candidate 2,Age,32,,,,,White,,,No,Male,0.5511914041245336,0.125,0.25,0.375,0.5,0.625,0.75,0.875,0.01118046324960432,49,62,Tremayne Rivers,Rasheed Mosely,Member of Congress,State legislator,Restaurant owner,Small business owner
114,Yes,"Yes, I will",purple,,,,,,Candidate 1,,,Candidate 2,Age,32,,,,,,Other,,Yes,Male,0.17648006444249303,0.125,0.25,0.375,0.5,0.625,0.75,0.875,0.03957284824912735,49,62,Laurie Schmitt,Allison O'Connell,No experience,No experience,Restaurant owner,Small business owner
115,Yes,"Yes, I will",purple,,,,,,,,Candidate 1,Candidate 2,Age,29,,,,,White,,,No,Female,0.1761777028851625,0.125,0.25,0.375,0.5,0.625,0.75,0.875,0.03320156969903073,49,62,Laurie Schmitt,Allison O'Connell,No experience,No experience,Restaurant owner,Small business owner
116,Yes,"Yes, I will",purple,,,,Candidate 1,,,,,Candidate 2,Age,37,,,,,,Other,,Yes,Male,0.6631179153134855,0.125,0.25,0.375,0.5,0.625,0.75,0.875,0.04791025282999273,49,62,Tremayne Rivers,Rasheed Mosely,No experience,No experience,Restaurant owner,Small business owner
117,Yes,"Yes, I will",purple,,,,,,Candidate 2,,,Candidate 1,Age,39,,,Black or African American,,,,,No,Female,0.8931075271435798,0.125,0.25,0.375,0.5,0.625,0.75,0.875,0.8604112697905887,62,49,Brendan Schmitt,Jay O'Connell,No experience,No experience,Restaurant owner,Small business owner
118,Yes,"Yes, I will",purple,,,,Candidate 2,,,,,Candidate 2,Age,31,,,Black or African American,,,,,No,Female,0.9406331167418122,0.125,0.25,0.375,0.5,0.625,0.75,0.875,0.4262336013899729,49,62,Brendan Schmitt,Jay O'Connell,No experience,No experience,Restaurant owner,Small business owner
119,Yes,"Yes, I will",purple,,,,,,,Candidate 1,,Candidate 2,Age,26,,,,,White,,,No,Female,0.3180301285623643,0.125,0.25,0.375,0.5,0.625,0.75,0.875,0.13721851216098724,49,62,Tanisha Rivers,Keisha Mosely,Member of Congress,State legislator,Restaurant owner,Small business owner
120,Yes,"Yes, I will",purple,,,Candidate 2,,,,,,Candidate 1,Age,30,,,Black or African American,,,,,No,Female,0.8383817164782392,0.125,0.25,0.375,0.5,0.625,0.75,0.875,0.5989984326527916,62,49,Brendan Schmitt,Jay O'Connell,Member of Congress,State legislator,Restaurant owner,Small business owner
121,Yes,"Yes, I will",purple,,,,,,Candidate 1,,,Candidate 2,Age,57,,,,,White,,,No,Female,0.2736371427945879,0.125,0.25,0.375,0.5,0.625,0.75,0.875,0.8257184079442449,49,62,Tanisha Rivers,Keisha Mosely,Member of Congress,State legislator,Restaurant owner,Small business owner
122,Yes,"Yes, I will",purple,,,,,,,,Candidate 2,Candidate 1,Age,34,American Indian or Alaska Native,,,,,,,No,Male,0.6259629427515815,0.125,0.25,0.375,0.5,0.625,0.75,0.875,0.5100520196161354,62,49,Tremayne Rivers,Rasheed Mosely,No experience,No experience,Restaurant owner,Small business owner
123,Yes,"Yes, I will",purple,,,,,,Candidate 1,,,Candidate 1,Age,40,,,,,White,,,No,Male,0.817675198385882,0.125,0.25,0.375,0.5,0.625,0.75,0.875,0.8780517363636875,62,49,Brendan Schmitt,Jay O'Connell,Member of Congress,State legislator,Restaurant owner,Small business owner
124,Yes,"Yes, I will",purple,,,,,Candidate 2,,,,Candidate 1,Age,63,,,,,White,,,No,Male,0.7817767362067888,0.125,0.25,0.375,0.5,0.625,0.75,0.875,0.8660161860440896,62,49,Brendan Schmitt,Jay O'Connell,Member of Congress,State legislator,Restaurant owner,Small business owner
125,Yes,"Yes, I will",purple,,Candidate 1,,,,,,,Candidate 2,Age,38,,,,,White,,,No,Male,0.04684478883790895,0.125,0.25,0.375,0.5,0.625,0.75,0.875,0.42324338444118464,49,62,Laurie Schmitt,Allison O'Connell,Member of Congress,State legislator,Restaurant owner,Small business owner
126,Yes,"Yes, I will",purple,,,,,,,Candidate 2,,Candidate 1,Age,32,,,Black or African American,,,,,No,Female,0.8954140098987645,0.125,0.25,0.375,0.5,0.625,0.75,0.875,0.6162474254649709,62,49,Brendan Schmitt,Jay O'Connell,No experience,No experience,Restaurant owner,Small business owner
127,Yes,"Yes, I will",purple,,,,,,,,Candidate 1,Candidate 1,Age,53,,,,,White,,,No,Male,0.5839419797025486,0.125,0.25,0.375,0.5,0.625,0.75,0.875,0.5334381650978323,62,49,Tremayne Rivers,Rasheed Mosely,Member of Congress,State legislator,Restaurant owner,Small business owner
128,Yes,"Yes, I will",purple,Candidate 2,,,,,,,,Candidate 2,Prefer not to disclose,,,Asian,,,,,,No,Male,0.48403913026769624,0.125,0.25,0.375,0.5,0.625,0.75,0.875,0.10580868136738628,49,62,Tanisha Rivers,Keisha Mosely,No experience,No experience,Restaurant owner,Small business owner
129,Yes,"Yes, I will",purple,,Candidate 2,,,,,,,Candidate 1,Age,34,,Asian,,,,,,No,Male,0.04994120473273592,0.125,0.25,0.375,0.5,0.625,0.75,0.875,0.7287763021254857,62,49,Laurie Schmitt,Allison O'Connell,Member of Congress,State legislator,Restaurant owner,Small business owner
130,Yes,"Yes, I will",purple,,,,,Candidate 2,,,,Candidate 2,Age,43,,,Black or African American,,,,,No,Female,0.262567949775273,0.125,0.25,0.375,0.5,0.625,0.75,0.875,0.5490861229014318,49,62,Tanisha Rivers,Keisha Mosely,Member of Congress,State legislator,Restaurant owner,Small business owner
131,Yes,"Yes, I will",purple,,,,Candidate 1,,,,,Candidate 1,Age,22,,,,,White,,,No,Male,0.6019050873820448,0.125,0.25,0.375,0.5,0.625,0.75,0.875,0.8753037207935247,62,49,Tremayne Rivers,Rasheed Mosely,Member of Congress,State legislator,Restaurant owner,Small business owner
132,Yes,"Yes, I will",purple,Candidate 2,,,,,,,,Candidate 1,Age,36,,,,,White,,,No,Male,0.2100212688581136,0.125,0.25,0.375,0.5,0.625,0.75,0.875,0.5509668652785399,62,49,Laurie Schmitt,Allison O'Connell,No experience,No experience,Restaurant owner,Small business owner
133,Yes,"Yes, I will",purple,,Candidate 2,,,,,,,Candidate 2,Age,58,,,,,White,,,No,Male,0.8752844484698225,0.125,0.25,0.375,0.5,0.625,0.75,0.875,0.3630309070840084,49,62,Brendan Schmitt,Jay O'Connell,No experience,No experience,Restaurant owner,Small business owner
134,Yes,"Yes, I will",purple,,,Candidate 2,,,,,,Candidate 1,Age,19,,Asian,,,,,,No,Male,0.9138156547941768,0.125,0.25,0.375,0.5,0.625,0.75,0.875,0.8996640394673832,62,49,Brendan Schmitt,Jay O'Connell,No experience,No experience,Restaurant owner,Small business owner
135,Yes,"Yes, I will",purple,,,,Candidate 2,,,,,Candidate 1,Age,48,,,,,White,,,No,Male,0.72747097460727,0.125,0.25,0.375,0.5,0.625,0.75,0.875,0.5899639754998414,62,49,Tremayne Rivers,Rasheed Mosely,No experience,No experience,Restaurant owner,Small business owner
136,Yes,"Yes, I will",purple,,Candidate 2,,,,,,,Candidate 1,Age,27,,,,,White,,,No,Female,0.6879510475993043,0.125,0.25,0.375,0.5,0.625,0.75,0.875,0.6700751522253442,62,49,Tremayne Rivers,Rasheed Mosely,No experience,No experience,Restaurant owner,Small business owner
137,Yes,"Yes, I will",purple,,,,,,,Candidate 1,,Candidate 2,Age,35,,,,,White,,,No,Female,0.1329448805500159,0.125,0.25,0.375,0.5,0.625,0.75,0.875,0.03804621124594617,49,62,Laurie Schmitt,Allison O'Connell,No experience,No experience,Restaurant owner,Small business owner
138,Yes,"Yes, I will",purple,,,,,,,Candidate 1,,Candidate 2,Age,44,,,,,White,,,No,Female,0.6258475258075277,0.125,0.25,0.375,0.5,0.625,0.75,0.875,0.06806129707676854,49,62,Tremayne Rivers,Rasheed Mosely,No experience,No experience,Restaurant owner,Small business owner
139,Yes,"Yes, I will",purple,,,Candidate 2,,,,,,Candidate 1,Age,30,,,,,White,,,Yes,Female,0.1308908500082071,0.125,0.25,0.375,0.5,0.625,0.75,0.875,0.9910654590909987,62,49,Laurie Schmitt,Allison O'Connell,No experience,No experience,Restaurant owner,Small business owner
140,Yes,"Yes, I will",purple,,,,,,,Candidate 1,,Candidate 2,Age,40,,,,,White,,,No,Male,0.6403649222665385,0.125,0.25,0.375,0.5,0.625,0.75,0.875,0.00563120585997384,49,62,Tremayne Rivers,Rasheed Mosely,No experience,No experience,Restaurant owner,Small business owner
141,Yes,"Yes, I will",Purple,,,Candidate 2,,,,,,Candidate 1,Age,28,,,,,White,,,No,Female,0.6014488501477635,0.125,0.25,0.375,0.5,0.625,0.75,0.875,0.7822590504731655,62,49,Tremayne Rivers,Rasheed Mosely,Member of Congress,State legislator,Restaurant owner,Small business owner
142,Yes,"Yes, I will",purple,,,,,Candidate 2,,,,Candidate 1,Age,42,,,,,White,,,No,Female,0.4824711658252569,0.082,0.336,0.347,0.408,0.662,0.798,0.974,0.7423400203097472,62,49,Tremayne Rivers,Rasheed Mosely,Member of Congress,State legislator,Restaurant owner,Small business owner
143,Yes,"Yes, I will",purple,,Candidate 2,,,,,,,Candidate 1,Age,29,,,,,White,,,No,Male,0.5035828022527469,0.125,0.25,0.375,0.5,0.625,0.75,0.875,0.8177549147088441,62,49,Tremayne Rivers,Rasheed Mosely,Member of Congress,State legislator,Restaurant owner,Small business owner
144,Yes,"Yes, I will",purple,,,,Candidate 2,,,,,Candidate 1,Age,26,,,,,White,,,No,Male,0.0933933295526992,0.125,0.25,0.375,0.5,0.625,0.75,0.875,0.9959644426116636,62,49,Laurie Schmitt,Allison O'Connell,Member of Congress,State legislator,Restaurant owner,Small business owner
145,Yes,"Yes, I will",purple,,,,,,Candidate 1,,,Candidate 2,Age,31,,Asian,,,,,,No,Female,0.9620788020459188,0.125,0.25,0.375,0.5,0.625,0.75,0.875,0.902880273503922,49,62,Brendan Schmitt,Jay O'Connell,No experience,No experience,Restaurant owner,Small business owner
146,Yes,"Yes, I will",purple,Candidate 1,,,,,,,,Candidate 2,Age,28,,,,,White,,,Yes,Male,0.8086882337948047,0.125,0.25,0.375,0.5,0.625,0.75,0.875,0.45000014394754545,49,62,Brendan Schmitt,Jay O'Connell,Member of Congress,State legislator,Restaurant owner,Small business owner
147,Yes,"Yes, I will",purple,,,Candidate 2,,,,,,Candidate 1,Age,41,,,,,White,,,No,Male,0.7452272583602991,0.125,0.25,0.375,0.5,0.625,0.75,0.875,0.9022766274638186,62,49,Tremayne Rivers,Rasheed Mosely,No experience,No experience,Restaurant owner,Small business owner
148,Yes,"Yes, I will",purple,,Candidate 2,,,,,,,Candidate 2,Age,31,,,,,White,,,No,Male,0.3318455422604097,0.125,0.25,0.375,0.5,0.625,0.75,0.875,0.20322925276198175,49,62,Tanisha Rivers,Keisha Mosely,Member of Congress,State legislator,Restaurant owner,Small business owner
149,Yes,"Yes, I will",purple,,,,,,,,Candidate 1,Candidate 1,Age,39,,,,,White,,,Yes,Female,0.47730667201739424,0.125,0.25,0.375,0.5,0.625,0.75,0.875,0.5812856134914992,62,49,Tanisha Rivers,Keisha Mosely,No experience,No experience,Restaurant owner,Small business owner
150,Yes,"Yes, I will",purple,,,,,,,,Candidate 1,Candidate 1,Age,86,,,,,White,,,No,Male,0.8985531688431635,0.125,0.25,0.375,0.5,0.625,0.75,0.875,0.6665011976534736,62,49,Brendan Schmitt,Jay O'Connell,No experience,No experience,Restaurant owner,Small business owner
151,Yes,"Yes, I will",purple,,,,,,,,Candidate 2,I don't know,Age,42,,,Black or African American,,,,,No,Male,0.5966373622875282,0.125,0.25,0.375,0.5,0.625,0.75,0.875,0.9585280546356292,49,62,Tremayne Rivers,Rasheed Mosely,Member of Congress,State legislator,Restaurant owner,Small business owner
152,Yes,"Yes, I will",purple,,,,Candidate 2,,,,,Candidate 2,Age,35,American Indian or Alaska Native,,,,White,,,No,Male,0.34103434307990466,0.125,0.25,0.375,0.5,0.625,0.75,0.875,0.04251401499903622,49,62,Tanisha Rivers,Keisha Mosely,Member of Congress,State legislator,Restaurant owner,Small business owner
153,Yes,"Yes, I will",purple,Candidate 2,,,,,,,,Candidate 1,Age,27,,,,,White,,,Yes,Male,0.16542467665053548,0.125,0.25,0.375,0.5,0.625,0.75,0.875,0.609264421185773,62,49,Laurie Schmitt,Allison O'Connell,No experience,No experience,Restaurant owner,Small business owner
154,Yes,"Yes, I will",purple,,,,,,,Candidate 1,,Candidate 2,Age,22,,,,,White,,,Yes,Female,0.3531475149451633,0.125,0.25,0.375,0.5,0.625,0.75,0.875,0.30338366825678004,49,62,Tanisha Rivers,Keisha Mosely,Member of Congress,State legislator,Restaurant owner,Small business owner
155,Yes,"Yes, I will",purple,,,Candidate 2,,,,,,Candidate 1,Age,57,,,,,White,,,No,Male,0.7101947541139542,0.125,0.25,0.375,0.5,0.625,0.75,0.875,0.5809265474278774,62,49,Tremayne Rivers,Rasheed Mosely,No experience,No experience,Restaurant owner,Small business owner
156,Yes,"Yes, I will",purple,,,Candidate 1,,,,,,Candidate 2,Age,19,,Asian,,,,,,No,Male,0.7468682838945808,0.082,0.336,0.347,0.408,0.662,0.798,0.974,0.2511860074594584,49,62,Tremayne Rivers,Rasheed Mosely,No experience,No experience,Restaurant owner,Small business owner
157,Yes,"Yes, I will",purple,Candidate 2,,,,,,,,Candidate 1,Age,32,,,,,White,,,No,Female,0.010296592025621,0.125,0.25,0.375,0.5,0.625,0.75,0.875,0.7112159271983467,62,49,Laurie Schmitt,Allison O'Connell,Member of Congress,State legislator,Restaurant owner,Small business owner
158,Yes,"Yes, I will",purple,,,,,,,Candidate 1,,Candidate 2,Age,67,,,,,White,,,No,Female,0.6921025930652633,0.125,0.25,0.375,0.5,0.625,0.75,0.875,0.32090180723948913,49,62,Tremayne Rivers,Rasheed Mosely,No experience,No experience,Restaurant owner,Small business owner
159,Yes,"Yes, I will",purple,,,,,,Candidate 2,,,Candidate 1,Age,38,,,,,White,,,No,Female,0.8933232610331204,0.125,0.25,0.375,0.5,0.625,0.75,0.875,0.6942608861006473,62,49,Brendan Schmitt,Jay O'Connell,No experience,No experience,Restaurant owner,Small business owner
160,Yes,"Yes, I will",purple,,,Candidate 2,,,,,,Candidate 1,Age,43,,,,,White,,,No,Female,0.6434492803279891,0.125,0.25,0.375,0.5,0.625,0.75,0.875,0.7779767489475143,62,49,Tremayne Rivers,Rasheed Mosely,No experience,No experience,Restaurant owner,Small business owner
161,Yes,"Yes, I will",purple,,,,Candidate 2,,,,,Candidate 2,Age,43,,,Black or African American,,,,,No,Female,0.01533584460041854,0.125,0.25,0.375,0.5,0.625,0.75,0.875,0.24423793033795385,49,62,Laurie Schmitt,Allison O'Connell,Member of Congress,State legislator,Restaurant owner,Small business owner
162,Yes,"Yes, I will",purple,,Candidate 2,,,,,,,Candidate 2,Age,29,,,Black or African American,,,,,No,Male,0.24330845550710997,0.125,0.25,0.375,0.5,0.625,0.75,0.875,0.47539433685024135,49,62,Laurie Schmitt,Allison O'Connell,No experience,No experience,Restaurant owner,Small business owner
163,Yes,"Yes, I will",purple,Candidate 2,,,,,,,,Candidate 1,Age,24,,,,,White,,,No,Male,0.9247025884512584,0.125,0.25,0.375,0.5,0.625,0.75,0.875,0.7605831899588423,62,49,Brendan Schmitt,Jay O'Connell,No experience,No experience,Restaurant owner,Small business owner
164,Yes,"Yes, I will",purple,,,Candidate 2,,,,,,Candidate 1,Age,37,,,,,White,,,No,Female,0.18499448154703585,0.125,0.25,0.375,0.5,0.625,0.75,0.875,0.920811500614698,62,49,Laurie Schmitt,Allison O'Connell,No experience,No experience,Restaurant owner,Small business owner
165,Yes,"Yes, I will",purple,,,Candidate 1,,,,,,Candidate 2,Age,34,,,,,White,,,No,Male,0.1905965703051995,0.125,0.25,0.375,0.5,0.625,0.75,0.875,0.3910571400520991,49,62,Laurie Schmitt,Allison O'Connell,No experience,No experience,Restaurant owner,Small business owner
166,Yes,"Yes, I will",purple,,,,,,,Candidate 2,,Candidate 2,Age,36,,,,,White,,,No,Female,0.31795216428999606,0.125,0.25,0.375,0.5,0.625,0.75,0.875,0.32363141661594425,49,62,Tanisha Rivers,Keisha Mosely,Member of Congress,State legislator,Restaurant owner,Small business owner
167,Yes,"Yes, I will",purple,,,,,Candidate 1,,,,Candidate 2,Age,39,,,,,White,,,No,Female,0.6713437942488454,0.125,0.25,0.375,0.5,0.625,0.75,0.875,0.4344944675533321,49,62,Tremayne Rivers,Rasheed Mosely,No experience,No experience,Restaurant owner,Small business owner
168,Yes,"Yes, I will",purple,,,,,,,Candidate 1,,Candidate 2,Age,,,,,,White,,,No,Female,0.5312769484080554,0.125,0.25,0.375,0.5,0.625,0.75,0.875,0.4034472127453068,49,62,Tremayne Rivers,Rasheed Mosely,Member of Congress,State legislator,Restaurant owner,Small business owner
169,Yes,"Yes, I will",purple,,,,,,,Candidate 1,,Candidate 2,Age,60,,,,,,Other,,No,Female,0.49745940382067566,0.125,0.25,0.375,0.5,0.625,0.75,0.875,0.1660698100845492,49,62,Tanisha Rivers,Keisha Mosely,No experience,No experience,Restaurant owner,Small business owner
170,Yes,"Yes, I will",purple,,,,,,Candidate 1,,,Candidate 2,Age,26,,Asian,,,,,,No,Male,0.7605811543205243,0.125,0.25,0.375,0.5,0.625,0.75,0.875,0.4000634582247733,49,62,Brendan Schmitt,Jay O'Connell,Member of Congress,State legislator,Restaurant owner,Small business owner
171,Yes,"Yes, I will",purple,,,,,,,,Candidate 2,Candidate 2,Age,62,,,,,White,,,No,Male,0.23261249769307032,0.125,0.25,0.375,0.5,0.625,0.75,0.875,0.6922313335100727,62,49,Laurie Schmitt,Allison O'Connell,No experience,No experience,Restaurant owner,Small business owner
172,Yes,"Yes, I will",purple,,Candidate 2,,,,,,,Candidate 1,Age,66,,,,,White,,,No,Male,0.7597803782578046,0.125,0.25,0.375,0.5,0.625,0.75,0.875,0.6554812164175048,62,49,Brendan Schmitt,Jay O'Connell,Member of Congress,State legislator,Restaurant owner,Small business owner
173,Yes,"Yes, I will",purple,Candidate 2,,,,,,,,Candidate 2,Prefer not to disclose,,,,,,,,Prefer not to disclose,No,Female,0.8041634314703204,0.125,0.25,0.375,0.5,0.625,0.75,0.875,0.0700575304380752,49,62,Brendan Schmitt,Jay O'Connell,Member of Congress,State legislator,Restaurant owner,Small business owner
174,Yes,"Yes, I will",purple,,,,,,,,Candidate 1,Candidate 1,Age,54,,,,,White,,,No,Female,0.6005776761101042,0.125,0.25,0.375,0.5,0.625,0.75,0.875,0.9945985767977774,62,49,Tremayne Rivers,Rasheed Mosely,Member of Congress,State legislator,Restaurant owner,Small business owner
175,Yes,"Yes, I will",purple,Candidate 1,,,,,,,,Candidate 2,Age,29,,Asian,,,,,,No,Male,0.530639781973008,0.125,0.25,0.375,0.5,0.625,0.75,0.875,0.04086808605139797,49,62,Tremayne Rivers,Rasheed Mosely,Member of Congress,State legislator,Restaurant owner,Small business owner
176,Yes,"Yes, I will",purple,,,,Candidate 1,,,,,Candidate 2,Age,20,,,,,White,,,No,Male,0.5740640965695643,0.125,0.25,0.375,0.5,0.625,0.75,0.875,0.3377301593631809,49,62,Tremayne Rivers,Rasheed Mosely,Member of Congress,State legislator,Restaurant owner,Small business owner
177,Yes,"Yes, I will",purple,,Candidate 1,,,,,,,Candidate 2,Age,47,,,,,White,,,No,Female,0.4648471808677649,0.125,0.25,0.375,0.5,0.625,0.75,0.875,0.25449406338261765,49,62,Tanisha Rivers,Keisha Mosely,No experience,No experience,Restaurant owner,Small business owner
178,Yes,"Yes, I will",purple,,,,,,,Candidate 2,,Candidate 1,Age,29,,,,,White,,,No,Male,0.5306802416524571,0.125,0.25,0.375,0.5,0.625,0.75,0.875,0.5073390457563426,62,49,Tremayne Rivers,Rasheed Mosely,Member of Congress,State legislator,Restaurant owner,Small business owner
179,Yes,"Yes, I will",purple,,,Candidate 2,,,,,,Candidate 1,Age,37,,,,,White,,,No,Female,0.1860226663262636,0.125,0.25,0.375,0.5,0.625,0.75,0.875,0.9449928337580042,62,49,Laurie Schmitt,Allison O'Connell,No experience,No experience,Restaurant owner,Small business owner
180,Yes,"Yes, I will",purple,Candidate 2,,,,,,,,Candidate 1,Age,40,,,,,White,,,Yes,Male,0.3781815181435508,0.125,0.25,0.375,0.5,0.625,0.75,0.875,0.9478631387343311,62,49,Tanisha Rivers,Keisha Mosely,No experience,No experience,Restaurant owner,Small business owner
181,Yes,"Yes, I will",purple,Candidate 2,,,,,,,,Candidate 1,Age,45,,,,,White,,,No,Male,0.3240405324203988,0.125,0.25,0.375,0.5,0.625,0.75,0.875,0.5269610373133237,62,49,Tanisha Rivers,Keisha Mosely,Member of Congress,State legislator,Restaurant owner,Small business owner
182,Yes,"Yes, I will",Purple,,,Candidate 1,,,,,,Candidate 1,Age,53,,,,,White,,,No,Male,0.1977566455485664,0.125,0.25,0.375,0.5,0.625,0.75,0.875,0.5519388168006993,62,49,Laurie Schmitt,Allison O'Connell,No experience,No experience,Restaurant owner,Small business owner
183,Yes,"Yes, I will",purple,,,,Candidate 2,,,,,Candidate 2,Age,43,,,,,White,,,No,Male,0.2802079462633021,0.125,0.25,0.375,0.5,0.625,0.75,0.875,0.32279514622008315,49,62,Tanisha Rivers,Keisha Mosely,Member of Congress,State legislator,Restaurant owner,Small business owner
184,Yes,"Yes, I will",Purple,,,Candidate 2,,,,,,Candidate 1,Age,34,,,,,White,,,Yes,Female,0.468555094550493,0.125,0.25,0.375,0.5,0.625,0.75,0.875,0.5568172958578955,62,49,Tanisha Rivers,Keisha Mosely,No experience,No experience,Restaurant owner,Small business owner
185,Yes,"Yes, I will",purple,,,,,,Candidate 1,,,Candidate 1,Age,26,,,,,White,,,Yes,Male,0.3214815865087979,0.125,0.25,0.375,0.5,0.625,0.75,0.875,0.9992345385251648,62,49,Tanisha Rivers,Keisha Mosely,Member of Congress,State legislator,Restaurant owner,Small business owner
186,Yes,"Yes, I will",purple,,Candidate 1,,,,,,,Candidate 2,Age,38,,,,,White,,,No,Female,0.3344005307495595,0.125,0.25,0.375,0.5,0.625,0.75,0.875,0.14339652265035466,49,62,Tanisha Rivers,Keisha Mosely,Member of Congress,State legislator,Restaurant owner,Small business owner
187,Yes,"Yes, I will",purple,,,,,,,,Candidate 2,Candidate 1,Age,63,,,,,White,,,No,Female,0.8016886282250492,0.125,0.25,0.375,0.5,0.625,0.75,0.875,0.9556621690177504,62,49,Brendan Schmitt,Jay O'Connell,Member of Congress,State legislator,Restaurant owner,Small business owner
188,Yes,"Yes, I will",purple,,,,Candidate 1,,,,,Candidate 2,Age,54,,,,,White,,,No,Male,0.3972418167156265,0.125,0.25,0.375,0.5,0.625,0.75,0.875,0.29582025885950314,49,62,Tanisha Rivers,Keisha Mosely,No experience,No experience,Restaurant owner,Small business owner
189,Yes,"Yes, I will",purple,Candidate 1,,,,,,,,Candidate 2,Age,25,,,,,,Other,,Yes,Female,0.03602386569511701,0.125,0.25,0.375,0.5,0.625,0.75,0.875,0.4694788543203563,49,62,Laurie Schmitt,Allison O'Connell,Member of Congress,State legislator,Restaurant owner,Small business owner
190,Yes,"Yes, I will",Purple,,,,Candidate 2,,,,,Candidate 1,Age,44,,,,,,Other,,Yes,Female,0.8880919036194896,0.125,0.25,0.375,0.5,0.625,0.75,0.875,0.7769527127446962,62,49,Brendan Schmitt,Jay O'Connell,No experience,No experience,Restaurant owner,Small business owner
191,Yes,"Yes, I will",purple,,Candidate 2,,,,,,,Candidate 1,Age,71,,,,,White,,,No,Female,0.9164604658532096,0.125,0.25,0.375,0.5,0.625,0.75,0.875,0.7006563226926737,62,49,Brendan Schmitt,Jay O'Connell,No experience,No experience,Restaurant owner,Small business owner
192,Yes,"Yes, I will",purple,,,,,,Candidate 1,,,Candidate 2,Age,60,,,,,White,,,No,Male,0.8016243953727242,0.125,0.25,0.375,0.5,0.625,0.75,0.875,0.9158200942715212,62,49,Brendan Schmitt,Jay O'Connell,Member of Congress,State legislator,Restaurant owner,Small business owner
193,Yes,"Yes, I will",purple,,,,Candidate 2,,,,,Candidate 1,Age,29,,,,,White,,,No,Male,0.27771694568863997,0.125,0.25,0.375,0.5,0.625,0.75,0.875,0.9230264373875752,62,49,Tanisha Rivers,Keisha Mosely,Member of Congress,State legislator,Restaurant owner,Small business owner
194,Yes,"Yes, I will",Purple,,,,,,Candidate 2,,,Candidate 1,Age,34,,,,,White,,,No,Female,0.8564680337106036,0.125,0.25,0.375,0.5,0.625,0.75,0.875,0.7768998627497116,62,49,Brendan Schmitt,Jay O'Connell,Member of Congress,State legislator,Restaurant owner,Small business owner
195,Yes,"Yes, I will",purple,,,,,,Candidate 1,,,Candidate 2,Age,25,,Asian,,Native Hawaiian or Other Pacific Islander,,,,No,Male,0.8337718080342216,0.125,0.25,0.375,0.5,0.625,0.75,0.875,0.33729768226325924,49,62,Brendan Schmitt,Jay O'Connell,Member of Congress,State legislator,Restaurant owner,Small business owner
196,Yes,"Yes, I will",purple,,,,,Candidate 2,,,,Candidate 1,Age,34,,,,,White,,,No,Male,0.998387680854273,0.125,0.25,0.375,0.5,0.625,0.75,0.875,0.8798810785822293,62,49,Brendan Schmitt,Jay O'Connell,No experience,No experience,Restaurant owner,Small business owner
197,Yes,"Yes, I will",purple,,,Candidate 2,,,,,,Candidate 1,Age,33,,,,,White,,,Yes,Female,0.3037190796583237,0.125,0.25,0.375,0.5,0.625,0.75,0.875,0.96333901280615,62,49,Tanisha Rivers,Keisha Mosely,Member of Congress,State legislator,Restaurant owner,Small business owner
198,Yes,"Yes, I will",purple,,,,,,,,Candidate 2,Candidate 1,Age,29,,,,,White,,,No,Female,0.4550661850848855,0.125,0.25,0.375,0.5,0.625,0.75,0.875,0.811067525951906,62,49,Tanisha Rivers,Keisha Mosely,No experience,No experience,Restaurant owner,Small business owner
199,Yes,"Yes, I will",purple,,,,,,,,Candidate 2,Candidate 1,Age,43,American Indian or Alaska Native,,,,White,,,Yes,Female,0.9760471277348808,0.125,0.25,0.375,0.5,0.625,0.75,0.875,0.5548411795298664,62,49,Brendan Schmitt,Jay O'Connell,No experience,No experience,Restaurant owner,Small business owner
200,Yes,"Yes, I will",purple,,,Candidate 1,,,,,,Candidate 2,Age,24,,Asian,,,,,,No,Male,0.34785536777876674,0.125,0.25,0.375,0.5,0.625,0.75,0.875,0.2117242021979122,49,62,Tanisha Rivers,Keisha Mosely,Member of Congress,State legislator,Restaurant owner,Small business owner
201,Yes,"Yes, I will",purple,,,,,,,,Candidate 2,Candidate 2,Age,46,,Asian,,,,,,No,Male,0.8729527820537223,0.125,0.25,0.375,0.5,0.625,0.75,0.875,0.3942366003511093,49,62,Brendan Schmitt,Jay O'Connell,Member of Congress,State legislator,Restaurant owner,Small business owner
202,Yes,"Yes, I will",purple,,,,,Candidate 2,,,,Candidate 2,Age,32,,,,,White,,,No,Male,0.7252393890463839,0.125,0.25,0.375,0.5,0.625,0.75,0.875,0.1808373686347244,49,62,Tremayne Rivers,Rasheed Mosely,No experience,No experience,Restaurant owner,Small business owner
203,Yes,"Yes, I will",purple,,,,,Candidate 1,,,,Candidate 2,Age,41,,,,,White,,,No,Male,0.4922000899659936,0.125,0.25,0.375,0.5,0.625,0.75,0.875,0.10545014871876925,49,62,Tanisha Rivers,Keisha Mosely,No experience,No experience,Restaurant owner,Small business owner
204,Yes,"Yes, I will",purple,,,Candidate 2,,,,,,Candidate 1,Age,26,,Asian,,,White,,,No,Male,0.2020548054021911,0.125,0.25,0.375,0.5,0.625,0.75,0.875,0.8623676898103132,62,49,Laurie Schmitt,Allison O'Connell,No experience,No experience,Restaurant owner,Small business owner
205,Yes,"Yes, I will",purple,,,Candidate 2,,,,,,Candidate 1,Age,22,,,,,White,,,No,Female,0.15272817601280478,0.125,0.25,0.375,0.5,0.625,0.75,0.875,0.6641920052152575,62,49,Laurie Schmitt,Allison O'Connell,No experience,No experience,Restaurant owner,Small business owner
206,Yes,"Yes, I will",purple,,,,,,,,Candidate 1,Candidate 1,Age,27,,Asian,,,,,,No,Male,0.2744641365191117,0.125,0.25,0.375,0.5,0.625,0.75,0.875,0.5132082746162099,62,49,Tanisha Rivers,Keisha Mosely,Member of Congress,State legislator,Restaurant owner,Small business owner
207,Yes,"Yes, I will",purple,,,,,,,,Candidate 1,Candidate 2,Age,33,,,,,White,,,No,Female,0.9791467320125428,0.125,0.25,0.375,0.5,0.625,0.75,0.875,0.48665627033604686,49,62,Brendan Schmitt,Jay O'Connell,No experience,No experience,Restaurant owner,Small business owner
208,Yes,"Yes, I will",purple,Candidate 1,,,,,,,,Candidate 2,Age,40,,,,,,Other,,Prefer not to disclose,Female,0.80014482950795085,0.125,0.25,0.375,0.5,0.625,0.75,0.875,0.05226824410545366,49,62,Brendan Schmitt,Jay O'Connell,Member of Congress,State legislator,Restaurant owner,Small business owner
209,Yes,"Yes, I will",purple,,,,Candidate 2,,,,,Candidate 1,Age,32,,Asian,,,,,,Yes,Male,0.5868010403557683,0.125,0.25,0.375,0.5,0.625,0.75,0.875,0.8196273289666575,62,49,Tremayne Rivers,Rasheed Mosely,Member of Congress,State legislator,Restaurant owner,Small business owner
210,Yes,"Yes, I will",purple,,,,,,,,Candidate 1,Candidate 2,Age,32,,,Black or African American,,,,,No,Female,0.64838891770886,0.125,0.25,0.375,0.5,0.625,0.75,0.875,0.01808789186600779,49,62,Tremayne Rivers,Rasheed Mosely,No experience,No experience,Restaurant owner,Small business owner
211,Yes,"Yes, I will",purple,,Candidate 2,,,,,,,Candidate 1,Age,36,,,,,White,,,Yes,Male,0.28307241766785096,0.125,0.25,0.375,0.5,0.625,0.75,0.875,0.8967719373518536,62,49,Tanisha Rivers,Keisha Mosely,Member of Congress,State legislator,Restaurant owner,Small business owner
212,Yes,"Yes, I will",purple,,Candidate 1,,,,,,,Candidate 2,Age,42,,,,,White,,,No,Female,0.4937768474905232,0.125,0.25,0.375,0.5,0.625,0.75,0.875,0.14106228834508505,49,62,Tanisha Rivers,Keisha Mosely,No experience,No experience,Restaurant owner,Small business owner
213,Yes,"Yes, I will",purple,,,,,,,,Candidate 1,Candidate 1,Age,49,,,,,White,,,No,Male,0.9634896675039756,0.125,0.25,0.375,0.5,0.625,0.75,0.875,0.848785818984915,62,49,Brendan Schmitt,Jay O'Connell,No experience,No experience,Restaurant owner,Small business owner
214,Yes,"Yes, I will",purple,,Candidate 2,,,,,,,Candidate 1,Age,44,,,,,White,,,No,Female,0.9120407651439404,0.125,0.25,0.375,0.5,0.625,0.75,0.875,0.6463812768101649,62,49,Brendan Schmitt,Jay O'Connell,No experience,No experience,Restaurant owner,Small business owner
215,Yes,"Yes, I will",Purple,,,,,,Candidate 1,,,Candidate 2,Age,40,,,,,White,,,No,Male,0.04464013852287087,0.125,0.25,0.375,0.5,0.625,0.75,0.875,0.434763575772467,49,62,Laurie Schmitt,Allison O'Connell,Member of Congress,State legislator,Restaurant owner,Small business owner
216,Yes,"Yes, I will",purple,,Candidate 2,,,,,,,Candidate 1,Age,61,,,,,White,,,No,Male,0.00201137899467986,0.125,0.25,0.375,0.5,0.625,0.75,0.875,0.6482874997072591,62,49,Laurie Schmitt,Allison O'Connell,Member of Congress,State legislator,Restaurant owner,Small business owner
217,Yes,"Yes, I will",purple,,,Candidate 1,,,,,,Candidate 2,Age,23,,Asian,,,,,,No,Male,0.721784999762146,0.125,0.25,0.375,0.5,0.625,0.75,0.875,0.479748873384611,49,62,Tremayne Rivers,Rasheed Mosely,No experience,No experience,Restaurant owner,Small business owner
218,Yes,"Yes, I will",purple,,,,,,,Candidate 2,,Candidate 1,Age,43,,,Black or African American,,,,,No,Male,0.2671053459092754,0.125,0.25,0.375,0.5,0.625,0.75,0.875,0.5358609567712669,62,49,Tanisha Rivers,Keisha Mosely,Member of Congress,State legislator,Restaurant owner,Small business owner
219,Yes,"Yes, I will",purple,,Candidate 2,,,,,,,Candidate 1,Age,50,,,,,White,,,No,Male,0.9283092131205624,0.125,0.25,0.375,0.5,0.625,0.75,0.875,0.6389684646015448,62,49,Brendan Schmitt,Jay O'Connell,No experience,No experience,Restaurant owner,Small business owner
220,Yes,"Yes, I will",Purple,,,,,,,,Candidate 1,Candidate 2,Age,41,,,,,White,,,No,Female,0.1146811896736457,0.125,0.25,0.375,0.5,0.625,0.75,0.875,0.2715617831031703,49,62,Laurie Schmitt,Allison O'Connell,Member of Congress,State legislator,Restaurant owner,Small business owner
221,Yes,"Yes, I will",Purple,,,,,,,,Candidate 1,Candidate 1,Age,50,,,Black or African American,,,,,No,Female,0.8686080649189204,0.125,0.25,0.375,0.5,0.625,0.75,0.875,0.5245840126938615,62,49,Brendan Schmitt,Jay O'Connell,Member of Congress,State legislator,Restaurant owner,Small business owner
222,Yes,"Yes, I will",purple,,Candidate 2,,,,,,,Candidate 1,Age,21,,,,,White,,,No,Male,0.7602278682776326,0.125,0.25,0.375,0.5,0.625,0.75,0.875,0.6330733617379035,62,49,Brendan Schmitt,Jay O'Connell,Member of Congress,State legislator,Restaurant owner,Small business owner
223,Yes,"Yes, I will",purple,,,,,,,,Candidate 1,Candidate 2,Age,24,,,,,White,,,No,Female,0.4126841405901788,0.125,0.25,0.375,0.5,0.625,0.75,0.875,0.672556495217736,49,62,Tanisha Rivers,Keisha Mosely,No experience,No experience,Restaurant owner,Small business owner
224,Yes,"Yes, I will",purple,,,,,,,Candidate 1,,Candidate 2,Age,38,,,,,White,,,No,Female,0.9952943634696524,0.125,0.25,0.375,0.5,0.625,0.75,0.875,0.11790069404940602,49,62,Brendan Schmitt,Jay O'Connell,No experience,No experience,Restaurant owner,Small business owner
225,Yes,"Yes, I will",purple,,,,,,,,Candidate 1,Candidate 2,Age,21,,,,,White,,,No,Prefer not to disclose,0.02132291626681641,0.125,0.25,0.375,0.5,0.625,0.75,0.875,0.1135505722168718,49,62,Laurie Schmitt,Allison O'Connell,Member of Congress,State legislator,Restaurant owner,Small business owner
226,Yes,"Yes, I will",purple,,,,,,Candidate 1,,,Candidate 2,Age,25,,,,,White,,,No,Male,0.37295641805346974,0.125,0.25,0.375,0.5,0.625,0.75,0.875,0.4684408815736978,49,62,Tanisha Rivers,Keisha Mosely,Member of Congress,State legislator,Restaurant owner,Small business owner
227,Yes,"Yes, I will",purple,,,,Candidate 2,,,,,Candidate 1,Age,34,,,,,White,,,No,Female,0.6588437519173239,0.125,0.25,0.375,0.5,0.625,0.75,0.875,0.6471596655080001,62,49,Tremayne Rivers,Rasheed Mosely,No experience,No experience,Restaurant owner,Small business owner
228,Yes,"Yes, I will",purple,,Candidate 2,,,,,,,Candidate 2,Age,33,American Indian or Alaska Native,,,,,,,Yes,Female,0.336017709536482,0.125,0.25,0.375,0.5,0.625,0.75,0.875,0.3341829358446838,49,62,Tanisha Rivers,Keisha Mosely,Member of Congress,State legislator,Restaurant owner,Small business owner
229,Yes,"Yes, I will",purple,,Candidate 2,,,,,,,Candidate 1,Age,32,,,,,White,,,No,Male,0.5488089862160406,0.125,0.25,0.375,0.5,0.625,0.75,0.875,0.956186512707776,62,49,Tremayne Rivers,Rasheed Mosely,Member of Congress,State legislator,Restaurant owner,Small business owner
230,Yes,"Yes, I will",purple,,,,,,Candidate 1,,,Candidate 2,Age,60,,,,,White,,,No,Female,0.681095372112723,0.125,0.25,0.375,0.5,0.625,0.75,0.875,0.4382125098347227,49,62,Tremayne Rivers,Rasheed Mosely,No experience,No experience,Restaurant owner,Small business owner
231,Yes,"Yes, I will",purple,,,,,,,,Candidate 2,Candidate 1,Age,57,,,,,White,,,No,Female,0.9919790192488532,0.125,0.25,0.375,0.5,0.625,0.75,0.875,0.636552475773858,62,49,Brendan Schmitt,Jay O'Connell,No experience,No experience,Restaurant owner,Small business owner
232,Yes,"Yes, I will",purple,,,,,,,,Candidate 2,Candidate 1,Age,34,,,,,White,,,No,Female,0.3638956047044824,0.125,0.25,0.375,0.5,0.625,0.75,0.875,0.6581731712581061,62,49,Tanisha Rivers,Keisha Mosely,Member of Congress,State legislator,Restaurant owner,Small business owner
233,Yes,"Yes, I will",purple,,,,Candidate 2,,,,,Candidate 1,Age,53,,,Black or African American,,,,,No,Female,0.9843822519724216,0.125,0.25,0.375,0.5,0.625,0.75,0.875,0.5070988201785597,62,49,Brendan Schmitt,Jay O'Connell,No experience,No experience,Restaurant owner,Small business owner
234,Yes,"Yes, I will",purple,Candidate 2,,,,,,,,Candidate 1,Age,19,,,Black or African American,,White,,,Yes,Male,0.2234309129937158,0.125,0.25,0.375,0.5,0.625,0.75,0.875,0.827148294268909,62,49,Laurie Schmitt,Allison O'Connell,No experience,No experience,Restaurant owner,Small business owner
235,Yes,"Yes, I will",purple,,,,,Candidate 1,,,,Candidate 2,Age,23,,,,,White,,,Yes,Female,0.14881784053259017,0.125,0.25,0.375,0.5,0.625,0.75,0.875,0.3198939418233684,49,62,Laurie Schmitt,Allison O'Connell,No experience,No experience,Restaurant owner,Small business owner
236,Yes,"Yes, I will",purple,,,,,,Candidate 2,,,Candidate 2,Age,29,,,Black or African American,,,,,No,Male,0.1530582576880833,0.125,0.25,0.375,0.5,0.625,0.75,0.875,0.17890943102047532,49,62,Laurie Schmitt,Allison O'Connell,No experience,No experience,Restaurant owner,Small business owner
237,Yes,"Yes, I will",purple,,,,,,Candidate 1,,,Candidate 2,Prefer not to disclose,,,,,,White,,,No,Prefer not to disclose,0.248969322826939,0.125,0.25,0.375,0.5,0.625,0.75,0.875,0.14188753677110363,49,62,Laurie Schmitt,Allison O'Connell,No experience,No experience,Restaurant owner,Small business owner
238,Yes,"Yes, I will",purple,,,,,,,Candidate 1,,Candidate 2,Age,34,,,,,,Other,,Yes,Male,0.5070958206213768,0.125,0.25,0.375,0.5,0.625,0.75,0.875,0.23587966226876703,49,62,Tremayne Rivers,Rasheed Mosely,Member of Congress,State legislator,Restaurant owner,Small business owner
239,Yes,"Yes, I will",purple,,,,Candidate 1,,,,,Candidate 2,Age,35,,,,,White,,,No,Male,0.00956312543935215,0.125,0.25,0.375,0.5,0.625,0.75,0.875,0.07613703889682355,49,62,Laurie Schmitt,Allison O'Connell,Member of Congress,State legislator,Restaurant owner,Small business owner
240,Yes,"Yes, I will",purple,Candidate 2,,,,,,,,Candidate 1,Age,54,,,,,White,,,No,Female,0.7838631865530887,0.125,0.25,0.375,0.5,0.625,0.75,0.875,0.6429288135010117,62,49,Brendan Schmitt,Jay O'Connell,Member of Congress,State legislator,Restaurant owner,Small business owner
241,Yes,"Yes, I will",purple,,,,,,,Candidate 1,,Candidate 2,Age,28,,,,,White,,,No,Female,0.9522096288744848,0.125,0.25,0.375,0.5,0.625,0.75,0.875,0.985710641133066,49,62,Brendan Schmitt,Jay O'Connell,No experience,No experience,Restaurant owner,Small business owner
242,Yes,"Yes, I will",purple,,Candidate 1,,,,,,,Candidate 2,Age,43,,,,,White,,,No,Male,0.4322079563122727,0.125,0.25,0.375,0.5,0.625,0.75,0.875,0.27829694894102797,49,62,Tanisha Rivers,Keisha Mosely,No experience,No experience,Restaurant owner,Small business owner
243,Yes,"Yes, I will",Purple,,Candidate 1,,,,,,,Candidate 2,Age,24,,,,,White,,,No,Male,0.20744375004606408,0.125,0.25,0.375,0.5,0.625,0.75,0.875,0.1922979813982495,49,62,Laurie Schmitt,Allison O'Connell,No experience,No experience,Restaurant owner,Small business owner
244,Yes,"Yes, I will",purple,,Candidate 2,,,,,,,Candidate 1,Age,22,,,Black or African American,,,,,No,Female,0.10609123672034854,0.125,0.25,0.375,0.5,0.625,0.75,0.875,0.6042754667821051,62,49,Laurie Schmitt,Allison O'Connell,Member of Congress,State legislator,Restaurant owner,Small business owner
245,Yes,"Yes, I will",purple,,,,,,,Candidate 1,,Candidate 2,Age,45,,,,,White,,,No,Female,0.15589341431760542,0.125,0.25,0.375,0.5,0.625,0.75,0.875,0.0512865278989278,49,62,Laurie Schmitt,Allison O'Connell,No experience,No experience,Restaurant owner,Small business owner
246,Yes,"Yes, I will",purple,,,,,Candidate 1,,,,Candidate 2,Age,32,,Asian,,,,,,No,Male,0.862402733616159,0.125,0.25,0.375,0.5,0.625,0.75,0.875,0.09988886096977836,49,62,Brendan Schmitt,Jay O'Connell,Member of Congress,State legislator,Restaurant owner,Small business owner
247,Yes,"Yes, I will",purple,Candidate 2,,,,,,,,Candidate 2,Age,22,,,,,White,,,No,Male,0.2738139471676699,0.125,0.25,0.375,0.5,0.625,0.75,0.875,0.03244951973493432,49,62,Tanisha Rivers,Keisha Mosely,Member of Congress,State legislator,Restaurant owner,Small business owner
248,Yes,"Yes, I will",purple,,,,,Candidate 2,,,,Candidate 1,Age,33,,,,,,Other,,No,Female,0.30627704931103555,0.125,0.25,0.375,0.5,0.625,0.75,0.875,0.9321442583883516,62,49,Tanisha Rivers,Keisha Mosely,Member of Congress,State legislator,Restaurant owner,Small business owner
249,Yes,"Yes, I will",purple,Candidate 1,,,,,,,,Candidate 2,Age,41,,,Black or African American,,,,,No,Male,0.36301647996600167,0.125,0.25,0.375,0.5,0.625,0.75,0.875,0.3067541865880494,49,62,Tanisha Rivers,Keisha Mosely,Member of Congress,State legislator,Restaurant owner,Small business owner
250,Yes,"Yes, I will",purple,,Candidate 1,,,,,,,Candidate 2,Age,38,,,,,White,,,No,Male,0.5749252153502138,0.125,0.25,0.375,0.5,0.625,0.75,0.875,0.2475983279868025,49,62,Tremayne Rivers,Rasheed Mosely,Member of Congress,State legislator,Restaurant owner,Small business owner
251,Yes,"Yes, I will",purple,,,,,,,Candidate 1,,Candidate 2,Age,38,,,,,White,,,No,Female,0.7600096151605271,0.125,0.25,0.375,0.5,0.625,0.75,0.875,0.22243228746169064,49,62,Brendan Schmitt,Jay O'Connell,Member of Congress,State legislator,Restaurant owner,Small business owner
252,Yes,"Yes, I will",purple,,,,,,,,Candidate 2,Candidate 1,Age,35,,,,,White,,,No,Male,0.8779712842958912,0.125,0.25,0.375,0.5,0.625,0.75,0.875,0.770868642900807,62,49,Brendan Schmitt,Jay O'Connell,No experience,No experience,Restaurant owner,Small business owner
253,Yes,"Yes, I will",purple,,,,,,,,Candidate 1,Candidate 2,Age,30,,,,,White,,,No,Male,0.56481900544949315,0.125,0.25,0.375,0.5,0.625,0.75,0.875,0.14862812826145164,49,62,Tremayne Rivers,Rasheed Mosely,Member of Congress,State legislator,Restaurant owner,Small business owner
254,Yes,"Yes, I will",Purple,,,,Candidate 2,,,,,Candidate 1,Age,27,,,,,White,,,No,Female,0.03695484484474986,0.125,0.25,0.375,0.5,0.625,0.75,0.875,0.8414107267375595,62,49,Laurie Schmitt,Allison O'Connell,Member of Congress,State legislator,Restaurant owner,Small business owner
255,Yes,"Yes, I will",purple,,Candidate 1,,,,,,,Candidate 2,Age,37,,,,,,,Prefer not to disclose,Prefer not to disclose,Female,0.9813569679347232,0.125,0.25,0.375,0.5,0.625,0.75,0.875,0.39978656927118694,49,62,Brendan Schmitt,Jay O'Connell,No experience,No experience,Restaurant owner,Small business owner
256,Yes,"Yes, I will",purple,Candidate 2,,,,,,,,Candidate 2,Age,60,,,,,White,,,No,Male,0.8985226996938053,0.125,0.25,0.375,0.5,0.625,0.75,0.875,0.24348553625016603,49,62,Brendan Schmitt,Jay O'Connell,No experience,No experience,Restaurant owner,Small business owner
257,Yes,"Yes, I will",purple,,,,,Candidate 1,,,,Candidate 2,Age,21,,Asian,,,,,,No,Male,0.6077366870845986,0.125,0.25,0.375,0.5,0.625,0.75,0.875,0.4920535864057144,49,62,Tremayne Rivers,Rasheed Mosely,Member of Congress,State legislator,Restaurant owner,Small business owner
258,Yes,"Yes, I will",purple,,,,,,,,Candidate 1,Candidate 2,Age,56,,,,,White,,,No,Female,5.947265309735e-4,0.125,0.25,0.375,0.5,0.625,0.75,0.875,0.05741538201864236,49,62,Laurie Schmitt,Allison O'Connell,Member of Congress,State legislator,Restaurant owner,Small business owner
259,Yes,"Yes, I will",Purple,,,,,,,Candidate 1,,Candidate 2,Age,35,,,,,White,,,Yes,Female,0.3041052136812604,0.125,0.25,0.375,0.5,0.625,0.75,0.875,0.1859290355783722,49,62,Tanisha Rivers,Keisha Mosely,Member of Congress,State legislator,Restaurant owner,Small business owner
260,Yes,"Yes, I will",purple,,,Candidate 1,,,,,,Candidate 2,Age,36,American Indian or Alaska Native,,,,White,,,No,Male,0.8163331481200488,0.125,0.25,0.375,0.5,0.625,0.75,0.875,0.4909793894018464,49,62,Brendan Schmitt,Jay O'Connell,Member of Congress,State legislator,Restaurant owner,Small business owner
261,Yes,"Yes, I will",purple,,,,Candidate 1,,,,,Candidate 2,Age,47,,Asian,,,,,,No,Male,0.8065271428335754,0.125,0.25,0.375,0.5,0.625,0.75,0.875,0.9151672550745232,49,62,Brendan Schmitt,Jay O'Connell,Member of Congress,State legislator,Restaurant owner,Small business owner
262,Yes,"Yes, I will",purple,,,Candidate 2,,,,,,Candidate 1,Age,26,,,,,White,,,No,Female,0.01569317956820437,0.125,0.25,0.375,0.5,0.625,0.75,0.875,0.11942448446513725,49,62,Laurie Schmitt,Allison O'Connell,Member of Congress,State legislator,Restaurant owner,Small business owner
263,Yes,"Yes, I will",purple,,,,,Candidate 1,,,,Candidate 2,Age,33,,,,,White,,,No,Female,0.8297716474229869,0.125,0.25,0.375,0.5,0.625,0.75,0.875,0.200387459760622,49,62,Brendan Schmitt,Jay O'Connell,Member of Congress,State legislator,Restaurant owner,Small business owner
264,Yes,"Yes, I will",purple,,,Candidate 2,,,,,,Candidate 1,Age,42,,,,,White,,,No,Male,0.04219251802242187,0.125,0.25,0.375,0.5,0.625,0.75,0.875,0.9604852064420668,62,49,Laurie Schmitt,Allison O'Connell,Member of Congress,State legislator,Restaurant owner,Small business owner
265,Yes,"Yes, I will",purple,Candidate 1,,,,,,,,Candidate 2,Age,21,,,,,White,,,No,Prefer not to disclose,0.7148320825572201,0.125,0.25,0.375,0.5,0.625,0.75,0.875,0.1523816138860727,49,62,Tremayne Rivers,Rasheed Mosely,No experience,No experience,Restaurant owner,Small business owner
266,Yes,"Yes, I will",purple,,,,,,,Candidate 1,,Candidate 1,Age,35,,,,,White,Other,,Yes,Male,0.6944071687046455,0.125,0.25,0.375,0.5,0.625,0.75,0.875,0.6367897246118611,62,49,Tremayne Rivers,Rasheed Mosely,No experience,No experience,Restaurant owner,Small business owner
267,Yes,"Yes, I will",purple,,,,,,,Candidate 1,,Candidate 2,Age,21,,Asian,,,,,,No,Female,0.8894562681413852,0.125,0.25,0.375,0.5,0.625,0.75,0.875,0.3709520274705608,49,62,Brendan Schmitt,Jay O'Connell,No experience,No experience,Restaurant owner,Small business owner
268,Yes,"Yes, I will",purple,,,,,,,,Candidate 1,Candidate 2,Age,31,,,,,White,,,No,Female,0.5435109945348257,0.125,0.25,0.375,0.5,0.625,0.75,0.875,0.043768083686886373,49,62,Tremayne Rivers,Rasheed Mosely,Member of Congress,State legislator,Restaurant owner,Small business owner
269,Yes,"Yes, I will",purple,,Candidate 1,,,,,,,Candidate 1,Age,28,,,Black or African American,,,,,No,Male,0.7727627807233396,0.125,0.25,0.375,0.5,0.625,0.75,0.875,0.8369587331164998,62,49,Brendan Schmitt,Jay O'Connell,Member of Congress,State legislator,Restaurant owner,Small business owner
270,Yes,"Yes, I will",purple,,,Candidate 1,,,,,,Candidate 2,Age,24,,,,,White,,,No,Male,0.7435466639566111,0.125,0.25,0.375,0.5,0.625,0.75,0.875,0.07495823620701168,49,62,Tremayne Rivers,Rasheed Mosely,No experience,No experience,Restaurant owner,Small business owner
271,Yes,"Yes, I will",purple,,,Candidate 1,,,,,,Candidate 2,Age,32,,,,,White,,,No,Male,0.3216344156120053,0.125,0.25,0.375,0.5,0.625,0.75,0.875,0.22100649429974295,49,62,Tanisha Rivers,Keisha Mosely,Member of Congress,State legislator,Restaurant owner,Small business owner
272,Yes,"Yes, I will",purple,,,,,,Candidate 1,,,Candidate 2,Age,35,,Asian,,,,,,No,Male,0.5485155946920895,0.125,0.25,0.375,0.5,0.625,0.75,0.875,0.1259164596269644,49,62,Tremayne Rivers,Rasheed Mosely,Member of Congress,State legislator,Restaurant owner,Small business owner
273,Yes,"Yes, I will",purple,,Candidate 1,,,,,,,Candidate 1,Age,27,,,,,White,,,No,Female,0.6767105065930427,0.125,0.25,0.375,0.5,0.625,0.75,0.875,0.9070273758627072,62,49,Tremayne Rivers,Rasheed Mosely,No experience,No experience,Restaurant owner,Small business owner
274,Yes,"Yes, I will",purple,,Candidate 1,,,,,,,Candidate 1,Age,33,,,,,White,,,Yes,Male,0.25838943297471606,0.125,0.25,0.375,0.5,0.625,0.75,0.875,0.5514464407580547,62,49,Tanisha Rivers,Keisha Mosely,Member of Congress,State legislator,Restaurant owner,Small business owner
275,Yes,"Yes, I will",purple,,,,,Candidate 2,,,,Candidate 1,Age,66,,,,,White,,,No,Male,0.3407805015660777,0.125,0.25,0.375,0.5,0.625,0.75,0.875,0.7559828955577647,62,49,Tanisha Rivers,Keisha Mosely,Member of Congress,State legislator,Restaurant owner,Small business owner
276,Yes,"Yes, I will",purple,,,,,,Candidate 1,,,Candidate 1,Age,37,,,Black or African American,,,,,No,Male,0.02451040410076044,0.125,0.25,0.375,0.5,0.625,0.75,0.875,0.8911075237884902,62,49,Laurie Schmitt,Allison O'Connell,Member of Congress,State legislator,Restaurant owner,Small business owner
277,Yes,"Yes, I will",purple,,,,,,,,Candidate 2,Candidate 1,Age,20,,,,,White,,,No,Male,0.0667092041267802,0.125,0.25,0.375,0.5,0.625,0.75,0.875,0.5250809047196714,62,49,Laurie Schmitt,Allison O'Connell,Member of Congress,State legislator,Restaurant owner,Small business owner
278,Yes,"Yes, I will",purple,,Candidate 2,,,,,,,Candidate 2,Age,41,,,,,White,,,No,Female,0.6889672183173167,0.125,0.25,0.375,0.5,0.625,0.75,0.875,0.09236154707436486,49,62,Tremayne Rivers,Rasheed Mosely,No experience,No experience,Restaurant owner,Small business owner
279,Yes,"Yes, I will",purple,,,,,,,,Candidate 1,Candidate 2,Age,27,,Asian,,,,,,No,Male,0.3275109430140608,0.125,0.25,0.375,0.5,0.625,0.75,0.875,0.8008667055519453,49,62,Tanisha Rivers,Keisha Mosely,Member of Congress,State legislator,Restaurant owner,Small business owner
280,Yes,"Yes, I will",purple,,,,,,,,Candidate 2,Candidate 2,Age,50,,,Black or African American,,,,,No,Female,0.22180969180115723,0.125,0.25,0.375,0.5,0.625,0.75,0.875,0.11847382041590145,49,62,Laurie Schmitt,Allison O'Connell,No experience,No experience,Restaurant owner,Small business owner
281,Yes,"Yes, I will",purple,,,,,,,,Candidate 1,Candidate 1,Age,36,,Asian,,,,,,Yes,Male,0.5018378169047268,0.125,0.25,0.375,0.5,0.625,0.75,0.875,0.8008050480393705,62,49,Tremayne Rivers,Rasheed Mosely,Member of Congress,State legislator,Restaurant owner,Small business owner
282,Yes,"Yes, I will",purple,,,,,,Candidate 1,,,Candidate 2,Age,73,,,,,White,,,No,Female,0.6203317254829062,0.125,0.25,0.375,0.5,0.625,0.75,0.875,0.12342130046417502,49,62,Tremayne Rivers,Rasheed Mosely,Member of Congress,State legislator,Restaurant owner,Small business owner
283,Yes,"Yes, I will",Purple,,,,,,Candidate 2,,,Candidate 1,Age,25,,Asian,,,White,,,No,Female,0.4991208772405798,0.125,0.25,0.375,0.5,0.625,0.75,0.875,0.7640760032842113,62,49,Tanisha Rivers,Keisha Mosely,No experience,No experience,Restaurant owner,Small business owner
284,Yes,"Yes, I will",purple,,,,,,,Candidate 2,,Candidate 2,Age,28,,Asian,,,,,,No,Female,0.7100641519553177,0.125,0.25,0.375,0.5,0.625,0.75,0.875,0.00871231500262215,49,62,Tremayne Rivers,Rasheed Mosely,No experience,No experience,Restaurant owner,Small business owner
285,Yes,"Yes, I will",purple,Candidate 1,,,,,,,,Candidate 1,Age,30,,,,,White,,,No,Female,0.4800944247935187,0.125,0.25,0.375,0.5,0.625,0.75,0.875,0.918356104269241,62,49,Tanisha Rivers,Keisha Mosely,No experience,No experience,Restaurant owner,Small business owner
286,Yes,"Yes, I will",purple,,,,,,,,Candidate 1,Candidate 2,Age,36,,,,,White,,,No,Female,0.7333459781327625,0.125,0.25,0.375,0.5,0.625,0.75,0.875,0.22158885356541463,49,62,Tremayne Rivers,Rasheed Mosely,No experience,No experience,Restaurant owner,Small business owner
287,Yes,"Yes, I will",purple,,,,,,Candidate 1,,,Candidate 1,Age,23,,,,,White,,,No,Female,0.6920127646746144,0.125,0.25,0.375,0.5,0.625,0.75,0.875,0.6656786176994626,62,49,Tremayne Rivers,Rasheed Mosely,No experience,No experience,Restaurant owner,Small business owner
288,Yes,"Yes, I will",purple,,,,,,,,Candidate 2,Candidate 1,Age,44,,,,,White,,,No,Female,0.34195413099181704,0.125,0.25,0.375,0.5,0.625,0.75,0.875,0.6269781446612854,62,49,Tanisha Rivers,Keisha Mosely,Member of Congress,State legislator,Restaurant owner,Small business owner
289,Yes,"Yes, I will",purple,,,,,,Candidate 2,,,Candidate 1,Age,26,,Asian,,,,,,No,Male,0.524933657731147,0.125,0.25,0.375,0.5,0.625,0.75,0.875,0.9645062426488162,62,49,Tremayne Rivers,Rasheed Mosely,Member of Congress,State legislator,Restaurant owner,Small business owner
290,Yes,"Yes, I will",purple,,,,,Candidate 2,,,,Candidate 2,Age,64,,,,,White,,,No,Female,0.05811647722919389,0.125,0.25,0.375,0.5,0.625,0.75,0.875,0.4257231013443607,49,62,Laurie Schmitt,Allison O'Connell,Member of Congress,State legislator,Restaurant owner,Small business owner
291,Yes,"Yes, I will",purple,,,,,,Candidate 1,,,Candidate 1,Age,30,,,,,White,,,Yes,Male,0.5873154768690736,0.125,0.25,0.375,0.5,0.625,0.75,0.875,0.9741630076836244,62,49,Tremayne Rivers,Rasheed Mosely,Member of Congress,State legislator,Restaurant owner,Small business owner
292,Yes,"Yes, I will",purple,,,Candidate 1,,,,,,Candidate 2,Age,54,,,,,White,,,No,Female,0.9249837666109632,0.125,0.25,0.375,0.5,0.625,0.75,0.875,0.2711651237381541,49,62,Brendan Schmitt,Jay O'Connell,No experience,No experience,Restaurant owner,Small business owner
293,Yes,"Yes, I will",purple,,,,,,Candidate 1,,,Candidate 2,Age,26,,Asian,,,,,,No,Male,0.442455126541307,0.125,0.25,0.375,0.5,0.625,0.75,0.875,0.3211381263847319,49,62,Tanisha Rivers,Keisha Mosely,No experience,No experience,Restaurant owner,Small business owner
294,Yes,"Yes, I will",purple,,,,,,,,Candidate 2,Candidate 1,Age,36,,,,,White,,,No,Female,0.3421037447038348,0.125,0.25,0.375,0.5,0.625,0.75,0.875,0.8649850496707915,62,49,Tanisha Rivers,Keisha Mosely,Member of Congress,State legislator,Restaurant owner,Small business owner
295,Yes,"Yes, I will",purple,,,Candidate 2,,,,,,Candidate 2,Age,47,,,,,White,,,No,Female,0.3169518549267556,0.125,0.25,0.375,0.5,0.625,0.75,0.875,0.7055774183724023,49,62,Tanisha Rivers,Keisha Mosely,Member of Congress,State legislator,Restaurant owner,Small business owner
296,Yes,"Yes, I will",purple,,,Candidate 2,,,,,,Candidate 1,Age,43,,,,,White,,,No,Female,0.0889468312004923,0.125,0.25,0.375,0.5,0.625,0.75,0.875,0.6425197263347264,62,49,Laurie Schmitt,Allison O'Connell,Member of Congress,State legislator,Restaurant owner,Small business owner
297,Yes,"Yes, I will",purple,,,,,,,,Candidate 2,Candidate 1,Age,29,,,,,White,,,No,Female,0.22978512342781413,0.125,0.25,0.375,0.5,0.625,0.75,0.875,0.7310798263016809,62,49,Laurie Schmitt,Allison O'Connell,No experience,No experience,Restaurant owner,Small business owner
298,Yes,"Yes, I will",purple,,Candidate 2,,,,,,,Candidate 1,Age,43,,,,,White,,,No,Male,0.6733870824504148,0.125,0.25,0.375,0.5,0.625,0.75,0.875,0.6007745740005688,62,49,Tremayne Rivers,Rasheed Mosely,No experience,No experience,Restaurant owner,Small business owner
299,Yes,"Yes, I will",purple,,,,,Candidate 2,,,,Candidate 1,Age,71,,,,,White,,,No,Male,0.8389380813666941,0.125,0.25,0.375,0.5,0.625,0.75,0.875,0.00832400215052161,49,62,Brendan Schmitt,Jay O'Connell,Member of Congress,State legislator,Restaurant owner,Small business owner
300,Yes,"Yes, I will",purple,,,,,Candidate 1,,,,Candidate 1,Age,57,,,,,White,,,No,Male,0.3723101037024311,0.125,0.25,0.375,0.5,0.625,0.75,0.875,0.7377461068652911,62,49,Tanisha Rivers,Keisha Mosely,Member of Congress,State legislator,Restaurant owner,Small business owner
301,Yes,"Yes, I will",purple,,Candidate 1,,,,,,,Candidate 2,Age,38,,,Black or African American,,,,,Yes,Male,0.6402251458820479,0.125,0.25,0.375,0.5,0.625,0.75,0.875,0.1365371542369335,49,62,Tremayne Rivers,Rasheed Mosely,No experience,No experience,Restaurant owner,Small business owner
302,Yes,"Yes, I will",purple,,,,,,,,Candidate 1,Candidate 2,Age,32,,Asian,,,,,,No,Male,0.5965217919080802,0.125,0.25,0.375,0.5,0.625,0.75,0.875,0.22581189503562912,49,62,Tremayne Rivers,Rasheed Mosely,Member of Congress,State legislator,Restaurant owner,Small business owner
303,Yes,"Yes, I will",Purple,,,,,,,,Candidate 1,Candidate 2,Age,26,,,,,White,,,Yes,Female,0.4122049171505973,0.125,0.25,0.375,0.5,0.625,0.75,0.875,0.1386146531763055,49,62,Tanisha Rivers,Keisha Mosely,No experience,No experience,Restaurant owner,Small business owner
304,Yes,"Yes, I will",purple,,,,,,Candidate 1,,,Candidate 2,Age,26,,,,,White,,,No,Female,0.451695055806007,0.125,0.25,0.375,0.5,0.625,0.75,0.875,0.04545884557195447,49,62,Tanisha Rivers,Keisha Mosely,No experience,No experience,Restaurant owner,Small business owner
305,Yes,"Yes, I will",purple,,,,Candidate 2,,,,,Candidate 1,Age,41,,,,,White,,,No,Male,0.4816657240692679,0.125,0.25,0.375,0.5,0.625,0.75,0.875,0.8306920083311135,62,49,Tanisha Rivers,Keisha Mosely,No experience,No experience,Restaurant owner,Small business owner
306,Yes,"Yes, I will",purple,,,,,Candidate 1,,,,Candidate 2,Age,32,American Indian or Alaska Native,,,,,,,No,Male,0.04932091502689777,0.125,0.25,0.375,0.5,0.625,0.75,0.875,0.4523037738288529,49,62,Laurie Schmitt,Allison O'Connell,Member of Congress,State legislator,Restaurant owner,Small business owner
307,Yes,"Yes, I will",Purple,,,,Candidate 2,,,,,Candidate 2,Age,46,,,,,White,,,No,Female,0.8666039136859132,0.125,0.25,0.375,0.5,0.625,0.75,0.875,0.12078227128851746,49,62,Brendan Schmitt,Jay O'Connell,Member of Congress,State legislator,Restaurant owner,Small business owner
308,Yes,"Yes, I will",purple,,,,,,,Candidate 1,,Candidate 2,Age,49,,,,,White,,,No,Male,0.5180702410913236,0.125,0.25,0.375,0.5,0.625,0.75,0.875,0.2702275298699335,49,62,Tremayne Rivers,Rasheed Mosely,Member of Congress,State legislator,Restaurant owner,Small business owner
309,Yes,"Yes, I will",purple,,,,,,,,Candidate 1,I don't know,Age,41,American Indian or Alaska Native,,,,White,,,No,Female,0.331507606509027,0.125,0.25,0.375,0.5,0.625,0.75,0.875,0.5372915669664022,62,49,Tanisha Rivers,Keisha Mosely,Member of Congress,State legislator,Restaurant owner,Small business owner
310,Yes,"Yes, I will",purple,,,,Candidate 2,,,,,Candidate 2,Age,44,,,Black or African American,,,,,No,Female,0.2643027429618646,0.125,0.25,0.375,0.5,0.625,0.75,0.875,0.3572902212285647,49,62,Tanisha Rivers,Keisha Mosely,Member of Congress,State legislator,Restaurant owner,Small business owner
311,Yes,"Yes, I will",purple,,,Candidate 2,,,,,,Candidate 1,Age,27,,Asian,,,,,,No,Male,0.5080556747289504,0.125,0.25,0.375,0.5,0.625,0.75,0.875,0.8488700217215507,62,49,Tremayne Rivers,Rasheed Mosely,Member of Congress,State legislator,Restaurant owner,Small business owner
312,Yes,"Yes, I will",purple,,,,Candidate 2,,,,,Candidate 2,Age,26,,,,,,,Prefer not to disclose,Yes,Male,0.5209707781954135,0.125,0.25,0.375,0.5,0.625,0.75,0.875,0.05961413100818501,49,62,Tremayne Rivers,Rasheed Mosely,Member of Congress,State legislator,Restaurant owner,Small business owner
313,Yes,"Yes, I will",purple,Candidate 1,,,,,,,,Candidate 2,Age,25,,,Black or African American,,,,,No,Male,0.21421127911056653,0.125,0.25,0.375,0.5,0.625,0.75,0.875,0.3818509831050995,49,62,Laurie Schmitt,Allison O'Connell,No experience,No experience,Restaurant owner,Small business owner
314,Yes,"Yes, I will",purple,Candidate 1,,,,,,,,Candidate 2,Age,63,,,,,White,,,No,Female,0.3900424166093679,0.125,0.25,0.375,0.5,0.625,0.75,0.875,0.2596287241344407,49,62,Tanisha Rivers,Keisha Mosely,No experience,No experience,Restaurant owner,Small business owner
315,Yes,"Yes, I will",purple,,Candidate 2,,,,,,,Candidate 1,Age,45,,,,,White,,,No,Female,0.562098550741118,0.125,0.25,0.375,0.5,0.625,0.75,0.875,0.9122517381124784,62,49,Tremayne Rivers,Rasheed Mosely,Member of Congress,State legislator,Restaurant owner,Small business owner
316,Yes,"Yes, I will",purple,,,,Candidate 1,,,,,Candidate 2,Age,27,,,,,,,Prefer not to disclose,Prefer not to disclose,Male,0.0213908038617556,0.125,0.25,0.375,0.5,0.625,0.75,0.875,0.25044954853375667,49,62,Laurie Schmitt,Allison O'Connell,Member of Congress,State legislator,Restaurant owner,Small business owner
317,Yes,"Yes, I will",purple,,,,,,,,Candidate 1,Candidate 2,Age,23,,,,,White,,,No,Female,0.1551401731919358,0.125,0.25,0.375,0.5,0.625,0.75,0.875,0.3881554101566214,49,62,Laurie Schmitt,Allison O'Connell,No experience,No experience,Restaurant owner,Small business owner
318,Yes,"Yes, I will",purple,,Candidate 2,,,,,,,Candidate 1,Age,32,,,Black or African American,,,,,No,Male,0.6653621207609219,0.125,0.25,0.375,0.5,0.625,0.75,0.875,0.9070051552045636,62,49,Tremayne Rivers,Rasheed Mosely,No experience,No experience,Restaurant owner,Small business owner
319,Yes,"Yes, I will",purple,,,,Candidate 2,,,,,Candidate 2,Age,33,,Asian,,,White,Other,,No,Male,0.3777402153652488,0.125,0.25,0.375,0.5,0.625,0.75,0.875,0.32156291611529025,49,62,Tanisha Rivers,Keisha Mosely,No experience,No experience,Restaurant owner,Small business owner
320,Yes,"Yes, I will",purple,,,Candidate 2,,,,,,Candidate 1,Age,34,,,,,White,,,No,Female,0.7222781092213183,0.125,0.25,0.375,0.5,0.625,0.75,0.875,0.7189841085856278,62,49,Tremayne Rivers,Rasheed Mosely,No experience,No experience,Restaurant owner,Small business owner
321,Yes,"Yes, I will",purple,,Candidate 1,,,,,,,Candidate 2,Age,37,,,,,White,,,No,Male,0.7944457386141749,0.125,0.25,0.375,0.5,0.625,0.75,0.875,0.20256141345076295,49,62,Brendan Schmitt,Jay O'Connell,Member of Congress,State legislator,Restaurant owner,Small business owner
322,Yes,"Yes, I will",purple,,,,,,Candidate 2,,,Candidate 1,Age,31,,,,,White,,,No,Female,0.9486606339804504,0.125,0.25,0.375,0.5,0.625,0.75,0.875,0.8305446791533717,62,49,Brendan Schmitt,Jay O'Connell,No experience,No experience,Restaurant owner,Small business owner
323,Yes,"Yes, I will",purple,,,Candidate 1,,,,,,Candidate 2,Age,34,,Asian,,,,,,No,Female,0.7649977823637887,0.125,0.25,0.375,0.5,0.625,0.75,0.875,0.4853850362089893,49,62,Brendan Schmitt,Jay O'Connell,Member of Congress,State legislator,Restaurant owner,Small business owner
324,Yes,"Yes, I will",Purple,,,,Candidate 2,,,,,Candidate 2,Age,31,,,,,White,,,No,Female,0.1102750322572596,0.125,0.25,0.375,0.5,0.625,0.75,0.875,0.2876301559823635,49,62,Laurie Schmitt,Allison O'Connell,Member of Congress,State legislator,Restaurant owner,Small business owner
325,Yes,"Yes, I will",purple,,,Candidate 1,,,,,,Candidate 2,Age,23,,,,,White,,,No,Male,0.6280375857902778,0.125,0.25,0.375,0.5,0.625,0.75,0.875,0.31218917488869957,49,62,Tremayne Rivers,Rasheed Mosely,No experience,No experience,Restaurant owner,Small business owner
326,Yes,"Yes, I will",purple,,Candidate 2,,,,,,,Candidate 2,Age,37,,,,,White,,,No,Male,0.5867460855717646,0.125,0.25,0.375,0.5,0.625,0.75,0.875,0.4487668288519529,49,62,Tremayne Rivers,Rasheed Mosely,Member of Congress,State legislator,Restaurant owner,Small business owner
327,Yes,"Yes, I will",purple,,,,,Candidate 1,,,,Candidate 1,Age,50,,,,,White,,,No,Male,0.9342563184756452,0.125,0.25,0.375,0.5,0.625,0.75,0.875,0.8968247314674838,62,49,Brendan Schmitt,Jay O'Connell,No experience,No experience,Restaurant owner,Small business owner
328,Yes,"Yes, I will",purple,,,Candidate 2,,,,,,Candidate 1,Age,27,,,,,White,,,No,Male,0.33535273660331794,0.125,0.25,0.375,0.5,0.625,0.75,0.875,0.9466222075155524,62,49,Tanisha Rivers,Keisha Mosely,Member of Congress,State legislator,Restaurant owner,Small business owner
329,Yes,"Yes, I will",purple,,,,,,,Candidate 2,,Candidate 1,Age,41,,,,,White,,,No,Male,0.8448702357348218,0.125,0.25,0.375,0.5,0.625,0.75,0.875,0.6229840455630291,62,49,Brendan Schmitt,Jay O'Connell,Member of Congress,State legislator,Restaurant owner,Small business owner
330,Yes,"Yes, I will",purple,,,,,Candidate 2,,,,Candidate 1,Age,19,,,,,White,,,No,Male,0.9387490018128298,0.125,0.25,0.375,0.5,0.625,0.75,0.875,0.9661698448392958,62,49,Brendan Schmitt,Jay O'Connell,No experience,No experience,Restaurant owner,Small business owner
331,Yes,"Yes, I will",Purple,,,,,Candidate 2,,,,Candidate 2,Age,43,,,,,White,,,No,Female,0.8528853996779968,0.125,0.25,0.375,0.5,0.625,0.75,0.875,0.04808279756644806,49,62,Brendan Schmitt,Jay O'Connell,Member of Congress,State legislator,Restaurant owner,Small business owner
332,Yes,"Yes, I will",purple,,Candidate 2,,,,,,,Candidate 1,Age,56,,,,,White,,,No,Female,0.5110951069535443,0.125,0.25,0.375,0.5,0.625,0.75,0.875,0.5594643893557285,62,49,Tremayne Rivers,Rasheed Mosely,Member of Congress,State legislator,Restaurant owner,Small business owner
333,Yes,"Yes, I will",purple,,,,,,,,Candidate 1,Candidate 2,Age,31,,,,,White,Other,,Yes,Female,0.6308740502295257,0.125,0.25,0.375,0.5,0.625,0.75,0.875,0.01901131892088133,49,62,Tremayne Rivers,Rasheed Mosely,No experience,No experience,Restaurant owner,Small business owner
334,Yes,"Yes, I will",purple,,,,,,,,Candidate 1,Candidate 2,Age,33,,,,,White,,,No,Male,0.00842533027949401,0.125,0.25,0.375,0.5,0.625,0.75,0.875,0.02591225505478499,49,62,Laurie Schmitt,Allison O'Connell,Member of Congress,State legislator,Restaurant owner,Small business owner
335,Yes,"Yes, I will",Purple,,Candidate 1,,,,,,,Candidate 2,Age,35,,Asian,,,,,,No,Male,0.28636180942094924,0.125,0.25,0.375,0.5,0.625,0.75,0.875,0.16864422084033587,49,62,Tanisha Rivers,Keisha Mosely,Member of Congress,State legislator,Restaurant owner,Small business owner
336,Yes,"Yes, I will",purple,,,,Candidate 2,,,,,Candidate 1,Age,25,,,,,White,,,No,Female,0.8832929064247973,0.125,0.25,0.375,0.5,0.625,0.75,0.875,0.9189167006218146,62,49,Brendan Schmitt,Jay O'Connell,No experience,No experience,Restaurant owner,Small business owner
337,Yes,"Yes, I will",purple,Candidate 1,,,,,,,,Candidate 2,Age,35,,,,,White,,,No,Male,0.24419248342611652,0.125,0.25,0.375,0.5,0.625,0.75,0.875,0.06459152234359447,49,62,Laurie Schmitt,Allison O'Connell,No experience,No experience,Restaurant owner,Small business owner
338,Yes,"Yes, I will",purple,,Candidate 1,,,,,,,Candidate 2,Age,54,,,,,White,,,No,Male,0.30223468791279817,0.125,0.25,0.375,0.5,0.625,0.75,0.875,0.5432304932138022,49,62,Tanisha Rivers,Keisha Mosely,Member of Congress,State legislator,Restaurant owner,Small business owner
339,Yes,"Yes, I will",purple,Candidate 1,,,,,,,,Candidate 2,Age,28,,,,,White,,,No,Female,0.3069249424866692,0.125,0.25,0.375,0.5,0.625,0.75,0.875,0.8353283614468129,49,62,Tanisha Rivers,Keisha Mosely,Member of Congress,State legislator,Restaurant owner,Small business owner
340,Yes,"Yes, I will",Purple,,,,,,Candidate 1,,,Candidate 2,Age,36,,,,,White,,,No,Female,0.01289575337732577,0.125,0.25,0.375,0.5,0.625,0.75,0.875,0.7468319567262269,49,62,Laurie Schmitt,Allison O'Connell,Member of Congress,State legislator,Restaurant owner,Small business owner
341,Yes,"Yes, I will",purple,,,,,,Candidate 2,,,Candidate 1,Age,42,,Asian,,,,,,No,Male,0.5782267964860021,0.125,0.25,0.375,0.5,0.625,0.75,0.875,0.7039925825558585,62,49,Tremayne Rivers,Rasheed Mosely,Member of Congress,State legislator,Restaurant owner,Small business owner
342,Yes,"Yes, I will",purple,,,,,,,Candidate 1,,Candidate 1,Age,42,,,,,White,,,No,Female,0.4345716124946651,0.125,0.25,0.375,0.5,0.625,0.75,0.875,0.5053227482143144,62,49,Tanisha Rivers,Keisha Mosely,No experience,No experience,Restaurant owner,Small business owner
343,Yes,"Yes, I will",purple,,,,,,,Candidate 1,,I don't know,Age,36,,,,,White,,,No,Female,0.27624018729576844,0.125,0.25,0.375,0.5,0.625,0.75,0.875,0.4860855423580123,49,62,Tanisha Rivers,Keisha Mosely,Member of Congress,State legislator,Restaurant owner,Small business owner
344,Yes,"Yes, I will",purple,,,,Candidate 2,,,,,Candidate 1,Age,42,,,Black or African American,,,,,No,Male,0.40209349393893346,0.125,0.25,0.375,0.5,0.625,0.75,0.875,0.9735835171243138,62,49,Tanisha Rivers,Keisha Mosely,No experience,No experience,Restaurant owner,Small business owner
345,Yes,"Yes, I will",purple,,,Candidate 2,,,,,,Candidate 1,Age,21,,Asian,,,,,,No,Male,0.34823743075789826,0.125,0.25,0.375,0.5,0.625,0.75,0.875,0.5140706918933593,62,49,Tanisha Rivers,Keisha Mosely,Member of Congress,State legislator,Restaurant owner,Small business owner
346,Yes,"Yes, I will",purple,,,,,,Candidate 1,,,Candidate 1,Age,65,,,,,White,,,No,Female,0.19969501001753265,0.125,0.25,0.375,0.5,0.625,0.75,0.875,0.9207332078182914,62,49,Laurie Schmitt,Allison O'Connell,No experience,No experience,Restaurant owner,Small business owner
347,Yes,"Yes, I will",purple,Candidate 1,,,,,,,,Candidate 2,Age,37,,,,,White,,,No,Male,0.517548711858119,0.125,0.25,0.375,0.5,0.625,0.75,0.875,0.158057200060705,49,62,Tremayne Rivers,Rasheed Mosely,Member of Congress,State legislator,Restaurant owner,Small business owner
348,Yes,"Yes, I will",purple,,,,Candidate 2,,,,,Candidate 1,Age,36,,,,,White,,,No,Male,0.5033200233018306,0.125,0.25,0.375,0.5,0.625,0.75,0.875,0.6338795015201624,62,49,Tremayne Rivers,Rasheed Mosely,Member of Congress,State legislator,Restaurant owner,Small business owner
349,Yes,"Yes, I will",purple,,,,,,,Candidate 1,,Candidate 1,Age,23,,,,,White,,,No,Female,0.2280690989522424,0.125,0.25,0.375,0.5,0.625,0.75,0.875,0.9091233918231734,62,49,Laurie Schmitt,Allison O'Connell,No experience,No experience,Restaurant owner,Small business owner
350,Yes,"Yes, I will",purple,,,,,,,Candidate 2,,Candidate 1,Age,57,,,Black or African American,,,,,No,Male,0.6934427553074068,0.125,0.25,0.375,0.5,0.625,0.75,0.875,0.5956276135043306,62,49,Tremayne Rivers,Rasheed Mosely,No experience,No experience,Restaurant owner,Small business owner
351,Yes,"Yes, I will",purple,,,,,,Candidate 2,,,Candidate 2,Age,60,,,,,White,,,No,Male,0.9387861264261383,0.125,0.25,0.375,0.5,0.625,0.75,0.875,0.439624637002038,49,62,Brendan Schmitt,Jay O'Connell,No experience,No experience,Restaurant owner,Small business owner
352,Yes,"Yes, I will",purple,,,,Candidate 1,,,,,Candidate 2,Age,55,,,,,White,,,No,Female,0.2690788345106595,0.125,0.25,0.375,0.5,0.625,0.75,0.875,0.0458158897342663,49,62,Tanisha Rivers,Keisha Mosely,Member of Congress,State legislator,Restaurant owner,Small business owner
353,Yes,"Yes, I will",purple,,,,,Candidate 2,,,,Candidate 1,Age,41,,,,,White,,,No,Male,0.9679073539953464,0.125,0.25,0.375,0.5,0.625,0.75,0.875,0.6771683426753544,62,49,Brendan Schmitt,Jay O'Connell,No experience,No experience,Restaurant owner,Small business owner
354,Yes,"Yes, I will",purple,,,Candidate 1,,,,,,Candidate 2,Age,54,,,,,White,,,No,Male,0.564530127580401,0.125,0.25,0.375,0.5,0.625,0.75,0.875,0.3768609444091238,49,62,Tremayne Rivers,Rasheed Mosely,Member of Congress,State legislator,Restaurant owner,Small business owner
355,Yes,"Yes, I will",purple,Candidate 2,,,,,,,,Candidate 2,Age,27,,,,,White,,,No,Male,0.29751180980762276,0.125,0.25,0.375,0.5,0.625,0.75,0.875,0.13734935064272707,49,62,Tanisha Rivers,Keisha Mosely,Member of Congress,State legislator,Restaurant owner,Small business owner
356,Yes,"Yes, I will",purple,,,,,,,,Candidate 1,Candidate 1,Age,30,,,,,White,,,No,Female,0.6038429480054981,0.125,0.25,0.375,0.5,0.625,0.75,0.875,0.4079632143042896,49,62,Tremayne Rivers,Rasheed Mosely,Member of Congress,State legislator,Restaurant owner,Small business owner
357,Yes,"Yes, I will",purple,,,,,,,,Candidate 1,Candidate 2,Age,57,,,,,White,,,No,Female,0.02897797409188421,0.125,0.25,0.375,0.5,0.625,0.75,0.875,0.33393265338007655,49,62,Laurie Schmitt,Allison O'Connell,Member of Congress,State legislator,Restaurant owner,Small business owner
358,Yes,"Yes, I will",purple,,,,,,Candidate 1,,,Candidate 1,Age,45,,,,,White,,,No,Female,0.8213570373648212,0.125,0.25,0.375,0.5,0.625,0.75,0.875,0.9173712653381216,62,49,Brendan Schmitt,Jay O'Connell,Member of Congress,State legislator,Restaurant owner,Small business owner
359,Yes,"Yes, I will",purple,,,,,,,,Candidate 1,Candidate 1,Age,40,,,,,White,,,No,Female,0.9716135947898992,0.125,0.25,0.375,0.5,0.625,0.75,0.875,0.9350841173285348,62,49,Brendan Schmitt,Jay O'Connell,No experience,No experience,Restaurant owner,Small business owner
360,Yes,"Yes, I will",purple,,,,,,,,Candidate 1,Candidate 2,Age,44,,,,,White,,,No,Male,0.4050606026791642,0.125,0.25,0.375,0.5,0.625,0.75,0.875,0.0024860294075883,49,62,Tanisha Rivers,Keisha Mosely,No experience,No experience,Restaurant owner,Small business owner
361,Yes,"Yes, I will",purple,,Candidate 2,,,,,,,Candidate 1,Age,36,,,,,White,,,No,Male,0.4369608218402045,0.125,0.25,0.375,0.5,0.625,0.75,0.875,0.922699604398268,62,49,Tanisha Rivers,Keisha Mosely,No experience,No experience,Restaurant owner,Small business owner
362,Yes,"Yes, I will",purple,,,,,Candidate 2,,,,Candidate 1,Age,28,,,,,White,,,No,Male,0.7924692367185999,0.125,0.25,0.375,0.5,0.625,0.75,0.875,0.6760731916120446,62,49,Brendan Schmitt,Jay O'Connell,Member of Congress,State legislator,Restaurant owner,Small business owner
363,Yes,"Yes, I will",purple,,,,,,,,Candidate 2,Candidate 2,Age,45,,,,,White,,,No,Male,0.9738050969256564,0.125,0.25,0.375,0.5,0.625,0.75,0.875,0.2418913199198179,49,62,Brendan Schmitt,Jay O'Connell,No experience,No experience,Restaurant owner,Small business owner
364,Yes,"Yes, I will",purple,,Candidate 1,,,,,,,Candidate 2,Age,38,,,,,White,,,No,Male,0.34444989481578814,0.125,0.25,0.375,0.5,0.625,0.75,0.875,0.3254028729455087,49,62,Tanisha Rivers,Keisha Mosely,Member of Congress,State legislator,Restaurant owner,Small business owner
365,Yes,"Yes, I will",purple,,,,Candidate 1,,,,,Candidate 2,Age,31,,Asian,,,,,,No,Female,0.39330822075561345,0.125,0.25,0.375,0.5,0.625,0.75,0.875,0.9715648363278164,49,62,Tanisha Rivers,Keisha Mosely,No experience,No experience,Restaurant owner,Small business owner
366,Yes,"Yes, I will",purple,,,,,,Candidate 2,,,Candidate 1,Age,39,,,,,White,,,No,Female,0.5715882094976464,0.125,0.25,0.375,0.5,0.625,0.75,0.875,0.5860725675211457,62,49,Tremayne Rivers,Rasheed Mosely,Member of Congress,State legislator,Restaurant owner,Small business owner
367,Yes,"Yes, I will",purple,,,Candidate 2,,,,,,Candidate 1,Age,30,,,,,White,,,No,Male,0.0473609266447278,0.125,0.25,0.375,0.5,0.625,0.75,0.875,0.6577127002313996,62,49,Laurie Schmitt,Allison O'Connell,Member of Congress,State legislator,Restaurant owner,Small business owner
368,Yes,"Yes, I will",purple,,,,,,,,Candidate 1,Candidate 2,Age,21,,,,,White,,,No,Female,0.17266049309928447,0.125,0.25,0.375,0.5,0.625,0.75,0.875,0.12025712200446452,49,62,Laurie Schmitt,Allison O'Connell,No experience,No experience,Restaurant owner,Small business owner
369,Yes,"Yes, I will",purple,,,,Candidate 1,,,,,Candidate 2,Age,32,,,Black or African American,,,,,No,Female,0.7135660861883234,0.125,0.25,0.375,0.5,0.625,0.75,0.875,0.04168989067936547,49,62,Tremayne Rivers,Rasheed Mosely,No experience,No experience,Restaurant owner,Small business owner
370,Yes,"Yes, I will",purple,,Candidate 1,,,,,,,Candidate 2,Age,35,,,,,White,,,No,Male,0.12696216374797795,0.125,0.25,0.375,0.5,0.625,0.75,0.875,0.37987308608830744,49,62,Laurie Schmitt,Allison O'Connell,No experience,No experience,Restaurant owner,Small business owner
371,Yes,"Yes, I will",purple,,,Candidate 1,,,,,,Candidate 1,Age,70,,,,,White,,,No,Female,0.39755570501963505,0.125,0.25,0.375,0.5,0.625,0.75,0.875,0.6378857660195524,62,49,Tanisha Rivers,Keisha Mosely,No experience,No experience,Restaurant owner,Small business owner
372,Yes,"Yes, I will",purple,,,,,,,Candidate 1,,Candidate 2,Age,39,,,,,White,,,No,Male,0.47451240417419754,0.125,0.25,0.375,0.5,0.625,0.75,0.875,0.4768332239419299,49,62,Tanisha Rivers,Keisha Mosely,No experience,No experience,Restaurant owner,Small business owner
373,Yes,"Yes, I will",Purple,,,,,,,,Candidate 1,Candidate 1,Age,47,,,,,White,,,No,Female,0.16380394696346576,0.125,0.25,0.375,0.5,0.625,0.75,0.875,0.5355671016815042,62,49,Laurie Schmitt,Allison O'Connell,No experience,No experience,Restaurant owner,Small business owner
374,Yes,"Yes, I will",Purple,,,,,,,,Candidate 2,Candidate 2,Age,52,,,,,White,,,No,Female,0.6112756565239457,0.125,0.25,0.375,0.5,0.625,0.75,0.875,0.4867468745184007,49,62,Tremayne Rivers,Rasheed Mosely,Member of Congress,State legislator,Restaurant owner,Small business owner
375,Yes,"Yes, I will",purple,,,,Candidate 2,,,,,Candidate 2,Age,23,,Asian,,,White,,,No,Male,0.4817375034284167,0.125,0.25,0.375,0.5,0.625,0.75,0.875,0.05133544561717088,49,62,Tanisha Rivers,Keisha Mosely,No experience,No experience,Restaurant owner,Small business owner
376,Yes,"Yes, I will",purple,,,,Candidate 1,,,,,Candidate 2,Age,39,,,,,White,,,No,Female,0.2948919786826922,0.125,0.25,0.375,0.5,0.625,0.75,0.875,0.07510967205164713,49,62,Tanisha Rivers,Keisha Mosely,Member of Congress,State legislator,Restaurant owner,Small business owner
377,Yes,"Yes, I will",purple,,,,,Candidate 1,,,,Candidate 2,Age,35,,Asian,,,,,,No,Male,0.6362753947349906,0.125,0.25,0.375,0.5,0.625,0.75,0.875,0.06788349013493478,49,62,Tremayne Rivers,Rasheed Mosely,No experience,No experience,Restaurant owner,Small business owner
