batch_id,batch_type,id,chose_younger,race,female,age,hispanic,drop_demo_flag,context,context_label
20,Iterative Batch Phase: Min,1,1,White,FALSE,38,FALSE,FALSE,4,black_female_low
4,Iterative Batch Phase: Max,2,1,White,FALSE,24,FALSE,FALSE,5,black_male_high
1,Iterative Batch Phase: Max,3,1,White,TRUE,29,FALSE,FALSE,8,white_male_low
100,Validation,4,1,White,TRUE,69,FALSE,FALSE,6,black_male_low
100,Validation,5,1,White,FALSE,33,FALSE,FALSE,6,black_male_low
11,Iterative Batch Phase: Min,6,1,White,FALSE,33,FALSE,FALSE,4,black_female_low
100,Validation,7,0,White,FALSE,70,FALSE,FALSE,6,black_male_low
100,Validation,8,1,Black or African American,TRUE,21,FALSE,FALSE,6,black_male_low
18,Iterative Batch Phase: Min,9,0,White,FALSE,36,FALSE,TRUE,6,black_male_low
100,Validation,10,1,Prefer not to disclose,FALSE,39,TRUE,TRUE,6,black_male_low
100,Validation,11,1,White,TRUE,39,FALSE,FALSE,5,black_male_high
2,Iterative Batch Phase: Min,12,1,White,TRUE,44,FALSE,FALSE,1,white_female_high
100,Validation,13,1,White,TRUE,66,FALSE,FALSE,6,black_male_low
2,Iterative Batch Phase: Min,14,1,White,TRUE,28,TRUE,FALSE,3,black_female_high
100,Validation,15,1,Black or African American,FALSE,49,FALSE,FALSE,6,black_male_low
100,Validation,16,0,Two or More Races,FALSE,34,FALSE,FALSE,6,black_male_low
100,Validation,17,1,White,FALSE,43,FALSE,FALSE,5,black_male_high
4,Iterative Batch Phase: Min,18,1,White,TRUE,48,FALSE,FALSE,7,white_male_high
9,Iterative Batch Phase: Min,19,1,White,FALSE,23,FALSE,FALSE,6,black_male_low
8,Iterative Batch Phase: Min,20,0,Asian,FALSE,31,FALSE,FALSE,6,black_male_low
16,Iterative Batch Phase: Min,21,1,White,TRUE,26,FALSE,FALSE,3,black_female_high
5,Iterative Batch Phase: Min,22,0,White,FALSE,63,FALSE,FALSE,6,black_male_low
4,Iterative Batch Phase: Max,23,1,White,FALSE,25,FALSE,FALSE,5,black_male_high
1,Iterative Batch Phase: Max,24,1,Two or More Races,FALSE,37,FALSE,FALSE,5,black_male_high
0,Warmup,25,1,White,FALSE,,FALSE,TRUE,2,white_female_low
8,Iterative Batch Phase: Min,26,0,White,FALSE,31,FALSE,FALSE,3,black_female_high
100,Validation,27,1,White,TRUE,41,FALSE,FALSE,6,black_male_low
100,Validation,28,1,White,FALSE,55,FALSE,FALSE,6,black_male_low
16,Iterative Batch Phase: Min,29,1,White,FALSE,25,TRUE,FALSE,6,black_male_low
100,Validation,30,0,White,TRUE,48,FALSE,FALSE,6,black_male_low
100,Validation,31,1,White,FALSE,39,FALSE,FALSE,6,black_male_low
100,Validation,32,0,White,TRUE,43,FALSE,FALSE,5,black_male_high
0,Warmup,33,1,American Indian or Alaska Native,FALSE,23,TRUE,FALSE,6,black_male_low
100,Validation,34,1,White,FALSE,26,FALSE,FALSE,6,black_male_low
3,Iterative Batch Phase: Min,35,1,White,FALSE,47,FALSE,FALSE,6,black_male_low
100,Validation,36,1,White,FALSE,32,FALSE,FALSE,6,black_male_low
0,Warmup,37,1,Asian,FALSE,32,FALSE,FALSE,5,black_male_high
4,Iterative Batch Phase: Max,38,1,White,TRUE,39,FALSE,FALSE,5,black_male_high
5,Iterative Batch Phase: Min,39,0,White,TRUE,68,FALSE,FALSE,6,black_male_low
14,Iterative Batch Phase: Min,40,1,White,FALSE,26,FALSE,FALSE,6,black_male_low
100,Validation,41,0,Asian,TRUE,36,FALSE,FALSE,6,black_male_low
100,Validation,42,0,White,TRUE,71,FALSE,FALSE,5,black_male_high
100,Validation,43,1,White,TRUE,25,FALSE,FALSE,6,black_male_low
100,Validation,44,0,White,FALSE,67,FALSE,FALSE,6,black_male_low
0,Warmup,45,1,Other,TRUE,44,TRUE,FALSE,8,white_male_low
100,Validation,46,1,Asian,TRUE,21,FALSE,FALSE,5,black_male_high
18,Iterative Batch Phase: Min,47,1,White,TRUE,72,FALSE,FALSE,7,white_male_high
1,Iterative Batch Phase: Max,48,0,White,FALSE,62,FALSE,FALSE,6,black_male_low
2,Iterative Batch Phase: Min,49,1,Black or African American,FALSE,52,FALSE,FALSE,7,white_male_high
100,Validation,50,1,White,TRUE,22,FALSE,FALSE,5,black_male_high
100,Validation,51,1,White,TRUE,23,FALSE,FALSE,6,black_male_low
100,Validation,52,0,Asian,FALSE,34,FALSE,FALSE,5,black_male_high
100,Validation,53,1,White,TRUE,37,FALSE,FALSE,6,black_male_low
19,Iterative Batch Phase: Min,54,1,White,TRUE,27,FALSE,FALSE,2,white_female_low
100,Validation,55,1,White,FALSE,42,FALSE,FALSE,6,black_male_low
17,Iterative Batch Phase: Min,56,1,White,FALSE,48,FALSE,FALSE,4,black_female_low
3,Iterative Batch Phase: Max,57,0,Black or African American,FALSE,42,FALSE,FALSE,6,black_male_low
15,Iterative Batch Phase: Min,58,1,Prefer not to disclose,FALSE,,TRUE,TRUE,7,white_male_high
12,Iterative Batch Phase: Min,59,1,American Indian or Alaska Native,TRUE,45,FALSE,FALSE,4,black_female_low
100,Validation,60,1,White,TRUE,29,FALSE,FALSE,6,black_male_low
100,Validation,61,1,White,FALSE,24,FALSE,FALSE,6,black_male_low
100,Validation,62,1,White,TRUE,38,FALSE,FALSE,5,black_male_high
100,Validation,63,1,White,FALSE,26,FALSE,FALSE,5,black_male_high
10,Iterative Batch Phase: Min,64,1,Prefer not to disclose,FALSE,,FALSE,TRUE,3,black_female_high
8,Iterative Batch Phase: Min,65,1,White,TRUE,29,FALSE,FALSE,6,black_male_low
100,Validation,66,1,Asian,TRUE,20,FALSE,FALSE,6,black_male_low
15,Iterative Batch Phase: Min,67,0,White,FALSE,24,FALSE,FALSE,6,black_male_low
0,Warmup,68,1,White,TRUE,38,FALSE,FALSE,8,white_male_low
6,Iterative Batch Phase: Min,69,0,White,TRUE,33,FALSE,FALSE,2,white_female_low
2,Iterative Batch Phase: Max,70,1,Asian,FALSE,30,FALSE,FALSE,5,black_male_high
8,Iterative Batch Phase: Min,71,0,White,FALSE,52,FALSE,FALSE,6,black_male_low
13,Iterative Batch Phase: Min,72,0,White,FALSE,32,FALSE,FALSE,3,black_female_high
12,Iterative Batch Phase: Min,73,0,White,TRUE,32,FALSE,FALSE,4,black_female_low
6,Iterative Batch Phase: Min,74,1,Black or African American,TRUE,71,FALSE,FALSE,3,black_female_high
100,Validation,75,1,White,FALSE,53,FALSE,FALSE,5,black_male_high
100,Validation,76,1,Black or African American,FALSE,52,FALSE,FALSE,5,black_male_high
100,Validation,77,0,White,TRUE,57,FALSE,FALSE,6,black_male_low
3,Iterative Batch Phase: Min,78,1,White,TRUE,36,FALSE,FALSE,7,white_male_high
0,Warmup,79,1,Asian,FALSE,19,FALSE,FALSE,6,black_male_low
100,Validation,80,0,Black or African American,TRUE,58,FALSE,FALSE,6,black_male_low
100,Validation,81,0,White,TRUE,43,FALSE,FALSE,6,black_male_low
0,Warmup,82,1,White,FALSE,50,FALSE,FALSE,8,white_male_low
100,Validation,83,1,Asian,TRUE,29,FALSE,FALSE,5,black_male_high
10,Iterative Batch Phase: Min,84,0,White,TRUE,31,FALSE,FALSE,3,black_female_high
100,Validation,85,1,White,FALSE,29,TRUE,FALSE,6,black_male_low
6,Iterative Batch Phase: Min,86,0,White,TRUE,30,FALSE,FALSE,6,black_male_low
7,Iterative Batch Phase: Min,87,0,White,TRUE,70,FALSE,FALSE,6,black_male_low
2,Iterative Batch Phase: Min,88,1,White,FALSE,54,FALSE,FALSE,6,black_male_low
20,Iterative Batch Phase: Min,89,1,White,FALSE,22,TRUE,FALSE,1,white_female_high
100,Validation,90,1,Two or More Races,FALSE,30,FALSE,FALSE,5,black_male_high
100,Validation,91,1,White,TRUE,52,FALSE,FALSE,5,black_male_high
100,Validation,92,0,White,TRUE,38,FALSE,FALSE,5,black_male_high
14,Iterative Batch Phase: Min,93,0,Black or African American,FALSE,30,FALSE,FALSE,4,black_female_low
100,Validation,94,1,White,FALSE,74,FALSE,FALSE,6,black_male_low
7,Iterative Batch Phase: Min,95,1,Asian,TRUE,43,FALSE,FALSE,4,black_female_low
1,Iterative Batch Phase: Max,96,1,White,FALSE,29,FALSE,FALSE,2,white_female_low
18,Iterative Batch Phase: Min,97,1,White,TRUE,48,FALSE,FALSE,4,black_female_low
10,Iterative Batch Phase: Min,98,1,White,TRUE,50,FALSE,FALSE,7,white_male_high
100,Validation,99,1,White,FALSE,41,FALSE,FALSE,6,black_male_low
16,Iterative Batch Phase: Min,100,1,White,TRUE,37,FALSE,FALSE,6,black_male_low
13,Iterative Batch Phase: Min,101,1,White,TRUE,40,FALSE,FALSE,6,black_male_low
100,Validation,102,0,White,FALSE,59,FALSE,FALSE,6,black_male_low
8,Iterative Batch Phase: Min,103,1,Asian,FALSE,26,FALSE,FALSE,5,black_male_high
9,Iterative Batch Phase: Min,104,1,White,FALSE,26,FALSE,FALSE,1,white_female_high
100,Validation,105,0,White,FALSE,46,FALSE,FALSE,5,black_male_high
100,Validation,106,1,White,TRUE,53,FALSE,FALSE,5,black_male_high
4,Iterative Batch Phase: Min,107,1,White,FALSE,22,TRUE,FALSE,7,white_male_high
100,Validation,108,1,White,FALSE,37,FALSE,FALSE,5,black_male_high
100,Validation,109,1,White,FALSE,44,FALSE,FALSE,6,black_male_low
0,Warmup,110,0,Black or African American,FALSE,29,FALSE,FALSE,2,white_female_low
6,Iterative Batch Phase: Min,111,0,White,FALSE,73,FALSE,FALSE,7,white_male_high
8,Iterative Batch Phase: Min,112,1,White,TRUE,56,FALSE,FALSE,3,black_female_high
14,Iterative Batch Phase: Min,113,0,White,FALSE,41,FALSE,FALSE,6,black_male_low
100,Validation,114,1,Black or African American,FALSE,54,FALSE,FALSE,5,black_male_high
100,Validation,115,1,White,TRUE,39,FALSE,FALSE,6,black_male_low
100,Validation,116,1,White,FALSE,49,TRUE,FALSE,6,black_male_low
100,Validation,117,1,White,TRUE,55,FALSE,FALSE,5,black_male_high
100,Validation,118,0,White,TRUE,60,FALSE,FALSE,6,black_male_low
100,Validation,119,1,White,FALSE,41,FALSE,FALSE,6,black_male_low
100,Validation,120,1,Black or African American,TRUE,31,FALSE,FALSE,5,black_male_high
0,Warmup,121,0,White,FALSE,60,FALSE,FALSE,8,white_male_low
0,Warmup,122,1,White,TRUE,32,FALSE,FALSE,2,white_female_low
2,Iterative Batch Phase: Max,123,1,White,FALSE,41,FALSE,FALSE,8,white_male_low
100,Validation,124,1,Asian,FALSE,31,FALSE,FALSE,5,black_male_high
8,Iterative Batch Phase: Min,125,1,Black or African American,FALSE,39,FALSE,FALSE,4,black_female_low
6,Iterative Batch Phase: Min,126,1,White,FALSE,50,FALSE,FALSE,6,black_male_low
19,Iterative Batch Phase: Min,127,1,White,TRUE,22,FALSE,FALSE,1,white_female_high
5,Iterative Batch Phase: Min,128,1,White,TRUE,35,FALSE,FALSE,6,black_male_low
100,Validation,129,0,Prefer not to disclose,FALSE,,FALSE,TRUE,6,black_male_low
4,Iterative Batch Phase: Min,130,1,White,TRUE,26,FALSE,FALSE,6,black_male_low
0,Warmup,131,1,White,FALSE,22,FALSE,FALSE,1,white_female_high
100,Validation,132,1,Asian,FALSE,31,FALSE,FALSE,6,black_male_low
6,Iterative Batch Phase: Min,133,1,White,FALSE,32,FALSE,FALSE,7,white_male_high
4,Iterative Batch Phase: Min,134,1,Other,TRUE,49,TRUE,FALSE,4,black_female_low
13,Iterative Batch Phase: Min,135,1,Asian,TRUE,27,FALSE,FALSE,1,white_female_high
10,Iterative Batch Phase: Min,136,1,Asian,TRUE,25,FALSE,FALSE,4,black_female_low
13,Iterative Batch Phase: Min,137,1,White,FALSE,32,FALSE,FALSE,6,black_male_low
0,Warmup,138,1,White,TRUE,64,FALSE,FALSE,1,white_female_high
100,Validation,139,0,Two or More Races,TRUE,22,FALSE,FALSE,6,black_male_low
4,Iterative Batch Phase: Max,140,1,Asian,TRUE,47,FALSE,FALSE,5,black_male_high
2,Iterative Batch Phase: Min,141,1,White,FALSE,25,FALSE,FALSE,3,black_female_high
9,Iterative Batch Phase: Min,142,1,White,FALSE,54,TRUE,FALSE,3,black_female_high
0,Warmup,143,1,White,TRUE,29,FALSE,FALSE,2,white_female_low
0,Warmup,144,0,Black or African American,TRUE,46,FALSE,FALSE,4,black_female_low
100,Validation,145,0,Two or More Races,FALSE,24,FALSE,FALSE,6,black_male_low
0,Warmup,146,1,White,TRUE,34,FALSE,FALSE,7,white_male_high
100,Validation,147,1,Black or African American,TRUE,29,FALSE,FALSE,5,black_male_high
100,Validation,148,1,White,TRUE,28,FALSE,FALSE,6,black_male_low
1,Iterative Batch Phase: Min,149,1,White,TRUE,35,FALSE,FALSE,1,white_female_high
1,Iterative Batch Phase: Max,150,0,Asian,FALSE,27,FALSE,FALSE,5,black_male_high
18,Iterative Batch Phase: Min,151,1,White,FALSE,19,FALSE,FALSE,4,black_female_low
7,Iterative Batch Phase: Min,152,1,Asian,FALSE,27,FALSE,FALSE,6,black_male_low
100,Validation,153,1,White,TRUE,21,FALSE,FALSE,5,black_male_high
100,Validation,154,1,Asian,TRUE,29,FALSE,FALSE,6,black_male_low
0,Warmup,155,1,White,TRUE,57,FALSE,FALSE,8,white_male_low
0,Warmup,156,1,White,TRUE,26,FALSE,FALSE,7,white_male_high
4,Iterative Batch Phase: Max,157,1,White,FALSE,31,FALSE,FALSE,5,black_male_high
0,Warmup,158,0,Black or African American,FALSE,28,FALSE,FALSE,7,white_male_high
10,Iterative Batch Phase: Min,159,0,White,TRUE,53,TRUE,FALSE,6,black_male_low
5,Iterative Batch Phase: Min,160,1,White,TRUE,68,FALSE,FALSE,3,black_female_high
8,Iterative Batch Phase: Min,161,1,White,FALSE,53,FALSE,FALSE,2,white_female_low
6,Iterative Batch Phase: Min,162,1,White,FALSE,24,FALSE,FALSE,6,black_male_low
5,Iterative Batch Phase: Min,163,1,White,TRUE,26,FALSE,FALSE,4,black_female_low
16,Iterative Batch Phase: Min,164,1,White,TRUE,47,FALSE,FALSE,6,black_male_low
11,Iterative Batch Phase: Min,165,0,White,TRUE,57,TRUE,FALSE,4,black_female_low
18,Iterative Batch Phase: Min,166,1,Asian,TRUE,19,FALSE,FALSE,6,black_male_low
6,Iterative Batch Phase: Min,167,0,White,TRUE,53,FALSE,FALSE,2,white_female_low
10,Iterative Batch Phase: Min,168,1,White,TRUE,29,FALSE,FALSE,2,white_female_low
5,Iterative Batch Phase: Min,169,1,White,TRUE,45,FALSE,FALSE,1,white_female_high
6,Iterative Batch Phase: Min,170,1,White,FALSE,41,TRUE,FALSE,2,white_female_low
8,Iterative Batch Phase: Min,171,0,White,TRUE,70,FALSE,FALSE,6,black_male_low
11,Iterative Batch Phase: Min,172,1,White,TRUE,38,FALSE,FALSE,4,black_female_low
1,Iterative Batch Phase: Min,173,1,Black or African American,TRUE,26,FALSE,FALSE,4,black_female_low
100,Validation,174,1,White,TRUE,32,FALSE,FALSE,5,black_male_high
17,Iterative Batch Phase: Min,175,1,White,FALSE,31,FALSE,TRUE,4,black_female_low
4,Iterative Batch Phase: Min,176,0,White,TRUE,30,FALSE,FALSE,3,black_female_high
100,Validation,177,0,White,FALSE,75,FALSE,FALSE,5,black_male_high
13,Iterative Batch Phase: Min,178,1,Two or More Races,TRUE,59,FALSE,FALSE,6,black_male_low
100,Validation,179,1,White,FALSE,35,FALSE,FALSE,5,black_male_high
100,Validation,180,0,White,TRUE,53,FALSE,FALSE,5,black_male_high
10,Iterative Batch Phase: Min,181,1,White,FALSE,36,FALSE,FALSE,4,black_female_low
6,Iterative Batch Phase: Min,182,1,White,TRUE,39,FALSE,FALSE,6,black_male_low
100,Validation,183,1,White,TRUE,21,FALSE,FALSE,5,black_male_high
100,Validation,184,0,White,FALSE,41,FALSE,FALSE,5,black_male_high
14,Iterative Batch Phase: Min,185,1,White,FALSE,41,FALSE,FALSE,4,black_female_low
100,Validation,186,1,White,TRUE,46,FALSE,FALSE,5,black_male_high
6,Iterative Batch Phase: Min,187,1,Asian,FALSE,28,FALSE,FALSE,6,black_male_low
3,Iterative Batch Phase: Max,188,0,White,FALSE,38,FALSE,FALSE,5,black_male_high
0,Warmup,189,1,White,TRUE,37,FALSE,FALSE,2,white_female_low
100,Validation,190,1,White,TRUE,47,FALSE,FALSE,5,black_male_high
100,Validation,191,1,White,FALSE,22,TRUE,FALSE,6,black_male_low
100,Validation,192,0,White,TRUE,23,TRUE,FALSE,6,black_male_low
100,Validation,193,1,White,FALSE,20,FALSE,FALSE,5,black_male_high
100,Validation,194,0,White,FALSE,55,FALSE,FALSE,6,black_male_low
100,Validation,195,1,White,TRUE,39,FALSE,FALSE,6,black_male_low
100,Validation,196,1,White,TRUE,41,FALSE,FALSE,5,black_male_high
12,Iterative Batch Phase: Min,197,1,White,TRUE,55,FALSE,FALSE,6,black_male_low
18,Iterative Batch Phase: Min,198,1,White,TRUE,32,FALSE,FALSE,7,white_male_high
100,Validation,199,0,White,TRUE,28,FALSE,FALSE,6,black_male_low
10,Iterative Batch Phase: Min,200,0,White,FALSE,38,FALSE,FALSE,4,black_female_low
4,Iterative Batch Phase: Min,201,1,White,FALSE,24,FALSE,FALSE,2,white_female_low
100,Validation,202,0,White,TRUE,27,FALSE,FALSE,6,black_male_low
10,Iterative Batch Phase: Min,203,1,White,FALSE,27,FALSE,FALSE,1,white_female_high
10,Iterative Batch Phase: Min,204,0,White,TRUE,33,FALSE,FALSE,4,black_female_low
7,Iterative Batch Phase: Min,205,0,Asian,TRUE,22,FALSE,FALSE,3,black_female_high
100,Validation,206,0,White,FALSE,24,FALSE,FALSE,6,black_male_low
0,Warmup,207,1,White,FALSE,37,FALSE,FALSE,7,white_male_high
17,Iterative Batch Phase: Min,208,0,White,TRUE,42,FALSE,FALSE,4,black_female_low
4,Iterative Batch Phase: Min,209,0,White,FALSE,27,FALSE,FALSE,6,black_male_low
100,Validation,210,1,White,FALSE,52,FALSE,FALSE,6,black_male_low
100,Validation,211,1,Black or African American,TRUE,18,FALSE,FALSE,6,black_male_low
18,Iterative Batch Phase: Min,212,1,White,TRUE,32,FALSE,FALSE,4,black_female_low
4,Iterative Batch Phase: Min,213,1,White,FALSE,49,FALSE,FALSE,2,white_female_low
20,Iterative Batch Phase: Min,214,1,Asian,FALSE,34,FALSE,FALSE,6,black_male_low
3,Iterative Batch Phase: Max,215,1,Black or African American,FALSE,54,FALSE,FALSE,1,white_female_high
13,Iterative Batch Phase: Min,216,0,Asian,TRUE,43,FALSE,FALSE,4,black_female_low
14,Iterative Batch Phase: Min,217,1,White,TRUE,55,FALSE,FALSE,5,black_male_high
3,Iterative Batch Phase: Max,218,1,White,TRUE,28,FALSE,FALSE,5,black_male_high
15,Iterative Batch Phase: Min,219,0,White,FALSE,44,TRUE,FALSE,7,white_male_high
100,Validation,220,0,White,TRUE,37,FALSE,FALSE,5,black_male_high
0,Warmup,221,1,White,FALSE,29,FALSE,TRUE,2,white_female_low
16,Iterative Batch Phase: Min,222,1,White,FALSE,21,FALSE,FALSE,6,black_male_low
13,Iterative Batch Phase: Min,223,1,Asian,TRUE,30,FALSE,FALSE,4,black_female_low
1,Iterative Batch Phase: Min,224,1,White,FALSE,26,FALSE,FALSE,4,black_female_low
9,Iterative Batch Phase: Min,225,1,Two or More Races,FALSE,30,FALSE,FALSE,8,white_male_low
100,Validation,226,1,White,FALSE,35,FALSE,FALSE,6,black_male_low
100,Validation,227,1,White,TRUE,39,FALSE,FALSE,5,black_male_high
9,Iterative Batch Phase: Min,228,1,White,TRUE,35,FALSE,FALSE,4,black_female_low
13,Iterative Batch Phase: Min,229,1,White,FALSE,38,FALSE,FALSE,1,white_female_high
100,Validation,230,1,Black or African American,FALSE,35,FALSE,FALSE,6,black_male_low
4,Iterative Batch Phase: Max,231,1,White,FALSE,29,TRUE,FALSE,5,black_male_high
100,Validation,232,1,Asian,FALSE,23,FALSE,FALSE,6,black_male_low
1,Iterative Batch Phase: Min,233,1,Black or African American,FALSE,25,FALSE,FALSE,3,black_female_high
100,Validation,234,1,White,TRUE,40,FALSE,FALSE,6,black_male_low
100,Validation,235,1,White,TRUE,67,FALSE,FALSE,6,black_male_low
100,Validation,236,1,Asian,FALSE,38,FALSE,FALSE,6,black_male_low
19,Iterative Batch Phase: Min,237,1,White,TRUE,69,FALSE,FALSE,6,black_male_low
0,Warmup,238,1,White,FALSE,37,FALSE,FALSE,5,black_male_high
16,Iterative Batch Phase: Min,239,1,White,FALSE,51,FALSE,FALSE,8,white_male_low
100,Validation,240,0,White,TRUE,64,FALSE,FALSE,6,black_male_low
16,Iterative Batch Phase: Min,241,1,Black or African American,TRUE,56,FALSE,FALSE,6,black_male_low
100,Validation,242,1,Black or African American,TRUE,24,FALSE,FALSE,6,black_male_low
100,Validation,243,1,White,TRUE,31,FALSE,FALSE,5,black_male_high
16,Iterative Batch Phase: Min,244,1,Other,TRUE,25,FALSE,FALSE,8,white_male_low
14,Iterative Batch Phase: Min,245,1,White,FALSE,50,FALSE,FALSE,4,black_female_low
1,Iterative Batch Phase: Min,246,0,White,TRUE,31,FALSE,FALSE,1,white_female_high
7,Iterative Batch Phase: Min,247,1,Native Hawaiian or Other Pacific Islander,FALSE,28,TRUE,FALSE,6,black_male_low
16,Iterative Batch Phase: Min,248,0,White,TRUE,61,FALSE,FALSE,6,black_male_low
100,Validation,249,1,White,TRUE,21,FALSE,FALSE,6,black_male_low
14,Iterative Batch Phase: Min,250,1,Other,TRUE,20,FALSE,FALSE,4,black_female_low
100,Validation,251,1,White,TRUE,41,FALSE,FALSE,5,black_male_high
6,Iterative Batch Phase: Min,252,1,White,TRUE,66,FALSE,FALSE,6,black_male_low
100,Validation,253,0,White,TRUE,52,FALSE,FALSE,6,black_male_low
3,Iterative Batch Phase: Max,254,0,White,FALSE,39,FALSE,FALSE,5,black_male_high
100,Validation,255,1,Prefer not to disclose,TRUE,27,TRUE,TRUE,6,black_male_low
3,Iterative Batch Phase: Max,256,1,White,FALSE,47,FALSE,FALSE,5,black_male_high
14,Iterative Batch Phase: Min,257,1,White,TRUE,35,FALSE,FALSE,6,black_male_low
12,Iterative Batch Phase: Min,258,0,White,TRUE,63,FALSE,FALSE,4,black_female_low
12,Iterative Batch Phase: Min,259,0,White,TRUE,62,FALSE,FALSE,6,black_male_low
15,Iterative Batch Phase: Min,260,1,White,TRUE,45,FALSE,FALSE,4,black_female_low
15,Iterative Batch Phase: Min,261,1,White,TRUE,50,FALSE,FALSE,4,black_female_low
2,Iterative Batch Phase: Max,262,1,Asian,TRUE,48,FALSE,FALSE,8,white_male_low
2,Iterative Batch Phase: Min,263,1,White,TRUE,46,FALSE,FALSE,5,black_male_high
100,Validation,264,1,White,FALSE,77,FALSE,FALSE,5,black_male_high
12,Iterative Batch Phase: Min,265,0,White,TRUE,64,FALSE,FALSE,4,black_female_low
100,Validation,266,0,White,TRUE,38,FALSE,FALSE,6,black_male_low
17,Iterative Batch Phase: Min,267,1,White,TRUE,54,FALSE,FALSE,6,black_male_low
100,Validation,268,1,Black or African American,FALSE,49,FALSE,FALSE,5,black_male_high
0,Warmup,269,1,White,TRUE,48,FALSE,FALSE,8,white_male_low
18,Iterative Batch Phase: Min,270,1,White,TRUE,31,TRUE,FALSE,5,black_male_high
15,Iterative Batch Phase: Min,271,1,White,FALSE,34,TRUE,FALSE,5,black_male_high
100,Validation,272,0,White,TRUE,48,FALSE,FALSE,5,black_male_high
9,Iterative Batch Phase: Min,273,1,White,TRUE,23,FALSE,FALSE,3,black_female_high
100,Validation,274,1,White,TRUE,26,FALSE,FALSE,5,black_male_high
6,Iterative Batch Phase: Min,275,0,White,TRUE,40,FALSE,FALSE,4,black_female_low
16,Iterative Batch Phase: Min,276,1,Black or African American,TRUE,43,FALSE,FALSE,6,black_male_low
13,Iterative Batch Phase: Min,277,1,White,FALSE,35,FALSE,FALSE,5,black_male_high
1,Iterative Batch Phase: Min,278,0,Asian,TRUE,27,FALSE,FALSE,1,white_female_high
100,Validation,279,0,Two or More Races,TRUE,20,FALSE,FALSE,6,black_male_low
100,Validation,280,0,White,TRUE,36,FALSE,FALSE,6,black_male_low
100,Validation,281,0,Prefer not to disclose,FALSE,32,FALSE,TRUE,6,black_male_low
12,Iterative Batch Phase: Min,282,1,White,FALSE,46,FALSE,FALSE,6,black_male_low
100,Validation,283,1,White,TRUE,46,FALSE,FALSE,5,black_male_high
100,Validation,284,1,White,FALSE,33,FALSE,FALSE,6,black_male_low
4,Iterative Batch Phase: Min,285,1,White,FALSE,34,FALSE,FALSE,6,black_male_low
100,Validation,286,1,Black or African American,TRUE,34,FALSE,FALSE,5,black_male_high
100,Validation,287,1,Prefer not to disclose,TRUE,33,FALSE,TRUE,6,black_male_low
100,Validation,288,1,White,TRUE,22,FALSE,FALSE,6,black_male_low
18,Iterative Batch Phase: Min,289,0,Black or African American,FALSE,37,FALSE,FALSE,6,black_male_low
3,Iterative Batch Phase: Max,290,0,White,TRUE,72,FALSE,FALSE,5,black_male_high
3,Iterative Batch Phase: Min,291,1,White,FALSE,34,FALSE,FALSE,5,black_male_high
1,Iterative Batch Phase: Max,292,1,White,TRUE,21,FALSE,FALSE,2,white_female_low
4,Iterative Batch Phase: Min,293,1,White,FALSE,37,FALSE,FALSE,2,white_female_low
100,Validation,294,1,Two or More Races,TRUE,41,FALSE,FALSE,5,black_male_high
2,Iterative Batch Phase: Max,295,1,White,TRUE,57,FALSE,FALSE,5,black_male_high
100,Validation,296,1,White,TRUE,30,FALSE,FALSE,5,black_male_high
100,Validation,297,1,Black or African American,TRUE,43,FALSE,FALSE,6,black_male_low
100,Validation,298,1,White,FALSE,27,FALSE,FALSE,6,black_male_low
0,Warmup,299,0,Asian,TRUE,31,FALSE,FALSE,8,white_male_low
100,Validation,300,1,White,FALSE,42,FALSE,FALSE,6,black_male_low
8,Iterative Batch Phase: Min,301,1,White,FALSE,47,FALSE,FALSE,8,white_male_low
3,Iterative Batch Phase: Min,302,1,White,FALSE,32,FALSE,FALSE,4,black_female_low
0,Warmup,303,1,White,FALSE,20,FALSE,FALSE,1,white_female_high
1,Iterative Batch Phase: Min,304,0,White,FALSE,26,TRUE,FALSE,1,white_female_high
18,Iterative Batch Phase: Min,305,1,White,FALSE,26,FALSE,FALSE,5,black_male_high
100,Validation,306,1,White,FALSE,33,FALSE,TRUE,6,black_male_low
1,Iterative Batch Phase: Min,307,0,White,FALSE,28,TRUE,FALSE,4,black_female_low
100,Validation,308,1,White,TRUE,45,FALSE,FALSE,5,black_male_high
100,Validation,309,1,White,FALSE,34,FALSE,FALSE,6,black_male_low
20,Iterative Batch Phase: Min,310,0,White,TRUE,63,FALSE,FALSE,4,black_female_low
1,Iterative Batch Phase: Min,311,0,White,TRUE,65,FALSE,FALSE,5,black_male_high
0,Warmup,312,1,Asian,FALSE,35,FALSE,FALSE,3,black_female_high
20,Iterative Batch Phase: Min,313,1,Asian,FALSE,24,FALSE,FALSE,3,black_female_high
1,Iterative Batch Phase: Max,314,1,White,TRUE,21,FALSE,FALSE,6,black_male_low
5,Iterative Batch Phase: Min,315,1,White,FALSE,31,FALSE,FALSE,6,black_male_low
19,Iterative Batch Phase: Min,316,1,Black or African American,TRUE,41,FALSE,FALSE,1,white_female_high
8,Iterative Batch Phase: Min,317,0,Black or African American,TRUE,26,FALSE,FALSE,6,black_male_low
100,Validation,318,1,White,FALSE,59,FALSE,FALSE,6,black_male_low
17,Iterative Batch Phase: Min,319,1,White,FALSE,39,FALSE,FALSE,6,black_male_low
100,Validation,320,0,White,FALSE,40,FALSE,FALSE,6,black_male_low
13,Iterative Batch Phase: Min,321,1,White,TRUE,62,FALSE,FALSE,4,black_female_low
100,Validation,322,1,White,TRUE,24,FALSE,FALSE,6,black_male_low
1,Iterative Batch Phase: Min,323,1,White,TRUE,27,FALSE,FALSE,4,black_female_low
100,Validation,324,1,White,FALSE,33,FALSE,FALSE,5,black_male_high
0,Warmup,325,0,Prefer not to disclose,FALSE,26,TRUE,TRUE,5,black_male_high
1,Iterative Batch Phase: Max,326,1,White,FALSE,35,FALSE,FALSE,5,black_male_high
16,Iterative Batch Phase: Min,327,1,White,TRUE,40,FALSE,FALSE,4,black_female_low
8,Iterative Batch Phase: Min,328,0,White,TRUE,65,FALSE,FALSE,4,black_female_low
3,Iterative Batch Phase: Max,329,0,White,FALSE,38,FALSE,FALSE,5,black_male_high
100,Validation,330,1,White,FALSE,46,FALSE,FALSE,5,black_male_high
5,Iterative Batch Phase: Min,331,0,Two or More Races,FALSE,19,FALSE,FALSE,2,white_female_low
2,Iterative Batch Phase: Max,332,1,Asian,TRUE,26,FALSE,FALSE,5,black_male_high
10,Iterative Batch Phase: Min,333,1,White,FALSE,41,FALSE,FALSE,4,black_female_low
100,Validation,334,1,White,FALSE,28,FALSE,FALSE,5,black_male_high
100,Validation,335,0,Asian,TRUE,25,FALSE,FALSE,5,black_male_high
100,Validation,336,0,Black or African American,TRUE,,FALSE,TRUE,5,black_male_high
20,Iterative Batch Phase: Min,337,1,Prefer not to disclose,TRUE,32,TRUE,TRUE,6,black_male_low
3,Iterative Batch Phase: Max,338,0,Black or African American,FALSE,47,FALSE,FALSE,5,black_male_high
2,Iterative Batch Phase: Min,339,1,White,TRUE,32,FALSE,FALSE,1,white_female_high
100,Validation,340,1,White,TRUE,29,FALSE,FALSE,6,black_male_low
100,Validation,341,0,Asian,FALSE,29,TRUE,FALSE,6,black_male_low
3,Iterative Batch Phase: Max,342,1,White,TRUE,36,TRUE,FALSE,5,black_male_high
6,Iterative Batch Phase: Min,343,1,White,FALSE,30,FALSE,FALSE,6,black_male_low
10,Iterative Batch Phase: Min,344,0,White,FALSE,25,FALSE,FALSE,6,black_male_low
20,Iterative Batch Phase: Min,345,1,Black or African American,TRUE,32,FALSE,FALSE,6,black_male_low
8,Iterative Batch Phase: Min,346,1,White,FALSE,35,FALSE,FALSE,4,black_female_low
1,Iterative Batch Phase: Max,347,1,Asian,TRUE,27,FALSE,FALSE,4,black_female_low
100,Validation,348,1,Asian,TRUE,19,FALSE,FALSE,6,black_male_low
1,Iterative Batch Phase: Max,349,1,White,TRUE,23,FALSE,FALSE,5,black_male_high
0,Warmup,350,1,White,FALSE,36,TRUE,FALSE,3,black_female_high
100,Validation,351,1,White,TRUE,33,FALSE,FALSE,6,black_male_low
100,Validation,352,1,White,FALSE,31,FALSE,FALSE,5,black_male_high
14,Iterative Batch Phase: Min,353,1,White,TRUE,30,TRUE,FALSE,5,black_male_high
12,Iterative Batch Phase: Min,354,1,White,TRUE,29,FALSE,FALSE,6,black_male_low
11,Iterative Batch Phase: Min,355,1,Two or More Races,TRUE,27,FALSE,FALSE,3,black_female_high
4,Iterative Batch Phase: Min,356,1,White,FALSE,58,FALSE,FALSE,2,white_female_low
9,Iterative Batch Phase: Min,357,1,White,FALSE,27,FALSE,FALSE,4,black_female_low
0,Warmup,358,0,White,FALSE,71,FALSE,FALSE,7,white_male_high
11,Iterative Batch Phase: Min,359,1,Black or African American,FALSE,26,FALSE,FALSE,6,black_male_low
100,Validation,360,1,White,TRUE,51,FALSE,FALSE,6,black_male_low
100,Validation,361,1,White,FALSE,41,FALSE,TRUE,5,black_male_high
16,Iterative Batch Phase: Min,362,0,Two or More Races,FALSE,19,TRUE,FALSE,4,black_female_low
100,Validation,363,1,Asian,FALSE,44,FALSE,FALSE,6,black_male_low
4,Iterative Batch Phase: Max,364,1,White,FALSE,34,FALSE,FALSE,6,black_male_low
1,Iterative Batch Phase: Max,365,1,Two or More Races,FALSE,29,FALSE,FALSE,5,black_male_high
14,Iterative Batch Phase: Min,366,1,White,FALSE,37,FALSE,FALSE,4,black_female_low
100,Validation,367,1,White,FALSE,41,FALSE,FALSE,6,black_male_low
2,Iterative Batch Phase: Min,368,1,White,TRUE,69,FALSE,FALSE,1,white_female_high
8,Iterative Batch Phase: Min,369,1,White,FALSE,39,FALSE,FALSE,7,white_male_high
14,Iterative Batch Phase: Min,370,0,White,FALSE,32,FALSE,TRUE,4,black_female_low
3,Iterative Batch Phase: Min,371,1,Asian,TRUE,46,FALSE,FALSE,5,black_male_high
100,Validation,372,1,White,FALSE,35,FALSE,FALSE,5,black_male_high
100,Validation,373,1,White,TRUE,48,FALSE,FALSE,5,black_male_high
12,Iterative Batch Phase: Min,374,1,White,FALSE,62,FALSE,FALSE,3,black_female_high
100,Validation,375,0,White,TRUE,40,FALSE,FALSE,5,black_male_high
100,Validation,376,1,White,FALSE,31,FALSE,FALSE,5,black_male_high
100,Validation,377,0,White,FALSE,48,TRUE,FALSE,5,black_male_high
2,Iterative Batch Phase: Min,378,0,White,FALSE,62,FALSE,FALSE,5,black_male_high
3,Iterative Batch Phase: Min,379,1,White,TRUE,24,FALSE,FALSE,3,black_female_high
12,Iterative Batch Phase: Min,380,1,White,TRUE,51,FALSE,FALSE,6,black_male_low
3,Iterative Batch Phase: Min,381,1,White,FALSE,41,FALSE,FALSE,5,black_male_high
100,Validation,382,0,White,TRUE,58,FALSE,FALSE,6,black_male_low
8,Iterative Batch Phase: Min,383,1,Asian,FALSE,47,FALSE,FALSE,4,black_female_low
0,Warmup,384,1,Black or African American,TRUE,22,FALSE,FALSE,1,white_female_high
100,Validation,385,1,White,TRUE,26,TRUE,FALSE,6,black_male_low
0,Warmup,386,1,White,FALSE,38,FALSE,FALSE,3,black_female_high
20,Iterative Batch Phase: Min,387,1,Black or African American,TRUE,79,FALSE,FALSE,5,black_male_high
100,Validation,388,1,Black or African American,FALSE,,FALSE,TRUE,6,black_male_low
0,Warmup,389,1,White,FALSE,42,FALSE,FALSE,6,black_male_low
7,Iterative Batch Phase: Min,390,1,White,TRUE,53,FALSE,FALSE,6,black_male_low
2,Iterative Batch Phase: Min,391,0,Asian,TRUE,19,FALSE,FALSE,7,white_male_high
7,Iterative Batch Phase: Min,392,1,White,FALSE,33,FALSE,FALSE,6,black_male_low
100,Validation,393,1,White,TRUE,23,FALSE,FALSE,6,black_male_low
8,Iterative Batch Phase: Min,394,1,Two or More Races,FALSE,36,FALSE,FALSE,6,black_male_low
100,Validation,395,0,White,TRUE,68,FALSE,FALSE,5,black_male_high
6,Iterative Batch Phase: Min,396,1,White,FALSE,35,FALSE,FALSE,1,white_female_high
11,Iterative Batch Phase: Min,397,0,White,FALSE,33,FALSE,FALSE,6,black_male_low
10,Iterative Batch Phase: Min,398,0,White,TRUE,37,FALSE,FALSE,6,black_male_low
20,Iterative Batch Phase: Min,399,1,Asian,FALSE,50,FALSE,FALSE,4,black_female_low
13,Iterative Batch Phase: Min,400,1,Other,FALSE,42,TRUE,FALSE,2,white_female_low
2,Iterative Batch Phase: Min,401,1,White,FALSE,37,FALSE,FALSE,2,white_female_low
12,Iterative Batch Phase: Min,402,0,White,TRUE,40,FALSE,FALSE,1,white_female_high
2,Iterative Batch Phase: Min,403,1,White,FALSE,44,FALSE,FALSE,3,black_female_high
100,Validation,404,1,White,FALSE,30,TRUE,FALSE,5,black_male_high
100,Validation,405,1,White,FALSE,36,FALSE,FALSE,5,black_male_high
6,Iterative Batch Phase: Min,406,1,White,FALSE,46,FALSE,FALSE,6,black_male_low
20,Iterative Batch Phase: Min,407,0,White,TRUE,66,FALSE,FALSE,4,black_female_low
2,Iterative Batch Phase: Min,408,0,Asian,FALSE,28,FALSE,FALSE,5,black_male_high
6,Iterative Batch Phase: Min,409,1,Two or More Races,FALSE,34,FALSE,FALSE,7,white_male_high
2,Iterative Batch Phase: Min,410,1,White,FALSE,28,FALSE,FALSE,7,white_male_high
100,Validation,411,1,Asian,FALSE,50,FALSE,FALSE,6,black_male_low
13,Iterative Batch Phase: Min,412,1,Asian,TRUE,28,FALSE,FALSE,2,white_female_low
100,Validation,413,0,Prefer not to disclose,FALSE,68,FALSE,TRUE,5,black_male_high
100,Validation,414,0,Black or African American,FALSE,26,FALSE,FALSE,6,black_male_low
5,Iterative Batch Phase: Min,415,0,White,FALSE,32,FALSE,FALSE,3,black_female_high
6,Iterative Batch Phase: Min,416,1,White,TRUE,39,FALSE,FALSE,2,white_female_low
100,Validation,417,1,White,FALSE,31,FALSE,TRUE,6,black_male_low
3,Iterative Batch Phase: Min,418,0,White,FALSE,59,FALSE,FALSE,6,black_male_low
100,Validation,419,1,White,TRUE,19,FALSE,FALSE,5,black_male_high
100,Validation,420,1,White,FALSE,36,FALSE,FALSE,6,black_male_low
100,Validation,421,0,White,FALSE,41,FALSE,FALSE,5,black_male_high
18,Iterative Batch Phase: Min,422,0,Black or African American,TRUE,28,FALSE,FALSE,8,white_male_low
7,Iterative Batch Phase: Min,423,1,White,TRUE,66,FALSE,FALSE,2,white_female_low
20,Iterative Batch Phase: Min,424,1,Two or More Races,TRUE,31,FALSE,FALSE,5,black_male_high
100,Validation,425,1,Black or African American,TRUE,,FALSE,TRUE,5,black_male_high
2,Iterative Batch Phase: Min,426,1,White,TRUE,51,TRUE,FALSE,1,white_female_high
7,Iterative Batch Phase: Min,427,1,Asian,TRUE,36,FALSE,FALSE,4,black_female_low
100,Validation,428,1,White,FALSE,31,FALSE,FALSE,6,black_male_low
6,Iterative Batch Phase: Min,429,1,Asian,FALSE,48,FALSE,FALSE,6,black_male_low
4,Iterative Batch Phase: Max,430,1,Two or More Races,FALSE,39,FALSE,FALSE,5,black_male_high
100,Validation,431,0,Asian,TRUE,26,FALSE,FALSE,6,black_male_low
18,Iterative Batch Phase: Min,432,0,White,TRUE,20,FALSE,FALSE,6,black_male_low
100,Validation,433,1,White,TRUE,24,FALSE,FALSE,6,black_male_low
100,Validation,434,1,White,TRUE,65,FALSE,FALSE,6,black_male_low
13,Iterative Batch Phase: Min,435,1,White,TRUE,60,FALSE,FALSE,5,black_male_high
19,Iterative Batch Phase: Min,436,1,White,FALSE,29,FALSE,FALSE,6,black_male_low
100,Validation,437,1,White,FALSE,39,FALSE,FALSE,6,black_male_low
100,Validation,438,1,White,TRUE,23,FALSE,FALSE,6,black_male_low
100,Validation,439,1,White,FALSE,28,FALSE,FALSE,5,black_male_high
100,Validation,440,1,White,TRUE,36,FALSE,FALSE,5,black_male_high
1,Iterative Batch Phase: Max,441,1,White,TRUE,24,FALSE,FALSE,5,black_male_high
100,Validation,442,1,White,TRUE,26,FALSE,FALSE,6,black_male_low
100,Validation,443,1,White,FALSE,43,FALSE,FALSE,5,black_male_high
0,Warmup,444,0,White,TRUE,31,FALSE,FALSE,1,white_female_high
3,Iterative Batch Phase: Max,445,1,White,FALSE,35,TRUE,FALSE,5,black_male_high
0,Warmup,446,1,Two or More Races,TRUE,24,TRUE,FALSE,8,white_male_low
1,Iterative Batch Phase: Min,447,1,White,FALSE,36,FALSE,FALSE,7,white_male_high
100,Validation,448,1,Asian,FALSE,36,FALSE,FALSE,6,black_male_low
100,Validation,449,1,White,TRUE,32,FALSE,FALSE,6,black_male_low
14,Iterative Batch Phase: Min,450,1,White,FALSE,36,FALSE,FALSE,6,black_male_low
100,Validation,451,1,White,TRUE,23,FALSE,FALSE,6,black_male_low
2,Iterative Batch Phase: Min,452,1,Asian,TRUE,23,FALSE,FALSE,3,black_female_high
4,Iterative Batch Phase: Max,453,0,Two or More Races,FALSE,63,FALSE,FALSE,5,black_male_high
3,Iterative Batch Phase: Max,454,1,White,FALSE,38,FALSE,FALSE,5,black_male_high
100,Validation,455,0,Two or More Races,FALSE,33,FALSE,FALSE,5,black_male_high
100,Validation,456,1,White,FALSE,34,FALSE,FALSE,6,black_male_low
100,Validation,457,1,White,FALSE,28,FALSE,FALSE,6,black_male_low
100,Validation,458,1,White,TRUE,60,FALSE,FALSE,6,black_male_low
3,Iterative Batch Phase: Min,459,1,White,FALSE,25,FALSE,FALSE,3,black_female_high
10,Iterative Batch Phase: Min,460,1,White,FALSE,38,FALSE,FALSE,7,white_male_high
100,Validation,461,1,White,TRUE,55,FALSE,FALSE,5,black_male_high
0,Warmup,462,1,White,FALSE,44,FALSE,FALSE,4,black_female_low
20,Iterative Batch Phase: Min,463,0,White,TRUE,26,TRUE,FALSE,1,white_female_high
100,Validation,464,0,White,FALSE,32,FALSE,FALSE,6,black_male_low
100,Validation,465,1,White,FALSE,28,FALSE,FALSE,6,black_male_low
100,Validation,466,1,Black or African American,FALSE,45,FALSE,FALSE,5,black_male_high
5,Iterative Batch Phase: Min,467,1,White,FALSE,25,FALSE,TRUE,2,white_female_low
10,Iterative Batch Phase: Min,468,1,White,FALSE,27,FALSE,FALSE,1,white_female_high
10,Iterative Batch Phase: Min,469,1,White,FALSE,51,FALSE,FALSE,6,black_male_low
100,Validation,470,1,Asian,TRUE,24,FALSE,FALSE,6,black_male_low
1,Iterative Batch Phase: Min,471,1,White,TRUE,39,TRUE,FALSE,4,black_female_low
0,Warmup,472,0,Asian,TRUE,28,FALSE,FALSE,6,black_male_low
2,Iterative Batch Phase: Max,473,1,White,TRUE,70,FALSE,FALSE,5,black_male_high
100,Validation,474,1,White,FALSE,80,FALSE,FALSE,6,black_male_low
10,Iterative Batch Phase: Min,475,0,Native Hawaiian or Other Pacific Islander,FALSE,20,TRUE,FALSE,4,black_female_low
20,Iterative Batch Phase: Min,476,1,White,TRUE,44,FALSE,FALSE,6,black_male_low
15,Iterative Batch Phase: Min,477,0,White,FALSE,39,TRUE,FALSE,8,white_male_low
100,Validation,478,1,Asian,TRUE,23,FALSE,FALSE,6,black_male_low
100,Validation,479,1,White,TRUE,22,FALSE,FALSE,5,black_male_high
15,Iterative Batch Phase: Min,480,1,Other,FALSE,45,TRUE,FALSE,3,black_female_high
100,Validation,481,1,Two or More Races,FALSE,39,FALSE,FALSE,5,black_male_high
0,Warmup,482,1,Two or More Races,FALSE,42,FALSE,FALSE,8,white_male_low
12,Iterative Batch Phase: Min,483,1,White,FALSE,32,FALSE,FALSE,6,black_male_low
0,Warmup,484,1,White,TRUE,63,FALSE,FALSE,4,black_female_low
1,Iterative Batch Phase: Max,485,1,White,TRUE,40,FALSE,FALSE,5,black_male_high
7,Iterative Batch Phase: Min,486,1,White,FALSE,35,FALSE,FALSE,4,black_female_low
100,Validation,487,1,White,FALSE,50,FALSE,FALSE,6,black_male_low
100,Validation,488,0,White,TRUE,62,FALSE,FALSE,6,black_male_low
100,Validation,489,0,Other,TRUE,35,TRUE,FALSE,5,black_male_high
100,Validation,490,1,Asian,FALSE,35,FALSE,FALSE,6,black_male_low
9,Iterative Batch Phase: Min,491,1,White,FALSE,65,FALSE,FALSE,7,white_male_high
100,Validation,492,1,White,FALSE,36,FALSE,FALSE,6,black_male_low
100,Validation,493,1,White,TRUE,46,FALSE,FALSE,6,black_male_low
5,Iterative Batch Phase: Min,494,0,White,TRUE,63,FALSE,FALSE,6,black_male_low
100,Validation,495,0,White,FALSE,31,FALSE,FALSE,5,black_male_high
100,Validation,496,0,White,TRUE,51,FALSE,FALSE,5,black_male_high
1,Iterative Batch Phase: Max,497,1,White,FALSE,38,FALSE,FALSE,5,black_male_high
100,Validation,498,0,Asian,TRUE,22,FALSE,FALSE,5,black_male_high
6,Iterative Batch Phase: Min,499,0,White,TRUE,44,FALSE,FALSE,6,black_male_low
13,Iterative Batch Phase: Min,500,1,White,FALSE,36,FALSE,FALSE,4,black_female_low
100,Validation,501,1,White,FALSE,60,FALSE,FALSE,6,black_male_low
0,Warmup,502,1,Asian,FALSE,21,FALSE,FALSE,3,black_female_high
4,Iterative Batch Phase: Max,503,0,White,FALSE,33,FALSE,FALSE,2,white_female_low
0,Warmup,504,0,Asian,FALSE,36,TRUE,FALSE,5,black_male_high
10,Iterative Batch Phase: Min,505,1,White,TRUE,24,FALSE,FALSE,6,black_male_low
5,Iterative Batch Phase: Min,506,1,White,TRUE,32,FALSE,FALSE,6,black_male_low
100,Validation,507,0,White,TRUE,31,FALSE,FALSE,5,black_male_high
1,Iterative Batch Phase: Max,508,1,White,TRUE,36,FALSE,FALSE,2,white_female_low
2,Iterative Batch Phase: Max,509,0,Two or More Races,TRUE,23,FALSE,FALSE,3,black_female_high
4,Iterative Batch Phase: Min,510,1,White,TRUE,57,FALSE,FALSE,2,white_female_low
19,Iterative Batch Phase: Min,511,1,Asian,FALSE,39,FALSE,FALSE,6,black_male_low
100,Validation,512,0,White,TRUE,24,FALSE,FALSE,5,black_male_high
100,Validation,513,1,White,TRUE,47,FALSE,FALSE,5,black_male_high
6,Iterative Batch Phase: Min,514,1,White,FALSE,46,FALSE,FALSE,6,black_male_low
14,Iterative Batch Phase: Min,515,0,White,TRUE,60,FALSE,FALSE,4,black_female_low
100,Validation,516,1,White,TRUE,39,FALSE,FALSE,5,black_male_high
100,Validation,517,1,White,TRUE,43,FALSE,FALSE,6,black_male_low
14,Iterative Batch Phase: Min,518,1,Other,FALSE,32,TRUE,FALSE,5,black_male_high
100,Validation,519,1,White,FALSE,50,FALSE,FALSE,5,black_male_high
7,Iterative Batch Phase: Min,520,0,White,TRUE,33,FALSE,FALSE,4,black_female_low
100,Validation,521,1,White,FALSE,57,FALSE,FALSE,5,black_male_high
2,Iterative Batch Phase: Max,522,1,Black or African American,FALSE,22,FALSE,FALSE,5,black_male_high
11,Iterative Batch Phase: Min,523,0,White,FALSE,46,FALSE,FALSE,6,black_male_low
14,Iterative Batch Phase: Min,524,1,Black or African American,TRUE,32,TRUE,FALSE,4,black_female_low
100,Validation,525,1,White,FALSE,41,FALSE,FALSE,6,black_male_low
10,Iterative Batch Phase: Min,526,0,White,TRUE,33,TRUE,FALSE,1,white_female_high
18,Iterative Batch Phase: Min,527,0,White,FALSE,33,FALSE,FALSE,6,black_male_low
100,Validation,528,0,White,TRUE,22,FALSE,FALSE,5,black_male_high
100,Validation,529,1,White,FALSE,30,FALSE,FALSE,6,black_male_low
0,Warmup,530,0,White,FALSE,22,FALSE,FALSE,5,black_male_high
100,Validation,531,1,Asian,TRUE,40,FALSE,FALSE,6,black_male_low
100,Validation,532,1,Two or More Races,TRUE,27,FALSE,FALSE,5,black_male_high
4,Iterative Batch Phase: Max,533,1,White,FALSE,70,FALSE,FALSE,5,black_male_high
100,Validation,534,0,Two or More Races,TRUE,41,FALSE,FALSE,6,black_male_low
100,Validation,535,1,Black or African American,FALSE,49,FALSE,FALSE,6,black_male_low
17,Iterative Batch Phase: Min,536,1,White,FALSE,24,FALSE,FALSE,6,black_male_low
100,Validation,537,0,White,FALSE,64,FALSE,FALSE,5,black_male_high
100,Validation,538,1,White,TRUE,42,FALSE,FALSE,5,black_male_high
0,Warmup,539,1,White,TRUE,56,FALSE,FALSE,1,white_female_high
100,Validation,540,1,White,FALSE,30,FALSE,FALSE,5,black_male_high
12,Iterative Batch Phase: Min,541,1,White,TRUE,53,TRUE,FALSE,4,black_female_low
7,Iterative Batch Phase: Min,542,1,White,TRUE,18,FALSE,FALSE,6,black_male_low
100,Validation,543,0,Two or More Races,FALSE,37,FALSE,FALSE,6,black_male_low
15,Iterative Batch Phase: Min,544,1,White,FALSE,35,FALSE,FALSE,4,black_female_low
3,Iterative Batch Phase: Max,545,1,Two or More Races,TRUE,30,FALSE,FALSE,7,white_male_high
100,Validation,546,1,White,TRUE,25,FALSE,FALSE,6,black_male_low
5,Iterative Batch Phase: Min,547,0,White,TRUE,56,FALSE,FALSE,8,white_male_low
100,Validation,548,0,White,TRUE,46,FALSE,FALSE,5,black_male_high
1,Iterative Batch Phase: Max,549,1,White,FALSE,46,FALSE,FALSE,2,white_female_low
100,Validation,550,0,White,TRUE,34,FALSE,FALSE,6,black_male_low
1,Iterative Batch Phase: Max,551,1,White,TRUE,26,FALSE,FALSE,5,black_male_high
1,Iterative Batch Phase: Max,552,1,White,FALSE,31,FALSE,FALSE,2,white_female_low
0,Warmup,553,1,White,TRUE,31,FALSE,FALSE,2,white_female_low
19,Iterative Batch Phase: Min,554,1,White,TRUE,68,FALSE,FALSE,6,black_male_low
100,Validation,555,1,White,FALSE,52,FALSE,FALSE,5,black_male_high
0,Warmup,556,1,White,FALSE,38,FALSE,FALSE,1,white_female_high
0,Warmup,557,0,White,TRUE,47,FALSE,FALSE,2,white_female_low
100,Validation,558,1,White,FALSE,33,FALSE,FALSE,6,black_male_low
100,Validation,559,1,White,FALSE,38,FALSE,FALSE,6,black_male_low
10,Iterative Batch Phase: Min,560,1,White,TRUE,31,FALSE,FALSE,4,black_female_low
3,Iterative Batch Phase: Max,561,1,White,FALSE,52,FALSE,FALSE,5,black_male_high
100,Validation,562,0,White,FALSE,63,FALSE,FALSE,6,black_male_low
9,Iterative Batch Phase: Min,563,0,White,TRUE,77,FALSE,FALSE,2,white_female_low
100,Validation,564,1,White,FALSE,41,FALSE,FALSE,5,black_male_high
0,Warmup,565,1,White,FALSE,66,FALSE,FALSE,7,white_male_high
100,Validation,566,0,White,TRUE,28,FALSE,FALSE,6,black_male_low
100,Validation,567,0,Asian,TRUE,60,FALSE,FALSE,5,black_male_high
100,Validation,568,0,White,FALSE,41,FALSE,FALSE,6,black_male_low
100,Validation,569,1,White,TRUE,73,FALSE,FALSE,6,black_male_low
100,Validation,570,1,White,TRUE,48,FALSE,FALSE,5,black_male_high
1,Iterative Batch Phase: Max,571,1,Black or African American,TRUE,43,FALSE,FALSE,5,black_male_high
100,Validation,572,1,White,TRUE,24,FALSE,FALSE,6,black_male_low
100,Validation,573,1,White,FALSE,31,FALSE,FALSE,5,black_male_high
100,Validation,574,1,White,TRUE,33,FALSE,FALSE,5,black_male_high
100,Validation,575,1,White,TRUE,41,FALSE,FALSE,5,black_male_high
100,Validation,576,1,White,FALSE,31,FALSE,FALSE,5,black_male_high
100,Validation,577,1,Asian,FALSE,18,FALSE,TRUE,5,black_male_high
0,Warmup,578,0,White,TRUE,26,FALSE,FALSE,4,black_female_low
1,Iterative Batch Phase: Max,579,1,White,FALSE,41,FALSE,FALSE,5,black_male_high
2,Iterative Batch Phase: Min,580,1,White,TRUE,30,FALSE,FALSE,4,black_female_low
9,Iterative Batch Phase: Min,581,1,Black or African American,TRUE,33,TRUE,FALSE,7,white_male_high
12,Iterative Batch Phase: Min,582,0,White,FALSE,39,FALSE,FALSE,6,black_male_low
9,Iterative Batch Phase: Min,583,1,Black or African American,FALSE,38,FALSE,FALSE,4,black_female_low
100,Validation,584,1,White,TRUE,29,FALSE,FALSE,5,black_male_high
100,Validation,585,1,White,TRUE,26,FALSE,FALSE,6,black_male_low
100,Validation,586,1,White,TRUE,54,FALSE,FALSE,6,black_male_low
100,Validation,587,1,White,FALSE,27,FALSE,FALSE,5,black_male_high
100,Validation,588,1,White,FALSE,32,FALSE,FALSE,5,black_male_high
6,Iterative Batch Phase: Min,589,0,White,TRUE,33,FALSE,FALSE,6,black_male_low
100,Validation,590,1,White,FALSE,23,TRUE,FALSE,6,black_male_low
20,Iterative Batch Phase: Min,591,1,Black or African American,FALSE,40,FALSE,FALSE,6,black_male_low
20,Iterative Batch Phase: Min,592,0,White,FALSE,80,FALSE,FALSE,1,white_female_high
14,Iterative Batch Phase: Min,593,1,White,TRUE,50,FALSE,FALSE,4,black_female_low
100,Validation,594,1,Asian,TRUE,28,FALSE,FALSE,6,black_male_low
100,Validation,595,1,White,FALSE,27,FALSE,FALSE,5,black_male_high
7,Iterative Batch Phase: Min,596,0,Two or More Races,FALSE,57,FALSE,FALSE,4,black_female_low
0,Warmup,597,1,Two or More Races,FALSE,26,FALSE,FALSE,2,white_female_low
3,Iterative Batch Phase: Min,598,1,White,TRUE,36,FALSE,FALSE,8,white_male_low
0,Warmup,599,1,White,TRUE,40,FALSE,FALSE,8,white_male_low
0,Warmup,600,0,Black or African American,TRUE,58,FALSE,FALSE,5,black_male_high
100,Validation,601,1,White,FALSE,45,FALSE,FALSE,5,black_male_high
100,Validation,602,0,White,TRUE,53,FALSE,FALSE,6,black_male_low
0,Warmup,603,1,Black or African American,TRUE,43,FALSE,FALSE,2,white_female_low
4,Iterative Batch Phase: Max,604,1,Black or African American,FALSE,34,FALSE,FALSE,5,black_male_high
6,Iterative Batch Phase: Min,605,0,White,FALSE,29,TRUE,FALSE,4,black_female_low
13,Iterative Batch Phase: Min,606,1,Asian,TRUE,28,FALSE,FALSE,1,white_female_high
100,Validation,607,1,White,FALSE,26,TRUE,FALSE,6,black_male_low
100,Validation,608,1,White,TRUE,24,FALSE,FALSE,5,black_male_high
100,Validation,609,0,White,TRUE,35,FALSE,FALSE,5,black_male_high
100,Validation,610,1,White,TRUE,48,FALSE,FALSE,5,black_male_high
2,Iterative Batch Phase: Max,611,1,White,TRUE,54,FALSE,FALSE,5,black_male_high
5,Iterative Batch Phase: Min,612,0,White,TRUE,49,FALSE,FALSE,6,black_male_low
19,Iterative Batch Phase: Min,613,1,White,FALSE,40,FALSE,FALSE,6,black_male_low
100,Validation,614,0,Two or More Races,FALSE,34,FALSE,FALSE,6,black_male_low
1,Iterative Batch Phase: Min,615,0,White,TRUE,43,FALSE,FALSE,5,black_male_high
4,Iterative Batch Phase: Max,616,0,White,FALSE,29,FALSE,FALSE,5,black_male_high
16,Iterative Batch Phase: Min,617,1,White,FALSE,36,FALSE,FALSE,4,black_female_low
100,Validation,618,1,White,TRUE,51,FALSE,FALSE,6,black_male_low
100,Validation,619,0,White,TRUE,47,FALSE,FALSE,5,black_male_high
4,Iterative Batch Phase: Min,620,1,Black or African American,FALSE,36,FALSE,FALSE,7,white_male_high
16,Iterative Batch Phase: Min,621,1,White,TRUE,43,FALSE,FALSE,6,black_male_low
100,Validation,622,1,White,FALSE,43,FALSE,FALSE,6,black_male_low
13,Iterative Batch Phase: Min,623,1,White,FALSE,34,FALSE,FALSE,6,black_male_low
100,Validation,624,0,White,FALSE,32,FALSE,FALSE,6,black_male_low
19,Iterative Batch Phase: Min,625,1,White,FALSE,35,FALSE,FALSE,5,black_male_high
6,Iterative Batch Phase: Min,626,1,White,TRUE,31,FALSE,FALSE,3,black_female_high
3,Iterative Batch Phase: Max,627,1,White,TRUE,42,FALSE,FALSE,6,black_male_low
100,Validation,628,0,White,FALSE,34,FALSE,FALSE,5,black_male_high
100,Validation,629,1,Black or African American,TRUE,22,FALSE,FALSE,6,black_male_low
100,Validation,630,0,Black or African American,TRUE,49,FALSE,FALSE,5,black_male_high
100,Validation,631,0,Asian,TRUE,28,FALSE,FALSE,6,black_male_low
14,Iterative Batch Phase: Min,632,1,White,TRUE,23,FALSE,FALSE,4,black_female_low
100,Validation,633,0,Asian,FALSE,23,FALSE,FALSE,6,black_male_low
100,Validation,634,0,White,TRUE,48,FALSE,FALSE,5,black_male_high
8,Iterative Batch Phase: Min,635,1,Other,FALSE,28,TRUE,FALSE,3,black_female_high
17,Iterative Batch Phase: Min,636,1,White,TRUE,51,FALSE,FALSE,4,black_female_low
15,Iterative Batch Phase: Min,637,0,White,FALSE,57,FALSE,FALSE,5,black_male_high
0,Warmup,638,1,White,TRUE,23,FALSE,FALSE,2,white_female_low
100,Validation,639,0,White,FALSE,24,FALSE,FALSE,5,black_male_high
7,Iterative Batch Phase: Min,640,0,Two or More Races,TRUE,33,FALSE,FALSE,4,black_female_low
100,Validation,641,1,White,FALSE,48,FALSE,FALSE,6,black_male_low
100,Validation,642,0,White,TRUE,62,FALSE,FALSE,5,black_male_high
4,Iterative Batch Phase: Max,643,1,Black or African American,FALSE,50,FALSE,FALSE,5,black_male_high
100,Validation,644,0,White,FALSE,58,FALSE,FALSE,6,black_male_low
0,Warmup,645,1,White,FALSE,21,FALSE,TRUE,6,black_male_low
100,Validation,646,0,Black or African American,TRUE,67,FALSE,FALSE,6,black_male_low
16,Iterative Batch Phase: Min,647,1,White,TRUE,47,FALSE,FALSE,4,black_female_low
20,Iterative Batch Phase: Min,648,1,White,FALSE,38,FALSE,FALSE,6,black_male_low
1,Iterative Batch Phase: Max,649,1,White,FALSE,64,FALSE,FALSE,6,black_male_low
100,Validation,650,0,Asian,TRUE,23,FALSE,FALSE,5,black_male_high
7,Iterative Batch Phase: Min,651,0,White,FALSE,65,FALSE,FALSE,3,black_female_high
17,Iterative Batch Phase: Min,652,1,White,FALSE,23,FALSE,FALSE,6,black_male_low
100,Validation,653,1,White,TRUE,72,FALSE,FALSE,5,black_male_high
100,Validation,654,1,Black or African American,FALSE,35,FALSE,FALSE,5,black_male_high
19,Iterative Batch Phase: Min,655,1,White,TRUE,36,FALSE,FALSE,6,black_male_low
0,Warmup,656,1,White,TRUE,34,FALSE,FALSE,6,black_male_low
4,Iterative Batch Phase: Max,657,1,White,TRUE,67,FALSE,FALSE,8,white_male_low
14,Iterative Batch Phase: Min,658,1,Asian,TRUE,32,FALSE,FALSE,2,white_female_low
100,Validation,659,0,White,FALSE,24,FALSE,FALSE,6,black_male_low
100,Validation,660,1,White,TRUE,56,FALSE,FALSE,5,black_male_high
2,Iterative Batch Phase: Min,661,1,Black or African American,TRUE,58,FALSE,FALSE,3,black_female_high
8,Iterative Batch Phase: Min,662,0,White,TRUE,25,FALSE,FALSE,3,black_female_high
1,Iterative Batch Phase: Min,663,1,White,FALSE,42,FALSE,FALSE,4,black_female_low
3,Iterative Batch Phase: Max,664,1,Black or African American,TRUE,23,FALSE,FALSE,5,black_male_high
0,Warmup,665,1,White,TRUE,36,FALSE,FALSE,6,black_male_low
3,Iterative Batch Phase: Max,666,1,White,TRUE,35,FALSE,FALSE,5,black_male_high
100,Validation,667,0,White,FALSE,71,FALSE,FALSE,5,black_male_high
8,Iterative Batch Phase: Min,668,1,White,TRUE,22,FALSE,FALSE,6,black_male_low
14,Iterative Batch Phase: Min,669,1,White,TRUE,26,TRUE,FALSE,6,black_male_low
11,Iterative Batch Phase: Min,670,0,White,FALSE,23,TRUE,FALSE,4,black_female_low
100,Validation,671,1,White,FALSE,29,FALSE,FALSE,5,black_male_high
8,Iterative Batch Phase: Min,672,1,Two or More Races,FALSE,39,FALSE,FALSE,4,black_female_low
100,Validation,673,1,White,FALSE,39,FALSE,FALSE,6,black_male_low
100,Validation,674,1,White,FALSE,80,FALSE,FALSE,5,black_male_high
2,Iterative Batch Phase: Max,675,1,White,FALSE,40,FALSE,FALSE,5,black_male_high
100,Validation,676,1,White,FALSE,38,FALSE,FALSE,5,black_male_high
13,Iterative Batch Phase: Min,677,1,Asian,TRUE,31,FALSE,FALSE,6,black_male_low
13,Iterative Batch Phase: Min,678,1,Two or More Races,TRUE,38,FALSE,FALSE,4,black_female_low
100,Validation,679,1,White,FALSE,59,FALSE,FALSE,6,black_male_low
100,Validation,680,1,Asian,TRUE,32,FALSE,FALSE,5,black_male_high
3,Iterative Batch Phase: Min,681,0,Black or African American,TRUE,38,FALSE,FALSE,6,black_male_low
12,Iterative Batch Phase: Min,682,1,White,TRUE,42,FALSE,FALSE,2,white_female_low
17,Iterative Batch Phase: Min,683,1,White,FALSE,53,FALSE,FALSE,6,black_male_low
0,Warmup,684,1,White,TRUE,45,FALSE,FALSE,2,white_female_low
2,Iterative Batch Phase: Min,685,0,Black or African American,FALSE,35,FALSE,FALSE,1,white_female_high
100,Validation,686,1,Two or More Races,FALSE,33,TRUE,FALSE,6,black_male_low
100,Validation,687,1,White,TRUE,29,FALSE,FALSE,5,black_male_high
100,Validation,688,1,White,FALSE,33,FALSE,FALSE,6,black_male_low
100,Validation,689,1,White,FALSE,41,FALSE,FALSE,6,black_male_low
100,Validation,690,1,White,TRUE,39,FALSE,FALSE,6,black_male_low
100,Validation,691,0,Asian,TRUE,21,TRUE,FALSE,6,black_male_low
100,Validation,692,0,White,TRUE,53,FALSE,FALSE,5,black_male_high
100,Validation,693,1,White,FALSE,44,FALSE,FALSE,6,black_male_low
100,Validation,694,1,White,TRUE,28,FALSE,FALSE,5,black_male_high
100,Validation,695,1,White,TRUE,24,TRUE,FALSE,6,black_male_low
12,Iterative Batch Phase: Min,696,1,White,TRUE,25,FALSE,FALSE,7,white_male_high
100,Validation,697,0,White,FALSE,36,FALSE,FALSE,5,black_male_high
15,Iterative Batch Phase: Min,698,1,White,TRUE,38,FALSE,FALSE,4,black_female_low
10,Iterative Batch Phase: Min,699,1,White,TRUE,55,FALSE,FALSE,2,white_female_low
19,Iterative Batch Phase: Min,700,1,Black or African American,FALSE,52,TRUE,FALSE,8,white_male_low
100,Validation,701,1,White,FALSE,61,FALSE,FALSE,5,black_male_high
100,Validation,702,0,White,FALSE,70,FALSE,FALSE,6,black_male_low
0,Warmup,703,1,White,FALSE,21,FALSE,FALSE,7,white_male_high
10,Iterative Batch Phase: Min,704,1,Black or African American,FALSE,27,TRUE,FALSE,4,black_female_low
15,Iterative Batch Phase: Min,705,0,White,FALSE,,FALSE,TRUE,2,white_female_low
100,Validation,706,1,White,TRUE,42,FALSE,FALSE,5,black_male_high
100,Validation,707,0,White,FALSE,21,FALSE,FALSE,5,black_male_high
18,Iterative Batch Phase: Min,708,1,White,TRUE,25,FALSE,FALSE,4,black_female_low
100,Validation,709,1,White,FALSE,43,FALSE,FALSE,6,black_male_low
100,Validation,710,1,Black or African American,FALSE,28,FALSE,FALSE,6,black_male_low
2,Iterative Batch Phase: Min,711,1,White,FALSE,30,FALSE,FALSE,2,white_female_low
100,Validation,712,0,White,FALSE,31,FALSE,FALSE,6,black_male_low
100,Validation,713,0,White,FALSE,45,FALSE,FALSE,5,black_male_high
5,Iterative Batch Phase: Min,714,0,White,FALSE,29,FALSE,FALSE,3,black_female_high
100,Validation,715,0,Two or More Races,FALSE,32,TRUE,FALSE,6,black_male_low
3,Iterative Batch Phase: Min,716,1,White,FALSE,44,FALSE,FALSE,3,black_female_high
0,Warmup,717,1,White,TRUE,48,FALSE,FALSE,2,white_female_low
7,Iterative Batch Phase: Min,718,1,White,FALSE,53,FALSE,FALSE,3,black_female_high
100,Validation,719,1,Asian,TRUE,28,FALSE,FALSE,6,black_male_low
3,Iterative Batch Phase: Min,720,1,White,FALSE,35,FALSE,FALSE,5,black_male_high
4,Iterative Batch Phase: Min,721,1,Black or African American,TRUE,35,FALSE,FALSE,3,black_female_high
100,Validation,722,0,White,FALSE,41,FALSE,FALSE,6,black_male_low
14,Iterative Batch Phase: Min,723,0,White,FALSE,48,FALSE,TRUE,4,black_female_low
100,Validation,724,1,White,TRUE,30,FALSE,FALSE,6,black_male_low
100,Validation,725,1,White,TRUE,25,FALSE,FALSE,6,black_male_low
3,Iterative Batch Phase: Min,726,1,Asian,FALSE,33,FALSE,FALSE,7,white_male_high
7,Iterative Batch Phase: Min,727,1,White,TRUE,44,FALSE,FALSE,6,black_male_low
100,Validation,728,1,Asian,FALSE,23,FALSE,FALSE,6,black_male_low
13,Iterative Batch Phase: Min,729,1,White,FALSE,41,FALSE,FALSE,6,black_male_low
100,Validation,730,1,White,TRUE,36,FALSE,FALSE,5,black_male_high
10,Iterative Batch Phase: Min,731,1,Black or African American,TRUE,29,FALSE,FALSE,6,black_male_low
4,Iterative Batch Phase: Max,732,1,Two or More Races,FALSE,39,FALSE,FALSE,4,black_female_low
2,Iterative Batch Phase: Max,733,0,White,FALSE,68,FALSE,FALSE,5,black_male_high
7,Iterative Batch Phase: Min,734,0,White,FALSE,32,FALSE,FALSE,4,black_female_low
1,Iterative Batch Phase: Min,735,1,White,FALSE,33,FALSE,TRUE,1,white_female_high
17,Iterative Batch Phase: Min,736,0,White,FALSE,42,FALSE,FALSE,4,black_female_low
7,Iterative Batch Phase: Min,737,0,White,TRUE,59,FALSE,FALSE,4,black_female_low
100,Validation,738,1,White,TRUE,28,FALSE,FALSE,5,black_male_high
9,Iterative Batch Phase: Min,739,0,White,FALSE,53,FALSE,FALSE,6,black_male_low
7,Iterative Batch Phase: Min,740,0,Asian,FALSE,64,FALSE,FALSE,6,black_male_low
0,Warmup,741,1,White,TRUE,28,FALSE,FALSE,8,white_male_low
0,Warmup,742,1,White,FALSE,29,FALSE,FALSE,5,black_male_high
20,Iterative Batch Phase: Min,743,0,White,FALSE,71,FALSE,FALSE,4,black_female_low
12,Iterative Batch Phase: Min,744,0,White,FALSE,50,FALSE,FALSE,6,black_male_low
3,Iterative Batch Phase: Max,745,1,White,TRUE,41,FALSE,FALSE,5,black_male_high
9,Iterative Batch Phase: Min,746,0,White,TRUE,27,FALSE,FALSE,4,black_female_low
13,Iterative Batch Phase: Min,747,1,Asian,TRUE,22,FALSE,FALSE,6,black_male_low
100,Validation,748,0,White,FALSE,53,FALSE,FALSE,5,black_male_high
100,Validation,749,1,White,TRUE,65,FALSE,FALSE,6,black_male_low
2,Iterative Batch Phase: Max,750,1,White,TRUE,34,FALSE,FALSE,5,black_male_high
2,Iterative Batch Phase: Min,751,1,Black or African American,TRUE,26,FALSE,FALSE,1,white_female_high
100,Validation,752,1,White,FALSE,31,FALSE,FALSE,5,black_male_high
5,Iterative Batch Phase: Min,753,0,White,TRUE,64,FALSE,FALSE,6,black_male_low
100,Validation,754,0,Two or More Races,FALSE,39,TRUE,FALSE,5,black_male_high
100,Validation,755,0,White,TRUE,69,FALSE,FALSE,6,black_male_low
100,Validation,756,1,White,TRUE,39,FALSE,FALSE,5,black_male_high
11,Iterative Batch Phase: Min,757,1,White,TRUE,57,FALSE,FALSE,6,black_male_low
18,Iterative Batch Phase: Min,758,0,White,TRUE,42,FALSE,FALSE,6,black_male_low
100,Validation,759,1,Asian,FALSE,33,FALSE,FALSE,6,black_male_low
100,Validation,760,1,White,TRUE,56,FALSE,FALSE,6,black_male_low
100,Validation,761,1,White,FALSE,35,FALSE,FALSE,6,black_male_low
100,Validation,762,1,White,FALSE,20,FALSE,FALSE,5,black_male_high
2,Iterative Batch Phase: Min,763,1,Black or African American,FALSE,40,FALSE,FALSE,7,white_male_high
0,Warmup,764,1,White,FALSE,24,FALSE,FALSE,2,white_female_low
10,Iterative Batch Phase: Min,765,1,Black or African American,FALSE,31,FALSE,FALSE,2,white_female_low
100,Validation,766,1,White,TRUE,36,FALSE,FALSE,6,black_male_low
0,Warmup,767,0,White,FALSE,50,FALSE,FALSE,8,white_male_low
100,Validation,768,1,White,FALSE,49,FALSE,FALSE,6,black_male_low
11,Iterative Batch Phase: Min,769,1,Two or More Races,FALSE,24,FALSE,FALSE,4,black_female_low
3,Iterative Batch Phase: Min,770,1,White,TRUE,61,FALSE,FALSE,5,black_male_high
18,Iterative Batch Phase: Min,771,1,Other,FALSE,36,TRUE,FALSE,1,white_female_high
14,Iterative Batch Phase: Min,772,1,White,TRUE,29,FALSE,FALSE,1,white_female_high
100,Validation,773,0,Asian,FALSE,19,FALSE,FALSE,6,black_male_low
20,Iterative Batch Phase: Min,774,1,White,FALSE,27,FALSE,FALSE,6,black_male_low
4,Iterative Batch Phase: Max,775,0,Black or African American,FALSE,20,FALSE,FALSE,8,white_male_low
100,Validation,776,0,Other,TRUE,57,TRUE,FALSE,6,black_male_low
100,Validation,777,1,White,FALSE,38,FALSE,FALSE,6,black_male_low
100,Validation,778,1,White,TRUE,35,FALSE,FALSE,5,black_male_high
100,Validation,779,1,Black or African American,TRUE,62,FALSE,FALSE,5,black_male_high
100,Validation,780,1,White,FALSE,42,FALSE,FALSE,6,black_male_low
14,Iterative Batch Phase: Min,781,1,White,FALSE,33,FALSE,FALSE,6,black_male_low
100,Validation,782,0,White,FALSE,36,FALSE,FALSE,5,black_male_high
20,Iterative Batch Phase: Min,783,1,White,FALSE,29,FALSE,FALSE,6,black_male_low
100,Validation,784,0,White,TRUE,62,FALSE,FALSE,5,black_male_high
0,Warmup,785,0,White,FALSE,33,TRUE,FALSE,3,black_female_high
13,Iterative Batch Phase: Min,786,1,White,FALSE,57,FALSE,FALSE,6,black_male_low
4,Iterative Batch Phase: Max,787,1,White,FALSE,47,FALSE,FALSE,5,black_male_high
100,Validation,788,1,Prefer not to disclose,TRUE,20,TRUE,TRUE,5,black_male_high
100,Validation,789,0,White,TRUE,64,FALSE,FALSE,5,black_male_high
2,Iterative Batch Phase: Max,790,0,White,FALSE,23,FALSE,FALSE,5,black_male_high
100,Validation,791,1,White,TRUE,48,FALSE,FALSE,5,black_male_high
100,Validation,792,1,White,TRUE,35,FALSE,FALSE,6,black_male_low
17,Iterative Batch Phase: Min,793,1,White,TRUE,43,FALSE,FALSE,6,black_male_low
20,Iterative Batch Phase: Min,794,1,White,TRUE,23,FALSE,FALSE,6,black_male_low
14,Iterative Batch Phase: Min,795,1,White,TRUE,34,FALSE,FALSE,6,black_male_low
0,Warmup,796,1,White,TRUE,40,TRUE,FALSE,3,black_female_high
100,Validation,797,1,White,FALSE,26,FALSE,FALSE,5,black_male_high
100,Validation,798,1,White,TRUE,70,FALSE,FALSE,6,black_male_low
7,Iterative Batch Phase: Min,799,0,White,FALSE,34,FALSE,FALSE,5,black_male_high
100,Validation,800,1,Asian,FALSE,24,FALSE,FALSE,6,black_male_low
1,Iterative Batch Phase: Min,801,1,Two or More Races,TRUE,35,FALSE,FALSE,7,white_male_high
14,Iterative Batch Phase: Min,802,1,White,FALSE,36,FALSE,FALSE,4,black_female_low
13,Iterative Batch Phase: Min,803,1,White,FALSE,42,FALSE,FALSE,4,black_female_low
100,Validation,804,1,White,FALSE,40,FALSE,FALSE,6,black_male_low
100,Validation,805,1,American Indian or Alaska Native,FALSE,54,FALSE,FALSE,5,black_male_high
0,Warmup,806,0,White,TRUE,53,FALSE,FALSE,5,black_male_high
10,Iterative Batch Phase: Min,807,1,White,TRUE,32,FALSE,FALSE,1,white_female_high
13,Iterative Batch Phase: Min,808,1,Black or African American,TRUE,23,FALSE,FALSE,3,black_female_high
100,Validation,809,1,White,FALSE,25,FALSE,FALSE,5,black_male_high
0,Warmup,810,1,White,FALSE,27,FALSE,FALSE,2,white_female_low
19,Iterative Batch Phase: Min,811,1,Black or African American,TRUE,52,FALSE,FALSE,6,black_male_low
100,Validation,812,0,White,TRUE,58,FALSE,FALSE,6,black_male_low
2,Iterative Batch Phase: Min,813,1,White,TRUE,46,FALSE,FALSE,1,white_female_high
100,Validation,814,1,White,TRUE,41,FALSE,FALSE,6,black_male_low
100,Validation,815,1,White,TRUE,61,FALSE,FALSE,5,black_male_high
18,Iterative Batch Phase: Min,816,1,Black or African American,TRUE,52,FALSE,FALSE,6,black_male_low
15,Iterative Batch Phase: Min,817,1,White,TRUE,43,FALSE,FALSE,5,black_male_high
100,Validation,818,1,Asian,TRUE,24,FALSE,FALSE,5,black_male_high
0,Warmup,819,1,White,FALSE,32,FALSE,FALSE,3,black_female_high
4,Iterative Batch Phase: Max,820,1,Two or More Races,TRUE,35,FALSE,FALSE,5,black_male_high
100,Validation,821,1,White,FALSE,23,FALSE,FALSE,5,black_male_high
2,Iterative Batch Phase: Min,822,1,Two or More Races,FALSE,46,FALSE,FALSE,1,white_female_high
9,Iterative Batch Phase: Min,823,1,White,TRUE,60,FALSE,FALSE,6,black_male_low
100,Validation,824,1,White,FALSE,37,FALSE,FALSE,6,black_male_low
2,Iterative Batch Phase: Max,825,1,White,TRUE,42,FALSE,FALSE,5,black_male_high
14,Iterative Batch Phase: Min,826,1,White,TRUE,68,FALSE,FALSE,5,black_male_high
3,Iterative Batch Phase: Max,827,0,White,FALSE,37,FALSE,FALSE,5,black_male_high
8,Iterative Batch Phase: Min,828,0,White,FALSE,44,FALSE,FALSE,5,black_male_high
17,Iterative Batch Phase: Min,829,1,White,TRUE,31,FALSE,FALSE,6,black_male_low
100,Validation,830,1,Asian,FALSE,25,FALSE,FALSE,6,black_male_low
8,Iterative Batch Phase: Min,831,1,White,TRUE,22,TRUE,FALSE,6,black_male_low
100,Validation,832,1,White,FALSE,26,FALSE,TRUE,6,black_male_low
1,Iterative Batch Phase: Max,833,1,White,TRUE,38,FALSE,FALSE,6,black_male_low
3,Iterative Batch Phase: Min,834,0,White,TRUE,34,TRUE,FALSE,6,black_male_low
5,Iterative Batch Phase: Min,835,0,White,FALSE,72,FALSE,FALSE,3,black_female_high
100,Validation,836,1,White,FALSE,25,FALSE,FALSE,6,black_male_low
4,Iterative Batch Phase: Min,837,0,White,TRUE,30,FALSE,FALSE,6,black_male_low
100,Validation,838,1,Black or African American,TRUE,21,TRUE,FALSE,5,black_male_high
100,Validation,839,1,Black or African American,FALSE,33,FALSE,FALSE,5,black_male_high
11,Iterative Batch Phase: Min,840,1,White,TRUE,50,FALSE,FALSE,2,white_female_low
2,Iterative Batch Phase: Max,841,1,White,FALSE,59,FALSE,FALSE,5,black_male_high
9,Iterative Batch Phase: Min,842,0,Asian,FALSE,27,FALSE,FALSE,5,black_male_high
100,Validation,843,0,White,TRUE,43,FALSE,FALSE,6,black_male_low
10,Iterative Batch Phase: Min,844,1,White,FALSE,38,FALSE,FALSE,4,black_female_low
0,Warmup,845,1,White,FALSE,39,FALSE,FALSE,4,black_female_low
100,Validation,846,1,White,FALSE,35,TRUE,FALSE,6,black_male_low
100,Validation,847,1,White,FALSE,65,FALSE,FALSE,5,black_male_high
100,Validation,848,1,White,TRUE,25,FALSE,FALSE,5,black_male_high
100,Validation,849,1,White,FALSE,40,FALSE,FALSE,6,black_male_low
100,Validation,850,1,White,TRUE,39,FALSE,FALSE,6,black_male_low
2,Iterative Batch Phase: Min,851,0,White,FALSE,69,FALSE,FALSE,5,black_male_high
0,Warmup,852,1,White,FALSE,34,FALSE,FALSE,1,white_female_high
5,Iterative Batch Phase: Min,853,1,Other,FALSE,60,FALSE,FALSE,3,black_female_high
19,Iterative Batch Phase: Min,854,0,White,FALSE,61,FALSE,FALSE,6,black_male_low
19,Iterative Batch Phase: Min,855,1,White,TRUE,49,FALSE,FALSE,6,black_male_low
100,Validation,856,0,Asian,FALSE,34,FALSE,FALSE,6,black_male_low
100,Validation,857,0,White,TRUE,25,TRUE,FALSE,5,black_male_high
17,Iterative Batch Phase: Min,858,1,Prefer not to disclose,FALSE,24,FALSE,TRUE,6,black_male_low
100,Validation,859,1,Asian,TRUE,37,FALSE,FALSE,6,black_male_low
10,Iterative Batch Phase: Min,860,1,White,FALSE,54,FALSE,FALSE,4,black_female_low
9,Iterative Batch Phase: Min,861,1,White,TRUE,40,FALSE,FALSE,2,white_female_low
100,Validation,862,1,Asian,TRUE,23,FALSE,FALSE,5,black_male_high
100,Validation,863,1,White,TRUE,40,TRUE,FALSE,5,black_male_high
0,Warmup,864,1,White,FALSE,54,FALSE,FALSE,5,black_male_high
100,Validation,865,0,Two or More Races,TRUE,31,FALSE,FALSE,6,black_male_low
100,Validation,866,1,White,FALSE,28,FALSE,FALSE,6,black_male_low
1,Iterative Batch Phase: Min,867,1,White,FALSE,32,FALSE,FALSE,4,black_female_low
100,Validation,868,0,White,TRUE,36,FALSE,FALSE,6,black_male_low
100,Validation,869,1,White,TRUE,42,FALSE,FALSE,6,black_male_low
2,Iterative Batch Phase: Min,870,1,White,TRUE,39,FALSE,FALSE,7,white_male_high
100,Validation,871,0,White,TRUE,35,FALSE,FALSE,6,black_male_low
19,Iterative Batch Phase: Min,872,1,White,TRUE,30,FALSE,FALSE,6,black_male_low
19,Iterative Batch Phase: Min,873,1,White,FALSE,62,FALSE,FALSE,6,black_male_low
6,Iterative Batch Phase: Min,874,1,White,FALSE,69,FALSE,FALSE,6,black_male_low
100,Validation,875,1,Black or African American,FALSE,28,FALSE,FALSE,6,black_male_low
2,Iterative Batch Phase: Min,876,1,White,TRUE,22,FALSE,FALSE,7,white_male_high
100,Validation,877,1,Asian,TRUE,35,FALSE,FALSE,6,black_male_low
5,Iterative Batch Phase: Min,878,1,White,TRUE,65,FALSE,FALSE,2,white_female_low
0,Warmup,879,1,White,FALSE,24,FALSE,FALSE,6,black_male_low
3,Iterative Batch Phase: Min,880,1,White,TRUE,23,FALSE,FALSE,4,black_female_low
100,Validation,881,1,White,TRUE,34,FALSE,FALSE,6,black_male_low
0,Warmup,882,1,White,TRUE,33,TRUE,FALSE,3,black_female_high
3,Iterative Batch Phase: Min,883,1,White,FALSE,54,FALSE,FALSE,3,black_female_high
8,Iterative Batch Phase: Min,884,0,White,FALSE,36,FALSE,FALSE,1,white_female_high
100,Validation,885,1,Asian,FALSE,37,FALSE,FALSE,5,black_male_high
3,Iterative Batch Phase: Min,886,1,White,FALSE,42,FALSE,FALSE,3,black_female_high
16,Iterative Batch Phase: Min,887,1,White,TRUE,22,FALSE,FALSE,6,black_male_low
1,Iterative Batch Phase: Max,888,1,White,TRUE,25,FALSE,FALSE,5,black_male_high
7,Iterative Batch Phase: Min,889,1,White,TRUE,72,FALSE,FALSE,6,black_male_low
5,Iterative Batch Phase: Min,890,0,White,FALSE,34,FALSE,FALSE,5,black_male_high
100,Validation,891,0,White,FALSE,64,FALSE,FALSE,5,black_male_high
100,Validation,892,1,Black or African American,FALSE,40,FALSE,FALSE,6,black_male_low
100,Validation,893,1,Black or African American,FALSE,51,FALSE,FALSE,6,black_male_low
100,Validation,894,1,Native Hawaiian or Other Pacific Islander,TRUE,45,FALSE,FALSE,5,black_male_high
0,Warmup,895,0,Asian,FALSE,24,FALSE,FALSE,6,black_male_low
0,Warmup,896,1,Black or African American,TRUE,55,FALSE,FALSE,3,black_female_high
6,Iterative Batch Phase: Min,897,0,White,FALSE,49,FALSE,FALSE,4,black_female_low
100,Validation,898,0,White,TRUE,48,FALSE,FALSE,5,black_male_high
0,Warmup,899,1,White,FALSE,25,FALSE,FALSE,8,white_male_low
18,Iterative Batch Phase: Min,900,1,White,FALSE,38,TRUE,FALSE,6,black_male_low
100,Validation,901,1,White,TRUE,36,FALSE,FALSE,6,black_male_low
13,Iterative Batch Phase: Min,902,1,Black or African American,TRUE,25,FALSE,FALSE,1,white_female_high
12,Iterative Batch Phase: Min,903,1,Two or More Races,TRUE,29,FALSE,FALSE,1,white_female_high
16,Iterative Batch Phase: Min,904,1,Black or African American,FALSE,61,FALSE,FALSE,6,black_male_low
100,Validation,905,0,White,FALSE,52,FALSE,FALSE,5,black_male_high
10,Iterative Batch Phase: Min,906,1,White,FALSE,31,FALSE,FALSE,6,black_male_low
15,Iterative Batch Phase: Min,907,1,White,FALSE,21,FALSE,FALSE,8,white_male_low
17,Iterative Batch Phase: Min,908,0,White,FALSE,42,FALSE,FALSE,6,black_male_low
100,Validation,909,1,Asian,TRUE,42,FALSE,FALSE,6,black_male_low
100,Validation,910,1,White,TRUE,22,FALSE,FALSE,6,black_male_low
11,Iterative Batch Phase: Min,911,1,White,TRUE,27,FALSE,FALSE,6,black_male_low
100,Validation,912,1,Asian,FALSE,27,FALSE,FALSE,5,black_male_high
14,Iterative Batch Phase: Min,913,0,Black or African American,FALSE,26,FALSE,FALSE,4,black_female_low
100,Validation,914,1,Black or African American,TRUE,28,FALSE,FALSE,6,black_male_low
0,Warmup,915,1,Asian,FALSE,24,FALSE,FALSE,3,black_female_high
100,Validation,916,1,White,TRUE,51,FALSE,FALSE,5,black_male_high
2,Iterative Batch Phase: Min,917,1,White,FALSE,41,FALSE,FALSE,7,white_male_high
100,Validation,918,1,White,TRUE,31,FALSE,FALSE,6,black_male_low
100,Validation,919,1,White,TRUE,23,FALSE,FALSE,6,black_male_low
7,Iterative Batch Phase: Min,920,1,White,TRUE,32,FALSE,FALSE,4,black_female_low
0,Warmup,921,1,Asian,FALSE,27,FALSE,FALSE,5,black_male_high
19,Iterative Batch Phase: Min,922,1,White,TRUE,27,FALSE,FALSE,6,black_male_low
14,Iterative Batch Phase: Min,923,0,Black or African American,FALSE,26,FALSE,FALSE,4,black_female_low
100,Validation,924,1,Black or African American,TRUE,58,FALSE,FALSE,5,black_male_high
0,Warmup,925,1,White,TRUE,42,FALSE,FALSE,4,black_female_low
100,Validation,926,0,White,TRUE,36,TRUE,FALSE,6,black_male_low
10,Iterative Batch Phase: Min,927,1,White,FALSE,40,FALSE,FALSE,2,white_female_low
3,Iterative Batch Phase: Max,928,1,White,FALSE,52,FALSE,FALSE,1,white_female_high
100,Validation,929,1,Black or African American,FALSE,27,FALSE,FALSE,5,black_male_high
100,Validation,930,1,White,TRUE,41,FALSE,FALSE,6,black_male_low
5,Iterative Batch Phase: Min,931,0,White,FALSE,73,FALSE,FALSE,4,black_female_low
10,Iterative Batch Phase: Min,932,1,White,TRUE,54,FALSE,FALSE,6,black_male_low
2,Iterative Batch Phase: Min,933,1,Asian,FALSE,33,FALSE,FALSE,1,white_female_high
4,Iterative Batch Phase: Max,934,1,White,FALSE,40,FALSE,FALSE,5,black_male_high
14,Iterative Batch Phase: Min,935,1,White,FALSE,41,FALSE,FALSE,4,black_female_low
100,Validation,936,1,White,TRUE,77,FALSE,FALSE,6,black_male_low
3,Iterative Batch Phase: Min,937,0,White,TRUE,29,FALSE,FALSE,2,white_female_low
100,Validation,938,1,Asian,TRUE,29,FALSE,FALSE,5,black_male_high
3,Iterative Batch Phase: Min,939,1,White,FALSE,33,FALSE,FALSE,2,white_female_low
100,Validation,940,0,Asian,TRUE,25,FALSE,FALSE,6,black_male_low
100,Validation,941,1,Asian,TRUE,27,FALSE,FALSE,5,black_male_high
100,Validation,942,0,White,FALSE,49,FALSE,FALSE,6,black_male_low
100,Validation,943,1,Black or African American,TRUE,61,FALSE,FALSE,5,black_male_high
100,Validation,944,1,White,TRUE,44,FALSE,FALSE,6,black_male_low
1,Iterative Batch Phase: Min,945,1,Asian,FALSE,46,FALSE,FALSE,3,black_female_high
100,Validation,946,1,White,FALSE,36,FALSE,FALSE,5,black_male_high
11,Iterative Batch Phase: Min,947,0,White,TRUE,20,FALSE,FALSE,5,black_male_high
3,Iterative Batch Phase: Max,948,1,White,FALSE,44,FALSE,FALSE,5,black_male_high
100,Validation,949,1,Asian,TRUE,34,FALSE,FALSE,6,black_male_low
100,Validation,950,1,White,FALSE,58,FALSE,FALSE,6,black_male_low
19,Iterative Batch Phase: Min,951,1,White,TRUE,42,FALSE,FALSE,6,black_male_low
100,Validation,952,1,Black or African American,FALSE,54,FALSE,FALSE,6,black_male_low
2,Iterative Batch Phase: Min,953,1,White,FALSE,32,FALSE,FALSE,1,white_female_high
0,Warmup,954,1,White,FALSE,24,FALSE,FALSE,5,black_male_high
100,Validation,955,1,White,TRUE,43,FALSE,FALSE,5,black_male_high
9,Iterative Batch Phase: Min,956,0,White,TRUE,41,FALSE,FALSE,4,black_female_low
100,Validation,957,1,White,TRUE,36,FALSE,FALSE,6,black_male_low
2,Iterative Batch Phase: Max,958,1,Black or African American,FALSE,31,FALSE,FALSE,5,black_male_high
19,Iterative Batch Phase: Min,959,1,White,FALSE,33,FALSE,FALSE,8,white_male_low
6,Iterative Batch Phase: Min,960,1,White,TRUE,48,FALSE,FALSE,1,white_female_high
0,Warmup,961,1,White,FALSE,29,FALSE,FALSE,2,white_female_low
19,Iterative Batch Phase: Min,962,0,White,TRUE,29,FALSE,FALSE,6,black_male_low
7,Iterative Batch Phase: Min,963,1,White,FALSE,32,FALSE,FALSE,4,black_female_low
1,Iterative Batch Phase: Max,964,1,White,TRUE,61,FALSE,FALSE,7,white_male_high
20,Iterative Batch Phase: Min,965,0,Two or More Races,TRUE,30,TRUE,FALSE,8,white_male_low
9,Iterative Batch Phase: Min,966,1,Asian,TRUE,31,FALSE,FALSE,7,white_male_high
100,Validation,967,1,White,FALSE,24,FALSE,TRUE,5,black_male_high
6,Iterative Batch Phase: Min,968,1,White,TRUE,38,FALSE,FALSE,6,black_male_low
7,Iterative Batch Phase: Min,969,1,Two or More Races,FALSE,32,FALSE,FALSE,4,black_female_low
1,Iterative Batch Phase: Max,970,1,Two or More Races,TRUE,36,TRUE,FALSE,8,white_male_low
100,Validation,971,1,Asian,FALSE,44,FALSE,FALSE,5,black_male_high
0,Warmup,972,1,White,FALSE,42,FALSE,FALSE,1,white_female_high
100,Validation,973,1,White,FALSE,46,FALSE,FALSE,5,black_male_high
100,Validation,974,1,Asian,TRUE,35,FALSE,FALSE,5,black_male_high
100,Validation,975,1,White,TRUE,46,FALSE,FALSE,5,black_male_high
100,Validation,976,1,White,FALSE,46,FALSE,FALSE,5,black_male_high
100,Validation,977,1,White,FALSE,35,TRUE,FALSE,6,black_male_low
100,Validation,978,1,White,TRUE,47,FALSE,FALSE,6,black_male_low
1,Iterative Batch Phase: Max,979,0,White,FALSE,33,FALSE,FALSE,6,black_male_low
19,Iterative Batch Phase: Min,980,0,White,FALSE,25,FALSE,FALSE,6,black_male_low
15,Iterative Batch Phase: Min,981,0,White,FALSE,50,FALSE,FALSE,6,black_male_low
3,Iterative Batch Phase: Max,982,1,White,FALSE,26,FALSE,FALSE,5,black_male_high
100,Validation,983,0,White,FALSE,40,FALSE,FALSE,5,black_male_high
3,Iterative Batch Phase: Min,984,1,Two or More Races,FALSE,29,FALSE,FALSE,6,black_male_low
100,Validation,985,0,Other,TRUE,41,FALSE,FALSE,5,black_male_high
0,Warmup,986,0,White,FALSE,57,FALSE,FALSE,3,black_female_high
100,Validation,987,1,White,FALSE,42,FALSE,FALSE,6,black_male_low
100,Validation,988,1,White,FALSE,50,FALSE,FALSE,6,black_male_low
100,Validation,989,1,White,TRUE,63,FALSE,FALSE,5,black_male_high
100,Validation,990,0,White,TRUE,59,FALSE,FALSE,5,black_male_high
100,Validation,991,1,White,TRUE,37,FALSE,FALSE,5,black_male_high
20,Iterative Batch Phase: Min,992,1,White,TRUE,23,FALSE,FALSE,4,black_female_low
100,Validation,993,0,White,TRUE,71,FALSE,FALSE,6,black_male_low
0,Warmup,994,1,White,TRUE,31,FALSE,FALSE,7,white_male_high
0,Warmup,995,1,White,FALSE,46,FALSE,FALSE,2,white_female_low
100,Validation,996,1,White,TRUE,21,FALSE,FALSE,6,black_male_low
100,Validation,997,1,White,TRUE,62,FALSE,FALSE,5,black_male_high
3,Iterative Batch Phase: Max,998,1,Asian,TRUE,41,FALSE,FALSE,5,black_male_high
4,Iterative Batch Phase: Min,999,1,White,FALSE,57,FALSE,FALSE,7,white_male_high
100,Validation,1000,1,White,TRUE,28,FALSE,FALSE,5,black_male_high
100,Validation,1001,0,Two or More Races,FALSE,45,FALSE,FALSE,5,black_male_high
11,Iterative Batch Phase: Min,1002,0,White,FALSE,44,FALSE,FALSE,1,white_female_high
100,Validation,1003,1,White,TRUE,21,FALSE,FALSE,5,black_male_high
100,Validation,1004,1,White,FALSE,28,FALSE,FALSE,5,black_male_high
2,Iterative Batch Phase: Max,1005,1,White,TRUE,46,FALSE,FALSE,5,black_male_high
100,Validation,1006,0,Black or African American,TRUE,57,FALSE,FALSE,5,black_male_high
11,Iterative Batch Phase: Min,1007,1,White,TRUE,47,FALSE,FALSE,1,white_female_high
11,Iterative Batch Phase: Min,1008,1,Other,FALSE,24,TRUE,FALSE,5,black_male_high
9,Iterative Batch Phase: Min,1009,1,White,FALSE,42,FALSE,FALSE,2,white_female_low
1,Iterative Batch Phase: Min,1010,1,White,FALSE,40,FALSE,FALSE,4,black_female_low
0,Warmup,1011,0,Black or African American,FALSE,37,FALSE,FALSE,1,white_female_high
100,Validation,1012,0,Black or African American,TRUE,67,FALSE,FALSE,5,black_male_high
100,Validation,1013,1,White,FALSE,30,FALSE,FALSE,5,black_male_high
20,Iterative Batch Phase: Min,1014,1,Black or African American,FALSE,39,FALSE,FALSE,6,black_male_low
100,Validation,1015,1,White,TRUE,28,FALSE,FALSE,5,black_male_high
5,Iterative Batch Phase: Min,1016,1,White,FALSE,39,TRUE,FALSE,6,black_male_low
2,Iterative Batch Phase: Min,1017,1,White,TRUE,26,FALSE,FALSE,4,black_female_low
100,Validation,1018,1,White,TRUE,37,FALSE,FALSE,6,black_male_low
100,Validation,1019,1,White,TRUE,35,FALSE,FALSE,6,black_male_low
12,Iterative Batch Phase: Min,1020,1,Two or More Races,TRUE,26,FALSE,FALSE,3,black_female_high
4,Iterative Batch Phase: Min,1021,1,White,FALSE,25,FALSE,FALSE,4,black_female_low
4,Iterative Batch Phase: Min,1022,1,Asian,FALSE,27,FALSE,FALSE,1,white_female_high
18,Iterative Batch Phase: Min,1023,0,White,FALSE,37,FALSE,FALSE,6,black_male_low
0,Warmup,1024,1,White,TRUE,35,FALSE,FALSE,2,white_female_low
100,Validation,1025,1,White,TRUE,58,FALSE,FALSE,5,black_male_high
12,Iterative Batch Phase: Min,1026,1,White,FALSE,35,FALSE,FALSE,6,black_male_low
100,Validation,1027,0,White,TRUE,30,FALSE,FALSE,5,black_male_high
5,Iterative Batch Phase: Min,1028,1,White,FALSE,50,FALSE,FALSE,2,white_female_low
4,Iterative Batch Phase: Min,1029,0,Black or African American,FALSE,54,FALSE,FALSE,6,black_male_low
3,Iterative Batch Phase: Max,1030,1,White,TRUE,48,FALSE,FALSE,5,black_male_high
0,Warmup,1031,0,White,TRUE,23,FALSE,FALSE,1,white_female_high
2,Iterative Batch Phase: Min,1032,1,White,FALSE,30,FALSE,FALSE,2,white_female_low
0,Warmup,1033,1,White,TRUE,38,FALSE,FALSE,8,white_male_low
1,Iterative Batch Phase: Max,1034,1,White,TRUE,35,FALSE,FALSE,5,black_male_high
3,Iterative Batch Phase: Min,1035,1,Two or More Races,FALSE,25,FALSE,FALSE,5,black_male_high
2,Iterative Batch Phase: Min,1036,0,White,FALSE,62,FALSE,FALSE,3,black_female_high
12,Iterative Batch Phase: Min,1037,1,White,FALSE,29,TRUE,FALSE,5,black_male_high
16,Iterative Batch Phase: Min,1038,0,White,TRUE,43,FALSE,FALSE,6,black_male_low
0,Warmup,1039,1,Black or African American,TRUE,53,FALSE,FALSE,8,white_male_low
100,Validation,1040,1,White,FALSE,37,FALSE,FALSE,5,black_male_high
1,Iterative Batch Phase: Max,1041,1,Two or More Races,TRUE,40,FALSE,FALSE,5,black_male_high
5,Iterative Batch Phase: Min,1042,0,Asian,TRUE,35,FALSE,FALSE,3,black_female_high
3,Iterative Batch Phase: Min,1043,1,White,FALSE,63,FALSE,FALSE,6,black_male_low
2,Iterative Batch Phase: Min,1044,1,White,TRUE,41,FALSE,FALSE,1,white_female_high
18,Iterative Batch Phase: Min,1045,0,White,FALSE,59,FALSE,FALSE,6,black_male_low
7,Iterative Batch Phase: Min,1046,1,White,FALSE,32,FALSE,FALSE,4,black_female_low
0,Warmup,1047,0,White,TRUE,41,FALSE,FALSE,6,black_male_low
100,Validation,1048,1,White,FALSE,45,FALSE,FALSE,6,black_male_low
100,Validation,1049,1,White,FALSE,53,TRUE,FALSE,5,black_male_high
0,Warmup,1050,1,Asian,FALSE,42,FALSE,FALSE,5,black_male_high
0,Warmup,1051,1,White,TRUE,35,TRUE,FALSE,3,black_female_high
100,Validation,1052,1,Two or More Races,TRUE,50,FALSE,FALSE,6,black_male_low
15,Iterative Batch Phase: Min,1053,1,White,TRUE,37,FALSE,FALSE,2,white_female_low
2,Iterative Batch Phase: Min,1054,1,White,TRUE,23,FALSE,FALSE,1,white_female_high
100,Validation,1055,0,White,TRUE,67,FALSE,FALSE,5,black_male_high
7,Iterative Batch Phase: Min,1056,0,White,FALSE,60,FALSE,FALSE,4,black_female_low
19,Iterative Batch Phase: Min,1057,1,White,FALSE,34,FALSE,FALSE,6,black_male_low
4,Iterative Batch Phase: Min,1058,1,White,FALSE,42,FALSE,FALSE,7,white_male_high
1,Iterative Batch Phase: Max,1059,1,White,TRUE,21,FALSE,FALSE,8,white_male_low
5,Iterative Batch Phase: Min,1060,1,Black or African American,FALSE,35,FALSE,FALSE,3,black_female_high
12,Iterative Batch Phase: Min,1061,1,Black or African American,FALSE,39,FALSE,FALSE,4,black_female_low
100,Validation,1062,1,White,TRUE,66,FALSE,FALSE,6,black_male_low
100,Validation,1063,0,Asian,FALSE,29,FALSE,FALSE,6,black_male_low
100,Validation,1064,1,White,TRUE,50,FALSE,FALSE,5,black_male_high
12,Iterative Batch Phase: Min,1065,1,White,TRUE,47,FALSE,FALSE,3,black_female_high
14,Iterative Batch Phase: Min,1066,0,Two or More Races,TRUE,48,FALSE,FALSE,1,white_female_high
4,Iterative Batch Phase: Min,1067,0,White,TRUE,55,FALSE,FALSE,6,black_male_low
9,Iterative Batch Phase: Min,1068,0,Two or More Races,TRUE,51,FALSE,FALSE,2,white_female_low
100,Validation,1069,1,White,TRUE,47,FALSE,FALSE,5,black_male_high
19,Iterative Batch Phase: Min,1070,0,White,FALSE,29,FALSE,FALSE,6,black_male_low
100,Validation,1071,0,White,FALSE,23,TRUE,FALSE,5,black_male_high
100,Validation,1072,1,White,TRUE,27,FALSE,FALSE,5,black_male_high
8,Iterative Batch Phase: Min,1073,1,White,TRUE,49,FALSE,FALSE,4,black_female_low
100,Validation,1074,1,Asian,FALSE,33,FALSE,FALSE,5,black_male_high
17,Iterative Batch Phase: Min,1075,1,Asian,TRUE,27,FALSE,FALSE,6,black_male_low
14,Iterative Batch Phase: Min,1076,0,Black or African American,TRUE,49,FALSE,FALSE,8,white_male_low
12,Iterative Batch Phase: Min,1077,1,Asian,FALSE,35,FALSE,FALSE,6,black_male_low
100,Validation,1078,1,Asian,FALSE,29,FALSE,FALSE,5,black_male_high
15,Iterative Batch Phase: Min,1079,0,White,TRUE,35,FALSE,FALSE,8,white_male_low
14,Iterative Batch Phase: Min,1080,0,White,TRUE,29,FALSE,FALSE,5,black_male_high
100,Validation,1081,1,White,TRUE,41,FALSE,FALSE,5,black_male_high
11,Iterative Batch Phase: Min,1082,1,Black or African American,TRUE,71,FALSE,FALSE,4,black_female_low
14,Iterative Batch Phase: Min,1083,1,Other,TRUE,20,TRUE,FALSE,5,black_male_high
0,Warmup,1084,0,White,TRUE,64,FALSE,FALSE,1,white_female_high
100,Validation,1085,1,Black or African American,FALSE,19,FALSE,FALSE,5,black_male_high
100,Validation,1086,1,Asian,TRUE,42,FALSE,FALSE,5,black_male_high
100,Validation,1087,0,White,TRUE,35,FALSE,FALSE,5,black_male_high
100,Validation,1088,1,White,TRUE,52,TRUE,FALSE,6,black_male_low
100,Validation,1089,0,Black or African American,TRUE,61,FALSE,FALSE,6,black_male_low
100,Validation,1090,0,Asian,TRUE,45,FALSE,FALSE,5,black_male_high
0,Warmup,1091,1,White,FALSE,33,FALSE,FALSE,1,white_female_high
1,Iterative Batch Phase: Max,1092,0,Two or More Races,TRUE,27,TRUE,FALSE,2,white_female_low
8,Iterative Batch Phase: Min,1093,1,White,FALSE,37,FALSE,FALSE,6,black_male_low
19,Iterative Batch Phase: Min,1094,1,White,TRUE,52,FALSE,FALSE,6,black_male_low
20,Iterative Batch Phase: Min,1095,1,White,FALSE,35,FALSE,FALSE,1,white_female_high
100,Validation,1096,1,Two or More Races,FALSE,29,FALSE,FALSE,5,black_male_high
0,Warmup,1097,0,Asian,FALSE,27,FALSE,FALSE,3,black_female_high
100,Validation,1098,1,White,TRUE,34,FALSE,FALSE,5,black_male_high
100,Validation,1099,1,White,FALSE,60,FALSE,FALSE,5,black_male_high
100,Validation,1100,1,White,FALSE,65,FALSE,FALSE,5,black_male_high
100,Validation,1101,1,White,TRUE,25,FALSE,FALSE,5,black_male_high
100,Validation,1102,0,American Indian or Alaska Native,TRUE,29,FALSE,FALSE,6,black_male_low
1,Iterative Batch Phase: Max,1103,1,White,FALSE,39,FALSE,FALSE,2,white_female_low
20,Iterative Batch Phase: Min,1104,1,White,FALSE,38,FALSE,FALSE,4,black_female_low
100,Validation,1105,1,White,TRUE,59,FALSE,FALSE,5,black_male_high
100,Validation,1106,1,White,FALSE,49,FALSE,FALSE,5,black_male_high
20,Iterative Batch Phase: Min,1107,1,White,TRUE,47,FALSE,FALSE,6,black_male_low
100,Validation,1108,0,White,FALSE,31,FALSE,FALSE,5,black_male_high
4,Iterative Batch Phase: Max,1109,1,White,FALSE,52,FALSE,FALSE,3,black_female_high
0,Warmup,1110,0,Black or African American,TRUE,70,FALSE,FALSE,2,white_female_low
100,Validation,1111,1,Asian,FALSE,31,FALSE,FALSE,6,black_male_low
2,Iterative Batch Phase: Min,1112,0,White,TRUE,51,FALSE,FALSE,3,black_female_high
100,Validation,1113,1,White,FALSE,22,FALSE,FALSE,5,black_male_high
100,Validation,1114,0,White,TRUE,30,TRUE,FALSE,5,black_male_high
11,Iterative Batch Phase: Min,1115,1,White,TRUE,29,FALSE,FALSE,4,black_female_low
17,Iterative Batch Phase: Min,1116,1,Asian,FALSE,38,FALSE,FALSE,5,black_male_high
0,Warmup,1117,1,White,FALSE,66,FALSE,FALSE,3,black_female_high
8,Iterative Batch Phase: Min,1118,1,White,FALSE,55,FALSE,FALSE,5,black_male_high
0,Warmup,1119,1,Two or More Races,TRUE,31,TRUE,FALSE,6,black_male_low
18,Iterative Batch Phase: Min,1120,1,White,FALSE,34,FALSE,FALSE,4,black_female_low
12,Iterative Batch Phase: Min,1121,0,White,TRUE,58,FALSE,FALSE,4,black_female_low
6,Iterative Batch Phase: Min,1122,1,White,TRUE,43,FALSE,FALSE,2,white_female_low
17,Iterative Batch Phase: Min,1123,0,White,FALSE,70,FALSE,FALSE,6,black_male_low
15,Iterative Batch Phase: Min,1124,1,White,TRUE,33,FALSE,FALSE,5,black_male_high
10,Iterative Batch Phase: Min,1125,1,Asian,FALSE,23,FALSE,FALSE,6,black_male_low
15,Iterative Batch Phase: Min,1126,1,White,TRUE,72,FALSE,FALSE,8,white_male_low
3,Iterative Batch Phase: Max,1127,0,White,FALSE,74,FALSE,FALSE,5,black_male_high
10,Iterative Batch Phase: Min,1128,0,White,FALSE,34,FALSE,FALSE,4,black_female_low
0,Warmup,1129,1,Black or African American,FALSE,43,FALSE,FALSE,3,black_female_high
100,Validation,1130,1,White,FALSE,41,FALSE,FALSE,5,black_male_high
100,Validation,1131,1,Asian,TRUE,35,TRUE,FALSE,5,black_male_high
17,Iterative Batch Phase: Min,1132,0,White,FALSE,32,FALSE,FALSE,5,black_male_high
11,Iterative Batch Phase: Min,1133,0,White,FALSE,48,FALSE,FALSE,4,black_female_low
14,Iterative Batch Phase: Min,1134,1,White,FALSE,35,FALSE,FALSE,4,black_female_low
13,Iterative Batch Phase: Min,1135,1,White,FALSE,34,FALSE,FALSE,5,black_male_high
3,Iterative Batch Phase: Min,1136,1,White,FALSE,51,FALSE,FALSE,8,white_male_low
6,Iterative Batch Phase: Min,1137,1,White,TRUE,56,FALSE,FALSE,6,black_male_low
8,Iterative Batch Phase: Min,1138,0,White,FALSE,59,FALSE,FALSE,7,white_male_high
100,Validation,1139,1,White,TRUE,58,FALSE,FALSE,5,black_male_high
100,Validation,1140,0,White,FALSE,25,FALSE,FALSE,6,black_male_low
6,Iterative Batch Phase: Min,1141,1,Black or African American,FALSE,37,FALSE,FALSE,4,black_female_low
100,Validation,1142,1,Black or African American,TRUE,19,FALSE,FALSE,6,black_male_low
20,Iterative Batch Phase: Min,1143,1,White,TRUE,35,FALSE,FALSE,1,white_female_high
12,Iterative Batch Phase: Min,1144,1,White,FALSE,22,FALSE,FALSE,4,black_female_low
1,Iterative Batch Phase: Max,1145,1,White,TRUE,31,FALSE,FALSE,5,black_male_high
1,Iterative Batch Phase: Max,1146,1,White,TRUE,29,FALSE,FALSE,8,white_male_low
100,Validation,1147,1,Two or More Races,TRUE,29,FALSE,TRUE,5,black_male_high
100,Validation,1148,1,Black or African American,TRUE,26,FALSE,FALSE,6,black_male_low
11,Iterative Batch Phase: Min,1149,0,White,FALSE,53,FALSE,FALSE,4,black_female_low
100,Validation,1150,1,White,TRUE,42,FALSE,FALSE,5,black_male_high
2,Iterative Batch Phase: Min,1151,1,White,FALSE,39,FALSE,FALSE,3,black_female_high
1,Iterative Batch Phase: Min,1152,1,White,FALSE,25,FALSE,FALSE,4,black_female_low
100,Validation,1153,1,Black or African American,FALSE,23,FALSE,FALSE,6,black_male_low
8,Iterative Batch Phase: Min,1154,1,White,FALSE,30,FALSE,FALSE,4,black_female_low
100,Validation,1155,1,White,TRUE,,FALSE,TRUE,5,black_male_high
100,Validation,1156,1,White,TRUE,31,FALSE,FALSE,5,black_male_high
100,Validation,1157,0,White,FALSE,30,TRUE,FALSE,5,black_male_high
100,Validation,1158,1,White,FALSE,51,FALSE,FALSE,5,black_male_high
14,Iterative Batch Phase: Min,1159,1,Asian,FALSE,31,FALSE,FALSE,3,black_female_high
100,Validation,1160,1,Black or African American,FALSE,42,FALSE,FALSE,6,black_male_low
4,Iterative Batch Phase: Max,1161,1,Asian,FALSE,23,FALSE,FALSE,5,black_male_high
100,Validation,1162,0,Black or African American,FALSE,22,FALSE,FALSE,6,black_male_low
19,Iterative Batch Phase: Min,1163,1,White,FALSE,35,FALSE,FALSE,4,black_female_low
100,Validation,1164,0,White,TRUE,33,FALSE,FALSE,6,black_male_low
100,Validation,1165,1,White,FALSE,24,FALSE,FALSE,6,black_male_low
0,Warmup,1166,1,White,FALSE,28,TRUE,FALSE,2,white_female_low
2,Iterative Batch Phase: Max,1167,1,White,FALSE,59,FALSE,FALSE,5,black_male_high
0,Warmup,1168,1,White,FALSE,32,FALSE,FALSE,8,white_male_low
100,Validation,1169,1,White,FALSE,57,FALSE,FALSE,6,black_male_low
0,Warmup,1170,0,White,TRUE,51,FALSE,FALSE,2,white_female_low
16,Iterative Batch Phase: Min,1171,1,White,TRUE,53,FALSE,FALSE,3,black_female_high
8,Iterative Batch Phase: Min,1172,0,Two or More Races,FALSE,66,FALSE,FALSE,4,black_female_low
6,Iterative Batch Phase: Min,1173,0,White,FALSE,25,FALSE,FALSE,2,white_female_low
100,Validation,1174,1,White,TRUE,52,FALSE,FALSE,5,black_male_high
100,Validation,1175,0,White,TRUE,39,FALSE,FALSE,5,black_male_high
100,Validation,1176,1,White,FALSE,40,FALSE,FALSE,6,black_male_low
3,Iterative Batch Phase: Min,1177,1,Two or More Races,TRUE,22,FALSE,FALSE,5,black_male_high
3,Iterative Batch Phase: Max,1178,1,White,FALSE,26,FALSE,FALSE,8,white_male_low
1,Iterative Batch Phase: Max,1179,1,White,TRUE,52,FALSE,FALSE,5,black_male_high
0,Warmup,1180,0,White,TRUE,57,FALSE,FALSE,3,black_female_high
3,Iterative Batch Phase: Min,1181,0,American Indian or Alaska Native,TRUE,31,FALSE,FALSE,5,black_male_high
100,Validation,1182,0,White,TRUE,25,FALSE,FALSE,6,black_male_low
1,Iterative Batch Phase: Max,1183,1,White,FALSE,31,TRUE,FALSE,1,white_female_high
100,Validation,1184,1,Black or African American,TRUE,55,FALSE,FALSE,6,black_male_low
4,Iterative Batch Phase: Max,1185,1,White,TRUE,35,FALSE,FALSE,8,white_male_low
1,Iterative Batch Phase: Max,1186,1,White,TRUE,32,FALSE,FALSE,2,white_female_low
3,Iterative Batch Phase: Min,1187,1,White,TRUE,55,FALSE,FALSE,3,black_female_high
100,Validation,1188,1,White,FALSE,48,FALSE,FALSE,5,black_male_high
4,Iterative Batch Phase: Min,1189,0,Asian,TRUE,23,FALSE,FALSE,2,white_female_low
100,Validation,1190,1,Black or African American,TRUE,31,FALSE,FALSE,6,black_male_low
100,Validation,1191,0,White,FALSE,62,FALSE,FALSE,6,black_male_low
5,Iterative Batch Phase: Min,1192,1,White,TRUE,22,TRUE,FALSE,5,black_male_high
2,Iterative Batch Phase: Max,1193,0,White,TRUE,36,FALSE,FALSE,6,black_male_low
2,Iterative Batch Phase: Min,1194,1,White,FALSE,28,FALSE,FALSE,6,black_male_low
13,Iterative Batch Phase: Min,1195,1,White,FALSE,34,FALSE,FALSE,5,black_male_high
16,Iterative Batch Phase: Min,1196,1,White,FALSE,57,FALSE,FALSE,4,black_female_low
100,Validation,1197,1,White,TRUE,31,FALSE,FALSE,6,black_male_low
100,Validation,1198,1,Two or More Races,TRUE,59,FALSE,FALSE,5,black_male_high
4,Iterative Batch Phase: Min,1199,1,White,FALSE,38,FALSE,FALSE,7,white_male_high
100,Validation,1200,1,Black or African American,TRUE,27,TRUE,FALSE,5,black_male_high
1,Iterative Batch Phase: Min,1201,1,White,TRUE,61,FALSE,FALSE,8,white_male_low
100,Validation,1202,1,White,TRUE,30,FALSE,FALSE,6,black_male_low
0,Warmup,1203,0,White,FALSE,22,FALSE,FALSE,3,black_female_high
100,Validation,1204,1,White,TRUE,25,FALSE,FALSE,6,black_male_low
17,Iterative Batch Phase: Min,1205,1,White,TRUE,55,FALSE,FALSE,2,white_female_low
100,Validation,1206,1,Black or African American,FALSE,60,FALSE,FALSE,5,black_male_high
100,Validation,1207,1,White,FALSE,50,FALSE,FALSE,6,black_male_low
8,Iterative Batch Phase: Min,1208,1,White,FALSE,40,FALSE,FALSE,6,black_male_low
4,Iterative Batch Phase: Max,1209,1,Asian,TRUE,58,FALSE,FALSE,5,black_male_high
1,Iterative Batch Phase: Min,1210,1,White,FALSE,22,FALSE,FALSE,3,black_female_high
1,Iterative Batch Phase: Max,1211,1,White,FALSE,42,FALSE,FALSE,8,white_male_low
10,Iterative Batch Phase: Min,1212,1,White,TRUE,34,FALSE,FALSE,2,white_female_low
100,Validation,1213,1,White,FALSE,37,FALSE,FALSE,6,black_male_low
100,Validation,1214,0,Two or More Races,TRUE,59,FALSE,FALSE,6,black_male_low
100,Validation,1215,1,White,FALSE,43,FALSE,FALSE,6,black_male_low
100,Validation,1216,1,White,FALSE,50,FALSE,FALSE,5,black_male_high
100,Validation,1217,0,White,TRUE,72,FALSE,FALSE,6,black_male_low
100,Validation,1218,1,Black or African American,FALSE,36,FALSE,FALSE,5,black_male_high
0,Warmup,1219,1,Black or African American,FALSE,57,FALSE,FALSE,6,black_male_low
9,Iterative Batch Phase: Min,1220,1,White,FALSE,42,FALSE,FALSE,2,white_female_low
100,Validation,1221,1,White,FALSE,38,FALSE,FALSE,6,black_male_low
100,Validation,1222,0,White,FALSE,21,TRUE,FALSE,6,black_male_low
0,Warmup,1223,1,White,FALSE,43,FALSE,FALSE,4,black_female_low
20,Iterative Batch Phase: Min,1224,0,White,FALSE,35,FALSE,FALSE,6,black_male_low
100,Validation,1225,0,White,FALSE,47,FALSE,FALSE,6,black_male_low
6,Iterative Batch Phase: Min,1226,1,Black or African American,TRUE,66,FALSE,FALSE,5,black_male_high
11,Iterative Batch Phase: Min,1227,1,White,TRUE,29,FALSE,FALSE,6,black_male_low
4,Iterative Batch Phase: Max,1228,1,White,FALSE,33,FALSE,FALSE,5,black_male_high
1,Iterative Batch Phase: Max,1229,0,White,FALSE,41,FALSE,FALSE,5,black_male_high
100,Validation,1230,1,White,TRUE,30,FALSE,FALSE,6,black_male_low
20,Iterative Batch Phase: Min,1231,1,Black or African American,FALSE,30,FALSE,FALSE,5,black_male_high
1,Iterative Batch Phase: Max,1232,1,Black or African American,TRUE,44,FALSE,FALSE,6,black_male_low
0,Warmup,1233,0,White,FALSE,43,FALSE,FALSE,3,black_female_high
100,Validation,1234,1,Black or African American,TRUE,29,FALSE,FALSE,5,black_male_high
100,Validation,1235,1,White,TRUE,34,FALSE,FALSE,5,black_male_high
14,Iterative Batch Phase: Min,1236,1,White,FALSE,36,FALSE,FALSE,4,black_female_low
100,Validation,1237,1,White,TRUE,23,FALSE,FALSE,5,black_male_high
100,Validation,1238,1,White,TRUE,31,FALSE,FALSE,6,black_male_low
100,Validation,1239,1,White,TRUE,28,FALSE,FALSE,6,black_male_low
8,Iterative Batch Phase: Min,1240,0,White,TRUE,62,FALSE,FALSE,6,black_male_low
20,Iterative Batch Phase: Min,1241,0,White,FALSE,35,FALSE,FALSE,6,black_male_low
100,Validation,1242,1,White,FALSE,76,FALSE,FALSE,5,black_male_high
20,Iterative Batch Phase: Min,1243,0,White,TRUE,47,FALSE,FALSE,4,black_female_low
18,Iterative Batch Phase: Min,1244,1,Black or African American,FALSE,24,TRUE,FALSE,6,black_male_low
11,Iterative Batch Phase: Min,1245,1,Black or African American,TRUE,22,FALSE,FALSE,4,black_female_low
100,Validation,1246,1,White,FALSE,34,FALSE,FALSE,6,black_male_low
15,Iterative Batch Phase: Min,1247,1,Black or African American,TRUE,54,FALSE,FALSE,4,black_female_low
12,Iterative Batch Phase: Min,1248,1,Two or More Races,FALSE,51,FALSE,FALSE,4,black_female_low
100,Validation,1249,0,Other,FALSE,57,TRUE,FALSE,6,black_male_low
100,Validation,1250,1,Asian,FALSE,24,FALSE,FALSE,6,black_male_low
100,Validation,1251,1,White,TRUE,66,FALSE,FALSE,6,black_male_low
7,Iterative Batch Phase: Min,1252,1,White,FALSE,29,FALSE,FALSE,4,black_female_low
100,Validation,1253,1,Other,TRUE,40,TRUE,FALSE,6,black_male_low
0,Warmup,1254,1,White,TRUE,39,FALSE,FALSE,3,black_female_high
12,Iterative Batch Phase: Min,1255,1,White,TRUE,21,TRUE,FALSE,5,black_male_high
0,Warmup,1256,0,Black or African American,TRUE,24,FALSE,FALSE,3,black_female_high
5,Iterative Batch Phase: Min,1257,1,White,FALSE,26,FALSE,FALSE,6,black_male_low
100,Validation,1258,1,Black or African American,TRUE,37,FALSE,FALSE,5,black_male_high
2,Iterative Batch Phase: Min,1259,1,White,FALSE,24,FALSE,FALSE,1,white_female_high
100,Validation,1260,1,White,TRUE,48,FALSE,FALSE,6,black_male_low
1,Iterative Batch Phase: Min,1261,1,Asian,TRUE,21,FALSE,FALSE,4,black_female_low
100,Validation,1262,1,White,FALSE,27,FALSE,FALSE,6,black_male_low
100,Validation,1263,0,White,TRUE,53,FALSE,FALSE,6,black_male_low
100,Validation,1264,1,White,FALSE,33,FALSE,FALSE,5,black_male_high
1,Iterative Batch Phase: Min,1265,1,White,TRUE,45,FALSE,FALSE,4,black_female_low
100,Validation,1266,1,White,TRUE,30,FALSE,FALSE,5,black_male_high
5,Iterative Batch Phase: Min,1267,0,White,FALSE,28,FALSE,FALSE,2,white_female_low
8,Iterative Batch Phase: Min,1268,1,White,TRUE,45,FALSE,FALSE,6,black_male_low
2,Iterative Batch Phase: Min,1269,1,White,TRUE,50,FALSE,FALSE,5,black_male_high
3,Iterative Batch Phase: Max,1270,1,Asian,FALSE,31,FALSE,FALSE,5,black_male_high
13,Iterative Batch Phase: Min,1271,0,White,FALSE,43,FALSE,FALSE,4,black_female_low
6,Iterative Batch Phase: Min,1272,0,White,TRUE,35,FALSE,FALSE,4,black_female_low
1,Iterative Batch Phase: Min,1273,1,White,TRUE,42,FALSE,FALSE,4,black_female_low
100,Validation,1274,1,White,TRUE,27,FALSE,FALSE,5,black_male_high
100,Validation,1275,1,Asian,TRUE,58,FALSE,FALSE,6,black_male_low
100,Validation,1276,1,White,TRUE,29,FALSE,FALSE,6,black_male_low
100,Validation,1277,0,Black or African American,TRUE,26,FALSE,FALSE,6,black_male_low
100,Validation,1278,1,White,TRUE,44,FALSE,FALSE,6,black_male_low
2,Iterative Batch Phase: Max,1279,0,White,FALSE,40,FALSE,FALSE,5,black_male_high
6,Iterative Batch Phase: Min,1280,1,White,FALSE,25,FALSE,FALSE,3,black_female_high
100,Validation,1281,0,Black or African American,FALSE,40,FALSE,FALSE,5,black_male_high
100,Validation,1282,1,White,TRUE,34,FALSE,FALSE,6,black_male_low
9,Iterative Batch Phase: Min,1283,1,Asian,TRUE,39,FALSE,FALSE,7,white_male_high
1,Iterative Batch Phase: Max,1284,1,White,TRUE,51,FALSE,FALSE,5,black_male_high
9,Iterative Batch Phase: Min,1285,1,White,TRUE,27,FALSE,FALSE,3,black_female_high
4,Iterative Batch Phase: Max,1286,1,White,TRUE,36,TRUE,FALSE,5,black_male_high
100,Validation,1287,0,White,FALSE,34,FALSE,FALSE,6,black_male_low
0,Warmup,1288,0,White,FALSE,37,FALSE,FALSE,5,black_male_high
100,Validation,1289,1,White,FALSE,37,FALSE,FALSE,5,black_male_high
100,Validation,1290,1,White,FALSE,55,FALSE,FALSE,5,black_male_high
100,Validation,1291,1,White,TRUE,71,FALSE,FALSE,6,black_male_low
2,Iterative Batch Phase: Min,1292,1,White,FALSE,41,FALSE,FALSE,1,white_female_high
100,Validation,1293,1,White,FALSE,40,TRUE,FALSE,6,black_male_low
11,Iterative Batch Phase: Min,1294,0,Black or African American,TRUE,66,FALSE,FALSE,6,black_male_low
100,Validation,1295,0,Black or African American,FALSE,38,FALSE,FALSE,6,black_male_low
100,Validation,1296,1,White,FALSE,50,FALSE,FALSE,6,black_male_low
4,Iterative Batch Phase: Max,1297,1,White,FALSE,48,FALSE,FALSE,5,black_male_high
5,Iterative Batch Phase: Min,1298,1,Black or African American,TRUE,28,FALSE,FALSE,3,black_female_high
1,Iterative Batch Phase: Min,1299,1,White,FALSE,55,FALSE,FALSE,7,white_male_high
2,Iterative Batch Phase: Min,1300,1,Two or More Races,TRUE,24,FALSE,FALSE,7,white_male_high
0,Warmup,1301,1,White,FALSE,40,FALSE,FALSE,1,white_female_high
13,Iterative Batch Phase: Min,1302,1,Black or African American,TRUE,41,TRUE,FALSE,4,black_female_low
5,Iterative Batch Phase: Min,1303,1,White,FALSE,56,FALSE,FALSE,2,white_female_low
3,Iterative Batch Phase: Min,1304,1,White,FALSE,25,TRUE,FALSE,2,white_female_low
100,Validation,1305,1,White,FALSE,33,FALSE,FALSE,6,black_male_low
14,Iterative Batch Phase: Min,1306,1,White,FALSE,35,FALSE,FALSE,4,black_female_low
100,Validation,1307,1,White,FALSE,37,FALSE,FALSE,6,black_male_low
7,Iterative Batch Phase: Min,1308,0,White,FALSE,60,FALSE,FALSE,4,black_female_low
16,Iterative Batch Phase: Min,1309,0,Two or More Races,FALSE,24,FALSE,FALSE,6,black_male_low
100,Validation,1310,1,White,TRUE,26,FALSE,FALSE,6,black_male_low
17,Iterative Batch Phase: Min,1311,1,White,TRUE,52,FALSE,FALSE,6,black_male_low
100,Validation,1312,0,White,FALSE,36,FALSE,FALSE,5,black_male_high
0,Warmup,1313,1,White,FALSE,43,FALSE,FALSE,8,white_male_low
5,Iterative Batch Phase: Min,1314,1,White,TRUE,48,FALSE,FALSE,6,black_male_low
0,Warmup,1315,1,White,FALSE,61,FALSE,FALSE,1,white_female_high
100,Validation,1316,1,White,TRUE,48,FALSE,FALSE,6,black_male_low
100,Validation,1317,0,White,TRUE,71,FALSE,FALSE,6,black_male_low
100,Validation,1318,1,White,TRUE,25,FALSE,FALSE,6,black_male_low
100,Validation,1319,1,Black or African American,TRUE,44,FALSE,FALSE,6,black_male_low
8,Iterative Batch Phase: Min,1320,1,White,FALSE,38,FALSE,FALSE,8,white_male_low
14,Iterative Batch Phase: Min,1321,1,White,FALSE,27,FALSE,TRUE,4,black_female_low
100,Validation,1322,1,White,FALSE,31,FALSE,FALSE,6,black_male_low
100,Validation,1323,1,White,TRUE,22,FALSE,FALSE,5,black_male_high
0,Warmup,1324,1,White,TRUE,66,FALSE,FALSE,8,white_male_low
100,Validation,1325,1,Other,TRUE,24,TRUE,FALSE,5,black_male_high
7,Iterative Batch Phase: Min,1326,0,White,FALSE,53,FALSE,FALSE,6,black_male_low
2,Iterative Batch Phase: Max,1327,1,Asian,FALSE,23,FALSE,FALSE,5,black_male_high
10,Iterative Batch Phase: Min,1328,0,White,TRUE,68,FALSE,FALSE,4,black_female_low
100,Validation,1329,1,White,TRUE,54,FALSE,FALSE,5,black_male_high
100,Validation,1330,1,White,FALSE,,FALSE,FALSE,5,black_male_high
100,Validation,1331,1,White,TRUE,52,FALSE,FALSE,5,black_male_high
5,Iterative Batch Phase: Min,1332,0,White,FALSE,28,TRUE,FALSE,3,black_female_high
100,Validation,1333,1,White,TRUE,25,FALSE,FALSE,5,black_male_high
4,Iterative Batch Phase: Min,1334,1,White,TRUE,45,FALSE,FALSE,7,white_male_high
4,Iterative Batch Phase: Max,1335,0,Asian,FALSE,23,FALSE,FALSE,2,white_female_low
0,Warmup,1336,1,White,FALSE,41,FALSE,FALSE,4,black_female_low
6,Iterative Batch Phase: Min,1337,1,White,FALSE,31,FALSE,FALSE,6,black_male_low
7,Iterative Batch Phase: Min,1338,1,Asian,FALSE,34,FALSE,FALSE,6,black_male_low
0,Warmup,1339,0,Black or African American,TRUE,44,FALSE,FALSE,3,black_female_high
13,Iterative Batch Phase: Min,1340,0,White,TRUE,38,FALSE,FALSE,5,black_male_high
1,Iterative Batch Phase: Min,1341,1,Black or African American,FALSE,33,FALSE,FALSE,4,black_female_low
8,Iterative Batch Phase: Min,1342,0,White,FALSE,52,FALSE,FALSE,5,black_male_high
100,Validation,1343,1,White,TRUE,28,TRUE,FALSE,6,black_male_low
11,Iterative Batch Phase: Min,1344,1,Black or African American,FALSE,26,FALSE,TRUE,2,white_female_low
100,Validation,1345,1,White,FALSE,31,TRUE,FALSE,6,black_male_low
2,Iterative Batch Phase: Min,1346,1,White,TRUE,45,FALSE,FALSE,1,white_female_high
3,Iterative Batch Phase: Max,1347,1,White,FALSE,29,TRUE,FALSE,5,black_male_high
100,Validation,1348,1,White,TRUE,28,FALSE,FALSE,5,black_male_high
100,Validation,1349,1,White,FALSE,31,FALSE,FALSE,5,black_male_high
100,Validation,1350,1,White,TRUE,30,FALSE,FALSE,6,black_male_low
100,Validation,1351,1,Asian,TRUE,20,FALSE,FALSE,6,black_male_low
9,Iterative Batch Phase: Min,1352,1,White,FALSE,63,FALSE,FALSE,3,black_female_high
19,Iterative Batch Phase: Min,1353,1,White,TRUE,68,FALSE,FALSE,5,black_male_high
20,Iterative Batch Phase: Min,1354,0,White,FALSE,48,FALSE,FALSE,6,black_male_low
100,Validation,1355,1,White,TRUE,20,FALSE,FALSE,5,black_male_high
16,Iterative Batch Phase: Min,1356,1,Asian,FALSE,26,FALSE,FALSE,4,black_female_low
10,Iterative Batch Phase: Min,1357,1,Two or More Races,FALSE,40,FALSE,FALSE,1,white_female_high
100,Validation,1358,1,Asian,FALSE,,FALSE,TRUE,6,black_male_low
4,Iterative Batch Phase: Max,1359,1,White,TRUE,76,FALSE,FALSE,7,white_male_high
0,Warmup,1360,1,White,FALSE,52,FALSE,FALSE,5,black_male_high
11,Iterative Batch Phase: Min,1361,1,Black or African American,TRUE,26,TRUE,FALSE,4,black_female_low
100,Validation,1362,1,White,FALSE,39,FALSE,FALSE,6,black_male_low
9,Iterative Batch Phase: Min,1363,1,Asian,FALSE,25,FALSE,FALSE,5,black_male_high
100,Validation,1364,1,White,TRUE,21,FALSE,FALSE,5,black_male_high
19,Iterative Batch Phase: Min,1365,1,White,TRUE,42,FALSE,FALSE,4,black_female_low
3,Iterative Batch Phase: Min,1366,0,White,FALSE,36,FALSE,FALSE,6,black_male_low
12,Iterative Batch Phase: Min,1367,0,White,FALSE,34,TRUE,FALSE,4,black_female_low
100,Validation,1368,1,White,TRUE,31,FALSE,FALSE,5,black_male_high
13,Iterative Batch Phase: Min,1369,1,White,TRUE,53,FALSE,FALSE,6,black_male_low
7,Iterative Batch Phase: Min,1370,1,White,TRUE,31,FALSE,FALSE,4,black_female_low
3,Iterative Batch Phase: Min,1371,1,White,TRUE,76,FALSE,FALSE,5,black_male_high
100,Validation,1372,1,Two or More Races,FALSE,40,FALSE,FALSE,5,black_male_high
18,Iterative Batch Phase: Min,1373,1,Black or African American,TRUE,42,FALSE,FALSE,4,black_female_low
7,Iterative Batch Phase: Min,1374,1,White,TRUE,28,FALSE,FALSE,4,black_female_low
100,Validation,1375,1,Other,TRUE,40,TRUE,FALSE,6,black_male_low
0,Warmup,1376,1,White,FALSE,32,FALSE,FALSE,5,black_male_high
100,Validation,1377,1,White,FALSE,61,FALSE,FALSE,5,black_male_high
100,Validation,1378,1,White,TRUE,26,FALSE,FALSE,5,black_male_high
1,Iterative Batch Phase: Max,1379,1,White,FALSE,40,FALSE,FALSE,8,white_male_low
100,Validation,1380,1,White,FALSE,28,FALSE,FALSE,6,black_male_low
100,Validation,1381,1,Prefer not to disclose,FALSE,,FALSE,TRUE,6,black_male_low
5,Iterative Batch Phase: Min,1382,1,White,TRUE,23,FALSE,FALSE,6,black_male_low
100,Validation,1383,1,White,TRUE,48,FALSE,FALSE,5,black_male_high
19,Iterative Batch Phase: Min,1384,1,Black or African American,FALSE,27,FALSE,FALSE,6,black_male_low
6,Iterative Batch Phase: Min,1385,1,White,TRUE,38,FALSE,FALSE,1,white_female_high
4,Iterative Batch Phase: Min,1386,1,Black or African American,FALSE,27,FALSE,FALSE,2,white_female_low
17,Iterative Batch Phase: Min,1387,0,White,FALSE,53,FALSE,FALSE,4,black_female_low
2,Iterative Batch Phase: Min,1388,1,White,FALSE,50,FALSE,FALSE,2,white_female_low
16,Iterative Batch Phase: Min,1389,1,White,FALSE,51,FALSE,FALSE,4,black_female_low
14,Iterative Batch Phase: Min,1390,0,White,FALSE,43,FALSE,FALSE,6,black_male_low
18,Iterative Batch Phase: Min,1391,1,White,TRUE,36,FALSE,FALSE,5,black_male_high
100,Validation,1392,1,Two or More Races,TRUE,28,FALSE,FALSE,5,black_male_high
12,Iterative Batch Phase: Min,1393,1,White,TRUE,27,TRUE,FALSE,6,black_male_low
0,Warmup,1394,1,White,FALSE,29,FALSE,FALSE,5,black_male_high
18,Iterative Batch Phase: Min,1395,1,White,FALSE,31,FALSE,FALSE,4,black_female_low
100,Validation,1396,0,Asian,TRUE,41,FALSE,FALSE,6,black_male_low
100,Validation,1397,1,White,FALSE,21,FALSE,FALSE,6,black_male_low
100,Validation,1398,1,White,FALSE,24,FALSE,FALSE,5,black_male_high
19,Iterative Batch Phase: Min,1399,1,White,FALSE,46,TRUE,FALSE,8,white_male_low
8,Iterative Batch Phase: Min,1400,1,White,FALSE,42,FALSE,FALSE,4,black_female_low
100,Validation,1401,0,White,TRUE,28,FALSE,FALSE,5,black_male_high
7,Iterative Batch Phase: Min,1402,0,Asian,FALSE,24,FALSE,FALSE,4,black_female_low
0,Warmup,1403,0,Black or African American,TRUE,50,FALSE,FALSE,2,white_female_low
100,Validation,1404,1,White,FALSE,54,FALSE,FALSE,6,black_male_low
100,Validation,1405,1,White,TRUE,45,FALSE,FALSE,5,black_male_high
15,Iterative Batch Phase: Min,1406,1,White,TRUE,28,FALSE,FALSE,4,black_female_low
1,Iterative Batch Phase: Min,1407,1,White,FALSE,34,FALSE,FALSE,4,black_female_low
100,Validation,1408,1,White,TRUE,53,FALSE,FALSE,5,black_male_high
100,Validation,1409,1,Asian,TRUE,36,TRUE,FALSE,5,black_male_high
100,Validation,1410,1,Two or More Races,FALSE,39,TRUE,FALSE,6,black_male_low
1,Iterative Batch Phase: Min,1411,1,White,FALSE,42,FALSE,FALSE,6,black_male_low
100,Validation,1412,0,White,TRUE,61,FALSE,FALSE,5,black_male_high
4,Iterative Batch Phase: Min,1413,1,Asian,FALSE,19,FALSE,FALSE,3,black_female_high
13,Iterative Batch Phase: Min,1414,1,Black or African American,TRUE,32,FALSE,FALSE,4,black_female_low
100,Validation,1415,1,White,FALSE,36,FALSE,FALSE,5,black_male_high
100,Validation,1416,0,White,FALSE,29,FALSE,FALSE,5,black_male_high
16,Iterative Batch Phase: Min,1417,1,White,TRUE,25,TRUE,FALSE,4,black_female_low
100,Validation,1418,1,White,TRUE,31,FALSE,FALSE,6,black_male_low
100,Validation,1419,1,Black or African American,FALSE,31,FALSE,FALSE,5,black_male_high
15,Iterative Batch Phase: Min,1420,0,White,FALSE,66,FALSE,FALSE,6,black_male_low
3,Iterative Batch Phase: Min,1421,0,White,FALSE,32,FALSE,FALSE,2,white_female_low
8,Iterative Batch Phase: Min,1422,1,Black or African American,FALSE,40,FALSE,FALSE,6,black_male_low
16,Iterative Batch Phase: Min,1423,1,White,TRUE,52,FALSE,FALSE,8,white_male_low
100,Validation,1424,0,White,TRUE,65,FALSE,FALSE,5,black_male_high
100,Validation,1425,1,White,TRUE,19,FALSE,FALSE,6,black_male_low
6,Iterative Batch Phase: Min,1426,1,White,FALSE,29,FALSE,FALSE,5,black_male_high
100,Validation,1427,0,White,TRUE,29,FALSE,FALSE,5,black_male_high
4,Iterative Batch Phase: Min,1428,0,White,TRUE,66,FALSE,FALSE,6,black_male_low
0,Warmup,1429,1,White,TRUE,56,FALSE,FALSE,5,black_male_high
17,Iterative Batch Phase: Min,1430,1,White,FALSE,46,FALSE,FALSE,8,white_male_low
100,Validation,1431,1,White,FALSE,31,FALSE,TRUE,6,black_male_low
0,Warmup,1432,1,White,FALSE,35,TRUE,FALSE,5,black_male_high
20,Iterative Batch Phase: Min,1433,1,White,FALSE,42,FALSE,FALSE,1,white_female_high
13,Iterative Batch Phase: Min,1434,1,Two or More Races,TRUE,25,FALSE,FALSE,5,black_male_high
100,Validation,1435,0,White,FALSE,43,FALSE,FALSE,5,black_male_high
17,Iterative Batch Phase: Min,1436,1,White,TRUE,47,FALSE,FALSE,4,black_female_low
100,Validation,1437,1,White,FALSE,37,FALSE,FALSE,5,black_male_high
13,Iterative Batch Phase: Min,1438,1,White,TRUE,66,FALSE,FALSE,4,black_female_low
2,Iterative Batch Phase: Max,1439,1,White,TRUE,25,FALSE,FALSE,2,white_female_low
3,Iterative Batch Phase: Max,1440,1,White,TRUE,76,FALSE,FALSE,3,black_female_high
13,Iterative Batch Phase: Min,1441,1,White,TRUE,40,FALSE,FALSE,6,black_male_low
100,Validation,1442,1,White,TRUE,35,FALSE,FALSE,6,black_male_low
3,Iterative Batch Phase: Min,1443,1,White,FALSE,34,TRUE,FALSE,1,white_female_high
100,Validation,1444,1,Asian,FALSE,49,FALSE,FALSE,5,black_male_high
4,Iterative Batch Phase: Max,1445,1,White,TRUE,43,FALSE,FALSE,5,black_male_high
100,Validation,1446,1,White,FALSE,34,TRUE,FALSE,5,black_male_high
100,Validation,1447,1,White,TRUE,72,FALSE,FALSE,5,black_male_high
4,Iterative Batch Phase: Min,1448,1,White,FALSE,36,FALSE,FALSE,6,black_male_low
1,Iterative Batch Phase: Max,1449,1,White,TRUE,54,FALSE,FALSE,5,black_male_high
15,Iterative Batch Phase: Min,1450,1,White,TRUE,49,FALSE,FALSE,3,black_female_high
12,Iterative Batch Phase: Min,1451,1,White,FALSE,28,FALSE,FALSE,7,white_male_high
100,Validation,1452,1,Two or More Races,FALSE,38,FALSE,FALSE,6,black_male_low
16,Iterative Batch Phase: Min,1453,1,White,TRUE,30,FALSE,FALSE,6,black_male_low
18,Iterative Batch Phase: Min,1454,0,White,TRUE,33,FALSE,FALSE,6,black_male_low
16,Iterative Batch Phase: Min,1455,1,Two or More Races,TRUE,20,FALSE,FALSE,4,black_female_low
7,Iterative Batch Phase: Min,1456,1,White,FALSE,49,FALSE,FALSE,4,black_female_low
6,Iterative Batch Phase: Min,1457,1,White,TRUE,53,FALSE,FALSE,4,black_female_low
100,Validation,1458,1,White,TRUE,28,FALSE,FALSE,5,black_male_high
100,Validation,1459,0,White,FALSE,59,FALSE,FALSE,5,black_male_high
100,Validation,1460,1,White,TRUE,32,FALSE,FALSE,5,black_male_high
20,Iterative Batch Phase: Min,1461,1,White,TRUE,42,FALSE,FALSE,4,black_female_low
16,Iterative Batch Phase: Min,1462,1,White,FALSE,51,FALSE,FALSE,6,black_male_low
7,Iterative Batch Phase: Min,1463,0,White,TRUE,34,TRUE,FALSE,7,white_male_high
100,Validation,1464,0,Asian,TRUE,23,FALSE,FALSE,5,black_male_high
100,Validation,1465,1,White,TRUE,49,FALSE,FALSE,6,black_male_low
16,Iterative Batch Phase: Min,1466,1,White,TRUE,41,FALSE,FALSE,4,black_female_low
100,Validation,1467,0,White,TRUE,29,FALSE,FALSE,6,black_male_low
100,Validation,1468,1,White,FALSE,41,FALSE,FALSE,6,black_male_low
3,Iterative Batch Phase: Max,1469,0,White,FALSE,66,FALSE,FALSE,5,black_male_high
12,Iterative Batch Phase: Min,1470,0,White,FALSE,47,FALSE,FALSE,6,black_male_low
100,Validation,1471,1,White,FALSE,20,FALSE,TRUE,5,black_male_high
17,Iterative Batch Phase: Min,1472,1,White,TRUE,54,FALSE,FALSE,4,black_female_low
4,Iterative Batch Phase: Min,1473,0,White,TRUE,36,TRUE,FALSE,5,black_male_high
18,Iterative Batch Phase: Min,1474,1,White,TRUE,69,FALSE,FALSE,5,black_male_high
7,Iterative Batch Phase: Min,1475,1,Black or African American,TRUE,32,FALSE,FALSE,5,black_male_high
2,Iterative Batch Phase: Max,1476,0,White,TRUE,30,FALSE,FALSE,5,black_male_high
6,Iterative Batch Phase: Min,1477,0,White,TRUE,59,FALSE,FALSE,6,black_male_low
5,Iterative Batch Phase: Min,1478,1,White,TRUE,23,FALSE,FALSE,6,black_male_low
100,Validation,1479,0,White,TRUE,67,FALSE,FALSE,6,black_male_low
100,Validation,1480,1,White,TRUE,22,FALSE,FALSE,5,black_male_high
9,Iterative Batch Phase: Min,1481,1,Two or More Races,TRUE,55,FALSE,FALSE,3,black_female_high
5,Iterative Batch Phase: Min,1482,1,Two or More Races,TRUE,32,FALSE,FALSE,2,white_female_low
14,Iterative Batch Phase: Min,1483,1,White,FALSE,25,FALSE,FALSE,6,black_male_low
9,Iterative Batch Phase: Min,1484,0,Black or African American,TRUE,61,FALSE,FALSE,4,black_female_low
0,Warmup,1485,1,White,TRUE,54,FALSE,FALSE,7,white_male_high
2,Iterative Batch Phase: Min,1486,1,White,FALSE,55,FALSE,FALSE,8,white_male_low
10,Iterative Batch Phase: Min,1487,0,White,FALSE,44,FALSE,FALSE,4,black_female_low
0,Warmup,1488,1,White,FALSE,41,FALSE,FALSE,8,white_male_low
8,Iterative Batch Phase: Min,1489,1,Asian,TRUE,55,FALSE,FALSE,6,black_male_low
14,Iterative Batch Phase: Min,1490,1,Asian,FALSE,25,FALSE,FALSE,2,white_female_low
4,Iterative Batch Phase: Max,1491,1,Black or African American,TRUE,59,TRUE,FALSE,5,black_male_high
100,Validation,1492,1,White,FALSE,33,FALSE,FALSE,5,black_male_high
100,Validation,1493,0,White,FALSE,57,FALSE,FALSE,5,black_male_high
9,Iterative Batch Phase: Min,1494,1,White,TRUE,21,FALSE,FALSE,4,black_female_low
2,Iterative Batch Phase: Min,1495,1,White,TRUE,61,TRUE,FALSE,2,white_female_low
17,Iterative Batch Phase: Min,1496,0,White,TRUE,36,FALSE,FALSE,6,black_male_low
100,Validation,1497,1,White,TRUE,52,FALSE,FALSE,5,black_male_high
100,Validation,1498,0,White,TRUE,60,TRUE,FALSE,5,black_male_high
4,Iterative Batch Phase: Max,1499,1,White,FALSE,53,FALSE,FALSE,1,white_female_high
2,Iterative Batch Phase: Max,1500,1,White,FALSE,31,FALSE,FALSE,7,white_male_high
17,Iterative Batch Phase: Min,1501,1,White,FALSE,67,FALSE,FALSE,3,black_female_high
100,Validation,1502,0,White,FALSE,62,FALSE,FALSE,6,black_male_low
2,Iterative Batch Phase: Max,1503,0,White,FALSE,22,TRUE,FALSE,2,white_female_low
1,Iterative Batch Phase: Max,1504,1,White,FALSE,24,TRUE,FALSE,6,black_male_low
100,Validation,1505,1,White,TRUE,54,FALSE,FALSE,5,black_male_high
1,Iterative Batch Phase: Min,1506,1,White,TRUE,57,FALSE,FALSE,3,black_female_high
20,Iterative Batch Phase: Min,1507,1,Asian,TRUE,24,FALSE,FALSE,6,black_male_low
12,Iterative Batch Phase: Min,1508,0,White,FALSE,43,FALSE,FALSE,5,black_male_high
13,Iterative Batch Phase: Min,1509,0,Two or More Races,FALSE,20,TRUE,FALSE,8,white_male_low
12,Iterative Batch Phase: Min,1510,1,Black or African American,TRUE,49,FALSE,FALSE,4,black_female_low
13,Iterative Batch Phase: Min,1511,1,White,FALSE,43,FALSE,FALSE,5,black_male_high
6,Iterative Batch Phase: Min,1512,1,Black or African American,FALSE,39,FALSE,FALSE,3,black_female_high
15,Iterative Batch Phase: Min,1513,1,White,TRUE,38,FALSE,FALSE,4,black_female_low
3,Iterative Batch Phase: Max,1514,0,White,FALSE,69,FALSE,FALSE,5,black_male_high
100,Validation,1515,1,Asian,FALSE,23,FALSE,FALSE,6,black_male_low
0,Warmup,1516,0,Asian,FALSE,46,FALSE,FALSE,7,white_male_high
18,Iterative Batch Phase: Min,1517,0,White,TRUE,37,FALSE,FALSE,5,black_male_high
100,Validation,1518,1,Black or African American,FALSE,42,FALSE,FALSE,6,black_male_low
0,Warmup,1519,1,White,TRUE,44,FALSE,FALSE,6,black_male_low
14,Iterative Batch Phase: Min,1520,1,White,TRUE,33,FALSE,FALSE,4,black_female_low
13,Iterative Batch Phase: Min,1521,0,White,TRUE,53,FALSE,FALSE,6,black_male_low
12,Iterative Batch Phase: Min,1522,1,White,TRUE,29,FALSE,FALSE,5,black_male_high
100,Validation,1523,1,White,TRUE,45,FALSE,FALSE,6,black_male_low
0,Warmup,1524,1,Other,FALSE,34,TRUE,FALSE,5,black_male_high
9,Iterative Batch Phase: Min,1525,1,White,FALSE,47,FALSE,FALSE,3,black_female_high
19,Iterative Batch Phase: Min,1526,0,Two or More Races,TRUE,50,TRUE,FALSE,4,black_female_low
3,Iterative Batch Phase: Min,1527,1,White,FALSE,37,FALSE,FALSE,6,black_male_low
100,Validation,1528,1,White,FALSE,30,FALSE,FALSE,5,black_male_high
100,Validation,1529,0,White,TRUE,50,FALSE,FALSE,5,black_male_high
100,Validation,1530,0,Black or African American,FALSE,52,FALSE,FALSE,6,black_male_low
100,Validation,1531,1,Two or More Races,FALSE,31,FALSE,FALSE,6,black_male_low
4,Iterative Batch Phase: Max,1532,0,White,FALSE,73,FALSE,FALSE,5,black_male_high
100,Validation,1533,0,White,TRUE,71,FALSE,FALSE,5,black_male_high
15,Iterative Batch Phase: Min,1534,1,White,TRUE,35,FALSE,FALSE,4,black_female_low
14,Iterative Batch Phase: Min,1535,1,White,FALSE,30,FALSE,FALSE,4,black_female_low
100,Validation,1536,1,White,TRUE,28,TRUE,FALSE,5,black_male_high
12,Iterative Batch Phase: Min,1537,0,White,FALSE,66,FALSE,FALSE,4,black_female_low
100,Validation,1538,0,White,TRUE,46,FALSE,FALSE,6,black_male_low
100,Validation,1539,1,White,TRUE,32,TRUE,FALSE,6,black_male_low
100,Validation,1540,1,White,TRUE,50,FALSE,FALSE,5,black_male_high
100,Validation,1541,1,White,TRUE,51,FALSE,FALSE,6,black_male_low
0,Warmup,1542,1,White,TRUE,46,FALSE,FALSE,1,white_female_high
100,Validation,1543,0,White,TRUE,29,FALSE,FALSE,6,black_male_low
10,Iterative Batch Phase: Min,1544,1,White,TRUE,31,TRUE,FALSE,1,white_female_high
4,Iterative Batch Phase: Min,1545,0,Asian,FALSE,31,FALSE,FALSE,2,white_female_low
100,Validation,1546,1,White,FALSE,29,FALSE,FALSE,5,black_male_high
2,Iterative Batch Phase: Max,1547,1,White,TRUE,65,FALSE,FALSE,5,black_male_high
100,Validation,1548,1,Asian,FALSE,48,FALSE,FALSE,6,black_male_low
100,Validation,1549,1,White,TRUE,45,FALSE,FALSE,5,black_male_high
100,Validation,1550,1,Black or African American,TRUE,21,FALSE,FALSE,6,black_male_low
100,Validation,1551,1,White,TRUE,69,FALSE,FALSE,5,black_male_high
5,Iterative Batch Phase: Min,1552,1,White,TRUE,25,FALSE,FALSE,3,black_female_high
3,Iterative Batch Phase: Min,1553,1,White,TRUE,40,FALSE,FALSE,3,black_female_high
1,Iterative Batch Phase: Min,1554,1,White,TRUE,33,TRUE,FALSE,4,black_female_low
0,Warmup,1555,1,White,FALSE,34,FALSE,FALSE,2,white_female_low
4,Iterative Batch Phase: Min,1556,1,White,FALSE,27,FALSE,FALSE,2,white_female_low
3,Iterative Batch Phase: Max,1557,1,Asian,TRUE,36,FALSE,FALSE,5,black_male_high
100,Validation,1558,1,White,TRUE,29,FALSE,FALSE,6,black_male_low
100,Validation,1559,1,White,FALSE,38,FALSE,FALSE,6,black_male_low
100,Validation,1560,1,White,FALSE,32,TRUE,FALSE,5,black_male_high
100,Validation,1561,1,White,TRUE,30,TRUE,FALSE,5,black_male_high
100,Validation,1562,1,White,FALSE,32,FALSE,FALSE,6,black_male_low
100,Validation,1563,0,American Indian or Alaska Native,FALSE,60,TRUE,FALSE,6,black_male_low
0,Warmup,1564,1,White,FALSE,49,FALSE,FALSE,5,black_male_high
100,Validation,1565,0,White,TRUE,40,TRUE,FALSE,6,black_male_low
6,Iterative Batch Phase: Min,1566,1,White,TRUE,24,FALSE,FALSE,4,black_female_low
100,Validation,1567,1,White,FALSE,36,FALSE,FALSE,6,black_male_low
100,Validation,1568,1,White,TRUE,51,FALSE,FALSE,5,black_male_high
100,Validation,1569,1,White,FALSE,26,FALSE,FALSE,6,black_male_low
3,Iterative Batch Phase: Max,1570,0,White,FALSE,27,FALSE,FALSE,5,black_male_high
1,Iterative Batch Phase: Max,1571,1,Asian,FALSE,24,FALSE,FALSE,5,black_male_high
100,Validation,1572,1,White,TRUE,38,FALSE,FALSE,6,black_male_low
12,Iterative Batch Phase: Min,1573,1,American Indian or Alaska Native,FALSE,31,FALSE,FALSE,4,black_female_low
100,Validation,1574,0,White,FALSE,58,FALSE,FALSE,5,black_male_high
100,Validation,1575,1,White,FALSE,40,FALSE,FALSE,5,black_male_high
16,Iterative Batch Phase: Min,1576,0,Black or African American,FALSE,49,FALSE,FALSE,4,black_female_low
100,Validation,1577,1,White,FALSE,37,FALSE,FALSE,5,black_male_high
100,Validation,1578,0,White,TRUE,18,FALSE,FALSE,5,black_male_high
100,Validation,1579,1,White,TRUE,25,FALSE,FALSE,6,black_male_low
12,Iterative Batch Phase: Min,1580,0,Black or African American,TRUE,23,FALSE,FALSE,5,black_male_high
4,Iterative Batch Phase: Max,1581,1,White,FALSE,34,FALSE,FALSE,5,black_male_high
6,Iterative Batch Phase: Min,1582,1,Black or African American,TRUE,62,FALSE,FALSE,4,black_female_low
100,Validation,1583,0,Asian,FALSE,47,FALSE,FALSE,5,black_male_high
100,Validation,1584,1,Two or More Races,TRUE,26,FALSE,FALSE,5,black_male_high
1,Iterative Batch Phase: Min,1585,1,Black or African American,TRUE,32,FALSE,FALSE,2,white_female_low
14,Iterative Batch Phase: Min,1586,1,White,FALSE,28,FALSE,FALSE,3,black_female_high
0,Warmup,1587,1,Other,TRUE,46,TRUE,FALSE,7,white_male_high
9,Iterative Batch Phase: Min,1588,1,White,TRUE,55,FALSE,FALSE,4,black_female_low
7,Iterative Batch Phase: Min,1589,1,White,FALSE,34,FALSE,FALSE,4,black_female_low
3,Iterative Batch Phase: Max,1590,1,White,TRUE,32,FALSE,FALSE,2,white_female_low
11,Iterative Batch Phase: Min,1591,0,Black or African American,TRUE,31,FALSE,FALSE,5,black_male_high
12,Iterative Batch Phase: Min,1592,1,White,FALSE,41,FALSE,FALSE,4,black_female_low
4,Iterative Batch Phase: Max,1593,0,White,FALSE,64,FALSE,FALSE,5,black_male_high
9,Iterative Batch Phase: Min,1594,1,Black or African American,FALSE,28,TRUE,TRUE,4,black_female_low
0,Warmup,1595,1,Prefer not to disclose,TRUE,41,FALSE,TRUE,1,white_female_high
100,Validation,1596,1,Black or African American,TRUE,52,FALSE,FALSE,6,black_male_low
100,Validation,1597,1,Asian,TRUE,30,FALSE,FALSE,5,black_male_high
100,Validation,1598,1,White,TRUE,24,FALSE,FALSE,5,black_male_high
100,Validation,1599,0,White,FALSE,32,FALSE,FALSE,6,black_male_low
0,Warmup,1600,1,White,TRUE,24,FALSE,FALSE,5,black_male_high
11,Iterative Batch Phase: Min,1601,1,Black or African American,TRUE,45,FALSE,FALSE,4,black_female_low
100,Validation,1602,1,White,FALSE,29,FALSE,FALSE,6,black_male_low
3,Iterative Batch Phase: Min,1603,0,White,TRUE,48,FALSE,FALSE,6,black_male_low
100,Validation,1604,0,White,FALSE,73,FALSE,FALSE,6,black_male_low
0,Warmup,1605,1,White,FALSE,28,FALSE,FALSE,2,white_female_low
0,Warmup,1606,1,White,TRUE,41,FALSE,FALSE,1,white_female_high
100,Validation,1607,1,White,TRUE,22,TRUE,FALSE,6,black_male_low
11,Iterative Batch Phase: Min,1608,1,Prefer not to disclose,TRUE,40,FALSE,TRUE,4,black_female_low
3,Iterative Batch Phase: Max,1609,0,Other,FALSE,37,TRUE,FALSE,6,black_male_low
14,Iterative Batch Phase: Min,1610,1,White,FALSE,52,FALSE,FALSE,4,black_female_low
100,Validation,1611,0,White,TRUE,54,FALSE,FALSE,6,black_male_low
100,Validation,1612,1,White,FALSE,39,FALSE,FALSE,5,black_male_high
100,Validation,1613,1,Asian,TRUE,30,FALSE,FALSE,5,black_male_high
100,Validation,1614,1,White,TRUE,28,FALSE,FALSE,6,black_male_low
100,Validation,1615,1,White,TRUE,42,FALSE,FALSE,6,black_male_low
12,Iterative Batch Phase: Min,1616,1,White,FALSE,57,TRUE,FALSE,5,black_male_high
6,Iterative Batch Phase: Min,1617,1,White,FALSE,67,FALSE,FALSE,6,black_male_low
7,Iterative Batch Phase: Min,1618,1,White,TRUE,60,FALSE,FALSE,2,white_female_low
100,Validation,1619,1,White,FALSE,50,FALSE,FALSE,5,black_male_high
0,Warmup,1620,1,White,TRUE,38,FALSE,FALSE,7,white_male_high
100,Validation,1621,1,White,TRUE,26,FALSE,FALSE,5,black_male_high
100,Validation,1622,1,Asian,TRUE,35,FALSE,FALSE,6,black_male_low
100,Validation,1623,1,Asian,FALSE,41,FALSE,FALSE,5,black_male_high
100,Validation,1624,1,White,FALSE,30,FALSE,FALSE,5,black_male_high
12,Iterative Batch Phase: Min,1625,1,White,FALSE,28,FALSE,FALSE,6,black_male_low
1,Iterative Batch Phase: Max,1626,1,White,FALSE,40,FALSE,FALSE,8,white_male_low
100,Validation,1627,1,White,FALSE,38,TRUE,FALSE,6,black_male_low
100,Validation,1628,0,White,FALSE,42,FALSE,FALSE,5,black_male_high
12,Iterative Batch Phase: Min,1629,1,White,FALSE,40,FALSE,FALSE,3,black_female_high
8,Iterative Batch Phase: Min,1630,1,White,FALSE,25,FALSE,FALSE,6,black_male_low
100,Validation,1631,0,White,TRUE,55,FALSE,FALSE,6,black_male_low
1,Iterative Batch Phase: Max,1632,1,White,FALSE,29,FALSE,FALSE,6,black_male_low
5,Iterative Batch Phase: Min,1633,0,White,TRUE,57,FALSE,FALSE,6,black_male_low
4,Iterative Batch Phase: Min,1634,1,White,TRUE,38,FALSE,FALSE,2,white_female_low
17,Iterative Batch Phase: Min,1635,1,Black or African American,FALSE,30,FALSE,FALSE,4,black_female_low
100,Validation,1636,1,Two or More Races,TRUE,24,FALSE,FALSE,5,black_male_high
100,Validation,1637,0,Black or African American,FALSE,36,TRUE,FALSE,6,black_male_low
100,Validation,1638,1,White,FALSE,71,FALSE,FALSE,6,black_male_low
0,Warmup,1639,0,White,FALSE,61,FALSE,FALSE,2,white_female_low
100,Validation,1640,1,White,TRUE,24,FALSE,FALSE,6,black_male_low
100,Validation,1641,1,White,TRUE,26,FALSE,FALSE,6,black_male_low
1,Iterative Batch Phase: Min,1642,1,White,FALSE,47,FALSE,FALSE,4,black_female_low
18,Iterative Batch Phase: Min,1643,0,White,TRUE,26,FALSE,FALSE,6,black_male_low
2,Iterative Batch Phase: Min,1644,1,Black or African American,FALSE,31,FALSE,FALSE,1,white_female_high
7,Iterative Batch Phase: Min,1645,1,White,TRUE,55,FALSE,FALSE,4,black_female_low
0,Warmup,1646,0,White,FALSE,35,FALSE,FALSE,6,black_male_low
0,Warmup,1647,1,White,TRUE,47,FALSE,FALSE,4,black_female_low
3,Iterative Batch Phase: Max,1648,1,White,FALSE,30,TRUE,FALSE,5,black_male_high
11,Iterative Batch Phase: Min,1649,1,White,TRUE,66,TRUE,FALSE,4,black_female_low
100,Validation,1650,1,Two or More Races,TRUE,20,FALSE,FALSE,6,black_male_low
100,Validation,1651,0,White,FALSE,48,FALSE,FALSE,5,black_male_high
100,Validation,1652,1,White,FALSE,28,FALSE,FALSE,5,black_male_high
100,Validation,1653,0,White,FALSE,43,FALSE,FALSE,6,black_male_low
100,Validation,1654,1,Asian,FALSE,29,FALSE,FALSE,6,black_male_low
100,Validation,1655,1,White,TRUE,39,FALSE,FALSE,6,black_male_low
6,Iterative Batch Phase: Min,1656,1,Black or African American,TRUE,40,FALSE,FALSE,8,white_male_low
3,Iterative Batch Phase: Max,1657,0,White,TRUE,55,FALSE,FALSE,5,black_male_high
0,Warmup,1658,1,White,FALSE,62,FALSE,FALSE,2,white_female_low
1,Iterative Batch Phase: Min,1659,0,White,TRUE,70,FALSE,FALSE,7,white_male_high
100,Validation,1660,1,White,TRUE,26,FALSE,FALSE,5,black_male_high
4,Iterative Batch Phase: Min,1661,1,White,TRUE,45,FALSE,FALSE,6,black_male_low
9,Iterative Batch Phase: Min,1662,1,White,TRUE,64,TRUE,FALSE,3,black_female_high
100,Validation,1663,1,White,TRUE,33,FALSE,FALSE,5,black_male_high
100,Validation,1664,1,White,FALSE,57,FALSE,FALSE,5,black_male_high
14,Iterative Batch Phase: Min,1665,0,White,FALSE,35,FALSE,FALSE,4,black_female_low
1,Iterative Batch Phase: Min,1666,0,White,TRUE,37,FALSE,FALSE,1,white_female_high
9,Iterative Batch Phase: Min,1667,1,Black or African American,TRUE,33,FALSE,FALSE,2,white_female_low
15,Iterative Batch Phase: Min,1668,0,White,FALSE,33,FALSE,FALSE,4,black_female_low
100,Validation,1669,1,White,FALSE,62,FALSE,FALSE,6,black_male_low
0,Warmup,1670,1,White,FALSE,34,FALSE,FALSE,7,white_male_high
100,Validation,1671,1,White,FALSE,26,FALSE,TRUE,5,black_male_high
11,Iterative Batch Phase: Min,1672,1,White,TRUE,45,FALSE,FALSE,4,black_female_low
20,Iterative Batch Phase: Min,1673,1,White,FALSE,28,FALSE,FALSE,7,white_male_high
100,Validation,1674,1,Asian,FALSE,24,FALSE,FALSE,6,black_male_low
0,Warmup,1675,1,Asian,TRUE,33,FALSE,FALSE,8,white_male_low
4,Iterative Batch Phase: Min,1676,1,White,TRUE,42,FALSE,FALSE,7,white_male_high
100,Validation,1677,1,Prefer not to disclose,FALSE,,FALSE,TRUE,6,black_male_low
100,Validation,1678,1,White,TRUE,67,FALSE,FALSE,5,black_male_high
13,Iterative Batch Phase: Min,1679,1,Prefer not to disclose,TRUE,41,FALSE,TRUE,4,black_female_low
2,Iterative Batch Phase: Max,1680,1,White,TRUE,54,FALSE,FALSE,5,black_male_high
100,Validation,1681,1,White,FALSE,,FALSE,FALSE,6,black_male_low
4,Iterative Batch Phase: Min,1682,0,White,FALSE,60,FALSE,FALSE,2,white_female_low
100,Validation,1683,1,Asian,FALSE,57,FALSE,FALSE,5,black_male_high
100,Validation,1684,1,White,FALSE,21,FALSE,FALSE,6,black_male_low
100,Validation,1685,1,Asian,FALSE,35,FALSE,FALSE,5,black_male_high
12,Iterative Batch Phase: Min,1686,1,White,TRUE,25,FALSE,FALSE,6,black_male_low
100,Validation,1687,0,White,TRUE,30,FALSE,FALSE,5,black_male_high
18,Iterative Batch Phase: Min,1688,0,White,FALSE,41,FALSE,FALSE,1,white_female_high
100,Validation,1689,1,White,TRUE,50,FALSE,FALSE,6,black_male_low
100,Validation,1690,1,White,TRUE,31,FALSE,FALSE,6,black_male_low
3,Iterative Batch Phase: Max,1691,1,White,FALSE,34,FALSE,FALSE,2,white_female_low
10,Iterative Batch Phase: Min,1692,1,White,TRUE,33,FALSE,FALSE,5,black_male_high
100,Validation,1693,1,White,FALSE,55,FALSE,FALSE,6,black_male_low
2,Iterative Batch Phase: Min,1694,0,White,FALSE,48,TRUE,FALSE,3,black_female_high
4,Iterative Batch Phase: Min,1695,1,White,TRUE,25,FALSE,FALSE,2,white_female_low
100,Validation,1696,0,Prefer not to disclose,TRUE,28,TRUE,TRUE,5,black_male_high
7,Iterative Batch Phase: Min,1697,1,White,FALSE,47,FALSE,FALSE,5,black_male_high
100,Validation,1698,1,White,TRUE,,FALSE,FALSE,6,black_male_low
4,Iterative Batch Phase: Min,1699,1,White,FALSE,32,FALSE,FALSE,8,white_male_low
0,Warmup,1700,1,White,TRUE,26,TRUE,FALSE,4,black_female_low
100,Validation,1701,1,White,FALSE,26,FALSE,FALSE,5,black_male_high
0,Warmup,1702,1,White,TRUE,43,FALSE,FALSE,3,black_female_high
100,Validation,1703,1,White,TRUE,23,FALSE,FALSE,6,black_male_low
15,Iterative Batch Phase: Min,1704,0,Black or African American,TRUE,49,FALSE,FALSE,4,black_female_low
100,Validation,1705,1,Black or African American,FALSE,41,FALSE,FALSE,6,black_male_low
11,Iterative Batch Phase: Min,1706,1,White,FALSE,31,FALSE,FALSE,6,black_male_low
100,Validation,1707,1,White,TRUE,52,FALSE,FALSE,5,black_male_high
0,Warmup,1708,1,White,TRUE,42,FALSE,FALSE,5,black_male_high
100,Validation,1709,1,White,FALSE,40,FALSE,FALSE,5,black_male_high
5,Iterative Batch Phase: Min,1710,1,White,TRUE,20,FALSE,FALSE,6,black_male_low
100,Validation,1711,1,White,TRUE,26,FALSE,FALSE,5,black_male_high
9,Iterative Batch Phase: Min,1712,1,White,FALSE,44,FALSE,FALSE,4,black_female_low
14,Iterative Batch Phase: Min,1713,0,Two or More Races,TRUE,28,TRUE,FALSE,5,black_male_high
14,Iterative Batch Phase: Min,1714,1,White,TRUE,32,FALSE,FALSE,5,black_male_high
8,Iterative Batch Phase: Min,1715,1,White,TRUE,20,FALSE,FALSE,2,white_female_low
14,Iterative Batch Phase: Min,1716,1,White,TRUE,34,FALSE,FALSE,4,black_female_low
100,Validation,1717,1,Black or African American,TRUE,38,FALSE,FALSE,5,black_male_high
100,Validation,1718,1,White,TRUE,29,FALSE,FALSE,5,black_male_high
3,Iterative Batch Phase: Max,1719,1,White,FALSE,39,FALSE,FALSE,5,black_male_high
0,Warmup,1720,1,White,TRUE,50,FALSE,FALSE,7,white_male_high
100,Validation,1721,1,Asian,TRUE,,FALSE,TRUE,5,black_male_high
4,Iterative Batch Phase: Min,1722,1,White,FALSE,40,FALSE,FALSE,2,white_female_low
17,Iterative Batch Phase: Min,1723,1,Black or African American,FALSE,44,FALSE,FALSE,6,black_male_low
6,Iterative Batch Phase: Min,1724,0,White,FALSE,40,FALSE,FALSE,4,black_female_low
16,Iterative Batch Phase: Min,1725,1,White,FALSE,35,FALSE,FALSE,6,black_male_low
100,Validation,1726,1,Black or African American,FALSE,65,FALSE,FALSE,5,black_male_high
100,Validation,1727,1,White,TRUE,43,FALSE,FALSE,6,black_male_low
100,Validation,1728,0,White,TRUE,34,FALSE,FALSE,6,black_male_low
100,Validation,1729,1,White,TRUE,53,FALSE,FALSE,6,black_male_low
16,Iterative Batch Phase: Min,1730,0,White,TRUE,51,FALSE,FALSE,4,black_female_low
100,Validation,1731,0,Asian,FALSE,36,FALSE,FALSE,5,black_male_high
1,Iterative Batch Phase: Min,1732,0,White,FALSE,42,FALSE,FALSE,3,black_female_high
4,Iterative Batch Phase: Max,1733,0,Black or African American,TRUE,48,FALSE,FALSE,5,black_male_high
100,Validation,1734,0,White,TRUE,32,FALSE,FALSE,5,black_male_high
1,Iterative Batch Phase: Max,1735,0,White,FALSE,53,FALSE,FALSE,8,white_male_low
11,Iterative Batch Phase: Min,1736,1,White,TRUE,57,FALSE,FALSE,5,black_male_high
0,Warmup,1737,1,White,FALSE,30,FALSE,FALSE,1,white_female_high
100,Validation,1738,0,White,FALSE,38,FALSE,FALSE,6,black_male_low
18,Iterative Batch Phase: Min,1739,1,White,TRUE,25,FALSE,FALSE,4,black_female_low
17,Iterative Batch Phase: Min,1740,1,White,TRUE,42,FALSE,FALSE,2,white_female_low
100,Validation,1741,1,White,TRUE,55,FALSE,FALSE,6,black_male_low
100,Validation,1742,1,Black or African American,FALSE,50,FALSE,FALSE,5,black_male_high
100,Validation,1743,0,White,TRUE,75,FALSE,FALSE,6,black_male_low
2,Iterative Batch Phase: Max,1744,1,White,TRUE,48,FALSE,FALSE,5,black_male_high
19,Iterative Batch Phase: Min,1745,0,Black or African American,TRUE,54,FALSE,FALSE,7,white_male_high
100,Validation,1746,1,White,TRUE,30,FALSE,FALSE,5,black_male_high
4,Iterative Batch Phase: Min,1747,1,White,FALSE,34,FALSE,FALSE,3,black_female_high
100,Validation,1748,0,White,FALSE,22,FALSE,TRUE,5,black_male_high
11,Iterative Batch Phase: Min,1749,1,White,FALSE,41,FALSE,FALSE,4,black_female_low
100,Validation,1750,1,White,FALSE,70,FALSE,FALSE,5,black_male_high
11,Iterative Batch Phase: Min,1751,1,Asian,FALSE,25,FALSE,FALSE,5,black_male_high
100,Validation,1752,0,White,FALSE,41,FALSE,FALSE,5,black_male_high
100,Validation,1753,1,White,FALSE,35,TRUE,FALSE,5,black_male_high
16,Iterative Batch Phase: Min,1754,1,White,TRUE,62,FALSE,FALSE,6,black_male_low
100,Validation,1755,0,Other,FALSE,22,TRUE,FALSE,6,black_male_low
2,Iterative Batch Phase: Max,1756,0,White,TRUE,58,FALSE,FALSE,5,black_male_high
8,Iterative Batch Phase: Min,1757,1,White,TRUE,44,FALSE,FALSE,3,black_female_high
0,Warmup,1758,1,White,TRUE,45,FALSE,FALSE,5,black_male_high
100,Validation,1759,1,White,TRUE,59,TRUE,FALSE,6,black_male_low
1,Iterative Batch Phase: Max,1760,1,White,TRUE,52,FALSE,FALSE,2,white_female_low
2,Iterative Batch Phase: Max,1761,1,White,FALSE,27,FALSE,FALSE,5,black_male_high
0,Warmup,1762,0,White,FALSE,30,TRUE,FALSE,5,black_male_high
13,Iterative Batch Phase: Min,1763,1,Other,TRUE,37,TRUE,FALSE,6,black_male_low
15,Iterative Batch Phase: Min,1764,1,Black or African American,TRUE,25,FALSE,FALSE,2,white_female_low
10,Iterative Batch Phase: Min,1765,1,White,FALSE,38,FALSE,FALSE,6,black_male_low
17,Iterative Batch Phase: Min,1766,1,White,TRUE,29,FALSE,FALSE,6,black_male_low
100,Validation,1767,1,White,TRUE,29,FALSE,FALSE,6,black_male_low
4,Iterative Batch Phase: Max,1768,1,White,FALSE,30,TRUE,FALSE,5,black_male_high
3,Iterative Batch Phase: Max,1769,1,White,FALSE,33,FALSE,FALSE,5,black_male_high
0,Warmup,1770,1,White,FALSE,31,FALSE,FALSE,7,white_male_high
17,Iterative Batch Phase: Min,1771,0,White,FALSE,34,FALSE,FALSE,4,black_female_low
100,Validation,1772,0,White,TRUE,30,FALSE,FALSE,6,black_male_low
7,Iterative Batch Phase: Min,1773,1,White,FALSE,47,FALSE,FALSE,3,black_female_high
100,Validation,1774,1,White,TRUE,27,FALSE,FALSE,6,black_male_low
5,Iterative Batch Phase: Min,1775,1,White,FALSE,50,FALSE,FALSE,2,white_female_low
11,Iterative Batch Phase: Min,1776,1,White,TRUE,66,FALSE,FALSE,4,black_female_low
19,Iterative Batch Phase: Min,1777,1,White,FALSE,46,FALSE,FALSE,4,black_female_low
0,Warmup,1778,1,Asian,TRUE,28,FALSE,FALSE,7,white_male_high
100,Validation,1779,1,Black or African American,FALSE,43,FALSE,FALSE,5,black_male_high
1,Iterative Batch Phase: Min,1780,1,White,FALSE,36,FALSE,FALSE,7,white_male_high
9,Iterative Batch Phase: Min,1781,1,Black or African American,FALSE,33,FALSE,FALSE,7,white_male_high
11,Iterative Batch Phase: Min,1782,1,Asian,FALSE,35,FALSE,FALSE,6,black_male_low
100,Validation,1783,0,White,TRUE,36,FALSE,FALSE,5,black_male_high
9,Iterative Batch Phase: Min,1784,1,White,TRUE,42,FALSE,FALSE,6,black_male_low
100,Validation,1785,1,White,FALSE,38,FALSE,FALSE,5,black_male_high
14,Iterative Batch Phase: Min,1786,0,White,FALSE,53,FALSE,FALSE,6,black_male_low
8,Iterative Batch Phase: Min,1787,1,Black or African American,FALSE,36,FALSE,FALSE,6,black_male_low
3,Iterative Batch Phase: Max,1788,1,Two or More Races,TRUE,26,FALSE,FALSE,5,black_male_high
19,Iterative Batch Phase: Min,1789,1,White,TRUE,65,FALSE,FALSE,4,black_female_low
9,Iterative Batch Phase: Min,1790,1,Two or More Races,TRUE,48,FALSE,FALSE,6,black_male_low
100,Validation,1791,1,White,TRUE,24,FALSE,FALSE,5,black_male_high
0,Warmup,1792,1,Asian,FALSE,32,TRUE,FALSE,5,black_male_high
4,Iterative Batch Phase: Max,1793,0,White,FALSE,57,TRUE,FALSE,5,black_male_high
100,Validation,1794,0,White,TRUE,37,FALSE,FALSE,6,black_male_low
100,Validation,1795,1,White,TRUE,22,FALSE,FALSE,6,black_male_low
100,Validation,1796,1,White,FALSE,37,FALSE,FALSE,6,black_male_low
100,Validation,1797,1,Black or African American,TRUE,40,FALSE,FALSE,5,black_male_high
19,Iterative Batch Phase: Min,1798,1,White,FALSE,37,FALSE,FALSE,4,black_female_low
100,Validation,1799,1,White,FALSE,19,TRUE,FALSE,6,black_male_low
2,Iterative Batch Phase: Max,1800,1,White,FALSE,26,TRUE,FALSE,5,black_male_high
15,Iterative Batch Phase: Min,1801,1,White,TRUE,25,FALSE,FALSE,4,black_female_low
100,Validation,1802,1,White,FALSE,38,FALSE,FALSE,5,black_male_high
8,Iterative Batch Phase: Min,1803,1,Two or More Races,FALSE,27,FALSE,FALSE,6,black_male_low
7,Iterative Batch Phase: Min,1804,0,White,TRUE,37,FALSE,FALSE,6,black_male_low
11,Iterative Batch Phase: Min,1805,0,White,FALSE,34,FALSE,FALSE,4,black_female_low
100,Validation,1806,1,White,TRUE,58,FALSE,FALSE,6,black_male_low
15,Iterative Batch Phase: Min,1807,1,White,FALSE,51,FALSE,FALSE,8,white_male_low
100,Validation,1808,0,Asian,TRUE,26,FALSE,FALSE,5,black_male_high
100,Validation,1809,1,White,FALSE,30,FALSE,FALSE,5,black_male_high
100,Validation,1810,1,White,TRUE,54,FALSE,FALSE,6,black_male_low
6,Iterative Batch Phase: Min,1811,1,White,FALSE,38,FALSE,FALSE,6,black_male_low
100,Validation,1812,1,Asian,TRUE,38,FALSE,FALSE,5,black_male_high
2,Iterative Batch Phase: Max,1813,1,Asian,FALSE,,FALSE,FALSE,8,white_male_low
19,Iterative Batch Phase: Min,1814,1,White,TRUE,31,FALSE,FALSE,6,black_male_low
5,Iterative Batch Phase: Min,1815,1,White,TRUE,24,FALSE,FALSE,6,black_male_low
1,Iterative Batch Phase: Max,1816,1,Asian,FALSE,20,FALSE,FALSE,1,white_female_high
1,Iterative Batch Phase: Min,1817,1,Two or More Races,FALSE,40,FALSE,FALSE,7,white_male_high
0,Warmup,1818,1,White,TRUE,33,FALSE,FALSE,7,white_male_high
19,Iterative Batch Phase: Min,1819,1,White,FALSE,49,FALSE,FALSE,8,white_male_low
100,Validation,1820,1,White,FALSE,29,FALSE,FALSE,5,black_male_high
100,Validation,1821,1,White,TRUE,28,FALSE,FALSE,6,black_male_low
100,Validation,1822,1,Other,FALSE,33,TRUE,FALSE,6,black_male_low
10,Iterative Batch Phase: Min,1823,1,White,TRUE,49,FALSE,FALSE,4,black_female_low
13,Iterative Batch Phase: Min,1824,1,Asian,FALSE,29,FALSE,FALSE,6,black_male_low
100,Validation,1825,1,White,FALSE,35,FALSE,FALSE,6,black_male_low
100,Validation,1826,1,Asian,TRUE,22,FALSE,FALSE,6,black_male_low
100,Validation,1827,0,White,TRUE,54,FALSE,FALSE,5,black_male_high
10,Iterative Batch Phase: Min,1828,1,Black or African American,FALSE,45,FALSE,FALSE,1,white_female_high
10,Iterative Batch Phase: Min,1829,1,White,FALSE,54,FALSE,FALSE,5,black_male_high
18,Iterative Batch Phase: Min,1830,1,White,TRUE,,FALSE,FALSE,4,black_female_low
5,Iterative Batch Phase: Min,1831,0,White,TRUE,62,FALSE,FALSE,7,white_male_high
100,Validation,1832,1,White,FALSE,35,FALSE,FALSE,5,black_male_high
14,Iterative Batch Phase: Min,1833,1,Asian,TRUE,41,FALSE,FALSE,4,black_female_low
12,Iterative Batch Phase: Min,1834,0,Asian,FALSE,28,FALSE,FALSE,4,black_female_low
100,Validation,1835,0,White,TRUE,34,FALSE,FALSE,6,black_male_low
100,Validation,1836,1,White,TRUE,50,FALSE,FALSE,5,black_male_high
2,Iterative Batch Phase: Max,1837,1,Black or African American,TRUE,40,FALSE,FALSE,5,black_male_high
100,Validation,1838,1,Asian,FALSE,36,FALSE,FALSE,6,black_male_low
100,Validation,1839,1,White,FALSE,44,FALSE,FALSE,6,black_male_low
8,Iterative Batch Phase: Min,1840,0,White,TRUE,26,FALSE,FALSE,4,black_female_low
4,Iterative Batch Phase: Max,1841,1,White,TRUE,67,FALSE,FALSE,8,white_male_low
100,Validation,1842,1,Asian,TRUE,26,FALSE,FALSE,5,black_male_high
100,Validation,1843,0,White,FALSE,41,FALSE,FALSE,6,black_male_low
1,Iterative Batch Phase: Max,1844,1,Two or More Races,FALSE,27,FALSE,FALSE,5,black_male_high
100,Validation,1845,1,White,FALSE,47,FALSE,FALSE,5,black_male_high
1,Iterative Batch Phase: Min,1846,1,White,TRUE,29,FALSE,FALSE,4,black_female_low
0,Warmup,1847,0,White,TRUE,60,FALSE,FALSE,1,white_female_high
100,Validation,1848,1,Black or African American,TRUE,43,FALSE,FALSE,5,black_male_high
8,Iterative Batch Phase: Min,1849,1,Black or African American,TRUE,47,FALSE,FALSE,6,black_male_low
100,Validation,1850,1,White,FALSE,36,TRUE,FALSE,6,black_male_low
100,Validation,1851,1,Two or More Races,TRUE,30,FALSE,FALSE,6,black_male_low
3,Iterative Batch Phase: Max,1852,1,White,TRUE,34,FALSE,FALSE,1,white_female_high
100,Validation,1853,0,White,FALSE,69,FALSE,FALSE,6,black_male_low
9,Iterative Batch Phase: Min,1854,1,White,FALSE,40,FALSE,FALSE,6,black_male_low
15,Iterative Batch Phase: Min,1855,1,White,TRUE,65,FALSE,FALSE,3,black_female_high
18,Iterative Batch Phase: Min,1856,1,Asian,FALSE,24,FALSE,FALSE,6,black_male_low
4,Iterative Batch Phase: Min,1857,1,White,FALSE,49,FALSE,FALSE,8,white_male_low
100,Validation,1858,0,Black or African American,FALSE,44,FALSE,FALSE,5,black_male_high
100,Validation,1859,1,White,TRUE,52,FALSE,FALSE,5,black_male_high
20,Iterative Batch Phase: Min,1860,1,Two or More Races,FALSE,49,FALSE,FALSE,4,black_female_low
0,Warmup,1861,0,Asian,FALSE,32,FALSE,FALSE,4,black_female_low
100,Validation,1862,0,Asian,FALSE,41,FALSE,FALSE,5,black_male_high
7,Iterative Batch Phase: Min,1863,1,White,FALSE,23,FALSE,FALSE,6,black_male_low
1,Iterative Batch Phase: Min,1864,1,White,TRUE,34,FALSE,FALSE,7,white_male_high
100,Validation,1865,0,White,FALSE,44,FALSE,FALSE,5,black_male_high
3,Iterative Batch Phase: Min,1866,0,White,FALSE,31,FALSE,FALSE,6,black_male_low
100,Validation,1867,1,White,TRUE,73,FALSE,FALSE,5,black_male_high
100,Validation,1868,0,White,FALSE,70,FALSE,FALSE,6,black_male_low
16,Iterative Batch Phase: Min,1869,1,Asian,FALSE,30,FALSE,FALSE,7,white_male_high
18,Iterative Batch Phase: Min,1870,0,White,TRUE,53,FALSE,FALSE,6,black_male_low
100,Validation,1871,1,White,FALSE,21,FALSE,FALSE,6,black_male_low
3,Iterative Batch Phase: Max,1872,1,Asian,TRUE,38,FALSE,FALSE,5,black_male_high
100,Validation,1873,1,White,TRUE,64,FALSE,FALSE,5,black_male_high
100,Validation,1874,0,White,TRUE,22,FALSE,FALSE,6,black_male_low
0,Warmup,1875,1,Asian,FALSE,24,FALSE,FALSE,5,black_male_high
11,Iterative Batch Phase: Min,1876,1,White,TRUE,37,FALSE,FALSE,6,black_male_low
11,Iterative Batch Phase: Min,1877,1,White,FALSE,52,FALSE,FALSE,6,black_male_low
100,Validation,1878,0,White,FALSE,,FALSE,FALSE,5,black_male_high
4,Iterative Batch Phase: Min,1879,1,White,FALSE,31,FALSE,FALSE,4,black_female_low
100,Validation,1880,1,Asian,TRUE,25,FALSE,FALSE,6,black_male_low
100,Validation,1881,0,White,TRUE,62,FALSE,FALSE,5,black_male_high
19,Iterative Batch Phase: Min,1882,1,White,TRUE,30,FALSE,FALSE,6,black_male_low
100,Validation,1883,1,Asian,FALSE,41,FALSE,FALSE,5,black_male_high
20,Iterative Batch Phase: Min,1884,0,White,FALSE,29,FALSE,FALSE,6,black_male_low
100,Validation,1885,0,White,TRUE,38,FALSE,FALSE,5,black_male_high
3,Iterative Batch Phase: Min,1886,1,White,TRUE,44,FALSE,FALSE,7,white_male_high
12,Iterative Batch Phase: Min,1887,0,White,TRUE,26,FALSE,FALSE,6,black_male_low
6,Iterative Batch Phase: Min,1888,1,White,TRUE,56,FALSE,FALSE,6,black_male_low
100,Validation,1889,1,White,TRUE,49,FALSE,FALSE,6,black_male_low
3,Iterative Batch Phase: Max,1890,0,White,TRUE,54,FALSE,FALSE,5,black_male_high
100,Validation,1891,1,White,TRUE,50,FALSE,FALSE,5,black_male_high
100,Validation,1892,1,Asian,TRUE,35,FALSE,FALSE,6,black_male_low
14,Iterative Batch Phase: Min,1893,1,White,FALSE,30,FALSE,FALSE,5,black_male_high
2,Iterative Batch Phase: Max,1894,1,White,TRUE,41,FALSE,FALSE,5,black_male_high
13,Iterative Batch Phase: Min,1895,1,Black or African American,FALSE,39,FALSE,FALSE,8,white_male_low
5,Iterative Batch Phase: Min,1896,1,White,TRUE,41,FALSE,FALSE,2,white_female_low
1,Iterative Batch Phase: Min,1897,0,White,FALSE,,FALSE,FALSE,4,black_female_low
6,Iterative Batch Phase: Min,1898,1,White,TRUE,52,FALSE,FALSE,3,black_female_high
100,Validation,1899,0,White,TRUE,54,FALSE,FALSE,6,black_male_low
2,Iterative Batch Phase: Max,1900,1,White,TRUE,24,FALSE,FALSE,5,black_male_high
100,Validation,1901,1,White,FALSE,23,FALSE,FALSE,6,black_male_low
18,Iterative Batch Phase: Min,1902,1,White,TRUE,57,FALSE,FALSE,2,white_female_low
4,Iterative Batch Phase: Min,1903,1,White,FALSE,47,FALSE,FALSE,8,white_male_low
100,Validation,1904,0,White,TRUE,37,FALSE,FALSE,6,black_male_low
100,Validation,1905,1,White,FALSE,36,TRUE,FALSE,5,black_male_high
3,Iterative Batch Phase: Max,1906,1,White,TRUE,37,FALSE,FALSE,5,black_male_high
100,Validation,1907,0,Black or African American,TRUE,63,FALSE,FALSE,6,black_male_low
100,Validation,1908,1,White,TRUE,42,FALSE,FALSE,5,black_male_high
100,Validation,1909,0,White,FALSE,72,FALSE,FALSE,6,black_male_low
10,Iterative Batch Phase: Min,1910,1,White,FALSE,49,FALSE,FALSE,6,black_male_low
3,Iterative Batch Phase: Max,1911,1,White,FALSE,23,FALSE,FALSE,5,black_male_high
0,Warmup,1912,1,White,FALSE,44,FALSE,FALSE,5,black_male_high
18,Iterative Batch Phase: Min,1913,0,White,FALSE,33,FALSE,FALSE,6,black_male_low
0,Warmup,1914,1,White,FALSE,35,FALSE,FALSE,1,white_female_high
12,Iterative Batch Phase: Min,1915,1,White,FALSE,29,FALSE,FALSE,6,black_male_low
0,Warmup,1916,1,Asian,FALSE,26,FALSE,FALSE,7,white_male_high
14,Iterative Batch Phase: Min,1917,1,Asian,TRUE,26,FALSE,FALSE,4,black_female_low
17,Iterative Batch Phase: Min,1918,1,Black or African American,TRUE,32,FALSE,FALSE,2,white_female_low
17,Iterative Batch Phase: Min,1919,1,White,TRUE,20,TRUE,FALSE,8,white_male_low
0,Warmup,1920,0,Asian,FALSE,22,FALSE,FALSE,1,white_female_high
100,Validation,1921,1,White,FALSE,22,FALSE,FALSE,5,black_male_high
100,Validation,1922,0,Black or African American,TRUE,31,FALSE,FALSE,6,black_male_low
4,Iterative Batch Phase: Min,1923,1,Asian,FALSE,28,FALSE,FALSE,7,white_male_high
100,Validation,1924,1,Other,FALSE,29,TRUE,FALSE,6,black_male_low
100,Validation,1925,1,White,TRUE,43,FALSE,FALSE,6,black_male_low
4,Iterative Batch Phase: Min,1926,1,Prefer not to disclose,FALSE,,FALSE,TRUE,2,white_female_low
100,Validation,1927,1,White,FALSE,23,FALSE,FALSE,5,black_male_high
100,Validation,1928,1,White,TRUE,62,FALSE,FALSE,5,black_male_high
15,Iterative Batch Phase: Min,1929,0,White,FALSE,30,FALSE,FALSE,4,black_female_low
6,Iterative Batch Phase: Min,1930,1,Asian,TRUE,50,FALSE,FALSE,3,black_female_high
100,Validation,1931,1,Asian,FALSE,59,FALSE,FALSE,5,black_male_high
100,Validation,1932,1,White,FALSE,40,FALSE,FALSE,5,black_male_high
100,Validation,1933,1,White,TRUE,25,FALSE,FALSE,6,black_male_low
100,Validation,1934,1,White,FALSE,57,FALSE,FALSE,6,black_male_low
11,Iterative Batch Phase: Min,1935,1,White,TRUE,25,FALSE,FALSE,6,black_male_low
0,Warmup,1936,1,White,FALSE,36,FALSE,FALSE,2,white_female_low
10,Iterative Batch Phase: Min,1937,1,Two or More Races,FALSE,24,TRUE,FALSE,4,black_female_low
100,Validation,1938,0,White,TRUE,40,FALSE,FALSE,6,black_male_low
100,Validation,1939,1,White,TRUE,35,FALSE,FALSE,6,black_male_low
100,Validation,1940,0,White,TRUE,51,FALSE,FALSE,6,black_male_low
100,Validation,1941,1,White,FALSE,33,FALSE,FALSE,6,black_male_low
11,Iterative Batch Phase: Min,1942,0,White,FALSE,32,FALSE,FALSE,5,black_male_high
100,Validation,1943,0,White,FALSE,48,FALSE,FALSE,5,black_male_high
1,Iterative Batch Phase: Min,1944,1,Black or African American,TRUE,42,FALSE,FALSE,1,white_female_high
12,Iterative Batch Phase: Min,1945,1,White,TRUE,34,FALSE,FALSE,7,white_male_high
8,Iterative Batch Phase: Min,1946,0,White,TRUE,25,FALSE,FALSE,6,black_male_low
100,Validation,1947,1,Other,FALSE,21,TRUE,FALSE,6,black_male_low
7,Iterative Batch Phase: Min,1948,1,White,FALSE,24,FALSE,FALSE,3,black_female_high
3,Iterative Batch Phase: Max,1949,1,White,TRUE,53,FALSE,FALSE,5,black_male_high
100,Validation,1950,1,Asian,FALSE,34,FALSE,FALSE,5,black_male_high
9,Iterative Batch Phase: Min,1951,1,White,TRUE,54,FALSE,FALSE,6,black_male_low
0,Warmup,1952,1,White,TRUE,59,FALSE,FALSE,4,black_female_low
13,Iterative Batch Phase: Min,1953,1,White,FALSE,37,FALSE,FALSE,1,white_female_high
100,Validation,1954,1,White,FALSE,27,FALSE,FALSE,6,black_male_low
18,Iterative Batch Phase: Min,1955,1,Other,FALSE,41,TRUE,FALSE,4,black_female_low
1,Iterative Batch Phase: Min,1956,0,White,TRUE,25,TRUE,FALSE,7,white_male_high
100,Validation,1957,0,White,TRUE,63,FALSE,FALSE,5,black_male_high
100,Validation,1958,0,Asian,TRUE,26,FALSE,FALSE,5,black_male_high
9,Iterative Batch Phase: Min,1959,0,Asian,FALSE,39,FALSE,FALSE,6,black_male_low
12,Iterative Batch Phase: Min,1960,1,White,FALSE,56,FALSE,FALSE,4,black_female_low
0,Warmup,1961,1,White,TRUE,22,TRUE,FALSE,3,black_female_high
100,Validation,1962,0,Asian,TRUE,26,FALSE,FALSE,6,black_male_low
7,Iterative Batch Phase: Min,1963,1,Prefer not to disclose,FALSE,28,FALSE,TRUE,4,black_female_low
3,Iterative Batch Phase: Max,1964,1,White,TRUE,46,FALSE,FALSE,5,black_male_high
100,Validation,1965,1,White,TRUE,42,FALSE,FALSE,5,black_male_high
100,Validation,1966,1,White,FALSE,37,FALSE,FALSE,5,black_male_high
100,Validation,1967,1,Asian,FALSE,52,FALSE,FALSE,6,black_male_low
100,Validation,1968,1,Two or More Races,TRUE,29,FALSE,FALSE,5,black_male_high
100,Validation,1969,1,Asian,TRUE,41,FALSE,FALSE,6,black_male_low
2,Iterative Batch Phase: Max,1970,1,White,FALSE,36,FALSE,FALSE,5,black_male_high
10,Iterative Batch Phase: Min,1971,1,Black or African American,TRUE,26,FALSE,FALSE,7,white_male_high
19,Iterative Batch Phase: Min,1972,1,White,FALSE,21,FALSE,FALSE,7,white_male_high
100,Validation,1973,1,White,TRUE,34,TRUE,FALSE,6,black_male_low
100,Validation,1974,1,Two or More Races,TRUE,24,FALSE,FALSE,5,black_male_high
100,Validation,1975,1,White,TRUE,38,FALSE,FALSE,6,black_male_low
100,Validation,1976,0,White,TRUE,67,FALSE,FALSE,5,black_male_high
16,Iterative Batch Phase: Min,1977,0,Two or More Races,FALSE,30,FALSE,FALSE,6,black_male_low
0,Warmup,1978,1,Black or African American,TRUE,30,FALSE,FALSE,7,white_male_high
20,Iterative Batch Phase: Min,1979,0,Black or African American,FALSE,30,FALSE,FALSE,6,black_male_low
0,Warmup,1980,1,White,FALSE,20,TRUE,FALSE,6,black_male_low
18,Iterative Batch Phase: Min,1981,1,White,TRUE,29,FALSE,FALSE,7,white_male_high
100,Validation,1982,1,White,FALSE,37,FALSE,FALSE,5,black_male_high
3,Iterative Batch Phase: Min,1983,1,White,TRUE,41,FALSE,FALSE,5,black_male_high
13,Iterative Batch Phase: Min,1984,0,White,TRUE,48,FALSE,FALSE,6,black_male_low
5,Iterative Batch Phase: Min,1985,1,Two or More Races,TRUE,36,TRUE,FALSE,5,black_male_high
16,Iterative Batch Phase: Min,1986,0,White,FALSE,41,TRUE,FALSE,8,white_male_low
100,Validation,1987,1,Asian,FALSE,38,FALSE,FALSE,5,black_male_high
9,Iterative Batch Phase: Min,1988,1,White,FALSE,36,FALSE,FALSE,7,white_male_high
2,Iterative Batch Phase: Max,1989,0,White,FALSE,40,FALSE,FALSE,2,white_female_low
3,Iterative Batch Phase: Min,1990,1,Asian,TRUE,30,FALSE,FALSE,6,black_male_low
13,Iterative Batch Phase: Min,1991,0,Black or African American,TRUE,19,FALSE,FALSE,6,black_male_low
9,Iterative Batch Phase: Min,1992,1,White,FALSE,36,FALSE,FALSE,7,white_male_high
100,Validation,1993,1,White,FALSE,51,FALSE,FALSE,5,black_male_high
12,Iterative Batch Phase: Min,1994,1,Black or African American,TRUE,42,FALSE,FALSE,3,black_female_high
17,Iterative Batch Phase: Min,1995,1,Prefer not to disclose,FALSE,53,FALSE,TRUE,5,black_male_high
4,Iterative Batch Phase: Max,1996,0,White,TRUE,23,FALSE,FALSE,5,black_male_high
100,Validation,1997,1,Asian,FALSE,25,FALSE,FALSE,5,black_male_high
100,Validation,1998,0,White,FALSE,38,FALSE,FALSE,6,black_male_low
20,Iterative Batch Phase: Min,1999,1,Asian,TRUE,53,FALSE,FALSE,4,black_female_low
100,Validation,2000,0,Asian,TRUE,32,FALSE,FALSE,5,black_male_high
100,Validation,2001,1,White,FALSE,42,FALSE,FALSE,5,black_male_high
2,Iterative Batch Phase: Max,2002,1,White,FALSE,41,FALSE,FALSE,6,black_male_low
0,Warmup,2003,0,Two or More Races,FALSE,23,FALSE,FALSE,4,black_female_low
100,Validation,2004,0,Black or African American,FALSE,30,FALSE,FALSE,5,black_male_high
0,Warmup,2005,0,White,TRUE,30,FALSE,FALSE,4,black_female_low
19,Iterative Batch Phase: Min,2006,1,White,FALSE,27,FALSE,FALSE,3,black_female_high
17,Iterative Batch Phase: Min,2007,1,White,TRUE,34,FALSE,FALSE,4,black_female_low
11,Iterative Batch Phase: Min,2008,1,White,FALSE,36,FALSE,FALSE,4,black_female_low
100,Validation,2009,1,White,FALSE,58,FALSE,FALSE,5,black_male_high
100,Validation,2010,1,White,FALSE,56,FALSE,FALSE,5,black_male_high
4,Iterative Batch Phase: Max,2011,1,Black or African American,FALSE,56,FALSE,FALSE,5,black_male_high
100,Validation,2012,1,Asian,TRUE,40,FALSE,FALSE,5,black_male_high
10,Iterative Batch Phase: Min,2013,1,Asian,FALSE,26,FALSE,FALSE,1,white_female_high
14,Iterative Batch Phase: Min,2014,0,White,FALSE,69,FALSE,FALSE,3,black_female_high
18,Iterative Batch Phase: Min,2015,1,Black or African American,TRUE,29,FALSE,FALSE,7,white_male_high
100,Validation,2016,0,White,TRUE,23,FALSE,FALSE,5,black_male_high
100,Validation,2017,1,Asian,FALSE,43,TRUE,FALSE,6,black_male_low
6,Iterative Batch Phase: Min,2018,1,White,FALSE,26,FALSE,FALSE,6,black_male_low
100,Validation,2019,1,White,TRUE,30,FALSE,FALSE,5,black_male_high
13,Iterative Batch Phase: Min,2020,1,White,FALSE,26,TRUE,FALSE,5,black_male_high
5,Iterative Batch Phase: Min,2021,1,White,FALSE,34,TRUE,FALSE,1,white_female_high
0,Warmup,2022,1,White,FALSE,26,FALSE,FALSE,1,white_female_high
100,Validation,2023,1,White,TRUE,56,FALSE,FALSE,5,black_male_high
15,Iterative Batch Phase: Min,2024,1,White,TRUE,32,FALSE,FALSE,4,black_female_low
3,Iterative Batch Phase: Min,2025,1,White,FALSE,37,FALSE,FALSE,8,white_male_low
100,Validation,2026,1,White,TRUE,58,TRUE,FALSE,5,black_male_high
0,Warmup,2027,1,Asian,FALSE,29,FALSE,FALSE,5,black_male_high
100,Validation,2028,1,White,FALSE,38,FALSE,FALSE,5,black_male_high
0,Warmup,2029,1,White,FALSE,49,FALSE,FALSE,8,white_male_low
0,Warmup,2030,1,White,TRUE,40,FALSE,FALSE,4,black_female_low
100,Validation,2031,1,White,FALSE,35,FALSE,FALSE,5,black_male_high
100,Validation,2032,1,White,TRUE,25,FALSE,FALSE,6,black_male_low
7,Iterative Batch Phase: Min,2033,1,White,TRUE,35,FALSE,FALSE,3,black_female_high
100,Validation,2034,1,White,TRUE,23,FALSE,FALSE,6,black_male_low
100,Validation,2035,1,White,FALSE,37,FALSE,FALSE,5,black_male_high
100,Validation,2036,1,White,FALSE,43,FALSE,FALSE,6,black_male_low
11,Iterative Batch Phase: Min,2037,1,White,TRUE,33,FALSE,FALSE,2,white_female_low
2,Iterative Batch Phase: Max,2038,1,White,TRUE,68,FALSE,FALSE,5,black_male_high
15,Iterative Batch Phase: Min,2039,1,White,TRUE,41,FALSE,FALSE,4,black_female_low
100,Validation,2040,1,White,TRUE,43,FALSE,FALSE,6,black_male_low
100,Validation,2041,1,White,FALSE,,FALSE,TRUE,5,black_male_high
7,Iterative Batch Phase: Min,2042,1,White,FALSE,31,FALSE,FALSE,7,white_male_high
100,Validation,2043,0,White,FALSE,24,FALSE,FALSE,6,black_male_low
2,Iterative Batch Phase: Min,2044,1,White,TRUE,23,TRUE,FALSE,7,white_male_high
2,Iterative Batch Phase: Max,2045,1,White,TRUE,22,FALSE,FALSE,2,white_female_low
100,Validation,2046,0,White,TRUE,53,FALSE,FALSE,5,black_male_high
14,Iterative Batch Phase: Min,2047,0,White,TRUE,44,TRUE,FALSE,4,black_female_low
11,Iterative Batch Phase: Min,2048,1,White,TRUE,50,FALSE,FALSE,4,black_female_low
3,Iterative Batch Phase: Max,2049,0,Black or African American,TRUE,33,FALSE,FALSE,4,black_female_low
100,Validation,2050,0,White,TRUE,28,TRUE,FALSE,6,black_male_low
100,Validation,2051,1,White,TRUE,40,FALSE,FALSE,5,black_male_high
19,Iterative Batch Phase: Min,2052,1,White,TRUE,25,FALSE,FALSE,6,black_male_low
1,Iterative Batch Phase: Min,2053,1,White,FALSE,45,FALSE,FALSE,3,black_female_high
12,Iterative Batch Phase: Min,2054,1,White,FALSE,31,FALSE,FALSE,4,black_female_low
2,Iterative Batch Phase: Min,2055,0,Asian,TRUE,33,FALSE,FALSE,2,white_female_low
100,Validation,2056,0,White,FALSE,62,FALSE,FALSE,6,black_male_low
11,Iterative Batch Phase: Min,2057,1,White,FALSE,53,FALSE,FALSE,1,white_female_high
5,Iterative Batch Phase: Min,2058,0,White,FALSE,34,FALSE,FALSE,5,black_male_high
0,Warmup,2059,0,White,FALSE,49,FALSE,FALSE,8,white_male_low
100,Validation,2060,0,White,FALSE,58,FALSE,FALSE,6,black_male_low
2,Iterative Batch Phase: Max,2061,1,White,FALSE,40,FALSE,FALSE,5,black_male_high
100,Validation,2062,0,Two or More Races,TRUE,56,FALSE,FALSE,6,black_male_low
100,Validation,2063,0,White,TRUE,22,FALSE,FALSE,6,black_male_low
100,Validation,2064,0,White,FALSE,31,FALSE,FALSE,6,black_male_low
4,Iterative Batch Phase: Min,2065,1,White,TRUE,57,FALSE,FALSE,6,black_male_low
1,Iterative Batch Phase: Min,2066,1,White,FALSE,52,FALSE,FALSE,4,black_female_low
4,Iterative Batch Phase: Min,2067,1,Prefer not to disclose,TRUE,42,FALSE,TRUE,2,white_female_low
8,Iterative Batch Phase: Min,2068,0,White,TRUE,58,FALSE,FALSE,7,white_male_high
13,Iterative Batch Phase: Min,2069,0,White,FALSE,36,FALSE,FALSE,4,black_female_low
17,Iterative Batch Phase: Min,2070,1,Black or African American,TRUE,49,FALSE,FALSE,5,black_male_high
11,Iterative Batch Phase: Min,2071,1,White,FALSE,43,FALSE,FALSE,5,black_male_high
10,Iterative Batch Phase: Min,2072,0,White,TRUE,38,FALSE,FALSE,6,black_male_low
19,Iterative Batch Phase: Min,2073,0,White,FALSE,63,FALSE,FALSE,6,black_male_low
0,Warmup,2074,1,White,FALSE,21,FALSE,TRUE,1,white_female_high
3,Iterative Batch Phase: Min,2075,0,White,FALSE,31,FALSE,FALSE,6,black_male_low
0,Warmup,2076,1,White,FALSE,63,FALSE,FALSE,7,white_male_high
14,Iterative Batch Phase: Min,2077,1,White,FALSE,53,FALSE,FALSE,4,black_female_low
16,Iterative Batch Phase: Min,2078,1,American Indian or Alaska Native,TRUE,38,FALSE,FALSE,4,black_female_low
2,Iterative Batch Phase: Min,2079,0,White,FALSE,47,FALSE,FALSE,2,white_female_low
100,Validation,2080,1,White,TRUE,64,FALSE,FALSE,5,black_male_high
12,Iterative Batch Phase: Min,2081,1,White,FALSE,42,FALSE,FALSE,4,black_female_low
100,Validation,2082,1,White,FALSE,31,FALSE,FALSE,6,black_male_low
100,Validation,2083,1,Two or More Races,FALSE,33,FALSE,FALSE,6,black_male_low
12,Iterative Batch Phase: Min,2084,1,White,FALSE,29,FALSE,FALSE,4,black_female_low
7,Iterative Batch Phase: Min,2085,1,Other,TRUE,29,FALSE,FALSE,6,black_male_low
100,Validation,2086,0,White,FALSE,33,FALSE,FALSE,5,black_male_high
5,Iterative Batch Phase: Min,2087,1,White,TRUE,24,FALSE,FALSE,6,black_male_low
100,Validation,2088,1,White,TRUE,38,FALSE,FALSE,6,black_male_low
100,Validation,2089,1,White,TRUE,34,FALSE,FALSE,6,black_male_low
100,Validation,2090,1,White,FALSE,23,FALSE,FALSE,6,black_male_low
12,Iterative Batch Phase: Min,2091,1,Asian,TRUE,38,FALSE,FALSE,4,black_female_low
100,Validation,2092,0,Asian,FALSE,31,FALSE,FALSE,6,black_male_low
100,Validation,2093,1,White,TRUE,26,FALSE,FALSE,5,black_male_high
100,Validation,2094,1,White,TRUE,26,FALSE,FALSE,6,black_male_low
1,Iterative Batch Phase: Min,2095,1,White,TRUE,33,FALSE,FALSE,4,black_female_low
100,Validation,2096,1,White,TRUE,25,FALSE,FALSE,6,black_male_low
3,Iterative Batch Phase: Min,2097,1,White,TRUE,,FALSE,FALSE,1,white_female_high
100,Validation,2098,1,Prefer not to disclose,FALSE,,FALSE,TRUE,5,black_male_high
100,Validation,2099,1,White,TRUE,39,FALSE,FALSE,5,black_male_high
100,Validation,2100,1,White,TRUE,56,FALSE,FALSE,5,black_male_high
100,Validation,2101,0,White,FALSE,53,FALSE,FALSE,5,black_male_high
3,Iterative Batch Phase: Max,2102,1,White,FALSE,19,FALSE,FALSE,5,black_male_high
17,Iterative Batch Phase: Min,2103,1,Asian,TRUE,23,FALSE,FALSE,7,white_male_high
19,Iterative Batch Phase: Min,2104,0,White,TRUE,69,FALSE,FALSE,5,black_male_high
0,Warmup,2105,1,White,TRUE,36,FALSE,FALSE,3,black_female_high
3,Iterative Batch Phase: Max,2106,1,White,TRUE,31,FALSE,FALSE,5,black_male_high
15,Iterative Batch Phase: Min,2107,1,Other,FALSE,22,FALSE,FALSE,2,white_female_low
16,Iterative Batch Phase: Min,2108,1,White,TRUE,25,TRUE,FALSE,2,white_female_low
100,Validation,2109,1,White,TRUE,32,FALSE,FALSE,6,black_male_low
100,Validation,2110,1,White,TRUE,35,FALSE,FALSE,5,black_male_high
14,Iterative Batch Phase: Min,2111,0,White,FALSE,65,FALSE,FALSE,7,white_male_high
100,Validation,2112,1,White,TRUE,28,FALSE,FALSE,5,black_male_high
100,Validation,2113,1,Two or More Races,TRUE,56,FALSE,FALSE,5,black_male_high
20,Iterative Batch Phase: Min,2114,1,Two or More Races,TRUE,31,TRUE,FALSE,6,black_male_low
0,Warmup,2115,1,White,FALSE,35,FALSE,FALSE,8,white_male_low
0,Warmup,2116,1,White,TRUE,29,FALSE,FALSE,4,black_female_low
100,Validation,2117,1,Other,TRUE,23,FALSE,FALSE,5,black_male_high
0,Warmup,2118,1,Other,TRUE,40,FALSE,TRUE,7,white_male_high
3,Iterative Batch Phase: Max,2119,1,White,TRUE,32,FALSE,FALSE,8,white_male_low
18,Iterative Batch Phase: Min,2120,0,White,TRUE,57,FALSE,FALSE,5,black_male_high
100,Validation,2121,0,Black or African American,TRUE,51,FALSE,FALSE,5,black_male_high
100,Validation,2122,0,White,FALSE,39,FALSE,FALSE,5,black_male_high
9,Iterative Batch Phase: Min,2123,1,White,TRUE,27,FALSE,FALSE,6,black_male_low
6,Iterative Batch Phase: Min,2124,0,White,FALSE,46,FALSE,FALSE,6,black_male_low
2,Iterative Batch Phase: Min,2125,1,White,FALSE,30,FALSE,FALSE,7,white_male_high
100,Validation,2126,1,White,TRUE,60,FALSE,FALSE,6,black_male_low
100,Validation,2127,1,White,TRUE,20,FALSE,FALSE,5,black_male_high
100,Validation,2128,0,White,TRUE,19,FALSE,FALSE,5,black_male_high
100,Validation,2129,1,White,TRUE,58,FALSE,FALSE,6,black_male_low
100,Validation,2130,1,Two or More Races,TRUE,38,FALSE,FALSE,5,black_male_high
2,Iterative Batch Phase: Min,2131,1,Asian,FALSE,28,FALSE,FALSE,4,black_female_low
1,Iterative Batch Phase: Min,2132,0,White,FALSE,55,FALSE,FALSE,4,black_female_low
0,Warmup,2133,1,Asian,FALSE,34,FALSE,FALSE,1,white_female_high
100,Validation,2134,0,Prefer not to disclose,FALSE,66,FALSE,TRUE,6,black_male_low
2,Iterative Batch Phase: Max,2135,1,White,FALSE,51,FALSE,FALSE,5,black_male_high
100,Validation,2136,0,White,TRUE,50,FALSE,FALSE,5,black_male_high
100,Validation,2137,1,Asian,FALSE,26,FALSE,FALSE,6,black_male_low
100,Validation,2138,1,White,TRUE,26,FALSE,FALSE,6,black_male_low
13,Iterative Batch Phase: Min,2139,1,White,FALSE,40,FALSE,FALSE,6,black_male_low
100,Validation,2140,0,White,TRUE,53,FALSE,FALSE,5,black_male_high
100,Validation,2141,0,White,TRUE,35,FALSE,FALSE,5,black_male_high
5,Iterative Batch Phase: Min,2142,1,White,TRUE,65,FALSE,FALSE,6,black_male_low
100,Validation,2143,1,White,TRUE,40,FALSE,FALSE,6,black_male_low
100,Validation,2144,1,Black or African American,TRUE,27,FALSE,TRUE,5,black_male_high
100,Validation,2145,1,White,TRUE,35,FALSE,FALSE,5,black_male_high
100,Validation,2146,1,Black or African American,TRUE,26,TRUE,FALSE,5,black_male_high
3,Iterative Batch Phase: Min,2147,1,White,TRUE,50,FALSE,FALSE,6,black_male_low
13,Iterative Batch Phase: Min,2148,1,White,TRUE,68,FALSE,FALSE,6,black_male_low
1,Iterative Batch Phase: Min,2149,1,Two or More Races,TRUE,22,FALSE,FALSE,3,black_female_high
18,Iterative Batch Phase: Min,2150,1,Two or More Races,FALSE,51,FALSE,FALSE,6,black_male_low
100,Validation,2151,1,White,FALSE,34,FALSE,FALSE,6,black_male_low
10,Iterative Batch Phase: Min,2152,1,White,TRUE,29,FALSE,FALSE,3,black_female_high
100,Validation,2153,1,White,FALSE,43,FALSE,FALSE,5,black_male_high
100,Validation,2154,0,White,TRUE,55,FALSE,FALSE,5,black_male_high
1,Iterative Batch Phase: Min,2155,0,White,FALSE,36,FALSE,FALSE,7,white_male_high
13,Iterative Batch Phase: Min,2156,1,Black or African American,TRUE,40,FALSE,FALSE,4,black_female_low
3,Iterative Batch Phase: Min,2157,1,White,TRUE,42,TRUE,FALSE,3,black_female_high
15,Iterative Batch Phase: Min,2158,1,White,FALSE,43,FALSE,FALSE,8,white_male_low
7,Iterative Batch Phase: Min,2159,0,White,FALSE,63,FALSE,FALSE,6,black_male_low
100,Validation,2160,1,White,TRUE,39,FALSE,FALSE,5,black_male_high
19,Iterative Batch Phase: Min,2161,1,White,TRUE,32,FALSE,FALSE,6,black_male_low
100,Validation,2162,1,Black or African American,FALSE,26,FALSE,FALSE,6,black_male_low
0,Warmup,2163,1,White,FALSE,28,FALSE,FALSE,7,white_male_high
3,Iterative Batch Phase: Max,2164,0,White,TRUE,68,FALSE,FALSE,5,black_male_high
100,Validation,2165,1,White,TRUE,28,FALSE,FALSE,5,black_male_high
14,Iterative Batch Phase: Min,2166,1,White,TRUE,21,FALSE,FALSE,1,white_female_high
100,Validation,2167,1,White,FALSE,24,FALSE,FALSE,5,black_male_high
4,Iterative Batch Phase: Min,2168,1,Asian,FALSE,26,FALSE,FALSE,3,black_female_high
100,Validation,2169,1,Asian,FALSE,46,FALSE,FALSE,6,black_male_low
4,Iterative Batch Phase: Max,2170,1,Black or African American,TRUE,34,FALSE,FALSE,5,black_male_high
0,Warmup,2171,1,Two or More Races,FALSE,30,FALSE,FALSE,2,white_female_low
0,Warmup,2172,1,White,FALSE,48,FALSE,FALSE,6,black_male_low
100,Validation,2173,1,Asian,FALSE,26,FALSE,FALSE,5,black_male_high
14,Iterative Batch Phase: Min,2174,1,White,FALSE,35,FALSE,FALSE,6,black_male_low
0,Warmup,2175,1,White,FALSE,38,FALSE,FALSE,5,black_male_high
4,Iterative Batch Phase: Max,2176,1,White,FALSE,27,FALSE,FALSE,2,white_female_low
100,Validation,2177,1,Asian,FALSE,30,FALSE,FALSE,6,black_male_low
19,Iterative Batch Phase: Min,2178,0,White,FALSE,49,FALSE,FALSE,6,black_male_low
100,Validation,2179,1,White,TRUE,70,FALSE,FALSE,5,black_male_high
100,Validation,2180,1,White,FALSE,40,FALSE,FALSE,5,black_male_high
1,Iterative Batch Phase: Max,2181,0,Black or African American,TRUE,38,FALSE,FALSE,5,black_male_high
0,Warmup,2182,0,White,FALSE,26,TRUE,FALSE,3,black_female_high
100,Validation,2183,1,White,TRUE,56,FALSE,FALSE,6,black_male_low
4,Iterative Batch Phase: Min,2184,0,White,TRUE,23,FALSE,FALSE,7,white_male_high
6,Iterative Batch Phase: Min,2185,1,White,FALSE,32,FALSE,FALSE,6,black_male_low
100,Validation,2186,1,Other,FALSE,31,TRUE,FALSE,6,black_male_low
1,Iterative Batch Phase: Min,2187,1,White,TRUE,40,FALSE,FALSE,7,white_male_high
100,Validation,2188,1,White,FALSE,32,FALSE,FALSE,6,black_male_low
4,Iterative Batch Phase: Min,2189,1,Black or African American,FALSE,32,FALSE,FALSE,2,white_female_low
13,Iterative Batch Phase: Min,2190,0,White,TRUE,68,FALSE,FALSE,5,black_male_high
13,Iterative Batch Phase: Min,2191,1,Other,TRUE,65,FALSE,FALSE,5,black_male_high
9,Iterative Batch Phase: Min,2192,1,White,TRUE,28,FALSE,FALSE,3,black_female_high
100,Validation,2193,1,White,FALSE,24,FALSE,FALSE,6,black_male_low
20,Iterative Batch Phase: Min,2194,1,Black or African American,FALSE,52,FALSE,FALSE,4,black_female_low
100,Validation,2195,1,Two or More Races,FALSE,33,TRUE,FALSE,5,black_male_high
100,Validation,2196,1,White,FALSE,20,FALSE,FALSE,5,black_male_high
1,Iterative Batch Phase: Max,2197,1,White,FALSE,20,FALSE,FALSE,5,black_male_high
19,Iterative Batch Phase: Min,2198,1,Two or More Races,TRUE,31,FALSE,FALSE,5,black_male_high
13,Iterative Batch Phase: Min,2199,1,White,FALSE,34,FALSE,FALSE,6,black_male_low
100,Validation,2200,1,White,FALSE,33,FALSE,FALSE,5,black_male_high
100,Validation,2201,1,White,TRUE,23,FALSE,FALSE,6,black_male_low
18,Iterative Batch Phase: Min,2202,1,Asian,TRUE,24,FALSE,FALSE,6,black_male_low
100,Validation,2203,1,White,FALSE,41,FALSE,FALSE,6,black_male_low
100,Validation,2204,1,White,FALSE,56,FALSE,FALSE,6,black_male_low
100,Validation,2205,1,White,TRUE,26,FALSE,FALSE,5,black_male_high
6,Iterative Batch Phase: Min,2206,0,White,TRUE,54,FALSE,FALSE,3,black_female_high
0,Warmup,2207,1,White,FALSE,32,FALSE,FALSE,5,black_male_high
100,Validation,2208,1,White,FALSE,75,FALSE,FALSE,5,black_male_high
100,Validation,2209,1,White,FALSE,45,FALSE,FALSE,6,black_male_low
100,Validation,2210,1,White,TRUE,25,FALSE,FALSE,6,black_male_low
0,Warmup,2211,1,Two or More Races,FALSE,35,FALSE,FALSE,8,white_male_low
0,Warmup,2212,1,White,FALSE,49,FALSE,FALSE,5,black_male_high
100,Validation,2213,1,White,TRUE,72,FALSE,FALSE,5,black_male_high
4,Iterative Batch Phase: Min,2214,1,White,FALSE,29,FALSE,TRUE,8,white_male_low
9,Iterative Batch Phase: Min,2215,0,White,TRUE,42,FALSE,FALSE,5,black_male_high
12,Iterative Batch Phase: Min,2216,1,Asian,FALSE,39,FALSE,FALSE,5,black_male_high
100,Validation,2217,1,White,TRUE,29,FALSE,FALSE,6,black_male_low
100,Validation,2218,1,White,TRUE,33,FALSE,FALSE,5,black_male_high
100,Validation,2219,1,Asian,FALSE,41,FALSE,FALSE,5,black_male_high
100,Validation,2220,1,White,TRUE,26,FALSE,FALSE,5,black_male_high
2,Iterative Batch Phase: Min,2221,1,Asian,TRUE,30,FALSE,FALSE,7,white_male_high
14,Iterative Batch Phase: Min,2222,1,White,TRUE,32,FALSE,FALSE,4,black_female_low
20,Iterative Batch Phase: Min,2223,1,White,TRUE,29,FALSE,FALSE,6,black_male_low
0,Warmup,2224,1,Two or More Races,TRUE,29,FALSE,FALSE,8,white_male_low
100,Validation,2225,1,White,FALSE,28,FALSE,FALSE,5,black_male_high
100,Validation,2226,1,Black or African American,FALSE,68,FALSE,FALSE,5,black_male_high
0,Warmup,2227,0,White,TRUE,28,FALSE,FALSE,3,black_female_high
4,Iterative Batch Phase: Min,2228,1,White,FALSE,30,FALSE,TRUE,2,white_female_low
18,Iterative Batch Phase: Min,2229,1,White,FALSE,49,FALSE,FALSE,7,white_male_high
4,Iterative Batch Phase: Max,2230,0,Two or More Races,TRUE,61,FALSE,FALSE,5,black_male_high
15,Iterative Batch Phase: Min,2231,0,White,FALSE,26,FALSE,FALSE,7,white_male_high
100,Validation,2232,1,White,FALSE,38,FALSE,FALSE,5,black_male_high
17,Iterative Batch Phase: Min,2233,1,White,TRUE,26,FALSE,FALSE,6,black_male_low
0,Warmup,2234,1,Black or African American,FALSE,41,FALSE,FALSE,6,black_male_low
11,Iterative Batch Phase: Min,2235,1,White,TRUE,32,FALSE,FALSE,5,black_male_high
100,Validation,2236,1,Black or African American,TRUE,33,FALSE,FALSE,5,black_male_high
0,Warmup,2237,0,Two or More Races,FALSE,35,TRUE,FALSE,6,black_male_low
100,Validation,2238,1,White,TRUE,32,FALSE,FALSE,6,black_male_low
12,Iterative Batch Phase: Min,2239,1,Asian,TRUE,50,FALSE,FALSE,4,black_female_low
100,Validation,2240,1,White,TRUE,29,FALSE,FALSE,6,black_male_low
3,Iterative Batch Phase: Min,2241,0,White,TRUE,64,FALSE,FALSE,5,black_male_high
12,Iterative Batch Phase: Min,2242,1,White,FALSE,30,FALSE,FALSE,2,white_female_low
10,Iterative Batch Phase: Min,2243,0,White,TRUE,59,FALSE,FALSE,4,black_female_low
17,Iterative Batch Phase: Min,2244,1,Black or African American,FALSE,50,FALSE,FALSE,6,black_male_low
0,Warmup,2245,1,White,TRUE,38,FALSE,FALSE,3,black_female_high
100,Validation,2246,1,Two or More Races,FALSE,40,FALSE,FALSE,6,black_male_low
100,Validation,2247,1,White,FALSE,48,FALSE,FALSE,5,black_male_high
0,Warmup,2248,0,Black or African American,FALSE,29,FALSE,FALSE,2,white_female_low
100,Validation,2249,1,Two or More Races,FALSE,36,TRUE,FALSE,6,black_male_low
3,Iterative Batch Phase: Min,2250,1,Asian,TRUE,42,FALSE,FALSE,6,black_male_low
0,Warmup,2251,1,White,TRUE,34,FALSE,FALSE,6,black_male_low
15,Iterative Batch Phase: Min,2252,1,Black or African American,FALSE,48,FALSE,FALSE,4,black_female_low
100,Validation,2253,1,White,TRUE,38,FALSE,FALSE,6,black_male_low
4,Iterative Batch Phase: Min,2254,0,White,FALSE,21,FALSE,FALSE,2,white_female_low
0,Warmup,2255,1,White,TRUE,43,FALSE,FALSE,6,black_male_low
11,Iterative Batch Phase: Min,2256,1,Asian,TRUE,39,FALSE,FALSE,5,black_male_high
100,Validation,2257,0,Asian,FALSE,38,FALSE,FALSE,5,black_male_high
100,Validation,2258,1,Two or More Races,TRUE,25,FALSE,FALSE,6,black_male_low
1,Iterative Batch Phase: Max,2259,1,White,FALSE,34,FALSE,FALSE,6,black_male_low
3,Iterative Batch Phase: Max,2260,0,Asian,FALSE,34,FALSE,TRUE,5,black_male_high
100,Validation,2261,0,Black or African American,TRUE,57,FALSE,FALSE,5,black_male_high
100,Validation,2262,0,White,FALSE,22,FALSE,FALSE,6,black_male_low
0,Warmup,2263,0,Asian,FALSE,32,FALSE,FALSE,6,black_male_low
100,Validation,2264,1,White,TRUE,35,FALSE,FALSE,5,black_male_high
3,Iterative Batch Phase: Max,2265,1,White,TRUE,61,FALSE,FALSE,5,black_male_high
100,Validation,2266,0,Asian,TRUE,31,FALSE,FALSE,5,black_male_high
3,Iterative Batch Phase: Min,2267,1,White,TRUE,53,FALSE,FALSE,5,black_male_high
100,Validation,2268,1,White,FALSE,29,FALSE,FALSE,6,black_male_low
100,Validation,2269,1,Asian,FALSE,53,FALSE,FALSE,6,black_male_low
1,Iterative Batch Phase: Max,2270,0,American Indian or Alaska Native,FALSE,38,TRUE,FALSE,8,white_male_low
0,Warmup,2271,1,White,FALSE,25,FALSE,FALSE,3,black_female_high
100,Validation,2272,1,White,FALSE,22,FALSE,FALSE,6,black_male_low
100,Validation,2273,1,White,TRUE,41,FALSE,FALSE,6,black_male_low
1,Iterative Batch Phase: Max,2274,0,White,TRUE,59,FALSE,FALSE,8,white_male_low
100,Validation,2275,1,Other,TRUE,32,TRUE,FALSE,5,black_male_high
0,Warmup,2276,1,Black or African American,TRUE,35,FALSE,FALSE,3,black_female_high
9,Iterative Batch Phase: Min,2277,1,White,FALSE,68,FALSE,FALSE,2,white_female_low
5,Iterative Batch Phase: Min,2278,1,Prefer not to disclose,FALSE,,FALSE,TRUE,2,white_female_low
6,Iterative Batch Phase: Min,2279,1,White,FALSE,53,FALSE,FALSE,6,black_male_low
11,Iterative Batch Phase: Min,2280,1,White,TRUE,33,FALSE,FALSE,4,black_female_low
100,Validation,2281,0,White,TRUE,53,FALSE,FALSE,6,black_male_low
100,Validation,2282,1,White,TRUE,61,FALSE,FALSE,6,black_male_low
12,Iterative Batch Phase: Min,2283,0,Black or African American,FALSE,31,FALSE,FALSE,5,black_male_high
18,Iterative Batch Phase: Min,2284,1,White,TRUE,52,FALSE,FALSE,4,black_female_low
100,Validation,2285,1,White,TRUE,21,TRUE,FALSE,6,black_male_low
100,Validation,2286,1,White,TRUE,44,FALSE,FALSE,5,black_male_high
0,Warmup,2287,1,White,TRUE,31,FALSE,FALSE,5,black_male_high
100,Validation,2288,1,Asian,FALSE,33,FALSE,FALSE,6,black_male_low
2,Iterative Batch Phase: Min,2289,0,Two or More Races,FALSE,39,FALSE,FALSE,1,white_female_high
14,Iterative Batch Phase: Min,2290,0,White,TRUE,26,FALSE,FALSE,4,black_female_low
100,Validation,2291,1,Two or More Races,TRUE,32,FALSE,FALSE,5,black_male_high
100,Validation,2292,0,Black or African American,TRUE,51,FALSE,FALSE,6,black_male_low
100,Validation,2293,0,White,TRUE,27,FALSE,FALSE,6,black_male_low
2,Iterative Batch Phase: Min,2294,0,White,FALSE,41,FALSE,FALSE,5,black_male_high
100,Validation,2295,0,White,TRUE,45,FALSE,FALSE,5,black_male_high
100,Validation,2296,0,Black or African American,FALSE,47,FALSE,FALSE,5,black_male_high
19,Iterative Batch Phase: Min,2297,0,White,FALSE,62,FALSE,FALSE,5,black_male_high
17,Iterative Batch Phase: Min,2298,1,White,FALSE,29,FALSE,FALSE,6,black_male_low
100,Validation,2299,1,Black or African American,TRUE,24,FALSE,FALSE,6,black_male_low
100,Validation,2300,0,Black or African American,TRUE,30,FALSE,FALSE,5,black_male_high
15,Iterative Batch Phase: Min,2301,0,Asian,TRUE,32,FALSE,FALSE,4,black_female_low
100,Validation,2302,0,White,FALSE,38,TRUE,FALSE,6,black_male_low
100,Validation,2303,0,White,TRUE,49,FALSE,FALSE,6,black_male_low
18,Iterative Batch Phase: Min,2304,0,White,FALSE,36,FALSE,FALSE,6,black_male_low
10,Iterative Batch Phase: Min,2305,0,White,FALSE,24,TRUE,FALSE,4,black_female_low
17,Iterative Batch Phase: Min,2306,0,White,FALSE,38,FALSE,FALSE,6,black_male_low
20,Iterative Batch Phase: Min,2307,1,White,TRUE,37,FALSE,FALSE,6,black_male_low
0,Warmup,2308,1,White,FALSE,41,FALSE,FALSE,7,white_male_high
100,Validation,2309,0,White,TRUE,32,FALSE,FALSE,6,black_male_low
9,Iterative Batch Phase: Min,2310,1,Black or African American,FALSE,40,FALSE,FALSE,2,white_female_low
100,Validation,2311,0,Asian,FALSE,25,FALSE,FALSE,6,black_male_low
0,Warmup,2312,0,Asian,TRUE,22,FALSE,FALSE,3,black_female_high
9,Iterative Batch Phase: Min,2313,0,White,TRUE,58,FALSE,FALSE,3,black_female_high
100,Validation,2314,0,Black or African American,FALSE,49,FALSE,FALSE,5,black_male_high
100,Validation,2315,1,White,TRUE,60,FALSE,FALSE,6,black_male_low
16,Iterative Batch Phase: Min,2316,1,White,TRUE,39,FALSE,FALSE,2,white_female_low
3,Iterative Batch Phase: Max,2317,1,White,TRUE,33,TRUE,FALSE,5,black_male_high
100,Validation,2318,1,White,FALSE,56,FALSE,FALSE,5,black_male_high
0,Warmup,2319,1,White,TRUE,37,FALSE,FALSE,2,white_female_low
0,Warmup,2320,1,White,FALSE,19,FALSE,FALSE,8,white_male_low
15,Iterative Batch Phase: Min,2321,0,White,FALSE,42,FALSE,FALSE,6,black_male_low
3,Iterative Batch Phase: Max,2322,1,White,FALSE,40,FALSE,FALSE,5,black_male_high
20,Iterative Batch Phase: Min,2323,1,White,TRUE,35,TRUE,FALSE,4,black_female_low
10,Iterative Batch Phase: Min,2324,1,White,FALSE,44,FALSE,FALSE,6,black_male_low
2,Iterative Batch Phase: Max,2325,1,Asian,TRUE,48,FALSE,FALSE,5,black_male_high
16,Iterative Batch Phase: Min,2326,0,Asian,FALSE,38,FALSE,FALSE,6,black_male_low
0,Warmup,2327,0,White,TRUE,38,FALSE,FALSE,7,white_male_high
18,Iterative Batch Phase: Min,2328,0,White,TRUE,54,FALSE,FALSE,3,black_female_high
100,Validation,2329,1,White,TRUE,52,FALSE,FALSE,6,black_male_low
0,Warmup,2330,1,White,TRUE,57,FALSE,FALSE,1,white_female_high
4,Iterative Batch Phase: Max,2331,1,White,FALSE,39,FALSE,FALSE,5,black_male_high
18,Iterative Batch Phase: Min,2332,1,White,TRUE,28,FALSE,FALSE,6,black_male_low
4,Iterative Batch Phase: Min,2333,1,American Indian or Alaska Native,TRUE,38,FALSE,FALSE,7,white_male_high
100,Validation,2334,1,White,TRUE,53,FALSE,FALSE,5,black_male_high
100,Validation,2335,1,Black or African American,FALSE,33,TRUE,FALSE,6,black_male_low
100,Validation,2336,1,White,FALSE,56,FALSE,FALSE,6,black_male_low
7,Iterative Batch Phase: Min,2337,1,White,FALSE,30,FALSE,FALSE,2,white_female_low
7,Iterative Batch Phase: Min,2338,0,White,TRUE,41,FALSE,FALSE,4,black_female_low
16,Iterative Batch Phase: Min,2339,1,White,FALSE,,FALSE,FALSE,6,black_male_low
100,Validation,2340,1,White,TRUE,33,FALSE,FALSE,5,black_male_high
15,Iterative Batch Phase: Min,2341,1,White,TRUE,64,FALSE,FALSE,1,white_female_high
100,Validation,2342,0,White,TRUE,23,FALSE,FALSE,5,black_male_high
100,Validation,2343,1,Two or More Races,FALSE,32,TRUE,FALSE,5,black_male_high
0,Warmup,2344,1,White,TRUE,27,FALSE,FALSE,1,white_female_high
12,Iterative Batch Phase: Min,2345,1,White,TRUE,27,FALSE,FALSE,4,black_female_low
12,Iterative Batch Phase: Min,2346,1,White,TRUE,31,TRUE,FALSE,6,black_male_low
100,Validation,2347,1,White,FALSE,30,FALSE,FALSE,5,black_male_high
100,Validation,2348,1,White,TRUE,72,FALSE,FALSE,6,black_male_low
100,Validation,2349,1,Two or More Races,TRUE,18,FALSE,FALSE,5,black_male_high
100,Validation,2350,1,White,FALSE,33,FALSE,FALSE,6,black_male_low
18,Iterative Batch Phase: Min,2351,1,White,TRUE,37,FALSE,FALSE,4,black_female_low
100,Validation,2352,0,White,FALSE,35,FALSE,FALSE,6,black_male_low
7,Iterative Batch Phase: Min,2353,0,White,FALSE,34,FALSE,FALSE,6,black_male_low
100,Validation,2354,1,Two or More Races,TRUE,33,FALSE,FALSE,5,black_male_high
100,Validation,2355,1,Two or More Races,TRUE,35,FALSE,FALSE,5,black_male_high
18,Iterative Batch Phase: Min,2356,0,White,TRUE,25,FALSE,FALSE,1,white_female_high
5,Iterative Batch Phase: Min,2357,0,White,FALSE,32,FALSE,FALSE,6,black_male_low
2,Iterative Batch Phase: Max,2358,1,White,FALSE,39,FALSE,FALSE,5,black_male_high
9,Iterative Batch Phase: Min,2359,1,White,FALSE,21,FALSE,FALSE,3,black_female_high
0,Warmup,2360,0,White,FALSE,32,FALSE,FALSE,6,black_male_low
11,Iterative Batch Phase: Min,2361,0,White,FALSE,19,FALSE,FALSE,4,black_female_low
0,Warmup,2362,1,White,FALSE,28,FALSE,FALSE,7,white_male_high
100,Validation,2363,1,White,TRUE,24,FALSE,FALSE,5,black_male_high
16,Iterative Batch Phase: Min,2364,1,White,FALSE,41,FALSE,FALSE,3,black_female_high
2,Iterative Batch Phase: Min,2365,0,Asian,FALSE,27,FALSE,FALSE,6,black_male_low
4,Iterative Batch Phase: Min,2366,0,White,FALSE,43,FALSE,FALSE,6,black_male_low
100,Validation,2367,0,White,TRUE,46,FALSE,FALSE,5,black_male_high
100,Validation,2368,0,White,TRUE,33,FALSE,FALSE,6,black_male_low
100,Validation,2369,0,Two or More Races,TRUE,49,TRUE,FALSE,5,black_male_high
100,Validation,2370,1,Asian,FALSE,34,FALSE,FALSE,6,black_male_low
8,Iterative Batch Phase: Min,2371,1,White,FALSE,38,FALSE,FALSE,5,black_male_high
100,Validation,2372,1,Asian,FALSE,25,FALSE,FALSE,5,black_male_high
100,Validation,2373,1,White,FALSE,35,FALSE,FALSE,5,black_male_high
100,Validation,2374,1,Black or African American,TRUE,35,FALSE,FALSE,6,black_male_low
100,Validation,2375,1,White,TRUE,21,FALSE,FALSE,5,black_male_high
100,Validation,2376,1,Other,TRUE,30,TRUE,FALSE,5,black_male_high
100,Validation,2377,1,White,FALSE,40,FALSE,FALSE,6,black_male_low
4,Iterative Batch Phase: Max,2378,1,White,FALSE,48,FALSE,FALSE,5,black_male_high
100,Validation,2379,1,Asian,TRUE,30,FALSE,FALSE,6,black_male_low
2,Iterative Batch Phase: Min,2380,1,White,TRUE,26,FALSE,FALSE,2,white_female_low
11,Iterative Batch Phase: Min,2381,1,White,TRUE,62,FALSE,FALSE,4,black_female_low
20,Iterative Batch Phase: Min,2382,1,White,FALSE,26,FALSE,FALSE,6,black_male_low
7,Iterative Batch Phase: Min,2383,1,Two or More Races,FALSE,47,FALSE,FALSE,5,black_male_high
7,Iterative Batch Phase: Min,2384,1,Asian,FALSE,45,FALSE,FALSE,2,white_female_low
3,Iterative Batch Phase: Min,2385,1,White,TRUE,26,TRUE,FALSE,3,black_female_high
100,Validation,2386,1,Asian,TRUE,37,FALSE,FALSE,6,black_male_low
4,Iterative Batch Phase: Max,2387,0,Two or More Races,TRUE,57,FALSE,FALSE,5,black_male_high
10,Iterative Batch Phase: Min,2388,1,White,TRUE,31,FALSE,FALSE,5,black_male_high
3,Iterative Batch Phase: Max,2389,1,White,FALSE,46,FALSE,FALSE,5,black_male_high
2,Iterative Batch Phase: Max,2390,1,Asian,FALSE,27,FALSE,FALSE,2,white_female_low
100,Validation,2391,1,White,TRUE,30,FALSE,FALSE,6,black_male_low
100,Validation,2392,1,Two or More Races,FALSE,21,TRUE,FALSE,6,black_male_low
13,Iterative Batch Phase: Min,2393,1,White,FALSE,46,TRUE,FALSE,2,white_female_low
100,Validation,2394,1,White,TRUE,76,FALSE,FALSE,5,black_male_high
0,Warmup,2395,1,Asian,TRUE,51,FALSE,FALSE,8,white_male_low
100,Validation,2396,0,White,TRUE,,FALSE,FALSE,6,black_male_low
16,Iterative Batch Phase: Min,2397,1,Black or African American,TRUE,34,FALSE,FALSE,6,black_male_low
100,Validation,2398,1,White,FALSE,40,FALSE,FALSE,5,black_male_high
0,Warmup,2399,0,White,FALSE,33,FALSE,FALSE,8,white_male_low
100,Validation,2400,1,White,FALSE,37,FALSE,FALSE,6,black_male_low
17,Iterative Batch Phase: Min,2401,1,Black or African American,FALSE,41,FALSE,FALSE,6,black_male_low
100,Validation,2402,1,Two or More Races,FALSE,22,FALSE,FALSE,5,black_male_high
17,Iterative Batch Phase: Min,2403,1,White,FALSE,40,FALSE,FALSE,4,black_female_low
100,Validation,2404,1,Asian,TRUE,21,FALSE,FALSE,6,black_male_low
0,Warmup,2405,1,White,FALSE,29,TRUE,FALSE,1,white_female_high
100,Validation,2406,1,Asian,FALSE,37,FALSE,FALSE,6,black_male_low
13,Iterative Batch Phase: Min,2407,0,Two or More Races,TRUE,67,FALSE,FALSE,2,white_female_low
100,Validation,2408,1,Two or More Races,TRUE,21,FALSE,FALSE,6,black_male_low
100,Validation,2409,0,White,TRUE,50,FALSE,FALSE,5,black_male_high
100,Validation,2410,1,White,FALSE,36,FALSE,FALSE,6,black_male_low
6,Iterative Batch Phase: Min,2411,1,White,FALSE,56,FALSE,FALSE,1,white_female_high
18,Iterative Batch Phase: Min,2412,1,White,FALSE,51,FALSE,FALSE,6,black_male_low
19,Iterative Batch Phase: Min,2413,0,Black or African American,TRUE,39,FALSE,FALSE,4,black_female_low
100,Validation,2414,1,White,FALSE,36,FALSE,FALSE,5,black_male_high
100,Validation,2415,1,White,FALSE,22,FALSE,TRUE,6,black_male_low
100,Validation,2416,1,Other,TRUE,35,TRUE,FALSE,5,black_male_high
18,Iterative Batch Phase: Min,2417,0,Two or More Races,TRUE,36,TRUE,FALSE,6,black_male_low
100,Validation,2418,1,White,TRUE,29,FALSE,FALSE,5,black_male_high
100,Validation,2419,1,White,TRUE,29,TRUE,FALSE,5,black_male_high
100,Validation,2420,1,Asian,TRUE,22,FALSE,FALSE,6,black_male_low
15,Iterative Batch Phase: Min,2421,1,White,FALSE,52,FALSE,FALSE,1,white_female_high
100,Validation,2422,1,White,TRUE,45,FALSE,FALSE,5,black_male_high
100,Validation,2423,1,White,TRUE,33,FALSE,FALSE,6,black_male_low
100,Validation,2424,0,White,TRUE,54,FALSE,FALSE,6,black_male_low
100,Validation,2425,1,White,TRUE,49,FALSE,FALSE,6,black_male_low
100,Validation,2426,1,White,TRUE,41,FALSE,FALSE,5,black_male_high
100,Validation,2427,1,Asian,TRUE,47,FALSE,FALSE,6,black_male_low
20,Iterative Batch Phase: Min,2428,1,Asian,FALSE,28,FALSE,FALSE,4,black_female_low
100,Validation,2429,0,White,TRUE,25,FALSE,FALSE,6,black_male_low
100,Validation,2430,0,Black or African American,TRUE,31,FALSE,FALSE,5,black_male_high
100,Validation,2431,1,White,TRUE,59,FALSE,FALSE,5,black_male_high
100,Validation,2432,0,White,FALSE,57,FALSE,FALSE,5,black_male_high
100,Validation,2433,1,White,FALSE,34,TRUE,FALSE,5,black_male_high
100,Validation,2434,1,White,FALSE,66,FALSE,FALSE,6,black_male_low
10,Iterative Batch Phase: Min,2435,0,White,FALSE,54,FALSE,FALSE,7,white_male_high
100,Validation,2436,0,Asian,TRUE,33,FALSE,FALSE,5,black_male_high
100,Validation,2437,1,White,FALSE,32,FALSE,FALSE,6,black_male_low
19,Iterative Batch Phase: Min,2438,1,White,FALSE,49,FALSE,FALSE,4,black_female_low
0,Warmup,2439,0,Black or African American,TRUE,51,FALSE,FALSE,1,white_female_high
18,Iterative Batch Phase: Min,2440,0,White,TRUE,30,FALSE,FALSE,4,black_female_low
100,Validation,2441,1,White,TRUE,24,TRUE,FALSE,6,black_male_low
100,Validation,2442,1,Other,FALSE,34,TRUE,FALSE,6,black_male_low
100,Validation,2443,1,Asian,FALSE,31,FALSE,FALSE,6,black_male_low
0,Warmup,2444,1,White,TRUE,21,FALSE,FALSE,5,black_male_high
100,Validation,2445,1,White,TRUE,52,FALSE,FALSE,6,black_male_low
14,Iterative Batch Phase: Min,2446,0,White,FALSE,39,FALSE,FALSE,8,white_male_low
17,Iterative Batch Phase: Min,2447,0,White,FALSE,54,FALSE,FALSE,4,black_female_low
5,Iterative Batch Phase: Min,2448,0,White,FALSE,46,FALSE,FALSE,3,black_female_high
3,Iterative Batch Phase: Max,2449,0,White,TRUE,62,FALSE,FALSE,7,white_male_high
100,Validation,2450,1,White,TRUE,21,FALSE,FALSE,6,black_male_low
1,Iterative Batch Phase: Max,2451,1,White,FALSE,37,FALSE,FALSE,2,white_female_low
12,Iterative Batch Phase: Min,2452,1,White,TRUE,48,FALSE,FALSE,3,black_female_high
100,Validation,2453,1,White,TRUE,45,FALSE,FALSE,5,black_male_high
4,Iterative Batch Phase: Min,2454,0,White,FALSE,37,FALSE,FALSE,7,white_male_high
8,Iterative Batch Phase: Min,2455,0,White,FALSE,38,FALSE,FALSE,6,black_male_low
100,Validation,2456,1,White,TRUE,34,FALSE,FALSE,6,black_male_low
100,Validation,2457,1,White,TRUE,41,FALSE,FALSE,6,black_male_low
100,Validation,2458,1,White,FALSE,28,FALSE,FALSE,5,black_male_high
100,Validation,2459,1,White,TRUE,41,FALSE,FALSE,6,black_male_low
0,Warmup,2460,1,Asian,FALSE,35,FALSE,FALSE,5,black_male_high
0,Warmup,2461,0,White,TRUE,43,FALSE,FALSE,7,white_male_high
2,Iterative Batch Phase: Max,2462,1,White,FALSE,49,FALSE,FALSE,6,black_male_low
7,Iterative Batch Phase: Min,2463,1,White,TRUE,35,FALSE,FALSE,2,white_female_low
100,Validation,2464,0,Black or African American,FALSE,28,FALSE,FALSE,6,black_male_low
20,Iterative Batch Phase: Min,2465,1,White,FALSE,39,TRUE,FALSE,3,black_female_high
5,Iterative Batch Phase: Min,2466,1,White,FALSE,56,FALSE,FALSE,3,black_female_high
7,Iterative Batch Phase: Min,2467,1,White,TRUE,49,FALSE,FALSE,6,black_male_low
8,Iterative Batch Phase: Min,2468,1,White,TRUE,43,FALSE,FALSE,7,white_male_high
15,Iterative Batch Phase: Min,2469,1,White,TRUE,54,FALSE,FALSE,5,black_male_high
0,Warmup,2470,1,White,FALSE,28,TRUE,FALSE,7,white_male_high
5,Iterative Batch Phase: Min,2471,1,White,FALSE,29,FALSE,FALSE,6,black_male_low
0,Warmup,2472,0,White,TRUE,27,FALSE,FALSE,6,black_male_low
100,Validation,2473,1,Black or African American,TRUE,42,FALSE,FALSE,6,black_male_low
100,Validation,2474,1,Black or African American,FALSE,50,FALSE,FALSE,5,black_male_high
100,Validation,2475,1,White,FALSE,36,FALSE,FALSE,5,black_male_high
2,Iterative Batch Phase: Min,2476,1,Asian,FALSE,51,FALSE,FALSE,1,white_female_high
5,Iterative Batch Phase: Min,2477,0,White,TRUE,30,FALSE,FALSE,6,black_male_low
100,Validation,2478,0,White,TRUE,47,TRUE,FALSE,6,black_male_low
0,Warmup,2479,1,White,FALSE,45,FALSE,FALSE,3,black_female_high
100,Validation,2480,1,White,TRUE,44,FALSE,FALSE,5,black_male_high
100,Validation,2481,1,Black or African American,TRUE,35,FALSE,FALSE,6,black_male_low
13,Iterative Batch Phase: Min,2482,0,White,FALSE,51,TRUE,FALSE,4,black_female_low
0,Warmup,2483,1,Asian,TRUE,44,FALSE,FALSE,7,white_male_high
9,Iterative Batch Phase: Min,2484,1,White,FALSE,40,FALSE,FALSE,6,black_male_low
100,Validation,2485,0,Other,TRUE,29,TRUE,FALSE,5,black_male_high
0,Warmup,2486,1,Black or African American,FALSE,24,FALSE,FALSE,6,black_male_low
6,Iterative Batch Phase: Min,2487,1,Black or African American,FALSE,33,FALSE,FALSE,6,black_male_low
14,Iterative Batch Phase: Min,2488,0,White,FALSE,73,FALSE,FALSE,4,black_female_low
0,Warmup,2489,0,Two or More Races,TRUE,41,FALSE,FALSE,3,black_female_high
100,Validation,2490,1,White,TRUE,64,FALSE,FALSE,6,black_male_low
18,Iterative Batch Phase: Min,2491,1,Asian,TRUE,30,FALSE,FALSE,2,white_female_low
9,Iterative Batch Phase: Min,2492,1,White,TRUE,29,FALSE,FALSE,7,white_male_high
9,Iterative Batch Phase: Min,2493,1,White,TRUE,48,FALSE,FALSE,7,white_male_high
100,Validation,2494,1,White,TRUE,30,FALSE,FALSE,5,black_male_high
0,Warmup,2495,0,White,TRUE,54,FALSE,FALSE,5,black_male_high
4,Iterative Batch Phase: Max,2496,1,White,FALSE,27,FALSE,FALSE,5,black_male_high
4,Iterative Batch Phase: Min,2497,0,Prefer not to disclose,FALSE,43,FALSE,TRUE,4,black_female_low
7,Iterative Batch Phase: Min,2498,0,White,TRUE,30,FALSE,FALSE,6,black_male_low
13,Iterative Batch Phase: Min,2499,1,Other,FALSE,34,TRUE,FALSE,6,black_male_low
2,Iterative Batch Phase: Max,2500,0,White,FALSE,32,FALSE,FALSE,5,black_male_high
100,Validation,2501,1,White,TRUE,60,FALSE,FALSE,6,black_male_low
100,Validation,2502,0,White,TRUE,68,FALSE,FALSE,6,black_male_low
3,Iterative Batch Phase: Max,2503,1,White,FALSE,75,FALSE,FALSE,5,black_male_high
100,Validation,2504,1,White,FALSE,36,FALSE,FALSE,5,black_male_high
100,Validation,2505,1,White,FALSE,28,FALSE,FALSE,5,black_male_high
1,Iterative Batch Phase: Max,2506,1,White,FALSE,33,FALSE,FALSE,5,black_male_high
3,Iterative Batch Phase: Max,2507,1,White,TRUE,29,FALSE,FALSE,5,black_male_high
0,Warmup,2508,1,Black or African American,TRUE,22,FALSE,FALSE,8,white_male_low
2,Iterative Batch Phase: Max,2509,1,Asian,FALSE,28,FALSE,FALSE,5,black_male_high
100,Validation,2510,1,White,TRUE,49,FALSE,FALSE,5,black_male_high
100,Validation,2511,1,White,TRUE,48,FALSE,FALSE,6,black_male_low
10,Iterative Batch Phase: Min,2512,1,White,FALSE,55,FALSE,FALSE,5,black_male_high
100,Validation,2513,0,White,FALSE,44,FALSE,FALSE,6,black_male_low
16,Iterative Batch Phase: Min,2514,1,Asian,FALSE,40,FALSE,FALSE,4,black_female_low
15,Iterative Batch Phase: Min,2515,1,Two or More Races,TRUE,55,FALSE,FALSE,6,black_male_low
15,Iterative Batch Phase: Min,2516,1,White,TRUE,51,FALSE,FALSE,5,black_male_high
100,Validation,2517,0,White,TRUE,22,TRUE,FALSE,6,black_male_low
1,Iterative Batch Phase: Max,2518,0,White,FALSE,22,FALSE,FALSE,8,white_male_low
13,Iterative Batch Phase: Min,2519,0,White,FALSE,49,FALSE,FALSE,4,black_female_low
100,Validation,2520,1,Two or More Races,FALSE,22,TRUE,FALSE,6,black_male_low
4,Iterative Batch Phase: Min,2521,0,Black or African American,TRUE,38,FALSE,FALSE,2,white_female_low
15,Iterative Batch Phase: Min,2522,0,White,FALSE,78,FALSE,FALSE,6,black_male_low
100,Validation,2523,1,White,TRUE,65,FALSE,FALSE,6,black_male_low
100,Validation,2524,1,White,FALSE,41,FALSE,FALSE,6,black_male_low
4,Iterative Batch Phase: Max,2525,0,White,FALSE,51,FALSE,TRUE,8,white_male_low
20,Iterative Batch Phase: Min,2526,1,White,TRUE,38,FALSE,FALSE,6,black_male_low
100,Validation,2527,1,White,TRUE,23,FALSE,FALSE,5,black_male_high
100,Validation,2528,1,Black or African American,FALSE,27,FALSE,FALSE,6,black_male_low
100,Validation,2529,1,White,TRUE,44,FALSE,FALSE,5,black_male_high
100,Validation,2530,0,White,TRUE,60,FALSE,FALSE,5,black_male_high
100,Validation,2531,1,White,TRUE,35,FALSE,FALSE,5,black_male_high
100,Validation,2532,1,White,FALSE,44,FALSE,FALSE,6,black_male_low
11,Iterative Batch Phase: Min,2533,0,Prefer not to disclose,TRUE,26,FALSE,TRUE,2,white_female_low
100,Validation,2534,1,White,TRUE,27,FALSE,FALSE,5,black_male_high
100,Validation,2535,0,White,FALSE,82,FALSE,FALSE,6,black_male_low
15,Iterative Batch Phase: Min,2536,1,White,TRUE,79,FALSE,FALSE,6,black_male_low
6,Iterative Batch Phase: Min,2537,1,White,FALSE,50,FALSE,FALSE,2,white_female_low
6,Iterative Batch Phase: Min,2538,0,White,TRUE,50,FALSE,FALSE,8,white_male_low
10,Iterative Batch Phase: Min,2539,1,White,FALSE,23,FALSE,FALSE,4,black_female_low
19,Iterative Batch Phase: Min,2540,0,White,TRUE,53,FALSE,FALSE,6,black_male_low
100,Validation,2541,1,White,TRUE,25,FALSE,FALSE,5,black_male_high
100,Validation,2542,1,White,TRUE,43,FALSE,FALSE,5,black_male_high
100,Validation,2543,1,White,TRUE,36,FALSE,FALSE,5,black_male_high
1,Iterative Batch Phase: Max,2544,1,White,FALSE,46,FALSE,FALSE,8,white_male_low
10,Iterative Batch Phase: Min,2545,1,White,TRUE,63,FALSE,FALSE,5,black_male_high
100,Validation,2546,0,Asian,FALSE,20,FALSE,FALSE,6,black_male_low
10,Iterative Batch Phase: Min,2547,1,Black or African American,FALSE,36,FALSE,FALSE,3,black_female_high
15,Iterative Batch Phase: Min,2548,1,Two or More Races,TRUE,57,FALSE,FALSE,4,black_female_low
19,Iterative Batch Phase: Min,2549,0,White,FALSE,33,FALSE,FALSE,6,black_male_low
4,Iterative Batch Phase: Max,2550,1,White,TRUE,60,FALSE,FALSE,5,black_male_high
1,Iterative Batch Phase: Min,2551,0,Black or African American,TRUE,23,FALSE,FALSE,7,white_male_high
3,Iterative Batch Phase: Max,2552,1,White,FALSE,42,FALSE,FALSE,5,black_male_high
7,Iterative Batch Phase: Min,2553,1,Asian,FALSE,30,FALSE,FALSE,4,black_female_low
13,Iterative Batch Phase: Min,2554,0,Asian,FALSE,18,FALSE,FALSE,4,black_female_low
100,Validation,2555,1,Prefer not to disclose,FALSE,37,FALSE,TRUE,5,black_male_high
100,Validation,2556,0,Asian,TRUE,21,FALSE,FALSE,6,black_male_low
17,Iterative Batch Phase: Min,2557,1,White,TRUE,65,FALSE,FALSE,4,black_female_low
100,Validation,2558,1,White,FALSE,30,FALSE,FALSE,6,black_male_low
0,Warmup,2559,1,White,TRUE,34,FALSE,FALSE,3,black_female_high
100,Validation,2560,1,White,FALSE,44,FALSE,FALSE,5,black_male_high
3,Iterative Batch Phase: Min,2561,1,White,FALSE,50,FALSE,FALSE,6,black_male_low
2,Iterative Batch Phase: Max,2562,0,White,TRUE,38,FALSE,FALSE,5,black_male_high
100,Validation,2563,1,White,TRUE,40,FALSE,FALSE,6,black_male_low
9,Iterative Batch Phase: Min,2564,1,White,TRUE,55,FALSE,FALSE,7,white_male_high
14,Iterative Batch Phase: Min,2565,1,Native Hawaiian or Other Pacific Islander,FALSE,39,FALSE,FALSE,6,black_male_low
100,Validation,2566,1,White,FALSE,41,FALSE,FALSE,5,black_male_high
19,Iterative Batch Phase: Min,2567,0,Two or More Races,TRUE,30,FALSE,FALSE,4,black_female_low
3,Iterative Batch Phase: Max,2568,0,White,TRUE,40,FALSE,FALSE,6,black_male_low
3,Iterative Batch Phase: Min,2569,0,American Indian or Alaska Native,FALSE,27,TRUE,FALSE,2,white_female_low
100,Validation,2570,1,White,TRUE,29,FALSE,FALSE,6,black_male_low
11,Iterative Batch Phase: Min,2571,1,Asian,FALSE,28,FALSE,FALSE,2,white_female_low
100,Validation,2572,1,White,TRUE,55,FALSE,FALSE,5,black_male_high
100,Validation,2573,0,Other,TRUE,27,FALSE,FALSE,5,black_male_high
3,Iterative Batch Phase: Min,2574,1,White,FALSE,35,FALSE,FALSE,5,black_male_high
0,Warmup,2575,0,White,FALSE,86,FALSE,FALSE,8,white_male_low
5,Iterative Batch Phase: Min,2576,1,White,TRUE,59,TRUE,FALSE,8,white_male_low
7,Iterative Batch Phase: Min,2577,1,White,TRUE,21,FALSE,FALSE,4,black_female_low
100,Validation,2578,1,Two or More Races,FALSE,23,FALSE,FALSE,6,black_male_low
100,Validation,2579,1,Asian,FALSE,43,FALSE,FALSE,6,black_male_low
1,Iterative Batch Phase: Max,2580,1,Two or More Races,TRUE,43,FALSE,FALSE,1,white_female_high
100,Validation,2581,1,White,FALSE,56,FALSE,FALSE,6,black_male_low
13,Iterative Batch Phase: Min,2582,0,White,FALSE,28,FALSE,FALSE,6,black_male_low
100,Validation,2583,1,White,TRUE,71,FALSE,FALSE,5,black_male_high
100,Validation,2584,1,White,FALSE,31,TRUE,FALSE,5,black_male_high
19,Iterative Batch Phase: Min,2585,0,Black or African American,FALSE,29,FALSE,FALSE,6,black_male_low
14,Iterative Batch Phase: Min,2586,0,White,TRUE,22,FALSE,FALSE,5,black_male_high
100,Validation,2587,0,Black or African American,TRUE,52,FALSE,FALSE,5,black_male_high
1,Iterative Batch Phase: Max,2588,1,White,FALSE,50,FALSE,FALSE,5,black_male_high
1,Iterative Batch Phase: Min,2589,1,White,FALSE,45,FALSE,FALSE,4,black_female_low
100,Validation,2590,0,Two or More Races,TRUE,28,TRUE,FALSE,5,black_male_high
10,Iterative Batch Phase: Min,2591,1,White,FALSE,26,FALSE,FALSE,8,white_male_low
8,Iterative Batch Phase: Min,2592,1,White,FALSE,33,FALSE,FALSE,6,black_male_low
0,Warmup,2593,1,White,TRUE,71,FALSE,FALSE,8,white_male_low
100,Validation,2594,1,White,FALSE,48,TRUE,FALSE,6,black_male_low
7,Iterative Batch Phase: Min,2595,0,White,TRUE,36,FALSE,FALSE,6,black_male_low
11,Iterative Batch Phase: Min,2596,0,White,TRUE,53,FALSE,FALSE,4,black_female_low
10,Iterative Batch Phase: Min,2597,1,Asian,TRUE,26,FALSE,FALSE,2,white_female_low
8,Iterative Batch Phase: Min,2598,1,White,TRUE,22,FALSE,FALSE,3,black_female_high
11,Iterative Batch Phase: Min,2599,0,White,TRUE,60,FALSE,FALSE,4,black_female_low
100,Validation,2600,1,White,TRUE,39,FALSE,FALSE,5,black_male_high
12,Iterative Batch Phase: Min,2601,1,Asian,FALSE,29,FALSE,FALSE,6,black_male_low
100,Validation,2602,1,White,FALSE,32,FALSE,FALSE,5,black_male_high
100,Validation,2603,1,Asian,FALSE,22,FALSE,FALSE,5,black_male_high
100,Validation,2604,1,White,FALSE,26,TRUE,FALSE,5,black_male_high
10,Iterative Batch Phase: Min,2605,0,White,TRUE,31,FALSE,FALSE,6,black_male_low
18,Iterative Batch Phase: Min,2606,1,White,FALSE,34,FALSE,FALSE,4,black_female_low
100,Validation,2607,1,White,TRUE,58,FALSE,FALSE,5,black_male_high
5,Iterative Batch Phase: Min,2608,0,Black or African American,TRUE,,FALSE,TRUE,4,black_female_low
10,Iterative Batch Phase: Min,2609,1,White,FALSE,30,FALSE,FALSE,6,black_male_low
100,Validation,2610,1,White,FALSE,59,FALSE,FALSE,5,black_male_high
14,Iterative Batch Phase: Min,2611,0,White,FALSE,30,FALSE,FALSE,4,black_female_low
11,Iterative Batch Phase: Min,2612,1,Black or African American,FALSE,52,FALSE,FALSE,4,black_female_low
100,Validation,2613,0,Other,TRUE,24,TRUE,FALSE,6,black_male_low
100,Validation,2614,1,White,FALSE,28,FALSE,FALSE,6,black_male_low
0,Warmup,2615,1,Asian,FALSE,19,FALSE,FALSE,8,white_male_low
100,Validation,2616,1,White,TRUE,46,FALSE,FALSE,5,black_male_high
4,Iterative Batch Phase: Max,2617,1,White,TRUE,30,FALSE,FALSE,5,black_male_high
16,Iterative Batch Phase: Min,2618,1,White,TRUE,34,FALSE,FALSE,8,white_male_low
100,Validation,2619,1,White,FALSE,23,FALSE,FALSE,6,black_male_low
5,Iterative Batch Phase: Min,2620,1,White,TRUE,32,TRUE,FALSE,8,white_male_low
11,Iterative Batch Phase: Min,2621,1,White,FALSE,41,FALSE,FALSE,6,black_male_low
100,Validation,2622,1,White,TRUE,27,FALSE,FALSE,6,black_male_low
3,Iterative Batch Phase: Min,2623,1,Black or African American,FALSE,42,FALSE,FALSE,2,white_female_low
100,Validation,2624,1,Asian,FALSE,35,FALSE,FALSE,6,black_male_low
100,Validation,2625,1,Two or More Races,FALSE,52,FALSE,FALSE,6,black_male_low
100,Validation,2626,1,White,TRUE,58,FALSE,FALSE,6,black_male_low
0,Warmup,2627,1,White,TRUE,63,FALSE,FALSE,7,white_male_high
4,Iterative Batch Phase: Max,2628,1,Other,TRUE,38,TRUE,FALSE,6,black_male_low
100,Validation,2629,1,Black or African American,FALSE,27,FALSE,FALSE,6,black_male_low
0,Warmup,2630,1,White,TRUE,43,FALSE,FALSE,1,white_female_high
100,Validation,2631,1,White,TRUE,68,FALSE,FALSE,6,black_male_low
4,Iterative Batch Phase: Max,2632,0,White,TRUE,46,TRUE,FALSE,5,black_male_high
4,Iterative Batch Phase: Max,2633,1,Black or African American,TRUE,57,FALSE,FALSE,5,black_male_high
6,Iterative Batch Phase: Min,2634,1,White,FALSE,33,FALSE,FALSE,6,black_male_low
100,Validation,2635,1,White,TRUE,37,FALSE,FALSE,5,black_male_high
2,Iterative Batch Phase: Min,2636,1,White,TRUE,50,FALSE,FALSE,5,black_male_high
100,Validation,2637,1,Other,TRUE,25,TRUE,FALSE,5,black_male_high
100,Validation,2638,0,White,FALSE,36,FALSE,FALSE,5,black_male_high
100,Validation,2639,1,Black or African American,FALSE,38,FALSE,FALSE,6,black_male_low
7,Iterative Batch Phase: Min,2640,1,American Indian or Alaska Native,TRUE,32,TRUE,FALSE,6,black_male_low
100,Validation,2641,0,White,FALSE,48,FALSE,FALSE,5,black_male_high
3,Iterative Batch Phase: Min,2642,0,White,FALSE,28,FALSE,TRUE,2,white_female_low
100,Validation,2643,1,White,TRUE,21,FALSE,FALSE,6,black_male_low
14,Iterative Batch Phase: Min,2644,1,White,FALSE,33,FALSE,FALSE,7,white_male_high
2,Iterative Batch Phase: Max,2645,0,White,FALSE,34,FALSE,FALSE,5,black_male_high
5,Iterative Batch Phase: Min,2646,0,White,TRUE,28,FALSE,FALSE,3,black_female_high
100,Validation,2647,1,White,FALSE,53,FALSE,FALSE,6,black_male_low
100,Validation,2648,1,Other,TRUE,26,TRUE,FALSE,6,black_male_low
100,Validation,2649,1,White,TRUE,37,FALSE,FALSE,6,black_male_low
14,Iterative Batch Phase: Min,2650,1,White,FALSE,33,FALSE,FALSE,1,white_female_high
4,Iterative Batch Phase: Max,2651,1,White,TRUE,51,FALSE,FALSE,5,black_male_high
100,Validation,2652,0,White,TRUE,60,FALSE,FALSE,6,black_male_low
100,Validation,2653,1,Other,TRUE,27,TRUE,FALSE,6,black_male_low
7,Iterative Batch Phase: Min,2654,1,White,FALSE,39,FALSE,FALSE,4,black_female_low
3,Iterative Batch Phase: Max,2655,0,Black or African American,FALSE,34,FALSE,TRUE,1,white_female_high
5,Iterative Batch Phase: Min,2656,1,Asian,TRUE,23,FALSE,FALSE,8,white_male_low
100,Validation,2657,1,White,FALSE,52,FALSE,FALSE,6,black_male_low
100,Validation,2658,1,Asian,TRUE,25,FALSE,FALSE,5,black_male_high
100,Validation,2659,1,Black or African American,TRUE,42,FALSE,FALSE,5,black_male_high
8,Iterative Batch Phase: Min,2660,1,White,FALSE,22,FALSE,FALSE,6,black_male_low
100,Validation,2661,1,White,TRUE,30,FALSE,FALSE,5,black_male_high
100,Validation,2662,1,White,FALSE,43,FALSE,FALSE,5,black_male_high
100,Validation,2663,0,White,FALSE,34,FALSE,TRUE,6,black_male_low
17,Iterative Batch Phase: Min,2664,0,Asian,FALSE,33,FALSE,FALSE,6,black_male_low
14,Iterative Batch Phase: Min,2665,1,Other,TRUE,34,FALSE,FALSE,6,black_male_low
100,Validation,2666,1,White,FALSE,45,FALSE,FALSE,5,black_male_high
100,Validation,2667,1,White,TRUE,26,FALSE,FALSE,6,black_male_low
100,Validation,2668,1,White,FALSE,46,FALSE,FALSE,6,black_male_low
1,Iterative Batch Phase: Min,2669,1,Asian,FALSE,31,FALSE,FALSE,4,black_female_low
20,Iterative Batch Phase: Min,2670,1,Asian,TRUE,31,FALSE,FALSE,5,black_male_high
10,Iterative Batch Phase: Min,2671,1,White,FALSE,33,FALSE,FALSE,6,black_male_low
6,Iterative Batch Phase: Min,2672,1,White,FALSE,35,FALSE,FALSE,5,black_male_high
19,Iterative Batch Phase: Min,2673,1,White,TRUE,47,FALSE,FALSE,6,black_male_low
18,Iterative Batch Phase: Min,2674,1,White,FALSE,35,FALSE,FALSE,5,black_male_high
4,Iterative Batch Phase: Max,2675,1,Other,TRUE,28,TRUE,FALSE,5,black_male_high
14,Iterative Batch Phase: Min,2676,1,Two or More Races,FALSE,36,FALSE,FALSE,4,black_female_low
10,Iterative Batch Phase: Min,2677,0,White,TRUE,52,FALSE,FALSE,6,black_male_low
0,Warmup,2678,1,White,FALSE,29,FALSE,FALSE,3,black_female_high
100,Validation,2679,0,White,TRUE,69,FALSE,FALSE,6,black_male_low
100,Validation,2680,1,White,TRUE,72,FALSE,FALSE,6,black_male_low
100,Validation,2681,1,Black or African American,TRUE,26,FALSE,FALSE,6,black_male_low
17,Iterative Batch Phase: Min,2682,1,Asian,TRUE,35,FALSE,FALSE,4,black_female_low
2,Iterative Batch Phase: Min,2683,1,White,FALSE,39,TRUE,FALSE,1,white_female_high
100,Validation,2684,0,Black or African American,TRUE,42,FALSE,FALSE,6,black_male_low
1,Iterative Batch Phase: Min,2685,0,White,TRUE,71,FALSE,FALSE,3,black_female_high
100,Validation,2686,1,White,TRUE,31,FALSE,FALSE,6,black_male_low
100,Validation,2687,1,Two or More Races,FALSE,36,FALSE,FALSE,5,black_male_high
2,Iterative Batch Phase: Max,2688,1,White,TRUE,49,FALSE,FALSE,5,black_male_high
12,Iterative Batch Phase: Min,2689,1,Prefer not to disclose,FALSE,,FALSE,TRUE,5,black_male_high
0,Warmup,2690,1,Asian,FALSE,30,FALSE,FALSE,1,white_female_high
1,Iterative Batch Phase: Max,2691,0,Asian,TRUE,31,FALSE,FALSE,5,black_male_high
100,Validation,2692,1,Asian,FALSE,31,FALSE,FALSE,6,black_male_low
0,Warmup,2693,0,White,TRUE,24,FALSE,FALSE,4,black_female_low
100,Validation,2694,1,White,TRUE,29,FALSE,FALSE,5,black_male_high
100,Validation,2695,0,White,FALSE,21,FALSE,FALSE,5,black_male_high
100,Validation,2696,1,White,TRUE,41,FALSE,FALSE,5,black_male_high
5,Iterative Batch Phase: Min,2697,0,Asian,TRUE,20,FALSE,FALSE,4,black_female_low
16,Iterative Batch Phase: Min,2698,1,White,TRUE,36,FALSE,FALSE,6,black_male_low
4,Iterative Batch Phase: Max,2699,1,Asian,FALSE,25,FALSE,FALSE,5,black_male_high
20,Iterative Batch Phase: Min,2700,0,White,TRUE,56,FALSE,FALSE,6,black_male_low
10,Iterative Batch Phase: Min,2701,1,White,TRUE,41,FALSE,FALSE,5,black_male_high
100,Validation,2702,0,Black or African American,TRUE,71,FALSE,FALSE,6,black_male_low
100,Validation,2703,1,Asian,FALSE,32,FALSE,FALSE,5,black_male_high
100,Validation,2704,1,White,TRUE,40,FALSE,FALSE,5,black_male_high
100,Validation,2705,1,White,TRUE,58,FALSE,FALSE,5,black_male_high
11,Iterative Batch Phase: Min,2706,1,White,TRUE,42,FALSE,FALSE,4,black_female_low
6,Iterative Batch Phase: Min,2707,1,White,TRUE,65,FALSE,FALSE,8,white_male_low
2,Iterative Batch Phase: Min,2708,1,White,FALSE,42,FALSE,FALSE,7,white_male_high
11,Iterative Batch Phase: Min,2709,1,Other,TRUE,25,TRUE,FALSE,4,black_female_low
3,Iterative Batch Phase: Min,2710,1,White,FALSE,22,FALSE,FALSE,3,black_female_high
100,Validation,2711,0,White,TRUE,43,FALSE,FALSE,6,black_male_low
10,Iterative Batch Phase: Min,2712,1,Other,FALSE,28,TRUE,FALSE,4,black_female_low
100,Validation,2713,0,White,TRUE,64,FALSE,FALSE,6,black_male_low
100,Validation,2714,1,Asian,FALSE,21,FALSE,FALSE,5,black_male_high
0,Warmup,2715,0,White,FALSE,47,FALSE,FALSE,6,black_male_low
11,Iterative Batch Phase: Min,2716,1,White,TRUE,28,FALSE,FALSE,6,black_male_low
100,Validation,2717,0,White,TRUE,24,FALSE,FALSE,6,black_male_low
100,Validation,2718,1,Other,FALSE,25,TRUE,FALSE,6,black_male_low
100,Validation,2719,1,Two or More Races,TRUE,33,FALSE,FALSE,5,black_male_high
100,Validation,2720,0,White,TRUE,30,FALSE,FALSE,5,black_male_high
100,Validation,2721,1,Black or African American,TRUE,22,FALSE,FALSE,6,black_male_low
100,Validation,2722,1,White,TRUE,21,FALSE,FALSE,5,black_male_high
100,Validation,2723,0,White,FALSE,35,TRUE,FALSE,6,black_male_low
0,Warmup,2724,1,American Indian or Alaska Native,FALSE,34,FALSE,FALSE,6,black_male_low
17,Iterative Batch Phase: Min,2725,0,White,FALSE,22,TRUE,FALSE,6,black_male_low
4,Iterative Batch Phase: Min,2726,0,White,FALSE,27,TRUE,FALSE,2,white_female_low
6,Iterative Batch Phase: Min,2727,0,White,FALSE,64,FALSE,FALSE,6,black_male_low
1,Iterative Batch Phase: Min,2728,1,Black or African American,FALSE,48,FALSE,FALSE,4,black_female_low
2,Iterative Batch Phase: Min,2729,1,White,TRUE,20,FALSE,FALSE,7,white_male_high
0,Warmup,2730,1,White,TRUE,30,TRUE,FALSE,2,white_female_low
6,Iterative Batch Phase: Min,2731,1,White,FALSE,43,FALSE,FALSE,2,white_female_low
100,Validation,2732,1,White,TRUE,24,FALSE,FALSE,5,black_male_high
1,Iterative Batch Phase: Min,2733,0,White,TRUE,,FALSE,FALSE,3,black_female_high
0,Warmup,2734,1,Asian,TRUE,34,FALSE,FALSE,7,white_male_high
100,Validation,2735,1,White,FALSE,32,FALSE,FALSE,6,black_male_low
18,Iterative Batch Phase: Min,2736,1,White,FALSE,33,TRUE,FALSE,6,black_male_low
4,Iterative Batch Phase: Max,2737,1,Black or African American,FALSE,39,TRUE,FALSE,3,black_female_high
3,Iterative Batch Phase: Max,2738,1,White,FALSE,38,FALSE,FALSE,5,black_male_high
4,Iterative Batch Phase: Min,2739,1,White,FALSE,24,FALSE,FALSE,2,white_female_low
17,Iterative Batch Phase: Min,2740,1,Black or African American,FALSE,44,FALSE,FALSE,5,black_male_high
0,Warmup,2741,1,White,TRUE,34,FALSE,FALSE,6,black_male_low
16,Iterative Batch Phase: Min,2742,0,Black or African American,FALSE,35,FALSE,FALSE,1,white_female_high
100,Validation,2743,1,White,TRUE,26,FALSE,FALSE,6,black_male_low
17,Iterative Batch Phase: Min,2744,1,White,FALSE,51,FALSE,FALSE,2,white_female_low
100,Validation,2745,1,White,FALSE,48,FALSE,FALSE,5,black_male_high
100,Validation,2746,1,White,FALSE,39,FALSE,FALSE,6,black_male_low
16,Iterative Batch Phase: Min,2747,1,Black or African American,TRUE,42,FALSE,FALSE,4,black_female_low
9,Iterative Batch Phase: Min,2748,1,White,FALSE,34,FALSE,FALSE,8,white_male_low
100,Validation,2749,1,Asian,FALSE,33,FALSE,FALSE,5,black_male_high
100,Validation,2750,0,White,FALSE,78,FALSE,FALSE,6,black_male_low
100,Validation,2751,1,White,TRUE,34,FALSE,FALSE,5,black_male_high
100,Validation,2752,1,White,FALSE,53,FALSE,FALSE,5,black_male_high
100,Validation,2753,1,White,TRUE,41,FALSE,FALSE,6,black_male_low
100,Validation,2754,1,White,TRUE,23,FALSE,FALSE,6,black_male_low
3,Iterative Batch Phase: Min,2755,1,White,FALSE,,FALSE,FALSE,5,black_male_high
0,Warmup,2756,0,White,FALSE,31,FALSE,FALSE,3,black_female_high
1,Iterative Batch Phase: Max,2757,1,White,TRUE,38,TRUE,FALSE,6,black_male_low
100,Validation,2758,1,Asian,TRUE,30,FALSE,FALSE,5,black_male_high
12,Iterative Batch Phase: Min,2759,1,White,FALSE,26,FALSE,TRUE,2,white_female_low
10,Iterative Batch Phase: Min,2760,1,White,TRUE,48,TRUE,FALSE,4,black_female_low
4,Iterative Batch Phase: Max,2761,1,Black or African American,TRUE,29,FALSE,FALSE,5,black_male_high
100,Validation,2762,1,White,TRUE,46,FALSE,FALSE,6,black_male_low
12,Iterative Batch Phase: Min,2763,1,White,TRUE,29,FALSE,FALSE,4,black_female_low
100,Validation,2764,1,White,TRUE,50,FALSE,FALSE,6,black_male_low
100,Validation,2765,0,Asian,FALSE,27,FALSE,FALSE,5,black_male_high
100,Validation,2766,1,Black or African American,TRUE,40,FALSE,FALSE,6,black_male_low
1,Iterative Batch Phase: Min,2767,1,White,FALSE,30,FALSE,FALSE,4,black_female_low
8,Iterative Batch Phase: Min,2768,0,Black or African American,FALSE,26,FALSE,FALSE,2,white_female_low
16,Iterative Batch Phase: Min,2769,1,Two or More Races,FALSE,26,TRUE,FALSE,4,black_female_low
8,Iterative Batch Phase: Min,2770,0,White,FALSE,25,FALSE,FALSE,4,black_female_low
100,Validation,2771,1,White,TRUE,43,FALSE,FALSE,5,black_male_high
100,Validation,2772,1,White,TRUE,32,FALSE,FALSE,5,black_male_high
2,Iterative Batch Phase: Min,2773,1,White,FALSE,33,FALSE,FALSE,3,black_female_high
100,Validation,2774,1,White,TRUE,28,FALSE,FALSE,5,black_male_high
14,Iterative Batch Phase: Min,2775,1,White,FALSE,52,FALSE,FALSE,6,black_male_low
100,Validation,2776,1,American Indian or Alaska Native,FALSE,24,FALSE,FALSE,6,black_male_low
10,Iterative Batch Phase: Min,2777,0,White,FALSE,,TRUE,FALSE,3,black_female_high
0,Warmup,2778,0,Two or More Races,FALSE,33,FALSE,FALSE,4,black_female_low
2,Iterative Batch Phase: Max,2779,1,Black or African American,TRUE,27,FALSE,FALSE,5,black_male_high
18,Iterative Batch Phase: Min,2780,0,White,FALSE,44,FALSE,FALSE,6,black_male_low
100,Validation,2781,0,White,TRUE,31,FALSE,FALSE,5,black_male_high
100,Validation,2782,1,White,FALSE,59,FALSE,FALSE,5,black_male_high
100,Validation,2783,1,White,TRUE,54,FALSE,FALSE,5,black_male_high
1,Iterative Batch Phase: Max,2784,1,Native Hawaiian or Other Pacific Islander,FALSE,28,FALSE,FALSE,8,white_male_low
100,Validation,2785,1,Two or More Races,TRUE,41,FALSE,FALSE,6,black_male_low
100,Validation,2786,1,White,TRUE,28,FALSE,FALSE,6,black_male_low
100,Validation,2787,1,White,FALSE,29,FALSE,FALSE,6,black_male_low
100,Validation,2788,1,White,FALSE,33,FALSE,FALSE,5,black_male_high
7,Iterative Batch Phase: Min,2789,0,White,FALSE,62,FALSE,FALSE,6,black_male_low
10,Iterative Batch Phase: Min,2790,1,White,TRUE,56,FALSE,FALSE,8,white_male_low
18,Iterative Batch Phase: Min,2791,0,Asian,TRUE,58,FALSE,FALSE,4,black_female_low
9,Iterative Batch Phase: Min,2792,1,White,FALSE,32,FALSE,FALSE,6,black_male_low
100,Validation,2793,1,White,FALSE,38,TRUE,FALSE,5,black_male_high
100,Validation,2794,1,White,FALSE,21,FALSE,FALSE,5,black_male_high
100,Validation,2795,1,White,TRUE,31,FALSE,FALSE,5,black_male_high
4,Iterative Batch Phase: Max,2796,1,White,FALSE,52,FALSE,FALSE,5,black_male_high
8,Iterative Batch Phase: Min,2797,0,White,TRUE,50,FALSE,FALSE,3,black_female_high
15,Iterative Batch Phase: Min,2798,1,White,FALSE,46,FALSE,FALSE,6,black_male_low
0,Warmup,2799,0,White,FALSE,41,FALSE,FALSE,1,white_female_high
100,Validation,2800,0,White,TRUE,62,TRUE,FALSE,5,black_male_high
3,Iterative Batch Phase: Max,2801,1,White,FALSE,54,FALSE,FALSE,6,black_male_low
100,Validation,2802,1,White,FALSE,44,FALSE,FALSE,5,black_male_high
13,Iterative Batch Phase: Min,2803,1,Black or African American,TRUE,23,FALSE,FALSE,4,black_female_low
1,Iterative Batch Phase: Max,2804,1,Other,FALSE,53,TRUE,FALSE,2,white_female_low
100,Validation,2805,1,White,FALSE,35,FALSE,FALSE,6,black_male_low
20,Iterative Batch Phase: Min,2806,1,White,TRUE,66,FALSE,FALSE,4,black_female_low
100,Validation,2807,1,White,FALSE,19,FALSE,FALSE,6,black_male_low
2,Iterative Batch Phase: Max,2808,1,White,FALSE,52,FALSE,FALSE,5,black_male_high
17,Iterative Batch Phase: Min,2809,1,White,FALSE,28,FALSE,FALSE,2,white_female_low
3,Iterative Batch Phase: Max,2810,1,White,TRUE,22,FALSE,FALSE,5,black_male_high
5,Iterative Batch Phase: Min,2811,0,White,TRUE,49,FALSE,FALSE,1,white_female_high
4,Iterative Batch Phase: Max,2812,1,White,FALSE,72,FALSE,FALSE,5,black_male_high
100,Validation,2813,1,Black or African American,TRUE,26,FALSE,FALSE,6,black_male_low
4,Iterative Batch Phase: Max,2814,0,Asian,TRUE,24,FALSE,FALSE,2,white_female_low
100,Validation,2815,1,White,TRUE,33,FALSE,FALSE,6,black_male_low
100,Validation,2816,1,White,FALSE,44,FALSE,FALSE,5,black_male_high
100,Validation,2817,1,White,TRUE,59,FALSE,FALSE,5,black_male_high
0,Warmup,2818,1,White,TRUE,36,FALSE,FALSE,6,black_male_low
1,Iterative Batch Phase: Max,2819,1,Black or African American,TRUE,22,FALSE,FALSE,3,black_female_high
100,Validation,2820,0,White,FALSE,49,FALSE,FALSE,5,black_male_high
17,Iterative Batch Phase: Min,2821,0,White,TRUE,,FALSE,TRUE,5,black_male_high
100,Validation,2822,0,White,TRUE,52,FALSE,FALSE,5,black_male_high
100,Validation,2823,1,White,FALSE,65,FALSE,FALSE,6,black_male_low
100,Validation,2824,1,Two or More Races,FALSE,33,FALSE,FALSE,6,black_male_low
4,Iterative Batch Phase: Min,2825,1,White,FALSE,37,FALSE,FALSE,2,white_female_low
100,Validation,2826,0,White,FALSE,36,FALSE,FALSE,5,black_male_high
17,Iterative Batch Phase: Min,2827,0,White,FALSE,73,FALSE,FALSE,2,white_female_low
100,Validation,2828,1,White,FALSE,40,FALSE,FALSE,5,black_male_high
10,Iterative Batch Phase: Min,2829,0,White,FALSE,23,FALSE,FALSE,4,black_female_low
20,Iterative Batch Phase: Min,2830,1,Black or African American,FALSE,49,FALSE,FALSE,6,black_male_low
100,Validation,2831,1,Black or African American,FALSE,25,FALSE,FALSE,5,black_male_high
100,Validation,2832,1,Asian,FALSE,29,FALSE,FALSE,6,black_male_low
100,Validation,2833,1,White,FALSE,53,FALSE,FALSE,5,black_male_high
7,Iterative Batch Phase: Min,2834,1,White,TRUE,36,FALSE,FALSE,4,black_female_low
3,Iterative Batch Phase: Min,2835,0,White,TRUE,36,FALSE,FALSE,4,black_female_low
100,Validation,2836,1,White,TRUE,27,FALSE,FALSE,6,black_male_low
2,Iterative Batch Phase: Max,2837,1,White,FALSE,29,FALSE,FALSE,4,black_female_low
100,Validation,2838,1,White,FALSE,30,TRUE,FALSE,5,black_male_high
100,Validation,2839,1,White,TRUE,37,FALSE,FALSE,6,black_male_low
100,Validation,2840,0,Black or African American,FALSE,35,FALSE,FALSE,6,black_male_low
100,Validation,2841,0,White,FALSE,28,FALSE,FALSE,5,black_male_high
100,Validation,2842,0,White,TRUE,65,FALSE,FALSE,5,black_male_high
100,Validation,2843,0,White,TRUE,25,FALSE,FALSE,5,black_male_high
100,Validation,2844,1,White,TRUE,55,FALSE,FALSE,5,black_male_high
8,Iterative Batch Phase: Min,2845,0,Black or African American,TRUE,37,FALSE,FALSE,4,black_female_low
0,Warmup,2846,1,Black or African American,FALSE,32,FALSE,FALSE,6,black_male_low
1,Iterative Batch Phase: Max,2847,1,White,FALSE,63,FALSE,FALSE,6,black_male_low
100,Validation,2848,1,Asian,TRUE,28,FALSE,FALSE,5,black_male_high
11,Iterative Batch Phase: Min,2849,1,White,TRUE,28,FALSE,FALSE,3,black_female_high
4,Iterative Batch Phase: Max,2850,1,White,FALSE,47,TRUE,FALSE,2,white_female_low
12,Iterative Batch Phase: Min,2851,1,White,TRUE,24,FALSE,FALSE,6,black_male_low
100,Validation,2852,1,Prefer not to disclose,FALSE,33,FALSE,TRUE,6,black_male_low
100,Validation,2853,0,White,FALSE,23,FALSE,FALSE,6,black_male_low
17,Iterative Batch Phase: Min,2854,1,White,TRUE,29,FALSE,FALSE,4,black_female_low
16,Iterative Batch Phase: Min,2855,0,White,FALSE,60,FALSE,FALSE,5,black_male_high
100,Validation,2856,1,Two or More Races,FALSE,24,FALSE,FALSE,5,black_male_high
11,Iterative Batch Phase: Min,2857,1,Asian,FALSE,37,FALSE,FALSE,7,white_male_high
2,Iterative Batch Phase: Max,2858,1,White,FALSE,37,FALSE,FALSE,8,white_male_low
100,Validation,2859,1,Two or More Races,TRUE,49,FALSE,FALSE,5,black_male_high
100,Validation,2860,0,White,TRUE,56,FALSE,FALSE,5,black_male_high
100,Validation,2861,1,Two or More Races,FALSE,19,FALSE,FALSE,6,black_male_low
100,Validation,2862,1,Asian,FALSE,34,FALSE,FALSE,5,black_male_high
9,Iterative Batch Phase: Min,2863,1,White,FALSE,27,FALSE,FALSE,3,black_female_high
100,Validation,2864,0,White,FALSE,31,FALSE,FALSE,6,black_male_low
100,Validation,2865,0,White,TRUE,51,FALSE,FALSE,6,black_male_low
8,Iterative Batch Phase: Min,2866,0,White,TRUE,43,FALSE,FALSE,4,black_female_low
1,Iterative Batch Phase: Min,2867,1,White,FALSE,27,FALSE,FALSE,7,white_male_high
100,Validation,2868,0,White,FALSE,58,TRUE,FALSE,6,black_male_low
15,Iterative Batch Phase: Min,2869,1,White,FALSE,29,FALSE,FALSE,6,black_male_low
18,Iterative Batch Phase: Min,2870,1,Asian,TRUE,33,FALSE,FALSE,6,black_male_low
100,Validation,2871,1,White,TRUE,31,FALSE,FALSE,5,black_male_high
100,Validation,2872,1,Two or More Races,TRUE,25,TRUE,FALSE,5,black_male_high
2,Iterative Batch Phase: Min,2873,1,White,FALSE,37,FALSE,FALSE,1,white_female_high
100,Validation,2874,0,White,TRUE,59,FALSE,FALSE,5,black_male_high
100,Validation,2875,1,Asian,FALSE,26,FALSE,FALSE,6,black_male_low
100,Validation,2876,1,White,TRUE,37,TRUE,FALSE,6,black_male_low
100,Validation,2877,1,Two or More Races,TRUE,39,FALSE,FALSE,6,black_male_low
2,Iterative Batch Phase: Min,2878,1,White,FALSE,48,FALSE,FALSE,1,white_female_high
100,Validation,2879,0,White,FALSE,35,FALSE,FALSE,6,black_male_low
20,Iterative Batch Phase: Min,2880,0,Black or African American,FALSE,38,FALSE,FALSE,8,white_male_low
18,Iterative Batch Phase: Min,2881,1,White,TRUE,46,FALSE,FALSE,4,black_female_low
100,Validation,2882,0,White,FALSE,57,FALSE,FALSE,5,black_male_high
100,Validation,2883,0,White,FALSE,37,FALSE,FALSE,5,black_male_high
6,Iterative Batch Phase: Min,2884,1,White,TRUE,50,FALSE,FALSE,7,white_male_high
100,Validation,2885,1,White,FALSE,32,FALSE,FALSE,5,black_male_high
100,Validation,2886,1,Black or African American,FALSE,28,FALSE,FALSE,5,black_male_high
100,Validation,2887,0,White,TRUE,26,FALSE,FALSE,5,black_male_high
100,Validation,2888,1,White,TRUE,30,TRUE,FALSE,6,black_male_low
5,Iterative Batch Phase: Min,2889,1,White,TRUE,60,FALSE,FALSE,4,black_female_low
2,Iterative Batch Phase: Min,2890,1,Asian,TRUE,26,FALSE,FALSE,1,white_female_high
17,Iterative Batch Phase: Min,2891,1,White,TRUE,27,FALSE,FALSE,7,white_male_high
0,Warmup,2892,1,Other,TRUE,33,FALSE,FALSE,3,black_female_high
100,Validation,2893,1,White,TRUE,35,FALSE,FALSE,6,black_male_low
100,Validation,2894,0,White,TRUE,25,FALSE,FALSE,6,black_male_low
4,Iterative Batch Phase: Min,2895,1,Black or African American,TRUE,42,FALSE,FALSE,6,black_male_low
9,Iterative Batch Phase: Min,2896,1,Black or African American,FALSE,49,FALSE,FALSE,6,black_male_low
100,Validation,2897,1,White,FALSE,43,FALSE,FALSE,6,black_male_low
3,Iterative Batch Phase: Min,2898,1,White,FALSE,50,FALSE,FALSE,5,black_male_high
13,Iterative Batch Phase: Min,2899,1,White,FALSE,29,FALSE,FALSE,4,black_female_low
100,Validation,2900,0,White,FALSE,29,FALSE,FALSE,6,black_male_low
11,Iterative Batch Phase: Min,2901,1,Black or African American,FALSE,71,FALSE,FALSE,6,black_male_low
100,Validation,2902,0,White,FALSE,36,FALSE,FALSE,6,black_male_low
15,Iterative Batch Phase: Min,2903,1,Black or African American,TRUE,36,FALSE,FALSE,2,white_female_low
100,Validation,2904,1,White,TRUE,54,FALSE,FALSE,5,black_male_high
1,Iterative Batch Phase: Min,2905,0,White,TRUE,48,FALSE,FALSE,2,white_female_low
100,Validation,2906,1,White,TRUE,33,FALSE,FALSE,6,black_male_low
7,Iterative Batch Phase: Min,2907,1,White,FALSE,30,FALSE,FALSE,6,black_male_low
100,Validation,2908,1,White,TRUE,43,FALSE,FALSE,5,black_male_high
4,Iterative Batch Phase: Max,2909,1,White,FALSE,68,FALSE,FALSE,2,white_female_low
100,Validation,2910,1,White,TRUE,40,FALSE,FALSE,6,black_male_low
100,Validation,2911,0,Black or African American,TRUE,25,FALSE,FALSE,6,black_male_low
10,Iterative Batch Phase: Min,2912,0,White,TRUE,59,FALSE,FALSE,5,black_male_high
100,Validation,2913,1,Prefer not to disclose,TRUE,40,FALSE,TRUE,6,black_male_low
16,Iterative Batch Phase: Min,2914,1,Black or African American,TRUE,61,FALSE,FALSE,6,black_male_low
100,Validation,2915,1,White,FALSE,37,FALSE,FALSE,6,black_male_low
17,Iterative Batch Phase: Min,2916,1,White,TRUE,37,FALSE,FALSE,5,black_male_high
18,Iterative Batch Phase: Min,2917,1,Black or African American,TRUE,30,FALSE,FALSE,4,black_female_low
100,Validation,2918,1,Two or More Races,TRUE,23,TRUE,FALSE,5,black_male_high
100,Validation,2919,1,White,TRUE,36,FALSE,FALSE,6,black_male_low
0,Warmup,2920,1,Two or More Races,TRUE,38,FALSE,FALSE,3,black_female_high
8,Iterative Batch Phase: Min,2921,1,White,FALSE,41,FALSE,FALSE,4,black_female_low
13,Iterative Batch Phase: Min,2922,1,Asian,TRUE,23,FALSE,FALSE,2,white_female_low
100,Validation,2923,1,White,TRUE,52,FALSE,FALSE,5,black_male_high
16,Iterative Batch Phase: Min,2924,1,Asian,FALSE,28,FALSE,FALSE,6,black_male_low
2,Iterative Batch Phase: Max,2925,1,White,FALSE,74,FALSE,FALSE,7,white_male_high
100,Validation,2926,1,White,FALSE,59,FALSE,FALSE,5,black_male_high
100,Validation,2927,1,White,TRUE,22,TRUE,FALSE,6,black_male_low
100,Validation,2928,1,Black or African American,FALSE,24,FALSE,FALSE,6,black_male_low
3,Iterative Batch Phase: Max,2929,1,White,TRUE,45,FALSE,FALSE,5,black_male_high
100,Validation,2930,1,Asian,FALSE,35,TRUE,FALSE,6,black_male_low
100,Validation,2931,1,White,TRUE,35,FALSE,FALSE,5,black_male_high
100,Validation,2932,0,Black or African American,TRUE,49,FALSE,FALSE,6,black_male_low
11,Iterative Batch Phase: Min,2933,0,White,TRUE,57,FALSE,FALSE,4,black_female_low
100,Validation,2934,1,White,TRUE,50,FALSE,FALSE,5,black_male_high
100,Validation,2935,0,White,TRUE,,FALSE,FALSE,6,black_male_low
100,Validation,2936,1,White,TRUE,29,FALSE,FALSE,6,black_male_low
8,Iterative Batch Phase: Min,2937,1,White,FALSE,44,FALSE,FALSE,2,white_female_low
12,Iterative Batch Phase: Min,2938,0,White,FALSE,74,FALSE,FALSE,1,white_female_high
0,Warmup,2939,1,White,TRUE,36,FALSE,FALSE,3,black_female_high
100,Validation,2940,1,Two or More Races,TRUE,35,FALSE,FALSE,6,black_male_low
100,Validation,2941,0,Asian,FALSE,33,FALSE,FALSE,5,black_male_high
9,Iterative Batch Phase: Min,2942,1,White,FALSE,28,FALSE,FALSE,3,black_female_high
6,Iterative Batch Phase: Min,2943,0,Black or African American,TRUE,28,FALSE,FALSE,6,black_male_low
0,Warmup,2944,1,Asian,TRUE,38,FALSE,FALSE,8,white_male_low
100,Validation,2945,1,White,TRUE,43,FALSE,FALSE,6,black_male_low
1,Iterative Batch Phase: Min,2946,1,White,FALSE,48,FALSE,FALSE,4,black_female_low
2,Iterative Batch Phase: Max,2947,0,White,TRUE,48,FALSE,FALSE,2,white_female_low
100,Validation,2948,1,White,FALSE,31,FALSE,FALSE,5,black_male_high
9,Iterative Batch Phase: Min,2949,1,White,FALSE,52,FALSE,FALSE,8,white_male_low
0,Warmup,2950,1,White,FALSE,23,FALSE,FALSE,6,black_male_low
0,Warmup,2951,1,White,TRUE,34,TRUE,FALSE,4,black_female_low
100,Validation,2952,1,White,FALSE,69,FALSE,FALSE,6,black_male_low
18,Iterative Batch Phase: Min,2953,1,White,TRUE,36,FALSE,FALSE,4,black_female_low
100,Validation,2954,1,Two or More Races,FALSE,38,FALSE,FALSE,5,black_male_high
9,Iterative Batch Phase: Min,2955,1,White,TRUE,42,FALSE,FALSE,7,white_male_high
100,Validation,2956,0,Black or African American,TRUE,,FALSE,FALSE,6,black_male_low
15,Iterative Batch Phase: Min,2957,1,White,FALSE,35,FALSE,FALSE,4,black_female_low
18,Iterative Batch Phase: Min,2958,1,White,FALSE,45,FALSE,FALSE,4,black_female_low
2,Iterative Batch Phase: Max,2959,1,White,TRUE,58,FALSE,FALSE,5,black_male_high
17,Iterative Batch Phase: Min,2960,1,Asian,TRUE,50,FALSE,FALSE,4,black_female_low
13,Iterative Batch Phase: Min,2961,1,White,TRUE,24,TRUE,FALSE,5,black_male_high
100,Validation,2962,1,White,FALSE,20,FALSE,FALSE,5,black_male_high
100,Validation,2963,0,Black or African American,FALSE,56,FALSE,FALSE,6,black_male_low
15,Iterative Batch Phase: Min,2964,1,White,TRUE,56,FALSE,FALSE,5,black_male_high
7,Iterative Batch Phase: Min,2965,0,White,TRUE,37,FALSE,FALSE,6,black_male_low
100,Validation,2966,1,Black or African American,TRUE,31,FALSE,FALSE,5,black_male_high
100,Validation,2967,0,White,TRUE,23,TRUE,FALSE,6,black_male_low
100,Validation,2968,1,White,TRUE,28,FALSE,FALSE,5,black_male_high
9,Iterative Batch Phase: Min,2969,1,Black or African American,TRUE,23,FALSE,FALSE,6,black_male_low
2,Iterative Batch Phase: Max,2970,1,White,FALSE,33,FALSE,FALSE,5,black_male_high
100,Validation,2971,0,White,TRUE,22,FALSE,FALSE,5,black_male_high
16,Iterative Batch Phase: Min,2972,1,White,FALSE,71,FALSE,FALSE,1,white_female_high
100,Validation,2973,1,Other,TRUE,24,TRUE,FALSE,6,black_male_low
5,Iterative Batch Phase: Min,2974,0,Black or African American,FALSE,24,FALSE,FALSE,6,black_male_low
100,Validation,2975,1,Asian,TRUE,,FALSE,TRUE,6,black_male_low
100,Validation,2976,1,White,TRUE,44,TRUE,FALSE,5,black_male_high
100,Validation,2977,1,Other,TRUE,21,TRUE,FALSE,6,black_male_low
100,Validation,2978,0,White,FALSE,56,FALSE,FALSE,6,black_male_low
100,Validation,2979,1,White,TRUE,62,FALSE,FALSE,6,black_male_low
100,Validation,2980,1,Black or African American,TRUE,34,FALSE,FALSE,5,black_male_high
14,Iterative Batch Phase: Min,2981,1,White,FALSE,39,FALSE,FALSE,5,black_male_high
19,Iterative Batch Phase: Min,2982,0,White,TRUE,45,FALSE,FALSE,1,white_female_high
0,Warmup,2983,0,American Indian or Alaska Native,TRUE,33,TRUE,FALSE,3,black_female_high
5,Iterative Batch Phase: Min,2984,1,White,FALSE,24,TRUE,FALSE,6,black_male_low
2,Iterative Batch Phase: Max,2985,1,White,TRUE,50,FALSE,FALSE,8,white_male_low
6,Iterative Batch Phase: Min,2986,1,White,FALSE,26,FALSE,FALSE,3,black_female_high
8,Iterative Batch Phase: Min,2987,1,White,FALSE,37,FALSE,FALSE,4,black_female_low
100,Validation,2988,1,White,TRUE,24,FALSE,FALSE,6,black_male_low
100,Validation,2989,1,White,TRUE,35,FALSE,FALSE,6,black_male_low
0,Warmup,2990,1,Two or More Races,FALSE,19,TRUE,FALSE,2,white_female_low
3,Iterative Batch Phase: Min,2991,1,Two or More Races,FALSE,34,TRUE,FALSE,6,black_male_low
17,Iterative Batch Phase: Min,2992,1,White,FALSE,,FALSE,FALSE,6,black_male_low
13,Iterative Batch Phase: Min,2993,1,Asian,FALSE,20,FALSE,TRUE,1,white_female_high
9,Iterative Batch Phase: Min,2994,1,White,TRUE,27,FALSE,FALSE,7,white_male_high
100,Validation,2995,1,White,TRUE,20,TRUE,FALSE,6,black_male_low
100,Validation,2996,1,White,TRUE,38,FALSE,FALSE,5,black_male_high
100,Validation,2997,1,White,TRUE,26,FALSE,FALSE,6,black_male_low
100,Validation,2998,1,White,TRUE,30,FALSE,FALSE,5,black_male_high
100,Validation,2999,1,Black or African American,TRUE,29,FALSE,FALSE,6,black_male_low
100,Validation,3000,1,White,FALSE,67,FALSE,FALSE,5,black_male_high
18,Iterative Batch Phase: Min,3001,1,White,FALSE,26,TRUE,FALSE,6,black_male_low
100,Validation,3002,1,White,FALSE,27,FALSE,FALSE,5,black_male_high
5,Iterative Batch Phase: Min,3003,1,White,TRUE,,FALSE,FALSE,2,white_female_low
7,Iterative Batch Phase: Min,3004,1,Prefer not to disclose,FALSE,,FALSE,TRUE,7,white_male_high
100,Validation,3005,1,White,TRUE,41,FALSE,FALSE,5,black_male_high
100,Validation,3006,0,Black or African American,TRUE,26,FALSE,FALSE,6,black_male_low
100,Validation,3007,1,Asian,FALSE,46,FALSE,FALSE,6,black_male_low
4,Iterative Batch Phase: Max,3008,1,Two or More Races,FALSE,27,FALSE,FALSE,5,black_male_high
100,Validation,3009,1,White,TRUE,33,FALSE,FALSE,5,black_male_high
100,Validation,3010,1,White,FALSE,30,FALSE,FALSE,6,black_male_low
13,Iterative Batch Phase: Min,3011,1,White,FALSE,41,FALSE,FALSE,4,black_female_low
4,Iterative Batch Phase: Max,3012,0,White,FALSE,33,FALSE,FALSE,5,black_male_high
100,Validation,3013,1,White,FALSE,70,FALSE,FALSE,6,black_male_low
100,Validation,3014,1,White,TRUE,38,FALSE,FALSE,5,black_male_high
100,Validation,3015,1,White,FALSE,26,FALSE,FALSE,5,black_male_high
4,Iterative Batch Phase: Max,3016,1,White,TRUE,37,FALSE,FALSE,8,white_male_low
0,Warmup,3017,1,White,FALSE,43,FALSE,FALSE,2,white_female_low
15,Iterative Batch Phase: Min,3018,0,White,TRUE,63,FALSE,FALSE,6,black_male_low
100,Validation,3019,1,White,FALSE,65,FALSE,FALSE,6,black_male_low
100,Validation,3020,1,Other,TRUE,27,FALSE,FALSE,5,black_male_high
18,Iterative Batch Phase: Min,3021,1,Black or African American,TRUE,34,FALSE,FALSE,6,black_male_low
100,Validation,3022,1,White,FALSE,29,FALSE,FALSE,5,black_male_high
2,Iterative Batch Phase: Min,3023,1,Black or African American,TRUE,53,FALSE,FALSE,3,black_female_high
19,Iterative Batch Phase: Min,3024,1,White,TRUE,68,FALSE,FALSE,4,black_female_low
100,Validation,3025,1,White,TRUE,25,FALSE,FALSE,6,black_male_low
100,Validation,3026,1,Other,TRUE,22,TRUE,FALSE,5,black_male_high
11,Iterative Batch Phase: Min,3027,1,White,FALSE,36,FALSE,FALSE,4,black_female_low
4,Iterative Batch Phase: Max,3028,1,Asian,FALSE,25,FALSE,FALSE,5,black_male_high
100,Validation,3029,0,Black or African American,FALSE,26,FALSE,FALSE,6,black_male_low
1,Iterative Batch Phase: Max,3030,1,White,TRUE,32,FALSE,FALSE,4,black_female_low
16,Iterative Batch Phase: Min,3031,1,White,FALSE,45,FALSE,FALSE,1,white_female_high
16,Iterative Batch Phase: Min,3032,1,White,TRUE,39,FALSE,FALSE,4,black_female_low
100,Validation,3033,1,White,TRUE,22,FALSE,FALSE,5,black_male_high
100,Validation,3034,1,Black or African American,TRUE,26,TRUE,FALSE,5,black_male_high
13,Iterative Batch Phase: Min,3035,0,White,TRUE,34,FALSE,FALSE,4,black_female_low
100,Validation,3036,1,Black or African American,FALSE,34,FALSE,FALSE,6,black_male_low
3,Iterative Batch Phase: Min,3037,1,Other,TRUE,30,FALSE,FALSE,4,black_female_low
6,Iterative Batch Phase: Min,3038,1,White,FALSE,36,FALSE,FALSE,3,black_female_high
4,Iterative Batch Phase: Max,3039,1,White,FALSE,38,FALSE,FALSE,5,black_male_high
1,Iterative Batch Phase: Max,3040,0,White,FALSE,46,FALSE,FALSE,8,white_male_low
100,Validation,3041,1,White,TRUE,38,FALSE,FALSE,6,black_male_low
12,Iterative Batch Phase: Min,3042,1,White,FALSE,50,FALSE,FALSE,4,black_female_low
100,Validation,3043,0,White,FALSE,46,FALSE,FALSE,5,black_male_high
100,Validation,3044,1,White,TRUE,36,FALSE,FALSE,5,black_male_high
0,Warmup,3045,1,Asian,TRUE,31,FALSE,FALSE,4,black_female_low
100,Validation,3046,1,Other,FALSE,28,TRUE,FALSE,5,black_male_high
0,Warmup,3047,1,White,FALSE,27,FALSE,TRUE,2,white_female_low
100,Validation,3048,1,White,FALSE,39,FALSE,FALSE,5,black_male_high
100,Validation,3049,1,Other,FALSE,28,TRUE,FALSE,5,black_male_high
2,Iterative Batch Phase: Min,3050,1,White,TRUE,53,FALSE,FALSE,1,white_female_high
100,Validation,3051,1,White,FALSE,38,FALSE,FALSE,6,black_male_low
100,Validation,3052,0,White,TRUE,54,FALSE,FALSE,5,black_male_high
11,Iterative Batch Phase: Min,3053,1,Prefer not to disclose,FALSE,,FALSE,TRUE,4,black_female_low
100,Validation,3054,1,White,TRUE,26,FALSE,FALSE,6,black_male_low
100,Validation,3055,1,White,TRUE,51,FALSE,FALSE,6,black_male_low
2,Iterative Batch Phase: Min,3056,1,Black or African American,FALSE,20,FALSE,FALSE,3,black_female_high
16,Iterative Batch Phase: Min,3057,1,White,FALSE,25,FALSE,FALSE,6,black_male_low
100,Validation,3058,1,White,TRUE,23,FALSE,FALSE,5,black_male_high
0,Warmup,3059,1,White,TRUE,45,FALSE,FALSE,8,white_male_low
100,Validation,3060,1,White,TRUE,37,FALSE,FALSE,6,black_male_low
0,Warmup,3061,1,White,FALSE,72,FALSE,FALSE,3,black_female_high
0,Warmup,3062,1,White,FALSE,34,FALSE,FALSE,8,white_male_low
2,Iterative Batch Phase: Min,3063,1,White,FALSE,44,FALSE,FALSE,1,white_female_high
0,Warmup,3064,1,White,FALSE,36,FALSE,FALSE,7,white_male_high
100,Validation,3065,1,Black or African American,FALSE,27,FALSE,FALSE,5,black_male_high
11,Iterative Batch Phase: Min,3066,1,White,TRUE,23,FALSE,FALSE,5,black_male_high
0,Warmup,3067,1,Black or African American,TRUE,39,FALSE,FALSE,8,white_male_low
100,Validation,3068,0,White,TRUE,22,FALSE,FALSE,6,black_male_low
100,Validation,3069,1,White,FALSE,38,FALSE,FALSE,6,black_male_low
10,Iterative Batch Phase: Min,3070,0,White,FALSE,43,FALSE,FALSE,5,black_male_high
0,Warmup,3071,1,White,FALSE,32,FALSE,FALSE,5,black_male_high
13,Iterative Batch Phase: Min,3072,1,White,FALSE,28,FALSE,FALSE,6,black_male_low
0,Warmup,3073,1,White,FALSE,27,TRUE,FALSE,2,white_female_low
12,Iterative Batch Phase: Min,3074,1,White,TRUE,29,FALSE,FALSE,6,black_male_low
100,Validation,3075,1,Black or African American,TRUE,64,FALSE,FALSE,5,black_male_high
9,Iterative Batch Phase: Min,3076,1,White,FALSE,30,FALSE,FALSE,3,black_female_high
100,Validation,3077,1,Prefer not to disclose,TRUE,26,FALSE,TRUE,6,black_male_low
1,Iterative Batch Phase: Max,3078,0,Black or African American,TRUE,50,FALSE,FALSE,1,white_female_high
0,Warmup,3079,1,Asian,FALSE,26,FALSE,FALSE,5,black_male_high
1,Iterative Batch Phase: Max,3080,0,White,TRUE,39,FALSE,FALSE,6,black_male_low
100,Validation,3081,0,White,FALSE,53,FALSE,FALSE,6,black_male_low
16,Iterative Batch Phase: Min,3082,1,White,FALSE,40,FALSE,FALSE,4,black_female_low
11,Iterative Batch Phase: Min,3083,0,White,TRUE,27,FALSE,FALSE,5,black_male_high
100,Validation,3084,0,White,FALSE,41,FALSE,FALSE,6,black_male_low
100,Validation,3085,0,White,TRUE,32,FALSE,FALSE,5,black_male_high
100,Validation,3086,1,Asian,TRUE,21,FALSE,FALSE,6,black_male_low
14,Iterative Batch Phase: Min,3087,1,Black or African American,FALSE,30,FALSE,FALSE,4,black_female_low
16,Iterative Batch Phase: Min,3088,0,White,FALSE,22,FALSE,FALSE,6,black_male_low
18,Iterative Batch Phase: Min,3089,1,White,TRUE,62,FALSE,FALSE,4,black_female_low
6,Iterative Batch Phase: Min,3090,1,White,FALSE,46,FALSE,FALSE,6,black_male_low
10,Iterative Batch Phase: Min,3091,1,White,TRUE,34,FALSE,FALSE,3,black_female_high
19,Iterative Batch Phase: Min,3092,1,White,FALSE,24,FALSE,FALSE,4,black_female_low
100,Validation,3093,1,White,FALSE,50,FALSE,FALSE,6,black_male_low
12,Iterative Batch Phase: Min,3094,1,White,FALSE,34,FALSE,FALSE,6,black_male_low
0,Warmup,3095,1,Two or More Races,TRUE,23,FALSE,FALSE,2,white_female_low
0,Warmup,3096,0,Black or African American,TRUE,50,FALSE,FALSE,7,white_male_high
14,Iterative Batch Phase: Min,3097,1,Black or African American,FALSE,30,FALSE,FALSE,5,black_male_high
0,Warmup,3098,1,White,TRUE,39,TRUE,FALSE,8,white_male_low
10,Iterative Batch Phase: Min,3099,1,White,TRUE,32,FALSE,FALSE,2,white_female_low
11,Iterative Batch Phase: Min,3100,1,Other,TRUE,46,TRUE,FALSE,3,black_female_high
100,Validation,3101,0,White,FALSE,33,FALSE,FALSE,6,black_male_low
17,Iterative Batch Phase: Min,3102,1,White,FALSE,57,FALSE,FALSE,2,white_female_low
19,Iterative Batch Phase: Min,3103,1,Black or African American,TRUE,42,FALSE,FALSE,5,black_male_high
20,Iterative Batch Phase: Min,3104,1,White,TRUE,39,FALSE,FALSE,6,black_male_low
0,Warmup,3105,1,Prefer not to disclose,TRUE,22,TRUE,TRUE,7,white_male_high
2,Iterative Batch Phase: Max,3106,1,Asian,TRUE,28,FALSE,FALSE,2,white_female_low
0,Warmup,3107,1,White,TRUE,38,FALSE,FALSE,4,black_female_low
20,Iterative Batch Phase: Min,3108,1,White,FALSE,34,FALSE,FALSE,6,black_male_low
100,Validation,3109,1,White,FALSE,51,FALSE,FALSE,5,black_male_high
5,Iterative Batch Phase: Min,3110,0,Black or African American,TRUE,51,FALSE,FALSE,6,black_male_low
0,Warmup,3111,0,White,FALSE,60,FALSE,FALSE,8,white_male_low
100,Validation,3112,0,Asian,TRUE,32,FALSE,FALSE,5,black_male_high
1,Iterative Batch Phase: Max,3113,1,White,TRUE,28,FALSE,FALSE,6,black_male_low
8,Iterative Batch Phase: Min,3114,1,White,FALSE,28,FALSE,FALSE,6,black_male_low
100,Validation,3115,1,American Indian or Alaska Native,FALSE,42,FALSE,FALSE,5,black_male_high
13,Iterative Batch Phase: Min,3116,1,White,FALSE,53,FALSE,FALSE,6,black_male_low
100,Validation,3117,1,White,TRUE,25,FALSE,FALSE,6,black_male_low
100,Validation,3118,0,Asian,TRUE,41,FALSE,FALSE,5,black_male_high
100,Validation,3119,1,Two or More Races,TRUE,54,FALSE,FALSE,6,black_male_low
12,Iterative Batch Phase: Min,3120,1,Prefer not to disclose,TRUE,,FALSE,TRUE,6,black_male_low
10,Iterative Batch Phase: Min,3121,1,White,TRUE,26,FALSE,FALSE,6,black_male_low
5,Iterative Batch Phase: Min,3122,0,Asian,TRUE,34,FALSE,FALSE,6,black_male_low
20,Iterative Batch Phase: Min,3123,1,Asian,FALSE,36,FALSE,FALSE,6,black_male_low
100,Validation,3124,0,White,TRUE,26,FALSE,FALSE,5,black_male_high
0,Warmup,3125,0,White,FALSE,37,FALSE,FALSE,8,white_male_low
8,Iterative Batch Phase: Min,3126,1,White,TRUE,24,FALSE,FALSE,6,black_male_low
16,Iterative Batch Phase: Min,3127,1,White,TRUE,57,FALSE,FALSE,6,black_male_low
100,Validation,3128,1,Black or African American,TRUE,29,TRUE,FALSE,5,black_male_high
12,Iterative Batch Phase: Min,3129,1,White,TRUE,42,FALSE,FALSE,6,black_male_low
2,Iterative Batch Phase: Max,3130,1,Two or More Races,TRUE,46,TRUE,FALSE,6,black_male_low
18,Iterative Batch Phase: Min,3131,1,White,TRUE,27,FALSE,FALSE,6,black_male_low
100,Validation,3132,1,Black or African American,FALSE,32,FALSE,FALSE,6,black_male_low
100,Validation,3133,1,White,FALSE,40,FALSE,FALSE,6,black_male_low
19,Iterative Batch Phase: Min,3134,1,White,FALSE,23,TRUE,FALSE,6,black_male_low
100,Validation,3135,1,White,TRUE,23,FALSE,FALSE,5,black_male_high
100,Validation,3136,1,Black or African American,TRUE,22,FALSE,FALSE,6,black_male_low
6,Iterative Batch Phase: Min,3137,0,White,FALSE,40,FALSE,FALSE,5,black_male_high
0,Warmup,3138,1,Two or More Races,TRUE,32,FALSE,FALSE,3,black_female_high
100,Validation,3139,1,White,TRUE,42,FALSE,FALSE,6,black_male_low
0,Warmup,3140,1,White,TRUE,31,FALSE,FALSE,8,white_male_low
100,Validation,3141,1,White,FALSE,54,FALSE,FALSE,5,black_male_high
20,Iterative Batch Phase: Min,3142,1,White,FALSE,58,FALSE,FALSE,6,black_male_low
0,Warmup,3143,1,Asian,TRUE,21,FALSE,FALSE,8,white_male_low
20,Iterative Batch Phase: Min,3144,1,White,TRUE,50,FALSE,FALSE,5,black_male_high
100,Validation,3145,1,White,TRUE,37,FALSE,FALSE,5,black_male_high
13,Iterative Batch Phase: Min,3146,0,Two or More Races,TRUE,42,FALSE,FALSE,4,black_female_low
0,Warmup,3147,0,Asian,FALSE,27,FALSE,FALSE,3,black_female_high
14,Iterative Batch Phase: Min,3148,1,Black or African American,TRUE,33,FALSE,FALSE,4,black_female_low
100,Validation,3149,1,White,FALSE,52,FALSE,FALSE,6,black_male_low
100,Validation,3150,1,White,TRUE,38,FALSE,FALSE,5,black_male_high
100,Validation,3151,1,American Indian or Alaska Native,TRUE,73,FALSE,FALSE,6,black_male_low
100,Validation,3152,0,White,FALSE,75,FALSE,FALSE,6,black_male_low
7,Iterative Batch Phase: Min,3153,1,White,TRUE,54,FALSE,FALSE,7,white_male_high
100,Validation,3154,1,White,FALSE,58,FALSE,FALSE,6,black_male_low
100,Validation,3155,1,White,FALSE,50,FALSE,FALSE,5,black_male_high
100,Validation,3156,1,Black or African American,TRUE,23,FALSE,FALSE,6,black_male_low
15,Iterative Batch Phase: Min,3157,0,Two or More Races,FALSE,28,FALSE,FALSE,6,black_male_low
100,Validation,3158,0,Asian,TRUE,28,FALSE,FALSE,5,black_male_high
100,Validation,3159,0,White,FALSE,52,FALSE,FALSE,5,black_male_high
4,Iterative Batch Phase: Min,3160,1,Black or African American,TRUE,31,FALSE,FALSE,6,black_male_low
100,Validation,3161,1,White,TRUE,21,FALSE,FALSE,6,black_male_low
100,Validation,3162,0,Other,FALSE,46,TRUE,FALSE,6,black_male_low
100,Validation,3163,1,White,TRUE,33,FALSE,FALSE,5,black_male_high
100,Validation,3164,1,White,TRUE,48,FALSE,FALSE,5,black_male_high
1,Iterative Batch Phase: Min,3165,1,White,FALSE,51,FALSE,FALSE,4,black_female_low
7,Iterative Batch Phase: Min,3166,0,White,TRUE,65,FALSE,FALSE,3,black_female_high
20,Iterative Batch Phase: Min,3167,1,White,TRUE,68,FALSE,FALSE,6,black_male_low
0,Warmup,3168,1,Black or African American,TRUE,32,FALSE,FALSE,8,white_male_low
6,Iterative Batch Phase: Min,3169,0,White,FALSE,34,FALSE,FALSE,6,black_male_low
0,Warmup,3170,1,White,TRUE,39,FALSE,FALSE,7,white_male_high
11,Iterative Batch Phase: Min,3171,0,White,TRUE,49,FALSE,FALSE,4,black_female_low
100,Validation,3172,1,White,TRUE,22,FALSE,FALSE,5,black_male_high
0,Warmup,3173,0,White,FALSE,40,FALSE,FALSE,7,white_male_high
2,Iterative Batch Phase: Max,3174,0,Asian,FALSE,51,FALSE,FALSE,5,black_male_high
1,Iterative Batch Phase: Min,3175,1,White,FALSE,40,FALSE,FALSE,4,black_female_low
8,Iterative Batch Phase: Min,3176,1,Asian,TRUE,24,FALSE,FALSE,6,black_male_low
5,Iterative Batch Phase: Min,3177,1,Two or More Races,TRUE,20,FALSE,FALSE,3,black_female_high
100,Validation,3178,1,White,TRUE,67,FALSE,FALSE,5,black_male_high
100,Validation,3179,0,White,TRUE,48,FALSE,FALSE,5,black_male_high
100,Validation,3180,1,White,FALSE,40,FALSE,FALSE,5,black_male_high
1,Iterative Batch Phase: Min,3181,0,White,FALSE,68,FALSE,FALSE,1,white_female_high
3,Iterative Batch Phase: Max,3182,1,Asian,FALSE,32,FALSE,FALSE,5,black_male_high
2,Iterative Batch Phase: Min,3183,0,White,TRUE,47,FALSE,FALSE,1,white_female_high
100,Validation,3184,1,White,TRUE,21,TRUE,FALSE,6,black_male_low
0,Warmup,3185,0,White,TRUE,42,FALSE,FALSE,4,black_female_low
100,Validation,3186,1,Black or African American,TRUE,41,FALSE,FALSE,6,black_male_low
15,Iterative Batch Phase: Min,3187,0,Black or African American,FALSE,29,FALSE,FALSE,6,black_male_low
100,Validation,3188,1,Asian,FALSE,37,FALSE,TRUE,6,black_male_low
5,Iterative Batch Phase: Min,3189,1,Two or More Races,FALSE,62,FALSE,FALSE,6,black_male_low
100,Validation,3190,1,White,FALSE,45,FALSE,FALSE,5,black_male_high
100,Validation,3191,1,Two or More Races,FALSE,52,FALSE,FALSE,6,black_male_low
0,Warmup,3192,0,White,FALSE,54,FALSE,FALSE,3,black_female_high
100,Validation,3193,1,Black or African American,TRUE,47,FALSE,FALSE,5,black_male_high
10,Iterative Batch Phase: Min,3194,0,White,TRUE,21,TRUE,FALSE,6,black_male_low
0,Warmup,3195,1,White,FALSE,44,FALSE,FALSE,3,black_female_high
100,Validation,3196,1,White,TRUE,26,FALSE,FALSE,5,black_male_high
100,Validation,3197,0,White,FALSE,49,FALSE,FALSE,6,black_male_low
0,Warmup,3198,0,White,FALSE,23,TRUE,FALSE,5,black_male_high
100,Validation,3199,1,White,FALSE,28,FALSE,TRUE,5,black_male_high
2,Iterative Batch Phase: Min,3200,0,White,TRUE,38,FALSE,FALSE,3,black_female_high
14,Iterative Batch Phase: Min,3201,0,White,TRUE,50,FALSE,FALSE,4,black_female_low
100,Validation,3202,1,White,FALSE,30,FALSE,FALSE,5,black_male_high
6,Iterative Batch Phase: Min,3203,1,Black or African American,FALSE,32,FALSE,FALSE,4,black_female_low
100,Validation,3204,0,White,FALSE,68,FALSE,FALSE,5,black_male_high
4,Iterative Batch Phase: Min,3205,1,White,TRUE,41,FALSE,FALSE,2,white_female_low
100,Validation,3206,0,White,TRUE,47,FALSE,FALSE,5,black_male_high
11,Iterative Batch Phase: Min,3207,1,Black or African American,TRUE,39,FALSE,FALSE,4,black_female_low
100,Validation,3208,1,White,FALSE,34,FALSE,FALSE,6,black_male_low
3,Iterative Batch Phase: Max,3209,1,White,FALSE,43,FALSE,FALSE,5,black_male_high
15,Iterative Batch Phase: Min,3210,1,White,FALSE,31,TRUE,FALSE,4,black_female_low
1,Iterative Batch Phase: Max,3211,1,White,TRUE,52,FALSE,FALSE,8,white_male_low
19,Iterative Batch Phase: Min,3212,1,White,FALSE,32,FALSE,FALSE,8,white_male_low
4,Iterative Batch Phase: Max,3213,1,Asian,FALSE,27,FALSE,FALSE,5,black_male_high
3,Iterative Batch Phase: Min,3214,1,White,TRUE,39,FALSE,FALSE,5,black_male_high
3,Iterative Batch Phase: Max,3215,0,White,FALSE,26,FALSE,FALSE,6,black_male_low
100,Validation,3216,0,Black or African American,TRUE,32,FALSE,FALSE,6,black_male_low
100,Validation,3217,1,White,FALSE,40,FALSE,FALSE,5,black_male_high
100,Validation,3218,1,White,TRUE,27,FALSE,FALSE,6,black_male_low
7,Iterative Batch Phase: Min,3219,0,White,TRUE,35,TRUE,FALSE,2,white_female_low
4,Iterative Batch Phase: Min,3220,0,White,TRUE,34,FALSE,FALSE,6,black_male_low
6,Iterative Batch Phase: Min,3221,0,Asian,TRUE,22,FALSE,FALSE,6,black_male_low
0,Warmup,3222,1,Asian,TRUE,29,FALSE,FALSE,6,black_male_low
0,Warmup,3223,1,White,TRUE,39,FALSE,FALSE,5,black_male_high
100,Validation,3224,1,White,TRUE,32,FALSE,FALSE,6,black_male_low
6,Iterative Batch Phase: Min,3225,1,White,FALSE,73,FALSE,FALSE,1,white_female_high
100,Validation,3226,0,Asian,FALSE,31,TRUE,FALSE,6,black_male_low
16,Iterative Batch Phase: Min,3227,1,White,TRUE,40,FALSE,FALSE,6,black_male_low
100,Validation,3228,1,White,TRUE,19,FALSE,FALSE,5,black_male_high
5,Iterative Batch Phase: Min,3229,1,Black or African American,FALSE,24,FALSE,FALSE,3,black_female_high
0,Warmup,3230,1,White,TRUE,36,FALSE,FALSE,3,black_female_high
8,Iterative Batch Phase: Min,3231,0,White,FALSE,37,TRUE,FALSE,4,black_female_low
3,Iterative Batch Phase: Min,3232,0,White,FALSE,43,FALSE,FALSE,7,white_male_high
1,Iterative Batch Phase: Min,3233,1,White,FALSE,22,FALSE,FALSE,1,white_female_high
20,Iterative Batch Phase: Min,3234,1,White,FALSE,33,FALSE,FALSE,4,black_female_low
100,Validation,3235,1,White,TRUE,42,FALSE,FALSE,6,black_male_low
14,Iterative Batch Phase: Min,3236,0,Two or More Races,FALSE,26,FALSE,FALSE,4,black_female_low
100,Validation,3237,1,White,TRUE,28,FALSE,FALSE,6,black_male_low
100,Validation,3238,1,Black or African American,TRUE,27,FALSE,FALSE,5,black_male_high
17,Iterative Batch Phase: Min,3239,0,Black or African American,TRUE,52,FALSE,FALSE,4,black_female_low
100,Validation,3240,1,White,TRUE,28,FALSE,FALSE,5,black_male_high
100,Validation,3241,1,White,TRUE,40,FALSE,FALSE,5,black_male_high
17,Iterative Batch Phase: Min,3242,1,Other,TRUE,29,FALSE,FALSE,4,black_female_low
1,Iterative Batch Phase: Min,3243,0,White,FALSE,32,FALSE,FALSE,4,black_female_low
100,Validation,3244,0,White,TRUE,38,FALSE,FALSE,5,black_male_high
100,Validation,3245,1,White,FALSE,30,FALSE,FALSE,5,black_male_high
100,Validation,3246,1,White,TRUE,42,FALSE,FALSE,5,black_male_high
15,Iterative Batch Phase: Min,3247,0,White,TRUE,79,FALSE,FALSE,5,black_male_high
1,Iterative Batch Phase: Max,3248,1,Two or More Races,TRUE,27,FALSE,FALSE,5,black_male_high
100,Validation,3249,1,White,TRUE,33,FALSE,FALSE,6,black_male_low
15,Iterative Batch Phase: Min,3250,1,Black or African American,TRUE,21,FALSE,FALSE,4,black_female_low
4,Iterative Batch Phase: Min,3251,0,White,TRUE,27,FALSE,FALSE,7,white_male_high
100,Validation,3252,0,Black or African American,TRUE,32,FALSE,FALSE,5,black_male_high
1,Iterative Batch Phase: Min,3253,1,White,TRUE,46,FALSE,FALSE,3,black_female_high
15,Iterative Batch Phase: Min,3254,0,White,TRUE,50,TRUE,FALSE,6,black_male_low
2,Iterative Batch Phase: Min,3255,1,Asian,FALSE,32,FALSE,FALSE,4,black_female_low
11,Iterative Batch Phase: Min,3256,1,White,FALSE,52,FALSE,FALSE,4,black_female_low
100,Validation,3257,1,White,TRUE,27,FALSE,FALSE,5,black_male_high
14,Iterative Batch Phase: Min,3258,1,White,TRUE,38,FALSE,FALSE,4,black_female_low
0,Warmup,3259,1,Black or African American,FALSE,42,FALSE,FALSE,5,black_male_high
1,Iterative Batch Phase: Min,3260,1,White,FALSE,38,FALSE,FALSE,4,black_female_low
1,Iterative Batch Phase: Max,3261,0,White,FALSE,42,FALSE,FALSE,8,white_male_low
100,Validation,3262,1,White,TRUE,50,FALSE,FALSE,5,black_male_high
0,Warmup,3263,1,Other,TRUE,43,TRUE,FALSE,8,white_male_low
3,Iterative Batch Phase: Max,3264,1,White,TRUE,28,FALSE,FALSE,7,white_male_high
100,Validation,3265,1,White,FALSE,33,FALSE,FALSE,6,black_male_low
2,Iterative Batch Phase: Max,3266,1,Black or African American,TRUE,36,FALSE,FALSE,5,black_male_high
100,Validation,3267,1,White,FALSE,33,FALSE,FALSE,6,black_male_low
2,Iterative Batch Phase: Max,3268,1,Asian,TRUE,31,FALSE,FALSE,5,black_male_high
100,Validation,3269,0,White,TRUE,46,FALSE,FALSE,6,black_male_low
100,Validation,3270,0,White,FALSE,40,FALSE,FALSE,5,black_male_high
100,Validation,3271,1,Two or More Races,TRUE,43,FALSE,FALSE,6,black_male_low
1,Iterative Batch Phase: Max,3272,1,White,TRUE,59,FALSE,FALSE,4,black_female_low
3,Iterative Batch Phase: Min,3273,0,White,TRUE,42,FALSE,FALSE,2,white_female_low
100,Validation,3274,1,White,FALSE,25,TRUE,FALSE,6,black_male_low
100,Validation,3275,1,White,FALSE,35,FALSE,FALSE,6,black_male_low
13,Iterative Batch Phase: Min,3276,0,White,FALSE,61,FALSE,FALSE,6,black_male_low
0,Warmup,3277,1,Asian,FALSE,21,FALSE,FALSE,5,black_male_high
0,Warmup,3278,0,Two or More Races,FALSE,35,FALSE,FALSE,3,black_female_high
4,Iterative Batch Phase: Max,3279,0,White,FALSE,43,FALSE,FALSE,5,black_male_high
100,Validation,3280,1,White,TRUE,29,FALSE,FALSE,5,black_male_high
100,Validation,3281,1,White,TRUE,32,FALSE,FALSE,5,black_male_high
17,Iterative Batch Phase: Min,3282,1,White,FALSE,24,FALSE,FALSE,5,black_male_high
100,Validation,3283,1,White,TRUE,44,FALSE,FALSE,5,black_male_high
1,Iterative Batch Phase: Min,3284,0,Asian,FALSE,35,FALSE,FALSE,3,black_female_high
100,Validation,3285,1,White,FALSE,68,FALSE,FALSE,6,black_male_low
19,Iterative Batch Phase: Min,3286,0,Black or African American,FALSE,27,FALSE,FALSE,6,black_male_low
18,Iterative Batch Phase: Min,3287,1,White,TRUE,61,FALSE,FALSE,8,white_male_low
16,Iterative Batch Phase: Min,3288,0,White,TRUE,46,FALSE,FALSE,6,black_male_low
0,Warmup,3289,0,White,FALSE,60,FALSE,FALSE,7,white_male_high
1,Iterative Batch Phase: Min,3290,1,White,FALSE,56,FALSE,FALSE,4,black_female_low
0,Warmup,3291,0,White,FALSE,27,FALSE,FALSE,3,black_female_high
0,Warmup,3292,1,White,FALSE,36,FALSE,FALSE,4,black_female_low
4,Iterative Batch Phase: Min,3293,1,Two or More Races,FALSE,25,FALSE,FALSE,8,white_male_low
2,Iterative Batch Phase: Max,3294,0,White,FALSE,61,FALSE,FALSE,5,black_male_high
12,Iterative Batch Phase: Min,3295,0,Black or African American,FALSE,50,FALSE,FALSE,2,white_female_low
9,Iterative Batch Phase: Min,3296,0,Native Hawaiian or Other Pacific Islander,FALSE,32,TRUE,FALSE,4,black_female_low
19,Iterative Batch Phase: Min,3297,0,White,TRUE,35,TRUE,FALSE,4,black_female_low
12,Iterative Batch Phase: Min,3298,0,White,TRUE,61,FALSE,FALSE,4,black_female_low
11,Iterative Batch Phase: Min,3299,1,White,TRUE,41,FALSE,FALSE,4,black_female_low
19,Iterative Batch Phase: Min,3300,1,White,FALSE,62,FALSE,FALSE,5,black_male_high
100,Validation,3301,1,Black or African American,TRUE,46,FALSE,FALSE,5,black_male_high
12,Iterative Batch Phase: Min,3302,1,White,TRUE,43,FALSE,FALSE,4,black_female_low
2,Iterative Batch Phase: Max,3303,1,White,FALSE,45,TRUE,FALSE,5,black_male_high
100,Validation,3304,1,Asian,TRUE,28,FALSE,FALSE,5,black_male_high
3,Iterative Batch Phase: Min,3305,1,White,FALSE,38,FALSE,FALSE,6,black_male_low
100,Validation,3306,1,White,FALSE,33,FALSE,FALSE,6,black_male_low
19,Iterative Batch Phase: Min,3307,1,White,FALSE,37,FALSE,TRUE,4,black_female_low
100,Validation,3308,0,Black or African American,TRUE,25,FALSE,FALSE,6,black_male_low
1,Iterative Batch Phase: Max,3309,1,White,FALSE,49,FALSE,FALSE,5,black_male_high
0,Warmup,3310,0,White,FALSE,68,FALSE,FALSE,8,white_male_low
100,Validation,3311,0,White,FALSE,68,FALSE,FALSE,6,black_male_low
7,Iterative Batch Phase: Min,3312,1,Black or African American,TRUE,49,FALSE,FALSE,3,black_female_high
9,Iterative Batch Phase: Min,3313,1,White,TRUE,27,TRUE,FALSE,7,white_male_high
100,Validation,3314,1,White,FALSE,38,FALSE,FALSE,6,black_male_low
100,Validation,3315,1,White,FALSE,30,FALSE,FALSE,5,black_male_high
100,Validation,3316,1,Black or African American,FALSE,60,FALSE,FALSE,5,black_male_high
20,Iterative Batch Phase: Min,3317,0,White,FALSE,39,FALSE,FALSE,6,black_male_low
0,Warmup,3318,0,White,TRUE,51,FALSE,FALSE,3,black_female_high
100,Validation,3319,1,Black or African American,FALSE,28,FALSE,FALSE,6,black_male_low
100,Validation,3320,1,White,FALSE,31,FALSE,FALSE,6,black_male_low
0,Warmup,3321,1,Two or More Races,FALSE,36,FALSE,FALSE,7,white_male_high
100,Validation,3322,0,White,TRUE,58,FALSE,FALSE,5,black_male_high
100,Validation,3323,1,White,FALSE,34,FALSE,FALSE,6,black_male_low
100,Validation,3324,0,White,TRUE,21,TRUE,FALSE,6,black_male_low
3,Iterative Batch Phase: Min,3325,0,Black or African American,FALSE,34,FALSE,FALSE,6,black_male_low
0,Warmup,3326,1,White,TRUE,31,FALSE,FALSE,5,black_male_high
18,Iterative Batch Phase: Min,3327,1,White,TRUE,25,TRUE,FALSE,1,white_female_high
100,Validation,3328,1,Asian,FALSE,35,FALSE,FALSE,6,black_male_low
100,Validation,3329,1,White,TRUE,23,FALSE,FALSE,5,black_male_high
100,Validation,3330,1,Black or African American,FALSE,38,TRUE,FALSE,5,black_male_high
1,Iterative Batch Phase: Min,3331,1,Black or African American,FALSE,53,FALSE,FALSE,3,black_female_high
100,Validation,3332,1,White,TRUE,36,FALSE,FALSE,6,black_male_low
4,Iterative Batch Phase: Min,3333,1,White,FALSE,35,TRUE,FALSE,8,white_male_low
100,Validation,3334,1,White,TRUE,44,FALSE,FALSE,5,black_male_high
6,Iterative Batch Phase: Min,3335,1,White,FALSE,39,FALSE,FALSE,3,black_female_high
100,Validation,3336,1,Black or African American,TRUE,23,FALSE,FALSE,6,black_male_low
6,Iterative Batch Phase: Min,3337,0,White,FALSE,52,FALSE,FALSE,4,black_female_low
8,Iterative Batch Phase: Min,3338,1,White,FALSE,64,FALSE,FALSE,7,white_male_high
3,Iterative Batch Phase: Min,3339,1,White,FALSE,40,FALSE,FALSE,6,black_male_low
20,Iterative Batch Phase: Min,3340,0,White,TRUE,58,FALSE,FALSE,4,black_female_low
100,Validation,3341,1,White,TRUE,42,FALSE,FALSE,6,black_male_low
4,Iterative Batch Phase: Min,3342,0,White,FALSE,55,FALSE,FALSE,4,black_female_low
100,Validation,3343,1,Asian,TRUE,22,FALSE,FALSE,6,black_male_low
3,Iterative Batch Phase: Min,3344,1,White,FALSE,23,TRUE,FALSE,7,white_male_high
9,Iterative Batch Phase: Min,3345,1,White,FALSE,42,FALSE,FALSE,7,white_male_high
0,Warmup,3346,1,White,TRUE,22,FALSE,FALSE,2,white_female_low
100,Validation,3347,1,White,FALSE,37,FALSE,FALSE,6,black_male_low
100,Validation,3348,0,Two or More Races,TRUE,33,FALSE,FALSE,6,black_male_low
100,Validation,3349,1,White,TRUE,39,FALSE,FALSE,5,black_male_high
0,Warmup,3350,1,American Indian or Alaska Native,FALSE,32,FALSE,FALSE,1,white_female_high
10,Iterative Batch Phase: Min,3351,1,Two or More Races,FALSE,31,FALSE,FALSE,8,white_male_low
3,Iterative Batch Phase: Max,3352,1,White,FALSE,25,FALSE,TRUE,2,white_female_low
17,Iterative Batch Phase: Min,3353,0,Other,TRUE,22,TRUE,FALSE,6,black_male_low
16,Iterative Batch Phase: Min,3354,1,White,TRUE,54,FALSE,FALSE,6,black_male_low
17,Iterative Batch Phase: Min,3355,1,White,TRUE,30,FALSE,FALSE,7,white_male_high
100,Validation,3356,1,White,TRUE,47,FALSE,FALSE,5,black_male_high
20,Iterative Batch Phase: Min,3357,1,White,TRUE,35,FALSE,FALSE,6,black_male_low
100,Validation,3358,0,White,TRUE,53,FALSE,FALSE,6,black_male_low
100,Validation,3359,1,White,TRUE,51,FALSE,FALSE,5,black_male_high
19,Iterative Batch Phase: Min,3360,0,White,TRUE,59,FALSE,FALSE,6,black_male_low
15,Iterative Batch Phase: Min,3361,1,White,FALSE,25,FALSE,FALSE,4,black_female_low
100,Validation,3362,1,Asian,FALSE,29,FALSE,FALSE,6,black_male_low
4,Iterative Batch Phase: Min,3363,1,Two or More Races,TRUE,20,FALSE,FALSE,5,black_male_high
20,Iterative Batch Phase: Min,3364,1,White,FALSE,72,FALSE,FALSE,6,black_male_low
100,Validation,3365,1,White,TRUE,42,FALSE,FALSE,5,black_male_high
100,Validation,3366,1,White,FALSE,24,FALSE,FALSE,5,black_male_high
2,Iterative Batch Phase: Max,3367,1,White,FALSE,31,FALSE,FALSE,5,black_male_high
2,Iterative Batch Phase: Max,3368,1,Black or African American,FALSE,30,FALSE,FALSE,7,white_male_high
5,Iterative Batch Phase: Min,3369,1,White,TRUE,28,FALSE,FALSE,6,black_male_low
0,Warmup,3370,1,White,TRUE,23,TRUE,FALSE,2,white_female_low
100,Validation,3371,0,White,TRUE,42,FALSE,FALSE,5,black_male_high
6,Iterative Batch Phase: Min,3372,0,White,TRUE,36,FALSE,FALSE,7,white_male_high
16,Iterative Batch Phase: Min,3373,1,White,FALSE,48,FALSE,FALSE,8,white_male_low
12,Iterative Batch Phase: Min,3374,0,White,FALSE,35,FALSE,FALSE,4,black_female_low
19,Iterative Batch Phase: Min,3375,1,White,FALSE,37,FALSE,FALSE,3,black_female_high
2,Iterative Batch Phase: Max,3376,1,White,FALSE,49,FALSE,FALSE,5,black_male_high
1,Iterative Batch Phase: Max,3377,1,Asian,FALSE,37,FALSE,FALSE,2,white_female_low
4,Iterative Batch Phase: Min,3378,1,White,TRUE,29,FALSE,FALSE,8,white_male_low
1,Iterative Batch Phase: Min,3379,1,Asian,FALSE,28,FALSE,FALSE,4,black_female_low
13,Iterative Batch Phase: Min,3380,1,Black or African American,FALSE,30,FALSE,FALSE,8,white_male_low
2,Iterative Batch Phase: Max,3381,1,Asian,FALSE,20,FALSE,FALSE,5,black_male_high
3,Iterative Batch Phase: Max,3382,0,White,FALSE,35,FALSE,FALSE,5,black_male_high
100,Validation,3383,0,White,FALSE,41,TRUE,FALSE,6,black_male_low
0,Warmup,3384,1,Asian,FALSE,32,FALSE,FALSE,7,white_male_high
100,Validation,3385,1,White,FALSE,28,FALSE,FALSE,6,black_male_low
100,Validation,3386,1,White,FALSE,31,FALSE,FALSE,6,black_male_low
2,Iterative Batch Phase: Min,3387,1,Native Hawaiian or Other Pacific Islander,TRUE,36,FALSE,FALSE,1,white_female_high
5,Iterative Batch Phase: Min,3388,1,White,TRUE,28,FALSE,FALSE,6,black_male_low
0,Warmup,3389,1,White,TRUE,31,TRUE,FALSE,7,white_male_high
100,Validation,3390,1,White,TRUE,30,FALSE,FALSE,5,black_male_high
16,Iterative Batch Phase: Min,3391,1,White,TRUE,23,FALSE,FALSE,4,black_female_low
18,Iterative Batch Phase: Min,3392,0,Other,FALSE,49,TRUE,FALSE,6,black_male_low
100,Validation,3393,1,White,FALSE,26,FALSE,FALSE,5,black_male_high
100,Validation,3394,0,White,FALSE,58,FALSE,FALSE,5,black_male_high
100,Validation,3395,1,Black or African American,FALSE,31,FALSE,FALSE,5,black_male_high
100,Validation,3396,1,White,FALSE,24,TRUE,FALSE,5,black_male_high
8,Iterative Batch Phase: Min,3397,1,White,TRUE,33,FALSE,FALSE,4,black_female_low
3,Iterative Batch Phase: Max,3398,1,White,FALSE,41,TRUE,FALSE,5,black_male_high
19,Iterative Batch Phase: Min,3399,1,Black or African American,FALSE,52,FALSE,FALSE,8,white_male_low
0,Warmup,3400,1,White,FALSE,22,FALSE,FALSE,2,white_female_low
100,Validation,3401,1,White,TRUE,55,FALSE,FALSE,5,black_male_high
100,Validation,3402,1,White,TRUE,50,FALSE,FALSE,6,black_male_low
8,Iterative Batch Phase: Min,3403,1,White,FALSE,24,FALSE,FALSE,6,black_male_low
100,Validation,3404,1,White,FALSE,24,FALSE,FALSE,5,black_male_high
2,Iterative Batch Phase: Min,3405,1,White,TRUE,57,FALSE,FALSE,7,white_male_high
100,Validation,3406,0,Asian,TRUE,24,FALSE,FALSE,6,black_male_low
2,Iterative Batch Phase: Max,3407,1,White,TRUE,21,FALSE,FALSE,5,black_male_high
100,Validation,3408,1,White,TRUE,52,FALSE,FALSE,5,black_male_high
100,Validation,3409,1,White,FALSE,64,FALSE,FALSE,6,black_male_low
100,Validation,3410,0,White,FALSE,40,FALSE,FALSE,5,black_male_high
18,Iterative Batch Phase: Min,3411,1,Asian,FALSE,32,FALSE,FALSE,6,black_male_low
0,Warmup,3412,1,Black or African American,FALSE,29,FALSE,FALSE,5,black_male_high
9,Iterative Batch Phase: Min,3413,1,White,TRUE,40,FALSE,FALSE,5,black_male_high
3,Iterative Batch Phase: Max,3414,0,White,FALSE,30,FALSE,FALSE,5,black_male_high
6,Iterative Batch Phase: Min,3415,1,Black or African American,TRUE,57,FALSE,FALSE,6,black_male_low
100,Validation,3416,0,White,FALSE,50,FALSE,FALSE,6,black_male_low
100,Validation,3417,1,White,FALSE,30,FALSE,FALSE,6,black_male_low
100,Validation,3418,0,White,TRUE,31,FALSE,FALSE,5,black_male_high
100,Validation,3419,1,White,FALSE,61,FALSE,FALSE,6,black_male_low
100,Validation,3420,0,White,TRUE,51,FALSE,FALSE,6,black_male_low
3,Iterative Batch Phase: Max,3421,1,White,TRUE,29,TRUE,FALSE,5,black_male_high
1,Iterative Batch Phase: Max,3422,0,White,FALSE,31,FALSE,FALSE,2,white_female_low
12,Iterative Batch Phase: Min,3423,0,White,FALSE,48,FALSE,FALSE,6,black_male_low
17,Iterative Batch Phase: Min,3424,1,White,TRUE,33,FALSE,FALSE,6,black_male_low
100,Validation,3425,1,White,TRUE,53,FALSE,FALSE,5,black_male_high
100,Validation,3426,1,White,FALSE,32,FALSE,FALSE,5,black_male_high
100,Validation,3427,1,White,FALSE,37,FALSE,FALSE,6,black_male_low
0,Warmup,3428,1,White,TRUE,29,FALSE,FALSE,5,black_male_high
16,Iterative Batch Phase: Min,3429,1,Asian,FALSE,36,FALSE,FALSE,4,black_female_low
100,Validation,3430,0,Asian,TRUE,,FALSE,TRUE,6,black_male_low
100,Validation,3431,1,White,FALSE,61,FALSE,FALSE,5,black_male_high
16,Iterative Batch Phase: Min,3432,0,White,FALSE,25,FALSE,FALSE,6,black_male_low
19,Iterative Batch Phase: Min,3433,1,White,FALSE,56,FALSE,FALSE,6,black_male_low
100,Validation,3434,1,Asian,FALSE,20,FALSE,FALSE,6,black_male_low
17,Iterative Batch Phase: Min,3435,0,White,TRUE,39,FALSE,FALSE,6,black_male_low
100,Validation,3436,1,White,FALSE,27,FALSE,FALSE,6,black_male_low
100,Validation,3437,1,White,FALSE,25,FALSE,FALSE,5,black_male_high
100,Validation,3438,0,White,TRUE,52,FALSE,FALSE,5,black_male_high
1,Iterative Batch Phase: Max,3439,0,White,FALSE,49,FALSE,FALSE,6,black_male_low
6,Iterative Batch Phase: Min,3440,1,White,TRUE,61,FALSE,FALSE,6,black_male_low
3,Iterative Batch Phase: Max,3441,1,White,FALSE,32,FALSE,FALSE,5,black_male_high
19,Iterative Batch Phase: Min,3442,1,White,TRUE,23,FALSE,FALSE,5,black_male_high
100,Validation,3443,1,White,FALSE,42,FALSE,FALSE,5,black_male_high
15,Iterative Batch Phase: Min,3444,0,White,TRUE,65,FALSE,FALSE,5,black_male_high
3,Iterative Batch Phase: Max,3445,0,Two or More Races,TRUE,39,FALSE,FALSE,5,black_male_high
100,Validation,3446,0,White,TRUE,32,FALSE,FALSE,6,black_male_low
10,Iterative Batch Phase: Min,3447,1,White,FALSE,35,FALSE,FALSE,3,black_female_high
11,Iterative Batch Phase: Min,3448,0,White,FALSE,34,FALSE,FALSE,6,black_male_low
8,Iterative Batch Phase: Min,3449,1,White,FALSE,26,FALSE,FALSE,4,black_female_low
100,Validation,3450,0,Black or African American,TRUE,28,FALSE,FALSE,5,black_male_high
20,Iterative Batch Phase: Min,3451,0,White,FALSE,27,FALSE,FALSE,6,black_male_low
8,Iterative Batch Phase: Min,3452,1,Other,FALSE,33,FALSE,FALSE,4,black_female_low
18,Iterative Batch Phase: Min,3453,1,Asian,TRUE,18,FALSE,FALSE,6,black_male_low
100,Validation,3454,1,White,TRUE,40,FALSE,FALSE,6,black_male_low
100,Validation,3455,1,Asian,TRUE,24,FALSE,FALSE,5,black_male_high
100,Validation,3456,1,White,FALSE,32,TRUE,FALSE,5,black_male_high
14,Iterative Batch Phase: Min,3457,1,White,FALSE,59,FALSE,FALSE,7,white_male_high
15,Iterative Batch Phase: Min,3458,1,White,TRUE,69,FALSE,TRUE,4,black_female_low
0,Warmup,3459,1,White,FALSE,58,FALSE,FALSE,5,black_male_high
100,Validation,3460,1,White,TRUE,39,FALSE,FALSE,6,black_male_low
0,Warmup,3461,0,White,FALSE,59,FALSE,FALSE,4,black_female_low
9,Iterative Batch Phase: Min,3462,1,White,TRUE,42,FALSE,FALSE,7,white_male_high
100,Validation,3463,0,White,TRUE,20,FALSE,FALSE,5,black_male_high
100,Validation,3464,1,Black or African American,FALSE,29,TRUE,FALSE,5,black_male_high
100,Validation,3465,1,White,TRUE,24,FALSE,FALSE,5,black_male_high
14,Iterative Batch Phase: Min,3466,1,White,FALSE,41,FALSE,FALSE,4,black_female_low
13,Iterative Batch Phase: Min,3467,1,Black or African American,TRUE,29,FALSE,FALSE,6,black_male_low
15,Iterative Batch Phase: Min,3468,0,White,FALSE,39,FALSE,FALSE,4,black_female_low
18,Iterative Batch Phase: Min,3469,0,White,FALSE,29,FALSE,FALSE,4,black_female_low
3,Iterative Batch Phase: Max,3470,1,White,FALSE,51,FALSE,FALSE,5,black_male_high
8,Iterative Batch Phase: Min,3471,1,Asian,TRUE,27,FALSE,FALSE,6,black_male_low
12,Iterative Batch Phase: Min,3472,1,White,FALSE,58,FALSE,FALSE,3,black_female_high
0,Warmup,3473,1,White,FALSE,27,FALSE,FALSE,6,black_male_low
100,Validation,3474,1,White,FALSE,41,FALSE,FALSE,6,black_male_low
20,Iterative Batch Phase: Min,3475,1,White,TRUE,27,FALSE,FALSE,6,black_male_low
19,Iterative Batch Phase: Min,3476,1,White,TRUE,69,FALSE,FALSE,6,black_male_low
3,Iterative Batch Phase: Min,3477,1,White,TRUE,30,FALSE,FALSE,6,black_male_low
100,Validation,3478,1,White,FALSE,35,FALSE,FALSE,5,black_male_high
100,Validation,3479,1,White,TRUE,41,FALSE,FALSE,6,black_male_low
20,Iterative Batch Phase: Min,3480,0,White,TRUE,33,TRUE,FALSE,6,black_male_low
16,Iterative Batch Phase: Min,3481,1,White,TRUE,56,FALSE,FALSE,6,black_male_low
100,Validation,3482,1,White,TRUE,33,FALSE,FALSE,6,black_male_low
100,Validation,3483,1,White,FALSE,36,FALSE,FALSE,6,black_male_low
19,Iterative Batch Phase: Min,3484,1,White,FALSE,26,FALSE,FALSE,6,black_male_low
20,Iterative Batch Phase: Min,3485,0,White,FALSE,63,FALSE,FALSE,5,black_male_high
0,Warmup,3486,1,White,FALSE,20,FALSE,FALSE,5,black_male_high
8,Iterative Batch Phase: Min,3487,1,White,TRUE,30,FALSE,FALSE,3,black_female_high
9,Iterative Batch Phase: Min,3488,1,White,TRUE,52,FALSE,FALSE,7,white_male_high
15,Iterative Batch Phase: Min,3489,1,White,TRUE,35,TRUE,FALSE,4,black_female_low
0,Warmup,3490,1,Black or African American,TRUE,30,FALSE,FALSE,1,white_female_high
13,Iterative Batch Phase: Min,3491,1,Asian,TRUE,24,FALSE,FALSE,6,black_male_low
6,Iterative Batch Phase: Min,3492,1,White,TRUE,24,TRUE,FALSE,6,black_male_low
4,Iterative Batch Phase: Min,3493,1,White,FALSE,36,FALSE,FALSE,7,white_male_high
0,Warmup,3494,1,White,FALSE,32,FALSE,FALSE,5,black_male_high
100,Validation,3495,0,White,TRUE,56,FALSE,FALSE,6,black_male_low
17,Iterative Batch Phase: Min,3496,1,Black or African American,TRUE,36,FALSE,FALSE,5,black_male_high
100,Validation,3497,0,White,TRUE,63,FALSE,FALSE,6,black_male_low
100,Validation,3498,1,White,TRUE,51,FALSE,FALSE,5,black_male_high
9,Iterative Batch Phase: Min,3499,1,White,FALSE,25,TRUE,FALSE,7,white_male_high
100,Validation,3500,1,Two or More Races,TRUE,29,FALSE,FALSE,6,black_male_low
100,Validation,3501,1,White,TRUE,36,FALSE,FALSE,5,black_male_high
17,Iterative Batch Phase: Min,3502,0,White,FALSE,34,FALSE,FALSE,1,white_female_high
1,Iterative Batch Phase: Min,3503,1,Asian,FALSE,57,FALSE,FALSE,4,black_female_low
10,Iterative Batch Phase: Min,3504,0,White,FALSE,,FALSE,FALSE,6,black_male_low
100,Validation,3505,0,White,TRUE,42,FALSE,FALSE,6,black_male_low
100,Validation,3506,1,White,FALSE,24,FALSE,FALSE,5,black_male_high
0,Warmup,3507,1,White,FALSE,23,FALSE,FALSE,3,black_female_high
100,Validation,3508,1,Asian,FALSE,19,FALSE,FALSE,6,black_male_low
7,Iterative Batch Phase: Min,3509,1,White,FALSE,40,FALSE,FALSE,1,white_female_high
100,Validation,3510,1,Two or More Races,FALSE,30,TRUE,FALSE,5,black_male_high
100,Validation,3511,0,White,TRUE,44,FALSE,FALSE,6,black_male_low
100,Validation,3512,1,Black or African American,TRUE,37,FALSE,FALSE,5,black_male_high
100,Validation,3513,1,White,FALSE,24,TRUE,FALSE,6,black_male_low
100,Validation,3514,1,White,FALSE,43,FALSE,FALSE,6,black_male_low
100,Validation,3515,0,White,FALSE,30,FALSE,FALSE,5,black_male_high
3,Iterative Batch Phase: Max,3516,1,White,TRUE,26,FALSE,FALSE,5,black_male_high
5,Iterative Batch Phase: Min,3517,0,Asian,TRUE,33,FALSE,FALSE,6,black_male_low
100,Validation,3518,0,White,TRUE,19,FALSE,FALSE,6,black_male_low
100,Validation,3519,1,White,FALSE,23,FALSE,FALSE,6,black_male_low
100,Validation,3520,1,White,TRUE,39,FALSE,FALSE,6,black_male_low
1,Iterative Batch Phase: Min,3521,0,White,TRUE,41,FALSE,FALSE,4,black_female_low
11,Iterative Batch Phase: Min,3522,1,White,FALSE,52,FALSE,FALSE,6,black_male_low
100,Validation,3523,1,White,FALSE,31,FALSE,FALSE,5,black_male_high
100,Validation,3524,1,White,TRUE,26,FALSE,FALSE,5,black_male_high
9,Iterative Batch Phase: Min,3525,1,White,FALSE,30,FALSE,TRUE,7,white_male_high
100,Validation,3526,0,White,FALSE,44,FALSE,FALSE,5,black_male_high
8,Iterative Batch Phase: Min,3527,1,White,TRUE,62,FALSE,FALSE,3,black_female_high
100,Validation,3528,0,White,TRUE,51,FALSE,FALSE,5,black_male_high
12,Iterative Batch Phase: Min,3529,1,White,TRUE,52,FALSE,FALSE,6,black_male_low
100,Validation,3530,0,Two or More Races,TRUE,42,FALSE,FALSE,6,black_male_low
20,Iterative Batch Phase: Min,3531,1,White,FALSE,46,FALSE,FALSE,6,black_male_low
11,Iterative Batch Phase: Min,3532,0,White,FALSE,38,FALSE,FALSE,4,black_female_low
19,Iterative Batch Phase: Min,3533,0,Two or More Races,TRUE,52,FALSE,FALSE,6,black_male_low
15,Iterative Batch Phase: Min,3534,1,White,FALSE,44,FALSE,FALSE,4,black_female_low
100,Validation,3535,1,White,TRUE,37,FALSE,FALSE,5,black_male_high
11,Iterative Batch Phase: Min,3536,0,White,FALSE,56,FALSE,FALSE,4,black_female_low
100,Validation,3537,1,Asian,FALSE,25,FALSE,FALSE,6,black_male_low
8,Iterative Batch Phase: Min,3538,0,White,FALSE,26,FALSE,FALSE,3,black_female_high
16,Iterative Batch Phase: Min,3539,1,White,FALSE,45,FALSE,FALSE,4,black_female_low
100,Validation,3540,1,Other,TRUE,31,FALSE,FALSE,5,black_male_high
1,Iterative Batch Phase: Max,3541,1,Prefer not to disclose,TRUE,47,TRUE,TRUE,2,white_female_low
100,Validation,3542,0,White,TRUE,35,FALSE,FALSE,6,black_male_low
4,Iterative Batch Phase: Min,3543,1,White,TRUE,69,FALSE,FALSE,3,black_female_high
0,Warmup,3544,1,White,TRUE,56,FALSE,FALSE,6,black_male_low
4,Iterative Batch Phase: Max,3545,1,Asian,FALSE,22,FALSE,FALSE,5,black_male_high
5,Iterative Batch Phase: Min,3546,1,White,TRUE,51,FALSE,FALSE,6,black_male_low
17,Iterative Batch Phase: Min,3547,0,White,TRUE,21,FALSE,FALSE,6,black_male_low
100,Validation,3548,1,Two or More Races,TRUE,34,FALSE,FALSE,5,black_male_high
8,Iterative Batch Phase: Min,3549,1,White,TRUE,26,TRUE,FALSE,6,black_male_low
100,Validation,3550,1,White,TRUE,26,FALSE,FALSE,5,black_male_high
10,Iterative Batch Phase: Min,3551,1,Asian,FALSE,29,FALSE,FALSE,3,black_female_high
100,Validation,3552,1,White,FALSE,47,FALSE,FALSE,6,black_male_low
2,Iterative Batch Phase: Max,3553,1,White,FALSE,48,FALSE,FALSE,2,white_female_low
11,Iterative Batch Phase: Min,3554,0,Asian,TRUE,22,FALSE,FALSE,3,black_female_high
100,Validation,3555,0,White,TRUE,35,FALSE,FALSE,6,black_male_low
16,Iterative Batch Phase: Min,3556,1,Asian,FALSE,32,FALSE,FALSE,6,black_male_low
17,Iterative Batch Phase: Min,3557,1,White,FALSE,47,FALSE,FALSE,6,black_male_low
7,Iterative Batch Phase: Min,3558,1,White,TRUE,41,FALSE,FALSE,3,black_female_high
100,Validation,3559,1,White,FALSE,46,FALSE,FALSE,6,black_male_low
100,Validation,3560,0,White,FALSE,27,FALSE,FALSE,6,black_male_low
100,Validation,3561,1,Black or African American,FALSE,23,FALSE,FALSE,6,black_male_low
5,Iterative Batch Phase: Min,3562,1,White,FALSE,35,TRUE,FALSE,6,black_male_low
2,Iterative Batch Phase: Max,3563,1,White,FALSE,38,FALSE,FALSE,5,black_male_high
4,Iterative Batch Phase: Max,3564,1,White,FALSE,53,FALSE,FALSE,6,black_male_low
14,Iterative Batch Phase: Min,3565,1,White,FALSE,60,FALSE,FALSE,5,black_male_high
18,Iterative Batch Phase: Min,3566,0,Asian,FALSE,25,FALSE,FALSE,6,black_male_low
20,Iterative Batch Phase: Min,3567,1,White,TRUE,25,FALSE,FALSE,4,black_female_low
15,Iterative Batch Phase: Min,3568,0,White,TRUE,32,FALSE,FALSE,4,black_female_low
100,Validation,3569,0,White,TRUE,62,FALSE,FALSE,5,black_male_high
100,Validation,3570,1,White,TRUE,23,FALSE,FALSE,6,black_male_low
10,Iterative Batch Phase: Min,3571,1,Prefer not to disclose,FALSE,,FALSE,TRUE,4,black_female_low
6,Iterative Batch Phase: Min,3572,1,Prefer not to disclose,TRUE,40,FALSE,TRUE,7,white_male_high
100,Validation,3573,1,White,TRUE,48,FALSE,FALSE,5,black_male_high
100,Validation,3574,0,White,TRUE,30,FALSE,FALSE,6,black_male_low
100,Validation,3575,0,Two or More Races,TRUE,40,FALSE,FALSE,6,black_male_low
0,Warmup,3576,1,White,TRUE,25,FALSE,FALSE,8,white_male_low
6,Iterative Batch Phase: Min,3577,1,White,TRUE,28,TRUE,FALSE,6,black_male_low
100,Validation,3578,1,White,TRUE,32,FALSE,FALSE,6,black_male_low
100,Validation,3579,1,White,TRUE,42,FALSE,FALSE,5,black_male_high
100,Validation,3580,1,Black or African American,TRUE,61,FALSE,FALSE,6,black_male_low
9,Iterative Batch Phase: Min,3581,1,Black or African American,FALSE,19,TRUE,FALSE,7,white_male_high
100,Validation,3582,1,Asian,FALSE,26,FALSE,FALSE,5,black_male_high
100,Validation,3583,1,White,FALSE,29,FALSE,FALSE,6,black_male_low
100,Validation,3584,0,White,FALSE,19,FALSE,FALSE,6,black_male_low
4,Iterative Batch Phase: Min,3585,1,White,TRUE,45,FALSE,FALSE,6,black_male_low
100,Validation,3586,0,White,FALSE,70,FALSE,FALSE,6,black_male_low
100,Validation,3587,1,White,TRUE,25,FALSE,FALSE,6,black_male_low
12,Iterative Batch Phase: Min,3588,1,White,FALSE,44,TRUE,FALSE,2,white_female_low
100,Validation,3589,1,White,FALSE,39,FALSE,FALSE,6,black_male_low
100,Validation,3590,1,White,TRUE,57,FALSE,FALSE,5,black_male_high
100,Validation,3591,0,Black or African American,TRUE,30,FALSE,FALSE,6,black_male_low
4,Iterative Batch Phase: Max,3592,1,White,TRUE,56,FALSE,FALSE,8,white_male_low
18,Iterative Batch Phase: Min,3593,1,White,TRUE,28,FALSE,FALSE,8,white_male_low
100,Validation,3594,0,Black or African American,TRUE,55,FALSE,FALSE,6,black_male_low
100,Validation,3595,1,American Indian or Alaska Native,FALSE,30,TRUE,FALSE,5,black_male_high
100,Validation,3596,0,White,TRUE,58,FALSE,FALSE,5,black_male_high
100,Validation,3597,0,White,TRUE,38,FALSE,FALSE,5,black_male_high
0,Warmup,3598,0,White,TRUE,23,FALSE,FALSE,6,black_male_low
19,Iterative Batch Phase: Min,3599,1,White,TRUE,40,FALSE,FALSE,6,black_male_low
100,Validation,3600,0,White,TRUE,61,FALSE,FALSE,5,black_male_high
100,Validation,3601,0,White,FALSE,50,FALSE,FALSE,5,black_male_high
1,Iterative Batch Phase: Max,3602,1,White,TRUE,31,FALSE,FALSE,6,black_male_low
2,Iterative Batch Phase: Min,3603,1,Prefer not to disclose,FALSE,26,TRUE,TRUE,6,black_male_low
12,Iterative Batch Phase: Min,3604,0,White,FALSE,58,FALSE,FALSE,2,white_female_low
100,Validation,3605,1,Two or More Races,TRUE,19,FALSE,FALSE,5,black_male_high
9,Iterative Batch Phase: Min,3606,0,White,TRUE,76,FALSE,FALSE,6,black_male_low
12,Iterative Batch Phase: Min,3607,0,Black or African American,TRUE,26,FALSE,FALSE,6,black_male_low
17,Iterative Batch Phase: Min,3608,0,Two or More Races,FALSE,31,FALSE,FALSE,6,black_male_low
6,Iterative Batch Phase: Min,3609,1,White,FALSE,32,TRUE,FALSE,2,white_female_low
6,Iterative Batch Phase: Min,3610,1,White,TRUE,42,FALSE,FALSE,3,black_female_high
0,Warmup,3611,1,White,FALSE,54,FALSE,FALSE,4,black_female_low
15,Iterative Batch Phase: Min,3612,1,White,TRUE,36,FALSE,FALSE,8,white_male_low
2,Iterative Batch Phase: Max,3613,1,White,FALSE,52,FALSE,FALSE,6,black_male_low
0,Warmup,3614,1,Prefer not to disclose,TRUE,37,FALSE,TRUE,8,white_male_low
5,Iterative Batch Phase: Min,3615,1,White,FALSE,56,FALSE,FALSE,3,black_female_high
100,Validation,3616,1,White,TRUE,37,TRUE,FALSE,6,black_male_low
17,Iterative Batch Phase: Min,3617,0,Asian,FALSE,19,FALSE,FALSE,3,black_female_high
1,Iterative Batch Phase: Min,3618,1,White,TRUE,30,FALSE,FALSE,4,black_female_low
2,Iterative Batch Phase: Min,3619,1,White,FALSE,32,FALSE,FALSE,3,black_female_high
11,Iterative Batch Phase: Min,3620,1,White,TRUE,48,TRUE,FALSE,5,black_male_high
1,Iterative Batch Phase: Min,3621,1,Other,FALSE,55,FALSE,FALSE,7,white_male_high
13,Iterative Batch Phase: Min,3622,1,White,FALSE,45,FALSE,FALSE,2,white_female_low
100,Validation,3623,1,Two or More Races,FALSE,41,FALSE,FALSE,6,black_male_low
4,Iterative Batch Phase: Max,3624,1,White,FALSE,35,TRUE,FALSE,5,black_male_high
5,Iterative Batch Phase: Min,3625,1,Other,FALSE,22,TRUE,FALSE,6,black_male_low
3,Iterative Batch Phase: Max,3626,0,White,TRUE,29,FALSE,FALSE,5,black_male_high
4,Iterative Batch Phase: Min,3627,1,Black or African American,TRUE,20,FALSE,FALSE,2,white_female_low
8,Iterative Batch Phase: Min,3628,1,White,FALSE,38,FALSE,FALSE,6,black_male_low
100,Validation,3629,0,White,TRUE,61,FALSE,FALSE,5,black_male_high
100,Validation,3630,1,Two or More Races,TRUE,30,FALSE,FALSE,5,black_male_high
100,Validation,3631,0,Asian,FALSE,47,FALSE,FALSE,6,black_male_low
0,Warmup,3632,1,White,TRUE,47,FALSE,FALSE,3,black_female_high
18,Iterative Batch Phase: Min,3633,1,White,TRUE,42,FALSE,FALSE,6,black_male_low
17,Iterative Batch Phase: Min,3634,1,White,TRUE,38,FALSE,FALSE,4,black_female_low
1,Iterative Batch Phase: Max,3635,1,Other,TRUE,43,FALSE,FALSE,5,black_male_high
2,Iterative Batch Phase: Max,3636,1,White,TRUE,60,FALSE,FALSE,4,black_female_low
0,Warmup,3637,1,Black or African American,TRUE,43,FALSE,FALSE,3,black_female_high
5,Iterative Batch Phase: Min,3638,1,Asian,TRUE,31,FALSE,FALSE,6,black_male_low
7,Iterative Batch Phase: Min,3639,0,White,FALSE,70,FALSE,FALSE,3,black_female_high
100,Validation,3640,1,White,TRUE,43,TRUE,FALSE,5,black_male_high
0,Warmup,3641,0,White,TRUE,46,FALSE,FALSE,7,white_male_high
0,Warmup,3642,0,White,TRUE,37,FALSE,FALSE,8,white_male_low
0,Warmup,3643,0,White,TRUE,36,FALSE,FALSE,1,white_female_high
100,Validation,3644,0,White,FALSE,59,FALSE,FALSE,5,black_male_high
100,Validation,3645,1,Black or African American,TRUE,19,FALSE,FALSE,6,black_male_low
2,Iterative Batch Phase: Min,3646,0,Black or African American,TRUE,52,FALSE,FALSE,6,black_male_low
7,Iterative Batch Phase: Min,3647,0,White,FALSE,48,FALSE,FALSE,7,white_male_high
20,Iterative Batch Phase: Min,3648,1,White,TRUE,76,FALSE,FALSE,6,black_male_low
100,Validation,3649,1,Asian,FALSE,37,FALSE,FALSE,5,black_male_high
14,Iterative Batch Phase: Min,3650,1,Asian,FALSE,27,FALSE,FALSE,4,black_female_low
4,Iterative Batch Phase: Max,3651,1,Asian,FALSE,37,FALSE,FALSE,5,black_male_high
100,Validation,3652,1,White,TRUE,67,FALSE,FALSE,6,black_male_low
0,Warmup,3653,1,White,FALSE,37,FALSE,FALSE,5,black_male_high
100,Validation,3654,0,American Indian or Alaska Native,TRUE,29,TRUE,FALSE,6,black_male_low
100,Validation,3655,1,Asian,TRUE,43,FALSE,FALSE,6,black_male_low
100,Validation,3656,0,White,TRUE,67,FALSE,FALSE,5,black_male_high
100,Validation,3657,1,White,FALSE,35,FALSE,FALSE,5,black_male_high
0,Warmup,3658,1,White,TRUE,57,FALSE,FALSE,5,black_male_high
5,Iterative Batch Phase: Min,3659,1,Other,FALSE,30,TRUE,FALSE,6,black_male_low
0,Warmup,3660,1,White,TRUE,,FALSE,FALSE,5,black_male_high
100,Validation,3661,1,White,TRUE,23,FALSE,FALSE,5,black_male_high
100,Validation,3662,1,White,FALSE,49,FALSE,FALSE,6,black_male_low
0,Warmup,3663,1,White,TRUE,44,FALSE,FALSE,6,black_male_low
100,Validation,3664,1,White,TRUE,37,FALSE,FALSE,6,black_male_low
100,Validation,3665,1,White,FALSE,35,TRUE,FALSE,6,black_male_low
8,Iterative Batch Phase: Min,3666,1,Black or African American,FALSE,42,FALSE,FALSE,6,black_male_low
100,Validation,3667,1,White,FALSE,43,FALSE,FALSE,6,black_male_low
100,Validation,3668,1,Black or African American,FALSE,37,TRUE,FALSE,5,black_male_high
100,Validation,3669,1,White,FALSE,40,FALSE,FALSE,5,black_male_high
1,Iterative Batch Phase: Min,3670,1,White,FALSE,30,FALSE,FALSE,3,black_female_high
4,Iterative Batch Phase: Min,3671,1,White,TRUE,26,FALSE,FALSE,8,white_male_low
2,Iterative Batch Phase: Min,3672,1,White,TRUE,33,FALSE,FALSE,7,white_male_high
16,Iterative Batch Phase: Min,3673,1,Asian,TRUE,37,FALSE,FALSE,6,black_male_low
100,Validation,3674,1,Asian,FALSE,23,FALSE,TRUE,5,black_male_high
100,Validation,3675,0,White,FALSE,38,FALSE,FALSE,5,black_male_high
0,Warmup,3676,0,White,TRUE,70,FALSE,FALSE,4,black_female_low
100,Validation,3677,1,Black or African American,FALSE,34,FALSE,FALSE,6,black_male_low
100,Validation,3678,1,White,FALSE,46,FALSE,FALSE,5,black_male_high
13,Iterative Batch Phase: Min,3679,1,Prefer not to disclose,FALSE,,FALSE,TRUE,4,black_female_low
3,Iterative Batch Phase: Max,3680,1,Asian,FALSE,30,FALSE,FALSE,2,white_female_low
14,Iterative Batch Phase: Min,3681,1,White,TRUE,30,FALSE,FALSE,4,black_female_low
18,Iterative Batch Phase: Min,3682,1,Black or African American,TRUE,60,FALSE,FALSE,4,black_female_low
11,Iterative Batch Phase: Min,3683,1,White,TRUE,22,FALSE,FALSE,7,white_male_high
3,Iterative Batch Phase: Min,3684,1,Other,FALSE,38,TRUE,FALSE,2,white_female_low
4,Iterative Batch Phase: Min,3685,1,Asian,FALSE,19,FALSE,FALSE,4,black_female_low
0,Warmup,3686,1,Black or African American,TRUE,32,FALSE,FALSE,6,black_male_low
14,Iterative Batch Phase: Min,3687,1,White,TRUE,38,FALSE,FALSE,4,black_female_low
100,Validation,3688,1,White,TRUE,24,FALSE,FALSE,5,black_male_high
100,Validation,3689,1,White,FALSE,54,FALSE,FALSE,5,black_male_high
100,Validation,3690,1,White,TRUE,45,FALSE,FALSE,6,black_male_low
100,Validation,3691,1,Asian,TRUE,21,FALSE,FALSE,6,black_male_low
100,Validation,3692,1,White,FALSE,36,FALSE,FALSE,6,black_male_low
18,Iterative Batch Phase: Min,3693,1,White,FALSE,30,FALSE,FALSE,6,black_male_low
4,Iterative Batch Phase: Max,3694,1,Black or African American,TRUE,44,FALSE,FALSE,7,white_male_high
16,Iterative Batch Phase: Min,3695,0,Black or African American,FALSE,33,FALSE,FALSE,6,black_male_low
13,Iterative Batch Phase: Min,3696,1,Black or African American,FALSE,43,FALSE,FALSE,4,black_female_low
0,Warmup,3697,1,White,FALSE,27,FALSE,FALSE,3,black_female_high
1,Iterative Batch Phase: Max,3698,1,White,FALSE,50,FALSE,FALSE,6,black_male_low
100,Validation,3699,1,White,TRUE,23,FALSE,FALSE,5,black_male_high
100,Validation,3700,1,Asian,TRUE,48,FALSE,FALSE,6,black_male_low
15,Iterative Batch Phase: Min,3701,0,White,FALSE,70,FALSE,FALSE,4,black_female_low
0,Warmup,3702,0,White,TRUE,21,FALSE,FALSE,3,black_female_high
100,Validation,3703,1,White,TRUE,36,FALSE,FALSE,5,black_male_high
8,Iterative Batch Phase: Min,3704,1,White,TRUE,44,FALSE,FALSE,6,black_male_low
0,Warmup,3705,1,White,TRUE,73,FALSE,FALSE,5,black_male_high
1,Iterative Batch Phase: Max,3706,0,White,TRUE,37,FALSE,FALSE,2,white_female_low
0,Warmup,3707,1,White,TRUE,24,FALSE,FALSE,5,black_male_high
8,Iterative Batch Phase: Min,3708,1,White,FALSE,41,FALSE,FALSE,5,black_male_high
100,Validation,3709,1,White,TRUE,33,FALSE,FALSE,5,black_male_high
100,Validation,3710,1,White,FALSE,43,FALSE,FALSE,6,black_male_low
0,Warmup,3711,1,White,TRUE,41,FALSE,FALSE,8,white_male_low
0,Warmup,3712,1,White,TRUE,27,FALSE,FALSE,6,black_male_low
15,Iterative Batch Phase: Min,3713,1,White,FALSE,27,FALSE,FALSE,4,black_female_low
100,Validation,3714,1,White,TRUE,44,FALSE,FALSE,6,black_male_low
10,Iterative Batch Phase: Min,3715,1,White,FALSE,49,FALSE,FALSE,7,white_male_high
12,Iterative Batch Phase: Min,3716,1,White,FALSE,35,FALSE,FALSE,5,black_male_high
100,Validation,3717,1,White,FALSE,43,FALSE,FALSE,5,black_male_high
4,Iterative Batch Phase: Max,3718,1,Asian,FALSE,43,FALSE,FALSE,5,black_male_high
1,Iterative Batch Phase: Max,3719,1,White,TRUE,32,FALSE,FALSE,5,black_male_high
100,Validation,3720,1,White,TRUE,30,FALSE,FALSE,5,black_male_high
11,Iterative Batch Phase: Min,3721,1,Black or African American,FALSE,26,FALSE,FALSE,5,black_male_high
7,Iterative Batch Phase: Min,3722,1,White,FALSE,61,FALSE,FALSE,1,white_female_high
3,Iterative Batch Phase: Min,3723,1,White,FALSE,26,FALSE,FALSE,6,black_male_low
100,Validation,3724,1,White,TRUE,28,FALSE,FALSE,5,black_male_high
100,Validation,3725,0,White,TRUE,43,FALSE,FALSE,5,black_male_high
100,Validation,3726,0,Asian,FALSE,27,FALSE,FALSE,5,black_male_high
100,Validation,3727,1,White,TRUE,35,FALSE,FALSE,5,black_male_high
16,Iterative Batch Phase: Min,3728,1,White,TRUE,52,FALSE,FALSE,4,black_female_low
100,Validation,3729,1,White,TRUE,68,FALSE,FALSE,5,black_male_high
100,Validation,3730,1,White,TRUE,23,FALSE,FALSE,5,black_male_high
2,Iterative Batch Phase: Max,3731,1,White,TRUE,35,FALSE,FALSE,5,black_male_high
19,Iterative Batch Phase: Min,3732,0,Black or African American,FALSE,25,FALSE,FALSE,3,black_female_high
19,Iterative Batch Phase: Min,3733,0,White,TRUE,37,FALSE,FALSE,4,black_female_low
9,Iterative Batch Phase: Min,3734,1,White,FALSE,32,FALSE,FALSE,6,black_male_low
100,Validation,3735,0,White,FALSE,36,FALSE,FALSE,6,black_male_low
18,Iterative Batch Phase: Min,3736,0,White,FALSE,35,FALSE,FALSE,6,black_male_low
2,Iterative Batch Phase: Min,3737,1,Black or African American,TRUE,37,FALSE,FALSE,2,white_female_low
9,Iterative Batch Phase: Min,3738,1,White,TRUE,26,TRUE,FALSE,3,black_female_high
100,Validation,3739,1,White,TRUE,29,FALSE,FALSE,5,black_male_high
100,Validation,3740,1,White,FALSE,37,FALSE,FALSE,5,black_male_high
100,Validation,3741,1,Asian,TRUE,25,FALSE,FALSE,6,black_male_low
100,Validation,3742,1,Black or African American,TRUE,48,FALSE,FALSE,5,black_male_high
20,Iterative Batch Phase: Min,3743,1,White,FALSE,47,TRUE,FALSE,6,black_male_low
100,Validation,3744,1,White,TRUE,31,FALSE,FALSE,5,black_male_high
14,Iterative Batch Phase: Min,3745,1,White,FALSE,75,FALSE,FALSE,4,black_female_low
5,Iterative Batch Phase: Min,3746,1,White,TRUE,23,FALSE,FALSE,6,black_male_low
100,Validation,3747,0,White,TRUE,20,FALSE,FALSE,5,black_male_high
100,Validation,3748,1,White,TRUE,31,FALSE,FALSE,6,black_male_low
100,Validation,3749,1,Other,FALSE,23,TRUE,FALSE,5,black_male_high
100,Validation,3750,1,White,TRUE,39,FALSE,FALSE,5,black_male_high
1,Iterative Batch Phase: Min,3751,1,White,TRUE,68,FALSE,FALSE,1,white_female_high
9,Iterative Batch Phase: Min,3752,1,Black or African American,FALSE,44,FALSE,FALSE,3,black_female_high
1,Iterative Batch Phase: Min,3753,1,White,FALSE,39,FALSE,FALSE,4,black_female_low
100,Validation,3754,1,Two or More Races,TRUE,29,TRUE,FALSE,5,black_male_high
20,Iterative Batch Phase: Min,3755,1,White,TRUE,32,FALSE,FALSE,6,black_male_low
12,Iterative Batch Phase: Min,3756,1,Black or African American,TRUE,73,TRUE,FALSE,6,black_male_low
17,Iterative Batch Phase: Min,3757,1,White,FALSE,34,FALSE,FALSE,5,black_male_high
100,Validation,3758,0,Two or More Races,FALSE,41,FALSE,FALSE,5,black_male_high
100,Validation,3759,0,White,TRUE,33,FALSE,FALSE,5,black_male_high
17,Iterative Batch Phase: Min,3760,0,White,FALSE,53,FALSE,FALSE,4,black_female_low
19,Iterative Batch Phase: Min,3761,1,American Indian or Alaska Native,TRUE,53,FALSE,FALSE,6,black_male_low
3,Iterative Batch Phase: Min,3762,1,White,TRUE,56,FALSE,FALSE,6,black_male_low
17,Iterative Batch Phase: Min,3763,1,Two or More Races,TRUE,27,FALSE,FALSE,6,black_male_low
15,Iterative Batch Phase: Min,3764,0,White,FALSE,42,FALSE,FALSE,4,black_female_low
100,Validation,3765,1,Asian,FALSE,23,FALSE,FALSE,6,black_male_low
2,Iterative Batch Phase: Max,3766,1,White,FALSE,29,FALSE,TRUE,5,black_male_high
13,Iterative Batch Phase: Min,3767,1,Black or African American,TRUE,26,FALSE,FALSE,4,black_female_low
100,Validation,3768,1,Other,TRUE,22,TRUE,FALSE,6,black_male_low
100,Validation,3769,1,White,TRUE,47,FALSE,FALSE,5,black_male_high
100,Validation,3770,0,White,TRUE,36,FALSE,FALSE,5,black_male_high
15,Iterative Batch Phase: Min,3771,1,White,FALSE,31,FALSE,FALSE,3,black_female_high
100,Validation,3772,1,White,TRUE,37,FALSE,FALSE,5,black_male_high
100,Validation,3773,1,Asian,TRUE,24,FALSE,FALSE,5,black_male_high
100,Validation,3774,1,Black or African American,TRUE,32,FALSE,FALSE,6,black_male_low
15,Iterative Batch Phase: Min,3775,1,Two or More Races,TRUE,33,FALSE,FALSE,5,black_male_high
4,Iterative Batch Phase: Min,3776,0,White,TRUE,56,FALSE,FALSE,8,white_male_low
20,Iterative Batch Phase: Min,3777,1,White,TRUE,51,FALSE,FALSE,6,black_male_low
100,Validation,3778,0,White,FALSE,38,FALSE,FALSE,5,black_male_high
20,Iterative Batch Phase: Min,3779,1,White,TRUE,50,TRUE,FALSE,5,black_male_high
100,Validation,3780,1,Black or African American,TRUE,34,FALSE,FALSE,6,black_male_low
4,Iterative Batch Phase: Max,3781,1,White,FALSE,36,FALSE,FALSE,5,black_male_high
4,Iterative Batch Phase: Min,3782,1,Asian,TRUE,23,FALSE,FALSE,2,white_female_low
1,Iterative Batch Phase: Min,3783,1,White,TRUE,24,FALSE,FALSE,7,white_male_high
2,Iterative Batch Phase: Max,3784,1,White,TRUE,28,FALSE,FALSE,5,black_male_high
0,Warmup,3785,1,White,TRUE,29,FALSE,FALSE,5,black_male_high
0,Warmup,3786,0,White,TRUE,26,FALSE,FALSE,1,white_female_high
3,Iterative Batch Phase: Min,3787,1,Two or More Races,FALSE,32,FALSE,FALSE,6,black_male_low
0,Warmup,3788,1,White,FALSE,30,FALSE,FALSE,5,black_male_high
19,Iterative Batch Phase: Min,3789,1,White,TRUE,33,FALSE,FALSE,6,black_male_low
100,Validation,3790,1,White,TRUE,32,FALSE,FALSE,5,black_male_high
0,Warmup,3791,1,White,TRUE,21,FALSE,FALSE,2,white_female_low
4,Iterative Batch Phase: Max,3792,1,White,TRUE,29,FALSE,FALSE,5,black_male_high
100,Validation,3793,1,White,TRUE,35,FALSE,FALSE,5,black_male_high
7,Iterative Batch Phase: Min,3794,1,White,FALSE,30,FALSE,FALSE,2,white_female_low
19,Iterative Batch Phase: Min,3795,1,White,FALSE,61,FALSE,FALSE,5,black_male_high
100,Validation,3796,1,White,FALSE,26,FALSE,FALSE,6,black_male_low
0,Warmup,3797,1,White,TRUE,26,FALSE,FALSE,4,black_female_low
1,Iterative Batch Phase: Min,3798,1,White,FALSE,31,FALSE,FALSE,3,black_female_high
2,Iterative Batch Phase: Max,3799,1,White,FALSE,20,TRUE,FALSE,1,white_female_high
6,Iterative Batch Phase: Min,3800,1,Asian,FALSE,28,FALSE,FALSE,5,black_male_high
100,Validation,3801,0,White,TRUE,61,FALSE,FALSE,6,black_male_low
100,Validation,3802,1,White,TRUE,21,TRUE,FALSE,6,black_male_low
13,Iterative Batch Phase: Min,3803,0,White,FALSE,41,FALSE,FALSE,6,black_male_low
2,Iterative Batch Phase: Min,3804,1,White,FALSE,42,FALSE,FALSE,1,white_female_high
0,Warmup,3805,1,Black or African American,TRUE,32,FALSE,FALSE,6,black_male_low
0,Warmup,3806,1,White,TRUE,32,FALSE,FALSE,1,white_female_high
100,Validation,3807,1,Other,TRUE,36,TRUE,FALSE,5,black_male_high
0,Warmup,3808,0,Black or African American,TRUE,43,FALSE,FALSE,1,white_female_high
11,Iterative Batch Phase: Min,3809,1,White,TRUE,46,FALSE,FALSE,8,white_male_low
14,Iterative Batch Phase: Min,3810,1,White,FALSE,71,FALSE,FALSE,4,black_female_low
13,Iterative Batch Phase: Min,3811,0,White,FALSE,23,FALSE,FALSE,6,black_male_low
1,Iterative Batch Phase: Min,3812,1,Black or African American,FALSE,37,FALSE,FALSE,4,black_female_low
3,Iterative Batch Phase: Min,3813,1,Asian,FALSE,35,FALSE,FALSE,6,black_male_low
20,Iterative Batch Phase: Min,3814,1,White,TRUE,59,FALSE,FALSE,4,black_female_low
100,Validation,3815,1,White,TRUE,53,FALSE,FALSE,6,black_male_low
10,Iterative Batch Phase: Min,3816,1,White,FALSE,56,FALSE,FALSE,1,white_female_high
100,Validation,3817,1,White,TRUE,39,FALSE,FALSE,6,black_male_low
7,Iterative Batch Phase: Min,3818,1,White,FALSE,52,FALSE,FALSE,4,black_female_low
100,Validation,3819,1,Black or African American,FALSE,28,FALSE,FALSE,6,black_male_low
0,Warmup,3820,0,White,TRUE,40,FALSE,FALSE,8,white_male_low
100,Validation,3821,0,Asian,TRUE,27,FALSE,FALSE,6,black_male_low
9,Iterative Batch Phase: Min,3822,0,White,FALSE,42,FALSE,FALSE,7,white_male_high
0,Warmup,3823,1,Other,TRUE,60,FALSE,FALSE,4,black_female_low
0,Warmup,3824,1,White,FALSE,41,FALSE,FALSE,4,black_female_low
100,Validation,3825,1,White,TRUE,64,FALSE,FALSE,5,black_male_high
7,Iterative Batch Phase: Min,3826,1,White,TRUE,31,FALSE,FALSE,6,black_male_low
13,Iterative Batch Phase: Min,3827,0,Asian,TRUE,21,FALSE,FALSE,1,white_female_high
5,Iterative Batch Phase: Min,3828,0,White,FALSE,45,FALSE,FALSE,6,black_male_low
100,Validation,3829,1,Two or More Races,FALSE,45,FALSE,FALSE,5,black_male_high
100,Validation,3830,1,Asian,TRUE,18,FALSE,FALSE,5,black_male_high
4,Iterative Batch Phase: Min,3831,0,White,TRUE,59,FALSE,FALSE,5,black_male_high
100,Validation,3832,1,Asian,FALSE,30,FALSE,FALSE,6,black_male_low
19,Iterative Batch Phase: Min,3833,1,White,FALSE,27,FALSE,FALSE,6,black_male_low
100,Validation,3834,1,White,TRUE,30,FALSE,FALSE,5,black_male_high
2,Iterative Batch Phase: Min,3835,1,White,TRUE,31,FALSE,FALSE,6,black_male_low
9,Iterative Batch Phase: Min,3836,1,Asian,FALSE,42,FALSE,FALSE,7,white_male_high
100,Validation,3837,1,White,TRUE,23,FALSE,FALSE,6,black_male_low
13,Iterative Batch Phase: Min,3838,1,White,TRUE,44,FALSE,FALSE,6,black_male_low
13,Iterative Batch Phase: Min,3839,0,White,FALSE,35,FALSE,FALSE,4,black_female_low
12,Iterative Batch Phase: Min,3840,1,Black or African American,TRUE,30,FALSE,FALSE,6,black_male_low
100,Validation,3841,0,White,TRUE,52,FALSE,FALSE,5,black_male_high
100,Validation,3842,1,White,TRUE,38,FALSE,FALSE,6,black_male_low
2,Iterative Batch Phase: Min,3843,1,White,TRUE,46,FALSE,FALSE,2,white_female_low
100,Validation,3844,0,White,TRUE,35,FALSE,FALSE,5,black_male_high
100,Validation,3845,1,White,FALSE,54,FALSE,FALSE,5,black_male_high
100,Validation,3846,0,White,TRUE,54,FALSE,FALSE,5,black_male_high
9,Iterative Batch Phase: Min,3847,1,White,FALSE,66,FALSE,FALSE,3,black_female_high
0,Warmup,3848,1,White,TRUE,26,TRUE,FALSE,4,black_female_low
100,Validation,3849,1,White,TRUE,40,FALSE,FALSE,5,black_male_high
100,Validation,3850,1,White,TRUE,33,FALSE,FALSE,6,black_male_low
18,Iterative Batch Phase: Min,3851,1,Asian,TRUE,29,FALSE,FALSE,6,black_male_low
100,Validation,3852,1,White,TRUE,25,FALSE,FALSE,5,black_male_high
100,Validation,3853,0,White,TRUE,43,FALSE,FALSE,6,black_male_low
100,Validation,3854,1,White,FALSE,33,FALSE,FALSE,6,black_male_low
16,Iterative Batch Phase: Min,3855,0,White,FALSE,38,FALSE,FALSE,6,black_male_low
100,Validation,3856,1,White,TRUE,36,FALSE,FALSE,5,black_male_high
100,Validation,3857,1,Two or More Races,TRUE,27,TRUE,FALSE,5,black_male_high
100,Validation,3858,0,White,TRUE,43,FALSE,FALSE,6,black_male_low
100,Validation,3859,1,White,TRUE,30,FALSE,FALSE,5,black_male_high
1,Iterative Batch Phase: Min,3860,1,Asian,FALSE,44,FALSE,FALSE,3,black_female_high
19,Iterative Batch Phase: Min,3861,1,Two or More Races,FALSE,46,FALSE,FALSE,6,black_male_low
3,Iterative Batch Phase: Min,3862,1,Prefer not to disclose,FALSE,23,TRUE,TRUE,5,black_male_high
16,Iterative Batch Phase: Min,3863,1,White,FALSE,24,FALSE,TRUE,4,black_female_low
20,Iterative Batch Phase: Min,3864,1,White,FALSE,40,FALSE,FALSE,5,black_male_high
100,Validation,3865,1,White,FALSE,27,FALSE,FALSE,6,black_male_low
6,Iterative Batch Phase: Min,3866,0,White,FALSE,48,FALSE,FALSE,6,black_male_low
2,Iterative Batch Phase: Max,3867,1,White,TRUE,31,FALSE,FALSE,5,black_male_high
100,Validation,3868,0,Asian,TRUE,24,FALSE,FALSE,6,black_male_low
13,Iterative Batch Phase: Min,3869,1,Two or More Races,FALSE,37,FALSE,FALSE,4,black_female_low
13,Iterative Batch Phase: Min,3870,1,Asian,FALSE,23,FALSE,FALSE,6,black_male_low
100,Validation,3871,1,White,TRUE,29,FALSE,FALSE,5,black_male_high
3,Iterative Batch Phase: Max,3872,1,White,TRUE,40,FALSE,FALSE,5,black_male_high
14,Iterative Batch Phase: Min,3873,1,Black or African American,TRUE,28,FALSE,FALSE,6,black_male_low
100,Validation,3874,0,White,TRUE,49,FALSE,FALSE,6,black_male_low
100,Validation,3875,1,White,FALSE,27,FALSE,FALSE,6,black_male_low
3,Iterative Batch Phase: Min,3876,1,White,FALSE,36,FALSE,FALSE,5,black_male_high
2,Iterative Batch Phase: Max,3877,0,White,FALSE,32,FALSE,FALSE,7,white_male_high
11,Iterative Batch Phase: Min,3878,1,Black or African American,FALSE,53,FALSE,FALSE,4,black_female_low
100,Validation,3879,1,White,TRUE,26,FALSE,FALSE,5,black_male_high
9,Iterative Batch Phase: Min,3880,1,White,TRUE,61,FALSE,FALSE,3,black_female_high
18,Iterative Batch Phase: Min,3881,1,White,FALSE,42,FALSE,FALSE,6,black_male_low
14,Iterative Batch Phase: Min,3882,0,Black or African American,TRUE,55,FALSE,FALSE,4,black_female_low
4,Iterative Batch Phase: Max,3883,0,Black or African American,TRUE,22,FALSE,FALSE,5,black_male_high
16,Iterative Batch Phase: Min,3884,0,White,FALSE,67,FALSE,FALSE,4,black_female_low
100,Validation,3885,0,Black or African American,TRUE,62,FALSE,FALSE,5,black_male_high
100,Validation,3886,1,White,FALSE,42,FALSE,FALSE,6,black_male_low
100,Validation,3887,0,Black or African American,TRUE,30,FALSE,FALSE,5,black_male_high
100,Validation,3888,1,White,FALSE,33,FALSE,FALSE,5,black_male_high
8,Iterative Batch Phase: Min,3889,0,White,TRUE,45,TRUE,FALSE,6,black_male_low
100,Validation,3890,0,White,TRUE,50,FALSE,FALSE,6,black_male_low
3,Iterative Batch Phase: Min,3891,1,White,FALSE,32,FALSE,FALSE,6,black_male_low
100,Validation,3892,1,White,FALSE,25,TRUE,FALSE,6,black_male_low
1,Iterative Batch Phase: Min,3893,1,White,TRUE,47,FALSE,FALSE,4,black_female_low
100,Validation,3894,0,Two or More Races,FALSE,40,TRUE,FALSE,6,black_male_low
100,Validation,3895,1,Black or African American,FALSE,23,FALSE,FALSE,6,black_male_low
100,Validation,3896,1,American Indian or Alaska Native,FALSE,44,FALSE,FALSE,5,black_male_high
100,Validation,3897,0,White,FALSE,27,FALSE,FALSE,5,black_male_high
7,Iterative Batch Phase: Min,3898,0,White,FALSE,40,TRUE,FALSE,6,black_male_low
2,Iterative Batch Phase: Min,3899,1,White,FALSE,55,FALSE,FALSE,1,white_female_high
100,Validation,3900,0,White,FALSE,56,FALSE,FALSE,5,black_male_high
100,Validation,3901,1,White,TRUE,42,FALSE,FALSE,5,black_male_high
100,Validation,3902,1,White,TRUE,26,FALSE,FALSE,6,black_male_low
4,Iterative Batch Phase: Max,3903,1,White,TRUE,51,FALSE,FALSE,5,black_male_high
100,Validation,3904,1,White,TRUE,60,FALSE,FALSE,6,black_male_low
100,Validation,3905,1,White,TRUE,30,FALSE,FALSE,5,black_male_high
100,Validation,3906,1,Asian,TRUE,24,FALSE,FALSE,5,black_male_high
19,Iterative Batch Phase: Min,3907,1,Two or More Races,TRUE,33,FALSE,FALSE,6,black_male_low
100,Validation,3908,1,White,FALSE,32,FALSE,FALSE,5,black_male_high
0,Warmup,3909,1,White,FALSE,37,FALSE,FALSE,8,white_male_low
15,Iterative Batch Phase: Min,3910,0,Asian,TRUE,32,FALSE,FALSE,4,black_female_low
100,Validation,3911,0,American Indian or Alaska Native,TRUE,54,FALSE,FALSE,5,black_male_high
0,Warmup,3912,1,White,TRUE,29,FALSE,FALSE,6,black_male_low
9,Iterative Batch Phase: Min,3913,1,White,TRUE,35,FALSE,FALSE,4,black_female_low
100,Validation,3914,1,White,TRUE,50,FALSE,FALSE,6,black_male_low
100,Validation,3915,1,White,FALSE,31,TRUE,FALSE,6,black_male_low
18,Iterative Batch Phase: Min,3916,0,Asian,TRUE,35,TRUE,FALSE,6,black_male_low
100,Validation,3917,1,White,TRUE,67,FALSE,FALSE,5,black_male_high
100,Validation,3918,1,White,TRUE,24,FALSE,FALSE,6,black_male_low
100,Validation,3919,0,White,TRUE,39,FALSE,FALSE,6,black_male_low
15,Iterative Batch Phase: Min,3920,1,Asian,TRUE,22,FALSE,FALSE,4,black_female_low
7,Iterative Batch Phase: Min,3921,1,White,TRUE,29,FALSE,FALSE,4,black_female_low
100,Validation,3922,1,White,FALSE,42,FALSE,FALSE,5,black_male_high
12,Iterative Batch Phase: Min,3923,1,White,TRUE,39,FALSE,FALSE,5,black_male_high
100,Validation,3924,1,White,TRUE,61,FALSE,FALSE,5,black_male_high
100,Validation,3925,1,Asian,TRUE,26,FALSE,FALSE,6,black_male_low
15,Iterative Batch Phase: Min,3926,1,White,FALSE,33,FALSE,FALSE,4,black_female_low
4,Iterative Batch Phase: Min,3927,1,White,TRUE,36,FALSE,FALSE,3,black_female_high
100,Validation,3928,1,Asian,TRUE,22,FALSE,FALSE,5,black_male_high
10,Iterative Batch Phase: Min,3929,1,Two or More Races,FALSE,42,FALSE,FALSE,6,black_male_low
8,Iterative Batch Phase: Min,3930,1,White,TRUE,48,FALSE,FALSE,4,black_female_low
100,Validation,3931,0,White,TRUE,34,FALSE,FALSE,6,black_male_low
8,Iterative Batch Phase: Min,3932,1,Black or African American,TRUE,28,FALSE,FALSE,6,black_male_low
100,Validation,3933,1,White,FALSE,35,FALSE,FALSE,5,black_male_high
100,Validation,3934,0,White,TRUE,21,FALSE,FALSE,6,black_male_low
100,Validation,3935,1,White,TRUE,24,FALSE,FALSE,6,black_male_low
12,Iterative Batch Phase: Min,3936,0,White,TRUE,37,TRUE,FALSE,6,black_male_low
18,Iterative Batch Phase: Min,3937,0,Black or African American,TRUE,44,FALSE,FALSE,4,black_female_low
100,Validation,3938,0,Two or More Races,TRUE,50,FALSE,FALSE,6,black_male_low
0,Warmup,3939,1,Black or African American,TRUE,38,FALSE,FALSE,3,black_female_high
100,Validation,3940,1,White,TRUE,32,FALSE,FALSE,6,black_male_low
11,Iterative Batch Phase: Min,3941,1,Black or African American,FALSE,28,FALSE,FALSE,4,black_female_low
2,Iterative Batch Phase: Max,3942,0,White,FALSE,34,FALSE,FALSE,5,black_male_high
100,Validation,3943,1,White,FALSE,37,FALSE,FALSE,5,black_male_high
15,Iterative Batch Phase: Min,3944,1,White,TRUE,40,FALSE,FALSE,1,white_female_high
100,Validation,3945,0,White,TRUE,69,FALSE,FALSE,6,black_male_low
100,Validation,3946,1,White,FALSE,48,FALSE,FALSE,5,black_male_high
16,Iterative Batch Phase: Min,3947,0,White,TRUE,33,FALSE,FALSE,5,black_male_high
4,Iterative Batch Phase: Min,3948,0,White,FALSE,39,FALSE,FALSE,5,black_male_high
100,Validation,3949,1,Asian,TRUE,22,FALSE,FALSE,6,black_male_low
10,Iterative Batch Phase: Min,3950,1,Two or More Races,TRUE,26,FALSE,FALSE,5,black_male_high
2,Iterative Batch Phase: Min,3951,1,Two or More Races,FALSE,24,TRUE,TRUE,1,white_female_high
100,Validation,3952,0,Black or African American,TRUE,31,FALSE,FALSE,5,black_male_high
100,Validation,3953,0,White,TRUE,45,FALSE,FALSE,6,black_male_low
100,Validation,3954,1,Asian,TRUE,21,FALSE,FALSE,6,black_male_low
16,Iterative Batch Phase: Min,3955,0,White,TRUE,35,TRUE,FALSE,6,black_male_low
2,Iterative Batch Phase: Min,3956,1,White,TRUE,37,FALSE,FALSE,8,white_male_low
100,Validation,3957,1,White,FALSE,25,TRUE,FALSE,5,black_male_high
13,Iterative Batch Phase: Min,3958,1,White,TRUE,33,FALSE,FALSE,6,black_male_low
100,Validation,3959,1,White,TRUE,37,FALSE,FALSE,6,black_male_low
100,Validation,3960,0,Black or African American,FALSE,32,FALSE,FALSE,5,black_male_high
16,Iterative Batch Phase: Min,3961,1,White,FALSE,36,FALSE,FALSE,4,black_female_low
20,Iterative Batch Phase: Min,3962,0,Black or African American,FALSE,37,FALSE,FALSE,6,black_male_low
100,Validation,3963,0,Two or More Races,TRUE,23,TRUE,FALSE,5,black_male_high
11,Iterative Batch Phase: Min,3964,0,Black or African American,TRUE,55,FALSE,FALSE,6,black_male_low
5,Iterative Batch Phase: Min,3965,1,White,FALSE,71,FALSE,FALSE,6,black_male_low
100,Validation,3966,0,Asian,FALSE,21,FALSE,FALSE,6,black_male_low
100,Validation,3967,0,White,TRUE,33,TRUE,FALSE,6,black_male_low
10,Iterative Batch Phase: Min,3968,0,White,FALSE,64,FALSE,FALSE,5,black_male_high
5,Iterative Batch Phase: Min,3969,1,Two or More Races,TRUE,36,FALSE,FALSE,5,black_male_high
18,Iterative Batch Phase: Min,3970,0,White,FALSE,70,FALSE,FALSE,4,black_female_low
2,Iterative Batch Phase: Min,3971,1,White,TRUE,56,FALSE,FALSE,3,black_female_high
1,Iterative Batch Phase: Min,3972,1,White,FALSE,37,FALSE,FALSE,4,black_female_low
100,Validation,3973,0,American Indian or Alaska Native,FALSE,35,FALSE,FALSE,5,black_male_high
3,Iterative Batch Phase: Min,3974,1,White,FALSE,37,FALSE,FALSE,4,black_female_low
0,Warmup,3975,1,Two or More Races,FALSE,25,FALSE,FALSE,7,white_male_high
9,Iterative Batch Phase: Min,3976,1,White,FALSE,34,FALSE,FALSE,4,black_female_low
2,Iterative Batch Phase: Max,3977,1,White,TRUE,33,FALSE,FALSE,5,black_male_high
15,Iterative Batch Phase: Min,3978,1,White,FALSE,45,FALSE,FALSE,5,black_male_high
17,Iterative Batch Phase: Min,3979,0,White,TRUE,29,FALSE,FALSE,6,black_male_low
100,Validation,3980,1,White,TRUE,34,FALSE,FALSE,6,black_male_low
100,Validation,3981,1,White,FALSE,29,FALSE,FALSE,5,black_male_high
100,Validation,3982,1,Two or More Races,FALSE,26,FALSE,FALSE,5,black_male_high
100,Validation,3983,0,White,TRUE,69,FALSE,FALSE,6,black_male_low
11,Iterative Batch Phase: Min,3984,1,Asian,FALSE,23,FALSE,FALSE,2,white_female_low
100,Validation,3985,1,White,FALSE,49,FALSE,FALSE,6,black_male_low
18,Iterative Batch Phase: Min,3986,1,American Indian or Alaska Native,FALSE,33,FALSE,FALSE,6,black_male_low
100,Validation,3987,1,White,FALSE,59,FALSE,FALSE,5,black_male_high
100,Validation,3988,1,White,TRUE,59,FALSE,FALSE,5,black_male_high
1,Iterative Batch Phase: Max,3989,1,White,FALSE,62,FALSE,FALSE,5,black_male_high
0,Warmup,3990,1,White,FALSE,26,FALSE,FALSE,8,white_male_low
19,Iterative Batch Phase: Min,3991,1,White,TRUE,50,FALSE,FALSE,6,black_male_low
0,Warmup,3992,1,White,TRUE,67,FALSE,FALSE,6,black_male_low
100,Validation,3993,1,Black or African American,FALSE,26,FALSE,FALSE,6,black_male_low
6,Iterative Batch Phase: Min,3994,1,Black or African American,TRUE,44,FALSE,FALSE,3,black_female_high
10,Iterative Batch Phase: Min,3995,1,White,FALSE,27,TRUE,FALSE,6,black_male_low
2,Iterative Batch Phase: Min,3996,1,White,TRUE,44,FALSE,FALSE,5,black_male_high
4,Iterative Batch Phase: Min,3997,0,White,TRUE,36,FALSE,FALSE,2,white_female_low
100,Validation,3998,0,White,TRUE,66,FALSE,FALSE,5,black_male_high
0,Warmup,3999,1,White,FALSE,27,FALSE,FALSE,2,white_female_low
9,Iterative Batch Phase: Min,4000,1,White,TRUE,50,FALSE,FALSE,7,white_male_high
100,Validation,4001,1,White,TRUE,27,FALSE,FALSE,6,black_male_low
5,Iterative Batch Phase: Min,4002,1,White,FALSE,36,FALSE,FALSE,6,black_male_low
100,Validation,4003,1,Black or African American,TRUE,27,TRUE,FALSE,6,black_male_low
100,Validation,4004,0,White,FALSE,48,FALSE,FALSE,6,black_male_low
20,Iterative Batch Phase: Min,4005,1,White,FALSE,34,FALSE,FALSE,5,black_male_high
17,Iterative Batch Phase: Min,4006,1,Black or African American,FALSE,60,FALSE,FALSE,4,black_female_low
17,Iterative Batch Phase: Min,4007,0,White,TRUE,44,FALSE,FALSE,6,black_male_low
100,Validation,4008,0,White,TRUE,51,FALSE,FALSE,5,black_male_high
16,Iterative Batch Phase: Min,4009,1,Black or African American,TRUE,44,FALSE,FALSE,6,black_male_low
100,Validation,4010,1,White,FALSE,54,FALSE,FALSE,5,black_male_high
17,Iterative Batch Phase: Min,4011,1,White,TRUE,57,FALSE,FALSE,8,white_male_low
14,Iterative Batch Phase: Min,4012,0,White,TRUE,25,FALSE,FALSE,8,white_male_low
100,Validation,4013,0,White,TRUE,43,FALSE,FALSE,5,black_male_high
100,Validation,4014,1,Other,FALSE,21,TRUE,FALSE,5,black_male_high
19,Iterative Batch Phase: Min,4015,1,Black or African American,TRUE,38,FALSE,FALSE,3,black_female_high
4,Iterative Batch Phase: Min,4016,1,White,FALSE,57,FALSE,FALSE,7,white_male_high
100,Validation,4017,1,White,TRUE,56,FALSE,FALSE,5,black_male_high
8,Iterative Batch Phase: Min,4018,1,White,TRUE,68,FALSE,FALSE,3,black_female_high
3,Iterative Batch Phase: Min,4019,1,White,TRUE,33,FALSE,FALSE,3,black_female_high
6,Iterative Batch Phase: Min,4020,0,White,TRUE,37,FALSE,FALSE,6,black_male_low
100,Validation,4021,1,White,TRUE,40,FALSE,FALSE,5,black_male_high
100,Validation,4022,1,Two or More Races,FALSE,22,FALSE,FALSE,5,black_male_high
0,Warmup,4023,0,White,TRUE,32,FALSE,FALSE,6,black_male_low
100,Validation,4024,1,White,FALSE,38,FALSE,FALSE,5,black_male_high
14,Iterative Batch Phase: Min,4025,1,Prefer not to disclose,FALSE,,FALSE,TRUE,4,black_female_low
17,Iterative Batch Phase: Min,4026,1,White,FALSE,36,FALSE,FALSE,6,black_male_low
0,Warmup,4027,1,White,TRUE,27,TRUE,FALSE,5,black_male_high
2,Iterative Batch Phase: Max,4028,1,White,FALSE,31,FALSE,FALSE,5,black_male_high
0,Warmup,4029,1,White,TRUE,25,FALSE,FALSE,8,white_male_low
0,Warmup,4030,1,White,TRUE,59,FALSE,FALSE,1,white_female_high
100,Validation,4031,1,White,TRUE,69,FALSE,FALSE,5,black_male_high
9,Iterative Batch Phase: Min,4032,0,Asian,TRUE,37,FALSE,FALSE,2,white_female_low
3,Iterative Batch Phase: Max,4033,1,White,TRUE,56,FALSE,FALSE,5,black_male_high
0,Warmup,4034,1,White,FALSE,42,FALSE,FALSE,7,white_male_high
100,Validation,4035,0,White,FALSE,67,FALSE,FALSE,5,black_male_high
100,Validation,4036,0,White,TRUE,30,FALSE,FALSE,5,black_male_high
100,Validation,4037,1,Asian,TRUE,33,FALSE,FALSE,6,black_male_low
100,Validation,4038,0,White,TRUE,46,FALSE,FALSE,6,black_male_low
11,Iterative Batch Phase: Min,4039,1,White,TRUE,73,FALSE,FALSE,4,black_female_low
100,Validation,4040,1,White,TRUE,37,FALSE,FALSE,5,black_male_high
0,Warmup,4041,1,White,TRUE,29,FALSE,FALSE,2,white_female_low
0,Warmup,4042,1,White,FALSE,40,FALSE,FALSE,6,black_male_low
0,Warmup,4043,1,White,FALSE,35,FALSE,FALSE,2,white_female_low
100,Validation,4044,0,White,FALSE,74,FALSE,FALSE,5,black_male_high
3,Iterative Batch Phase: Min,4045,1,White,FALSE,38,FALSE,FALSE,2,white_female_low
0,Warmup,4046,1,White,FALSE,36,FALSE,FALSE,5,black_male_high
4,Iterative Batch Phase: Max,4047,1,White,FALSE,38,FALSE,FALSE,5,black_male_high
100,Validation,4048,1,White,TRUE,27,FALSE,FALSE,5,black_male_high
100,Validation,4049,1,White,TRUE,39,FALSE,FALSE,5,black_male_high
3,Iterative Batch Phase: Max,4050,1,White,TRUE,37,FALSE,FALSE,5,black_male_high
11,Iterative Batch Phase: Min,4051,1,White,TRUE,65,FALSE,FALSE,6,black_male_low
100,Validation,4052,0,White,TRUE,33,FALSE,FALSE,6,black_male_low
100,Validation,4053,1,White,TRUE,45,FALSE,FALSE,5,black_male_high
100,Validation,4054,1,White,TRUE,57,FALSE,FALSE,5,black_male_high
100,Validation,4055,1,White,TRUE,24,FALSE,FALSE,5,black_male_high
3,Iterative Batch Phase: Max,4056,1,White,FALSE,33,FALSE,FALSE,5,black_male_high
10,Iterative Batch Phase: Min,4057,1,White,TRUE,35,FALSE,FALSE,8,white_male_low
100,Validation,4058,0,White,TRUE,35,FALSE,FALSE,6,black_male_low
0,Warmup,4059,1,White,TRUE,46,FALSE,FALSE,5,black_male_high
100,Validation,4060,1,White,TRUE,63,FALSE,FALSE,6,black_male_low
0,Warmup,4061,1,Two or More Races,TRUE,25,FALSE,FALSE,4,black_female_low
100,Validation,4062,1,Black or African American,FALSE,42,FALSE,FALSE,5,black_male_high
5,Iterative Batch Phase: Min,4063,0,White,FALSE,32,FALSE,FALSE,6,black_male_low
100,Validation,4064,0,White,FALSE,21,FALSE,FALSE,6,black_male_low
0,Warmup,4065,1,White,FALSE,40,TRUE,FALSE,4,black_female_low
18,Iterative Batch Phase: Min,4066,0,White,TRUE,36,FALSE,FALSE,5,black_male_high
3,Iterative Batch Phase: Min,4067,1,White,FALSE,29,TRUE,FALSE,6,black_male_low
2,Iterative Batch Phase: Min,4068,1,White,FALSE,25,FALSE,FALSE,3,black_female_high
0,Warmup,4069,1,White,TRUE,44,FALSE,FALSE,3,black_female_high
19,Iterative Batch Phase: Min,4070,0,White,TRUE,45,FALSE,FALSE,6,black_male_low
100,Validation,4071,1,Black or African American,TRUE,38,FALSE,FALSE,5,black_male_high
1,Iterative Batch Phase: Min,4072,0,White,TRUE,66,FALSE,FALSE,4,black_female_low
17,Iterative Batch Phase: Min,4073,0,White,TRUE,39,FALSE,FALSE,4,black_female_low
7,Iterative Batch Phase: Min,4074,1,Black or African American,FALSE,38,FALSE,FALSE,4,black_female_low
100,Validation,4075,1,White,FALSE,38,FALSE,FALSE,6,black_male_low
0,Warmup,4076,0,White,TRUE,46,FALSE,FALSE,3,black_female_high
7,Iterative Batch Phase: Min,4077,1,White,FALSE,29,FALSE,FALSE,8,white_male_low
100,Validation,4078,1,White,TRUE,42,FALSE,FALSE,6,black_male_low
14,Iterative Batch Phase: Min,4079,1,Black or African American,FALSE,24,FALSE,FALSE,4,black_female_low
10,Iterative Batch Phase: Min,4080,1,Black or African American,TRUE,28,FALSE,FALSE,6,black_male_low
19,Iterative Batch Phase: Min,4081,0,White,FALSE,43,FALSE,FALSE,6,black_male_low
100,Validation,4082,1,Black or African American,TRUE,21,FALSE,FALSE,5,black_male_high
9,Iterative Batch Phase: Min,4083,0,White,FALSE,61,FALSE,FALSE,6,black_male_low
100,Validation,4084,1,White,TRUE,30,FALSE,FALSE,6,black_male_low
100,Validation,4085,1,Black or African American,TRUE,49,FALSE,FALSE,6,black_male_low
14,Iterative Batch Phase: Min,4086,1,White,TRUE,58,FALSE,FALSE,7,white_male_high
100,Validation,4087,0,Black or African American,FALSE,63,TRUE,FALSE,6,black_male_low
100,Validation,4088,0,White,FALSE,28,FALSE,FALSE,5,black_male_high
15,Iterative Batch Phase: Min,4089,0,White,TRUE,60,FALSE,FALSE,4,black_female_low
0,Warmup,4090,1,White,FALSE,22,FALSE,FALSE,4,black_female_low
2,Iterative Batch Phase: Max,4091,1,Two or More Races,TRUE,29,FALSE,FALSE,5,black_male_high
0,Warmup,4092,1,White,TRUE,52,FALSE,FALSE,5,black_male_high
9,Iterative Batch Phase: Min,4093,0,Black or African American,TRUE,26,FALSE,FALSE,6,black_male_low
0,Warmup,4094,1,White,FALSE,42,FALSE,FALSE,1,white_female_high
18,Iterative Batch Phase: Min,4095,1,White,FALSE,32,FALSE,FALSE,6,black_male_low
100,Validation,4096,0,Asian,TRUE,37,FALSE,FALSE,6,black_male_low
100,Validation,4097,1,Two or More Races,TRUE,40,FALSE,FALSE,5,black_male_high
100,Validation,4098,1,Other,TRUE,27,TRUE,FALSE,6,black_male_low
100,Validation,4099,1,White,FALSE,39,FALSE,FALSE,5,black_male_high
13,Iterative Batch Phase: Min,4100,1,White,FALSE,,FALSE,FALSE,5,black_male_high
16,Iterative Batch Phase: Min,4101,1,Asian,TRUE,27,FALSE,FALSE,4,black_female_low
100,Validation,4102,1,White,FALSE,38,FALSE,FALSE,5,black_male_high
100,Validation,4103,1,Asian,TRUE,24,FALSE,FALSE,6,black_male_low
100,Validation,4104,1,White,TRUE,44,FALSE,FALSE,6,black_male_low
18,Iterative Batch Phase: Min,4105,1,Asian,TRUE,28,FALSE,FALSE,6,black_male_low
16,Iterative Batch Phase: Min,4106,0,Asian,FALSE,32,FALSE,FALSE,5,black_male_high
1,Iterative Batch Phase: Min,4107,1,White,TRUE,39,FALSE,FALSE,7,white_male_high
1,Iterative Batch Phase: Max,4108,1,White,TRUE,38,FALSE,FALSE,5,black_male_high
3,Iterative Batch Phase: Min,4109,1,White,FALSE,36,FALSE,FALSE,4,black_female_low
0,Warmup,4110,1,Black or African American,FALSE,38,TRUE,FALSE,6,black_male_low
17,Iterative Batch Phase: Min,4111,1,Black or African American,FALSE,60,FALSE,FALSE,6,black_male_low
100,Validation,4112,1,White,FALSE,33,TRUE,FALSE,5,black_male_high
10,Iterative Batch Phase: Min,4113,1,White,FALSE,33,TRUE,FALSE,3,black_female_high
18,Iterative Batch Phase: Min,4114,1,Asian,TRUE,26,FALSE,FALSE,1,white_female_high
13,Iterative Batch Phase: Min,4115,1,Asian,FALSE,20,FALSE,FALSE,6,black_male_low
100,Validation,4116,0,Asian,FALSE,34,FALSE,FALSE,5,black_male_high
3,Iterative Batch Phase: Max,4117,1,White,TRUE,41,FALSE,FALSE,5,black_male_high
19,Iterative Batch Phase: Min,4118,1,White,TRUE,35,FALSE,FALSE,3,black_female_high
100,Validation,4119,1,Black or African American,TRUE,37,FALSE,FALSE,5,black_male_high
4,Iterative Batch Phase: Min,4120,1,White,FALSE,28,FALSE,FALSE,7,white_male_high
0,Warmup,4121,0,White,TRUE,65,FALSE,FALSE,2,white_female_low
100,Validation,4122,1,White,TRUE,48,FALSE,FALSE,5,black_male_high
1,Iterative Batch Phase: Max,4123,1,White,TRUE,44,FALSE,FALSE,5,black_male_high
4,Iterative Batch Phase: Min,4124,0,White,FALSE,32,FALSE,FALSE,3,black_female_high
100,Validation,4125,1,White,FALSE,23,FALSE,FALSE,5,black_male_high
19,Iterative Batch Phase: Min,4126,1,Black or African American,TRUE,33,FALSE,FALSE,5,black_male_high
100,Validation,4127,1,White,TRUE,29,FALSE,FALSE,5,black_male_high
100,Validation,4128,1,Black or African American,TRUE,30,FALSE,FALSE,5,black_male_high
2,Iterative Batch Phase: Min,4129,1,Black or African American,FALSE,41,FALSE,FALSE,1,white_female_high
0,Warmup,4130,1,White,FALSE,28,FALSE,FALSE,3,black_female_high
1,Iterative Batch Phase: Max,4131,0,Black or African American,TRUE,25,FALSE,FALSE,1,white_female_high
17,Iterative Batch Phase: Min,4132,1,American Indian or Alaska Native,TRUE,34,TRUE,FALSE,4,black_female_low
13,Iterative Batch Phase: Min,4133,1,Other,FALSE,21,TRUE,FALSE,4,black_female_low
100,Validation,4134,0,White,TRUE,65,FALSE,FALSE,6,black_male_low
8,Iterative Batch Phase: Min,4135,1,White,FALSE,40,FALSE,FALSE,6,black_male_low
100,Validation,4136,1,White,TRUE,59,FALSE,FALSE,6,black_male_low
100,Validation,4137,0,White,TRUE,28,FALSE,FALSE,5,black_male_high
0,Warmup,4138,1,Black or African American,FALSE,41,FALSE,FALSE,3,black_female_high
100,Validation,4139,0,White,TRUE,31,TRUE,FALSE,5,black_male_high
100,Validation,4140,1,Black or African American,TRUE,50,FALSE,FALSE,5,black_male_high
100,Validation,4141,0,White,FALSE,41,FALSE,FALSE,6,black_male_low
14,Iterative Batch Phase: Min,4142,1,Black or African American,TRUE,31,FALSE,FALSE,6,black_male_low
13,Iterative Batch Phase: Min,4143,0,Asian,FALSE,44,FALSE,FALSE,4,black_female_low
16,Iterative Batch Phase: Min,4144,0,White,TRUE,25,FALSE,FALSE,4,black_female_low
15,Iterative Batch Phase: Min,4145,1,White,TRUE,57,FALSE,FALSE,4,black_female_low
4,Iterative Batch Phase: Min,4146,1,White,FALSE,,TRUE,FALSE,2,white_female_low
16,Iterative Batch Phase: Min,4147,1,Black or African American,TRUE,19,FALSE,FALSE,6,black_male_low
100,Validation,4148,1,White,TRUE,63,FALSE,FALSE,5,black_male_high
100,Validation,4149,1,White,TRUE,42,FALSE,FALSE,6,black_male_low
7,Iterative Batch Phase: Min,4150,1,White,FALSE,62,FALSE,FALSE,4,black_female_low
3,Iterative Batch Phase: Max,4151,0,White,TRUE,48,FALSE,FALSE,2,white_female_low
2,Iterative Batch Phase: Max,4152,0,Other,FALSE,28,TRUE,FALSE,2,white_female_low
5,Iterative Batch Phase: Min,4153,1,Other,FALSE,25,TRUE,FALSE,4,black_female_low
20,Iterative Batch Phase: Min,4154,1,White,FALSE,34,FALSE,FALSE,1,white_female_high
100,Validation,4155,0,Asian,TRUE,43,FALSE,FALSE,6,black_male_low
3,Iterative Batch Phase: Min,4156,1,Asian,TRUE,42,FALSE,FALSE,3,black_female_high
18,Iterative Batch Phase: Min,4157,0,White,FALSE,57,FALSE,FALSE,4,black_female_low
12,Iterative Batch Phase: Min,4158,1,White,FALSE,26,TRUE,FALSE,1,white_female_high
19,Iterative Batch Phase: Min,4159,0,Black or African American,FALSE,28,FALSE,FALSE,1,white_female_high
100,Validation,4160,0,White,TRUE,26,FALSE,FALSE,5,black_male_high
7,Iterative Batch Phase: Min,4161,1,Asian,TRUE,51,FALSE,FALSE,4,black_female_low
15,Iterative Batch Phase: Min,4162,1,White,FALSE,38,FALSE,FALSE,6,black_male_low
100,Validation,4163,0,Two or More Races,FALSE,21,TRUE,FALSE,5,black_male_high
100,Validation,4164,1,White,TRUE,27,FALSE,FALSE,5,black_male_high
17,Iterative Batch Phase: Min,4165,1,Black or African American,FALSE,42,FALSE,FALSE,4,black_female_low
15,Iterative Batch Phase: Min,4166,1,White,FALSE,34,FALSE,FALSE,4,black_female_low
100,Validation,4167,1,White,FALSE,29,FALSE,FALSE,5,black_male_high
0,Warmup,4168,1,Prefer not to disclose,FALSE,27,FALSE,TRUE,1,white_female_high
100,Validation,4169,1,Two or More Races,TRUE,21,FALSE,FALSE,6,black_male_low
100,Validation,4170,1,White,TRUE,27,FALSE,FALSE,5,black_male_high
100,Validation,4171,1,American Indian or Alaska Native,FALSE,24,TRUE,FALSE,6,black_male_low
18,Iterative Batch Phase: Min,4172,1,White,TRUE,64,FALSE,FALSE,4,black_female_low
20,Iterative Batch Phase: Min,4173,1,White,TRUE,51,FALSE,FALSE,6,black_male_low
100,Validation,4174,1,White,FALSE,47,FALSE,FALSE,5,black_male_high
100,Validation,4175,1,White,FALSE,46,FALSE,FALSE,6,black_male_low
13,Iterative Batch Phase: Min,4176,0,White,TRUE,60,FALSE,FALSE,4,black_female_low
0,Warmup,4177,1,White,TRUE,36,FALSE,FALSE,5,black_male_high
8,Iterative Batch Phase: Min,4178,1,Asian,TRUE,34,FALSE,FALSE,6,black_male_low
20,Iterative Batch Phase: Min,4179,1,Asian,FALSE,36,FALSE,FALSE,6,black_male_low
3,Iterative Batch Phase: Max,4180,1,White,TRUE,60,FALSE,FALSE,5,black_male_high
0,Warmup,4181,1,White,TRUE,29,FALSE,FALSE,8,white_male_low
100,Validation,4182,1,Other,TRUE,27,TRUE,FALSE,6,black_male_low
3,Iterative Batch Phase: Min,4183,1,Asian,TRUE,20,FALSE,FALSE,3,black_female_high
0,Warmup,4184,0,White,FALSE,62,FALSE,FALSE,8,white_male_low
4,Iterative Batch Phase: Min,4185,0,Black or African American,TRUE,32,FALSE,FALSE,3,black_female_high
100,Validation,4186,0,White,FALSE,44,FALSE,FALSE,5,black_male_high
100,Validation,4187,0,White,FALSE,36,TRUE,FALSE,6,black_male_low
7,Iterative Batch Phase: Min,4188,1,Asian,FALSE,27,FALSE,FALSE,5,black_male_high
19,Iterative Batch Phase: Min,4189,1,Asian,TRUE,31,FALSE,FALSE,7,white_male_high
10,Iterative Batch Phase: Min,4190,1,White,FALSE,35,FALSE,FALSE,4,black_female_low
20,Iterative Batch Phase: Min,4191,0,Prefer not to disclose,FALSE,,FALSE,TRUE,4,black_female_low
20,Iterative Batch Phase: Min,4192,1,White,FALSE,48,FALSE,FALSE,6,black_male_low
6,Iterative Batch Phase: Min,4193,1,White,TRUE,50,FALSE,FALSE,6,black_male_low
19,Iterative Batch Phase: Min,4194,1,White,TRUE,36,FALSE,FALSE,6,black_male_low
3,Iterative Batch Phase: Min,4195,1,Black or African American,TRUE,35,FALSE,FALSE,6,black_male_low
100,Validation,4196,1,White,TRUE,38,FALSE,FALSE,5,black_male_high
7,Iterative Batch Phase: Min,4197,0,White,FALSE,26,FALSE,FALSE,4,black_female_low
100,Validation,4198,1,Black or African American,TRUE,27,FALSE,FALSE,6,black_male_low
19,Iterative Batch Phase: Min,4199,1,Asian,TRUE,31,FALSE,FALSE,3,black_female_high
100,Validation,4200,1,White,FALSE,35,FALSE,FALSE,5,black_male_high
15,Iterative Batch Phase: Min,4201,1,White,FALSE,31,FALSE,FALSE,4,black_female_low
4,Iterative Batch Phase: Max,4202,1,White,FALSE,38,FALSE,FALSE,5,black_male_high
6,Iterative Batch Phase: Min,4203,0,White,FALSE,32,FALSE,FALSE,4,black_female_low
100,Validation,4204,1,White,TRUE,26,FALSE,FALSE,5,black_male_high
2,Iterative Batch Phase: Max,4205,1,White,TRUE,33,FALSE,FALSE,1,white_female_high
7,Iterative Batch Phase: Min,4206,1,White,FALSE,36,FALSE,FALSE,4,black_female_low
100,Validation,4207,1,White,TRUE,27,TRUE,FALSE,6,black_male_low
11,Iterative Batch Phase: Min,4208,1,White,FALSE,29,FALSE,FALSE,4,black_female_low
100,Validation,4209,1,Two or More Races,FALSE,26,TRUE,FALSE,6,black_male_low
100,Validation,4210,1,Black or African American,TRUE,24,FALSE,FALSE,5,black_male_high
2,Iterative Batch Phase: Max,4211,0,Asian,FALSE,38,FALSE,FALSE,5,black_male_high
100,Validation,4212,1,White,TRUE,51,FALSE,FALSE,6,black_male_low
100,Validation,4213,0,White,FALSE,54,FALSE,FALSE,6,black_male_low
3,Iterative Batch Phase: Max,4214,1,White,FALSE,58,FALSE,FALSE,2,white_female_low
0,Warmup,4215,1,White,TRUE,39,FALSE,FALSE,6,black_male_low
3,Iterative Batch Phase: Min,4216,0,White,FALSE,,FALSE,TRUE,7,white_male_high
100,Validation,4217,1,White,TRUE,28,FALSE,FALSE,6,black_male_low
100,Validation,4218,1,White,TRUE,35,FALSE,FALSE,5,black_male_high
100,Validation,4219,1,White,TRUE,50,FALSE,FALSE,5,black_male_high
100,Validation,4220,1,Two or More Races,FALSE,20,FALSE,FALSE,6,black_male_low
4,Iterative Batch Phase: Max,4221,1,White,TRUE,49,FALSE,FALSE,5,black_male_high
100,Validation,4222,1,White,TRUE,42,FALSE,FALSE,5,black_male_high
100,Validation,4223,1,White,TRUE,23,FALSE,FALSE,5,black_male_high
6,Iterative Batch Phase: Min,4224,0,White,FALSE,33,FALSE,FALSE,3,black_female_high
11,Iterative Batch Phase: Min,4225,1,White,TRUE,65,FALSE,FALSE,6,black_male_low
4,Iterative Batch Phase: Min,4226,1,American Indian or Alaska Native,TRUE,36,TRUE,FALSE,2,white_female_low
4,Iterative Batch Phase: Min,4227,1,White,FALSE,40,FALSE,FALSE,2,white_female_low
0,Warmup,4228,0,White,TRUE,71,FALSE,FALSE,4,black_female_low
100,Validation,4229,0,White,FALSE,51,FALSE,FALSE,6,black_male_low
100,Validation,4230,1,White,FALSE,23,FALSE,FALSE,6,black_male_low
1,Iterative Batch Phase: Max,4231,1,Asian,FALSE,27,FALSE,FALSE,5,black_male_high
100,Validation,4232,1,White,FALSE,26,TRUE,FALSE,5,black_male_high
4,Iterative Batch Phase: Min,4233,1,White,TRUE,65,FALSE,FALSE,2,white_female_low
18,Iterative Batch Phase: Min,4234,1,White,FALSE,51,FALSE,FALSE,6,black_male_low
100,Validation,4235,0,White,TRUE,34,FALSE,FALSE,6,black_male_low
6,Iterative Batch Phase: Min,4236,1,White,FALSE,69,FALSE,FALSE,6,black_male_low
2,Iterative Batch Phase: Max,4237,0,Black or African American,FALSE,33,FALSE,FALSE,5,black_male_high
0,Warmup,4238,0,Asian,TRUE,30,FALSE,FALSE,1,white_female_high
4,Iterative Batch Phase: Max,4239,0,White,TRUE,23,FALSE,FALSE,6,black_male_low
1,Iterative Batch Phase: Max,4240,1,White,FALSE,34,FALSE,FALSE,4,black_female_low
0,Warmup,4241,1,White,FALSE,24,FALSE,FALSE,8,white_male_low
16,Iterative Batch Phase: Min,4242,1,White,TRUE,42,FALSE,FALSE,6,black_male_low
100,Validation,4243,1,White,TRUE,24,FALSE,FALSE,6,black_male_low
2,Iterative Batch Phase: Min,4244,1,White,TRUE,40,FALSE,FALSE,1,white_female_high
9,Iterative Batch Phase: Min,4245,1,White,FALSE,48,FALSE,FALSE,6,black_male_low
9,Iterative Batch Phase: Min,4246,1,White,FALSE,58,FALSE,FALSE,7,white_male_high
100,Validation,4247,1,White,TRUE,69,FALSE,FALSE,6,black_male_low
100,Validation,4248,1,White,FALSE,35,FALSE,FALSE,5,black_male_high
100,Validation,4249,1,White,TRUE,36,FALSE,FALSE,6,black_male_low
12,Iterative Batch Phase: Min,4250,1,Asian,TRUE,61,FALSE,FALSE,7,white_male_high
0,Warmup,4251,1,White,FALSE,32,FALSE,FALSE,5,black_male_high
5,Iterative Batch Phase: Min,4252,1,White,FALSE,38,FALSE,FALSE,2,white_female_low
20,Iterative Batch Phase: Min,4253,1,White,TRUE,41,FALSE,FALSE,5,black_male_high
100,Validation,4254,1,White,TRUE,26,FALSE,FALSE,6,black_male_low
4,Iterative Batch Phase: Max,4255,1,White,FALSE,21,FALSE,FALSE,5,black_male_high
100,Validation,4256,0,White,FALSE,31,FALSE,FALSE,6,black_male_low
8,Iterative Batch Phase: Min,4257,1,White,TRUE,32,FALSE,FALSE,4,black_female_low
100,Validation,4258,0,White,TRUE,52,FALSE,FALSE,6,black_male_low
100,Validation,4259,1,White,TRUE,38,FALSE,FALSE,5,black_male_high
13,Iterative Batch Phase: Min,4260,1,White,FALSE,57,FALSE,FALSE,7,white_male_high
100,Validation,4261,0,White,TRUE,53,FALSE,FALSE,6,black_male_low
100,Validation,4262,1,Asian,FALSE,45,FALSE,FALSE,5,black_male_high
100,Validation,4263,1,Black or African American,TRUE,50,FALSE,FALSE,5,black_male_high
1,Iterative Batch Phase: Max,4264,1,White,TRUE,35,FALSE,FALSE,7,white_male_high
17,Iterative Batch Phase: Min,4265,1,White,TRUE,37,FALSE,FALSE,3,black_female_high
100,Validation,4266,1,White,TRUE,34,FALSE,FALSE,6,black_male_low
100,Validation,4267,1,White,TRUE,41,FALSE,FALSE,5,black_male_high
5,Iterative Batch Phase: Min,4268,1,Two or More Races,FALSE,28,TRUE,FALSE,3,black_female_high
100,Validation,4269,0,White,FALSE,59,TRUE,FALSE,6,black_male_low
2,Iterative Batch Phase: Max,4270,0,White,FALSE,38,FALSE,FALSE,2,white_female_low
3,Iterative Batch Phase: Min,4271,1,White,TRUE,48,FALSE,FALSE,1,white_female_high
100,Validation,4272,1,White,TRUE,43,FALSE,FALSE,6,black_male_low
100,Validation,4273,0,White,TRUE,35,TRUE,FALSE,6,black_male_low
0,Warmup,4274,1,Asian,FALSE,35,FALSE,FALSE,6,black_male_low
14,Iterative Batch Phase: Min,4275,0,White,TRUE,35,FALSE,FALSE,6,black_male_low
16,Iterative Batch Phase: Min,4276,1,White,TRUE,38,FALSE,FALSE,4,black_female_low
100,Validation,4277,1,White,FALSE,65,FALSE,FALSE,5,black_male_high
20,Iterative Batch Phase: Min,4278,1,White,FALSE,67,FALSE,FALSE,6,black_male_low
8,Iterative Batch Phase: Min,4279,1,Two or More Races,FALSE,24,FALSE,FALSE,6,black_male_low
8,Iterative Batch Phase: Min,4280,0,Black or African American,TRUE,33,FALSE,FALSE,4,black_female_low
100,Validation,4281,0,Black or African American,TRUE,35,FALSE,FALSE,5,black_male_high
12,Iterative Batch Phase: Min,4282,0,White,FALSE,42,FALSE,FALSE,4,black_female_low
0,Warmup,4283,0,Black or African American,TRUE,31,FALSE,FALSE,8,white_male_low
16,Iterative Batch Phase: Min,4284,0,White,FALSE,20,FALSE,FALSE,6,black_male_low
100,Validation,4285,1,White,TRUE,65,FALSE,FALSE,5,black_male_high
0,Warmup,4286,1,White,TRUE,28,FALSE,FALSE,5,black_male_high
100,Validation,4287,1,White,TRUE,34,FALSE,FALSE,6,black_male_low
100,Validation,4288,0,Two or More Races,FALSE,37,FALSE,FALSE,5,black_male_high
10,Iterative Batch Phase: Min,4289,1,White,FALSE,37,FALSE,FALSE,4,black_female_low
2,Iterative Batch Phase: Min,4290,1,Two or More Races,FALSE,47,FALSE,FALSE,1,white_female_high
9,Iterative Batch Phase: Min,4291,1,Asian,FALSE,30,FALSE,FALSE,4,black_female_low
20,Iterative Batch Phase: Min,4292,1,White,TRUE,52,FALSE,FALSE,7,white_male_high
100,Validation,4293,1,White,TRUE,41,FALSE,FALSE,6,black_male_low
100,Validation,4294,0,White,TRUE,40,FALSE,FALSE,6,black_male_low
100,Validation,4295,1,White,TRUE,32,FALSE,FALSE,6,black_male_low
8,Iterative Batch Phase: Min,4296,0,Asian,TRUE,48,FALSE,FALSE,7,white_male_high
20,Iterative Batch Phase: Min,4297,1,Other,FALSE,29,TRUE,FALSE,5,black_male_high
100,Validation,4298,0,White,TRUE,53,FALSE,FALSE,6,black_male_low
7,Iterative Batch Phase: Min,4299,1,White,TRUE,38,FALSE,FALSE,4,black_female_low
16,Iterative Batch Phase: Min,4300,0,Two or More Races,TRUE,40,FALSE,FALSE,6,black_male_low
0,Warmup,4301,1,White,TRUE,34,TRUE,FALSE,8,white_male_low
10,Iterative Batch Phase: Min,4302,0,White,FALSE,43,FALSE,FALSE,4,black_female_low
20,Iterative Batch Phase: Min,4303,1,White,FALSE,27,FALSE,FALSE,6,black_male_low
20,Iterative Batch Phase: Min,4304,1,White,FALSE,47,FALSE,FALSE,6,black_male_low
5,Iterative Batch Phase: Min,4305,1,White,FALSE,40,FALSE,FALSE,6,black_male_low
0,Warmup,4306,1,White,TRUE,63,FALSE,FALSE,6,black_male_low
0,Warmup,4307,0,Asian,FALSE,,FALSE,TRUE,4,black_female_low
0,Warmup,4308,0,White,FALSE,70,FALSE,FALSE,3,black_female_high
3,Iterative Batch Phase: Min,4309,0,Black or African American,TRUE,48,FALSE,FALSE,3,black_female_high
100,Validation,4310,1,White,FALSE,22,FALSE,FALSE,6,black_male_low
100,Validation,4311,1,Asian,TRUE,29,FALSE,FALSE,5,black_male_high
100,Validation,4312,0,Black or African American,FALSE,35,FALSE,FALSE,5,black_male_high
100,Validation,4313,1,Black or African American,TRUE,22,FALSE,FALSE,6,black_male_low
2,Iterative Batch Phase: Min,4314,0,White,FALSE,36,TRUE,FALSE,7,white_male_high
17,Iterative Batch Phase: Min,4315,1,Asian,FALSE,27,FALSE,FALSE,7,white_male_high
0,Warmup,4316,1,Other,FALSE,32,TRUE,FALSE,2,white_female_low
0,Warmup,4317,1,White,TRUE,54,FALSE,FALSE,8,white_male_low
17,Iterative Batch Phase: Min,4318,1,Asian,FALSE,39,FALSE,FALSE,6,black_male_low
13,Iterative Batch Phase: Min,4319,0,Black or African American,TRUE,59,FALSE,FALSE,3,black_female_high
9,Iterative Batch Phase: Min,4320,1,White,FALSE,42,FALSE,FALSE,4,black_female_low
15,Iterative Batch Phase: Min,4321,1,White,FALSE,36,FALSE,FALSE,4,black_female_low
100,Validation,4322,0,White,TRUE,29,FALSE,FALSE,5,black_male_high
4,Iterative Batch Phase: Min,4323,1,White,FALSE,36,FALSE,FALSE,8,white_male_low
1,Iterative Batch Phase: Max,4324,0,White,FALSE,35,FALSE,FALSE,8,white_male_low
100,Validation,4325,1,Asian,TRUE,28,FALSE,FALSE,6,black_male_low
100,Validation,4326,1,White,TRUE,25,FALSE,FALSE,6,black_male_low
100,Validation,4327,1,White,FALSE,30,TRUE,FALSE,5,black_male_high
100,Validation,4328,0,Other,FALSE,24,TRUE,FALSE,6,black_male_low
13,Iterative Batch Phase: Min,4329,1,Asian,TRUE,48,FALSE,FALSE,4,black_female_low
100,Validation,4330,1,White,FALSE,45,FALSE,FALSE,5,black_male_high
100,Validation,4331,1,Other,TRUE,20,TRUE,FALSE,6,black_male_low
9,Iterative Batch Phase: Min,4332,0,White,FALSE,25,FALSE,FALSE,4,black_female_low
2,Iterative Batch Phase: Min,4333,1,White,TRUE,32,FALSE,FALSE,5,black_male_high
100,Validation,4334,1,White,FALSE,27,FALSE,FALSE,5,black_male_high
4,Iterative Batch Phase: Min,4335,1,White,FALSE,36,FALSE,FALSE,2,white_female_low
0,Warmup,4336,1,Other,TRUE,25,TRUE,FALSE,1,white_female_high
100,Validation,4337,1,White,TRUE,51,FALSE,FALSE,6,black_male_low
7,Iterative Batch Phase: Min,4338,0,White,TRUE,50,FALSE,FALSE,4,black_female_low
100,Validation,4339,0,Asian,FALSE,29,FALSE,FALSE,6,black_male_low
100,Validation,4340,1,White,TRUE,22,FALSE,FALSE,6,black_male_low
3,Iterative Batch Phase: Max,4341,0,White,TRUE,61,FALSE,FALSE,5,black_male_high
1,Iterative Batch Phase: Max,4342,1,Black or African American,TRUE,26,FALSE,FALSE,8,white_male_low
100,Validation,4343,0,Asian,TRUE,32,FALSE,FALSE,5,black_male_high
4,Iterative Batch Phase: Min,4344,1,Asian,TRUE,,FALSE,FALSE,7,white_male_high
1,Iterative Batch Phase: Min,4345,1,White,FALSE,39,TRUE,FALSE,4,black_female_low
2,Iterative Batch Phase: Max,4346,1,White,FALSE,36,FALSE,FALSE,8,white_male_low
100,Validation,4347,0,White,TRUE,58,FALSE,FALSE,5,black_male_high
100,Validation,4348,1,Two or More Races,TRUE,26,TRUE,FALSE,5,black_male_high
5,Iterative Batch Phase: Min,4349,0,White,TRUE,69,FALSE,FALSE,6,black_male_low
0,Warmup,4350,1,White,FALSE,20,FALSE,FALSE,5,black_male_high
0,Warmup,4351,1,White,TRUE,33,FALSE,FALSE,8,white_male_low
3,Iterative Batch Phase: Max,4352,1,Asian,FALSE,31,FALSE,FALSE,5,black_male_high
1,Iterative Batch Phase: Min,4353,1,White,FALSE,34,TRUE,FALSE,7,white_male_high
100,Validation,4354,1,White,TRUE,66,FALSE,FALSE,6,black_male_low
100,Validation,4355,0,White,TRUE,66,FALSE,FALSE,6,black_male_low
100,Validation,4356,0,White,TRUE,23,FALSE,FALSE,6,black_male_low
100,Validation,4357,1,Black or African American,TRUE,49,FALSE,FALSE,5,black_male_high
100,Validation,4358,1,Two or More Races,FALSE,49,FALSE,FALSE,5,black_male_high
100,Validation,4359,1,White,FALSE,36,FALSE,FALSE,6,black_male_low
0,Warmup,4360,1,Asian,TRUE,28,FALSE,FALSE,5,black_male_high
100,Validation,4361,1,White,TRUE,28,FALSE,FALSE,5,black_male_high
100,Validation,4362,1,White,TRUE,59,FALSE,FALSE,5,black_male_high
1,Iterative Batch Phase: Max,4363,1,White,TRUE,77,FALSE,FALSE,2,white_female_low
100,Validation,4364,1,White,TRUE,52,FALSE,FALSE,6,black_male_low
0,Warmup,4365,1,White,TRUE,24,FALSE,FALSE,6,black_male_low
100,Validation,4366,1,White,TRUE,73,FALSE,FALSE,5,black_male_high
100,Validation,4367,1,Asian,TRUE,32,FALSE,FALSE,5,black_male_high
5,Iterative Batch Phase: Min,4368,1,White,FALSE,32,TRUE,FALSE,6,black_male_low
4,Iterative Batch Phase: Max,4369,1,White,FALSE,53,FALSE,FALSE,5,black_male_high
17,Iterative Batch Phase: Min,4370,0,White,FALSE,33,FALSE,FALSE,7,white_male_high
4,Iterative Batch Phase: Max,4371,1,White,FALSE,65,FALSE,FALSE,5,black_male_high
0,Warmup,4372,1,White,TRUE,60,FALSE,FALSE,6,black_male_low
100,Validation,4373,1,White,TRUE,29,TRUE,FALSE,6,black_male_low
1,Iterative Batch Phase: Min,4374,1,White,FALSE,30,FALSE,FALSE,4,black_female_low
100,Validation,4375,0,Other,TRUE,24,TRUE,FALSE,5,black_male_high
100,Validation,4376,1,Black or African American,TRUE,24,FALSE,FALSE,6,black_male_low
100,Validation,4377,1,White,FALSE,48,FALSE,FALSE,5,black_male_high
0,Warmup,4378,1,White,FALSE,43,FALSE,FALSE,6,black_male_low
100,Validation,4379,0,White,FALSE,30,FALSE,FALSE,5,black_male_high
1,Iterative Batch Phase: Min,4380,0,White,TRUE,44,FALSE,FALSE,6,black_male_low
100,Validation,4381,0,Asian,TRUE,23,FALSE,FALSE,5,black_male_high
100,Validation,4382,1,White,TRUE,22,FALSE,FALSE,6,black_male_low
15,Iterative Batch Phase: Min,4383,1,White,TRUE,50,FALSE,FALSE,4,black_female_low
100,Validation,4384,1,Asian,FALSE,34,FALSE,FALSE,5,black_male_high
100,Validation,4385,1,White,TRUE,54,FALSE,FALSE,6,black_male_low
1,Iterative Batch Phase: Min,4386,0,White,TRUE,57,FALSE,FALSE,4,black_female_low
12,Iterative Batch Phase: Min,4387,0,Two or More Races,TRUE,42,FALSE,FALSE,6,black_male_low
17,Iterative Batch Phase: Min,4388,1,White,FALSE,31,FALSE,TRUE,6,black_male_low
0,Warmup,4389,1,Asian,TRUE,45,FALSE,FALSE,6,black_male_low
100,Validation,4390,1,White,TRUE,22,FALSE,FALSE,6,black_male_low
100,Validation,4391,1,White,TRUE,35,FALSE,FALSE,6,black_male_low
15,Iterative Batch Phase: Min,4392,1,White,FALSE,37,FALSE,FALSE,5,black_male_high
1,Iterative Batch Phase: Min,4393,1,White,TRUE,38,FALSE,FALSE,3,black_female_high
11,Iterative Batch Phase: Min,4394,1,Black or African American,FALSE,46,FALSE,FALSE,6,black_male_low
11,Iterative Batch Phase: Min,4395,0,White,FALSE,39,FALSE,FALSE,6,black_male_low
100,Validation,4396,1,Asian,TRUE,20,FALSE,FALSE,5,black_male_high
100,Validation,4397,1,White,TRUE,21,FALSE,FALSE,6,black_male_low
19,Iterative Batch Phase: Min,4398,1,White,FALSE,32,FALSE,FALSE,6,black_male_low
10,Iterative Batch Phase: Min,4399,0,Asian,FALSE,51,FALSE,FALSE,4,black_female_low
100,Validation,4400,1,White,TRUE,28,FALSE,FALSE,5,black_male_high
5,Iterative Batch Phase: Min,4401,1,White,FALSE,61,FALSE,FALSE,3,black_female_high
100,Validation,4402,1,Asian,FALSE,20,FALSE,FALSE,5,black_male_high
3,Iterative Batch Phase: Min,4403,1,Black or African American,TRUE,51,FALSE,FALSE,3,black_female_high
100,Validation,4404,1,White,FALSE,38,FALSE,FALSE,5,black_male_high
14,Iterative Batch Phase: Min,4405,1,White,TRUE,61,FALSE,FALSE,5,black_male_high
100,Validation,4406,1,White,TRUE,28,FALSE,FALSE,5,black_male_high
100,Validation,4407,0,White,FALSE,48,FALSE,FALSE,5,black_male_high
100,Validation,4408,1,White,TRUE,56,FALSE,FALSE,6,black_male_low
11,Iterative Batch Phase: Min,4409,1,Two or More Races,FALSE,23,FALSE,TRUE,4,black_female_low
100,Validation,4410,1,White,TRUE,40,FALSE,FALSE,5,black_male_high
0,Warmup,4411,1,Other,FALSE,37,TRUE,FALSE,6,black_male_low
5,Iterative Batch Phase: Min,4412,1,Black or African American,FALSE,48,FALSE,FALSE,5,black_male_high
100,Validation,4413,1,White,TRUE,24,FALSE,FALSE,6,black_male_low
16,Iterative Batch Phase: Min,4414,1,Black or African American,TRUE,23,FALSE,FALSE,4,black_female_low
19,Iterative Batch Phase: Min,4415,1,White,TRUE,40,TRUE,FALSE,6,black_male_low
100,Validation,4416,0,Other,FALSE,35,TRUE,FALSE,6,black_male_low
19,Iterative Batch Phase: Min,4417,1,Two or More Races,FALSE,31,FALSE,FALSE,6,black_male_low
10,Iterative Batch Phase: Min,4418,1,White,TRUE,34,FALSE,FALSE,4,black_female_low
11,Iterative Batch Phase: Min,4419,1,Black or African American,FALSE,31,FALSE,FALSE,6,black_male_low
15,Iterative Batch Phase: Min,4420,1,White,TRUE,50,FALSE,FALSE,3,black_female_high
12,Iterative Batch Phase: Min,4421,1,White,TRUE,35,FALSE,FALSE,6,black_male_low
3,Iterative Batch Phase: Max,4422,1,White,TRUE,27,FALSE,FALSE,5,black_male_high
2,Iterative Batch Phase: Max,4423,1,Black or African American,FALSE,59,FALSE,FALSE,5,black_male_high
100,Validation,4424,1,Black or African American,TRUE,36,FALSE,FALSE,6,black_male_low
5,Iterative Batch Phase: Min,4425,1,White,TRUE,51,FALSE,FALSE,7,white_male_high
6,Iterative Batch Phase: Min,4426,0,White,FALSE,50,FALSE,FALSE,4,black_female_low
15,Iterative Batch Phase: Min,4427,1,Asian,TRUE,33,FALSE,FALSE,5,black_male_high
1,Iterative Batch Phase: Max,4428,1,White,FALSE,30,FALSE,FALSE,8,white_male_low
8,Iterative Batch Phase: Min,4429,0,White,FALSE,40,FALSE,FALSE,6,black_male_low
0,Warmup,4430,0,White,TRUE,24,FALSE,FALSE,7,white_male_high
15,Iterative Batch Phase: Min,4431,1,Asian,TRUE,42,FALSE,FALSE,5,black_male_high
13,Iterative Batch Phase: Min,4432,1,Two or More Races,TRUE,60,FALSE,FALSE,5,black_male_high
100,Validation,4433,1,White,FALSE,29,FALSE,FALSE,5,black_male_high
11,Iterative Batch Phase: Min,4434,1,White,FALSE,24,FALSE,FALSE,4,black_female_low
0,Warmup,4435,0,White,FALSE,53,FALSE,FALSE,2,white_female_low
6,Iterative Batch Phase: Min,4436,1,White,FALSE,27,FALSE,FALSE,6,black_male_low
100,Validation,4437,0,White,TRUE,31,FALSE,FALSE,6,black_male_low
0,Warmup,4438,1,Asian,FALSE,21,FALSE,FALSE,4,black_female_low
100,Validation,4439,1,White,TRUE,50,FALSE,FALSE,5,black_male_high
100,Validation,4440,1,White,FALSE,60,FALSE,FALSE,5,black_male_high
100,Validation,4441,1,White,FALSE,42,FALSE,FALSE,5,black_male_high
3,Iterative Batch Phase: Max,4442,1,White,FALSE,34,FALSE,FALSE,5,black_male_high
9,Iterative Batch Phase: Min,4443,1,Asian,FALSE,38,FALSE,FALSE,6,black_male_low
100,Validation,4444,0,Black or African American,TRUE,27,FALSE,FALSE,6,black_male_low
8,Iterative Batch Phase: Min,4445,1,White,FALSE,29,FALSE,FALSE,4,black_female_low
5,Iterative Batch Phase: Min,4446,1,White,TRUE,46,FALSE,FALSE,5,black_male_high
100,Validation,4447,1,Asian,FALSE,23,FALSE,FALSE,6,black_male_low
15,Iterative Batch Phase: Min,4448,1,White,TRUE,43,FALSE,FALSE,4,black_female_low
100,Validation,4449,1,White,TRUE,61,FALSE,FALSE,5,black_male_high
100,Validation,4450,0,White,TRUE,24,FALSE,FALSE,5,black_male_high
100,Validation,4451,0,White,FALSE,60,FALSE,FALSE,5,black_male_high
100,Validation,4452,1,White,TRUE,21,FALSE,FALSE,5,black_male_high
11,Iterative Batch Phase: Min,4453,1,White,FALSE,32,FALSE,FALSE,2,white_female_low
100,Validation,4454,1,White,FALSE,60,FALSE,FALSE,5,black_male_high
100,Validation,4455,1,White,FALSE,28,TRUE,FALSE,6,black_male_low
5,Iterative Batch Phase: Min,4456,1,White,TRUE,35,FALSE,FALSE,8,white_male_low
100,Validation,4457,1,White,FALSE,49,FALSE,FALSE,5,black_male_high
18,Iterative Batch Phase: Min,4458,1,White,TRUE,39,FALSE,FALSE,4,black_female_low
100,Validation,4459,1,White,FALSE,33,FALSE,FALSE,5,black_male_high
17,Iterative Batch Phase: Min,4460,1,White,FALSE,26,FALSE,TRUE,2,white_female_low
12,Iterative Batch Phase: Min,4461,1,White,FALSE,28,FALSE,FALSE,4,black_female_low
100,Validation,4462,1,Asian,TRUE,29,FALSE,FALSE,5,black_male_high
100,Validation,4463,1,White,TRUE,37,FALSE,FALSE,6,black_male_low
20,Iterative Batch Phase: Min,4464,1,White,FALSE,40,FALSE,FALSE,6,black_male_low
19,Iterative Batch Phase: Min,4465,1,Black or African American,FALSE,28,FALSE,FALSE,6,black_male_low
100,Validation,4466,0,Black or African American,TRUE,30,FALSE,FALSE,5,black_male_high
100,Validation,4467,0,Black or African American,TRUE,28,FALSE,FALSE,6,black_male_low
100,Validation,4468,0,White,TRUE,59,FALSE,FALSE,6,black_male_low
11,Iterative Batch Phase: Min,4469,1,Black or African American,FALSE,36,FALSE,FALSE,4,black_female_low
20,Iterative Batch Phase: Min,4470,1,White,TRUE,28,FALSE,FALSE,6,black_male_low
100,Validation,4471,0,Two or More Races,TRUE,31,FALSE,FALSE,5,black_male_high
100,Validation,4472,1,White,TRUE,61,FALSE,FALSE,5,black_male_high
9,Iterative Batch Phase: Min,4473,1,White,FALSE,52,TRUE,FALSE,4,black_female_low
5,Iterative Batch Phase: Min,4474,1,White,TRUE,43,FALSE,FALSE,5,black_male_high
100,Validation,4475,0,White,TRUE,36,FALSE,FALSE,5,black_male_high
100,Validation,4476,1,White,FALSE,32,TRUE,FALSE,5,black_male_high
0,Warmup,4477,1,Two or More Races,TRUE,27,FALSE,FALSE,1,white_female_high
100,Validation,4478,1,Black or African American,TRUE,20,FALSE,FALSE,5,black_male_high
3,Iterative Batch Phase: Min,4479,0,White,TRUE,49,FALSE,FALSE,6,black_male_low
2,Iterative Batch Phase: Min,4480,1,Black or African American,FALSE,49,FALSE,FALSE,5,black_male_high
18,Iterative Batch Phase: Min,4481,1,White,FALSE,32,TRUE,FALSE,6,black_male_low
3,Iterative Batch Phase: Min,4482,0,Black or African American,FALSE,39,FALSE,FALSE,3,black_female_high
2,Iterative Batch Phase: Max,4483,1,Two or More Races,TRUE,53,FALSE,FALSE,6,black_male_low
100,Validation,4484,1,White,FALSE,30,FALSE,FALSE,6,black_male_low
17,Iterative Batch Phase: Min,4485,0,White,TRUE,26,FALSE,FALSE,6,black_male_low
8,Iterative Batch Phase: Min,4486,1,White,TRUE,41,FALSE,FALSE,2,white_female_low
16,Iterative Batch Phase: Min,4487,1,White,TRUE,41,FALSE,FALSE,4,black_female_low
100,Validation,4488,0,Asian,FALSE,24,FALSE,FALSE,5,black_male_high
7,Iterative Batch Phase: Min,4489,1,White,TRUE,32,FALSE,FALSE,4,black_female_low
0,Warmup,4490,0,White,TRUE,36,FALSE,FALSE,3,black_female_high
3,Iterative Batch Phase: Min,4491,0,White,FALSE,29,FALSE,FALSE,2,white_female_low
100,Validation,4492,1,White,TRUE,48,TRUE,FALSE,6,black_male_low
16,Iterative Batch Phase: Min,4493,0,White,FALSE,33,FALSE,FALSE,4,black_female_low
2,Iterative Batch Phase: Min,4494,1,White,FALSE,65,FALSE,FALSE,2,white_female_low
17,Iterative Batch Phase: Min,4495,1,Other,TRUE,27,TRUE,FALSE,4,black_female_low
1,Iterative Batch Phase: Min,4496,1,White,TRUE,39,FALSE,FALSE,7,white_male_high
6,Iterative Batch Phase: Min,4497,1,White,TRUE,32,FALSE,FALSE,6,black_male_low
100,Validation,4498,1,White,TRUE,48,FALSE,FALSE,5,black_male_high
100,Validation,4499,1,White,TRUE,53,FALSE,FALSE,6,black_male_low
11,Iterative Batch Phase: Min,4500,1,White,FALSE,48,FALSE,TRUE,4,black_female_low
3,Iterative Batch Phase: Min,4501,1,White,TRUE,34,FALSE,FALSE,3,black_female_high
3,Iterative Batch Phase: Min,4502,1,White,FALSE,54,FALSE,FALSE,6,black_male_low
6,Iterative Batch Phase: Min,4503,0,White,TRUE,50,FALSE,FALSE,3,black_female_high
100,Validation,4504,1,White,TRUE,29,FALSE,FALSE,6,black_male_low
100,Validation,4505,1,White,TRUE,39,TRUE,FALSE,6,black_male_low
20,Iterative Batch Phase: Min,4506,1,White,TRUE,20,FALSE,FALSE,6,black_male_low
17,Iterative Batch Phase: Min,4507,0,Asian,FALSE,26,FALSE,FALSE,6,black_male_low
3,Iterative Batch Phase: Min,4508,1,White,FALSE,51,FALSE,FALSE,3,black_female_high
16,Iterative Batch Phase: Min,4509,1,Asian,TRUE,29,FALSE,FALSE,4,black_female_low
100,Validation,4510,1,White,TRUE,21,TRUE,FALSE,6,black_male_low
1,Iterative Batch Phase: Max,4511,1,White,FALSE,37,TRUE,FALSE,8,white_male_low
100,Validation,4512,0,White,FALSE,58,FALSE,FALSE,6,black_male_low
10,Iterative Batch Phase: Min,4513,1,White,TRUE,36,FALSE,FALSE,3,black_female_high
0,Warmup,4514,1,Asian,FALSE,23,FALSE,FALSE,6,black_male_low
0,Warmup,4515,1,White,FALSE,57,FALSE,FALSE,6,black_male_low
3,Iterative Batch Phase: Max,4516,1,Black or African American,FALSE,27,FALSE,FALSE,5,black_male_high
4,Iterative Batch Phase: Max,4517,1,White,FALSE,44,FALSE,FALSE,4,black_female_low
100,Validation,4518,1,White,FALSE,32,FALSE,FALSE,6,black_male_low
0,Warmup,4519,1,White,TRUE,30,FALSE,FALSE,5,black_male_high
2,Iterative Batch Phase: Min,4520,1,White,TRUE,70,FALSE,FALSE,1,white_female_high
0,Warmup,4521,0,White,TRUE,39,TRUE,FALSE,4,black_female_low
2,Iterative Batch Phase: Max,4522,0,White,TRUE,34,FALSE,FALSE,8,white_male_low
4,Iterative Batch Phase: Max,4523,1,White,TRUE,52,FALSE,FALSE,5,black_male_high
8,Iterative Batch Phase: Min,4524,0,White,TRUE,41,FALSE,FALSE,8,white_male_low
100,Validation,4525,0,White,FALSE,47,FALSE,FALSE,5,black_male_high
100,Validation,4526,1,Black or African American,TRUE,37,FALSE,FALSE,6,black_male_low
19,Iterative Batch Phase: Min,4527,1,White,TRUE,55,FALSE,FALSE,6,black_male_low
1,Iterative Batch Phase: Min,4528,1,Black or African American,FALSE,43,FALSE,FALSE,3,black_female_high
18,Iterative Batch Phase: Min,4529,0,Two or More Races,FALSE,,FALSE,TRUE,4,black_female_low
12,Iterative Batch Phase: Min,4530,1,White,TRUE,31,FALSE,FALSE,4,black_female_low
16,Iterative Batch Phase: Min,4531,1,White,FALSE,53,FALSE,FALSE,3,black_female_high
1,Iterative Batch Phase: Min,4532,1,Asian,FALSE,32,FALSE,TRUE,7,white_male_high
15,Iterative Batch Phase: Min,4533,1,White,FALSE,33,FALSE,FALSE,5,black_male_high
0,Warmup,4534,1,Other,FALSE,60,FALSE,TRUE,2,white_female_low
100,Validation,4535,0,White,TRUE,56,FALSE,FALSE,5,black_male_high
4,Iterative Batch Phase: Min,4536,1,White,FALSE,73,FALSE,FALSE,6,black_male_low
100,Validation,4537,1,White,TRUE,29,TRUE,FALSE,5,black_male_high
3,Iterative Batch Phase: Min,4538,1,White,FALSE,32,FALSE,FALSE,6,black_male_low
100,Validation,4539,1,White,FALSE,25,FALSE,FALSE,6,black_male_low
3,Iterative Batch Phase: Min,4540,0,White,TRUE,36,FALSE,FALSE,8,white_male_low
13,Iterative Batch Phase: Min,4541,0,White,FALSE,43,FALSE,FALSE,4,black_female_low
100,Validation,4542,1,White,TRUE,33,FALSE,FALSE,6,black_male_low
0,Warmup,4543,0,White,TRUE,52,FALSE,FALSE,5,black_male_high
4,Iterative Batch Phase: Max,4544,0,White,FALSE,40,TRUE,FALSE,5,black_male_high
0,Warmup,4545,1,Black or African American,FALSE,25,FALSE,FALSE,2,white_female_low
4,Iterative Batch Phase: Min,4546,1,White,FALSE,38,FALSE,FALSE,3,black_female_high
100,Validation,4547,1,White,FALSE,72,FALSE,FALSE,6,black_male_low
100,Validation,4548,0,Black or African American,TRUE,26,FALSE,FALSE,6,black_male_low
100,Validation,4549,0,White,TRUE,42,FALSE,FALSE,5,black_male_high
4,Iterative Batch Phase: Max,4550,0,Black or African American,FALSE,28,FALSE,FALSE,5,black_male_high
13,Iterative Batch Phase: Min,4551,1,White,FALSE,24,FALSE,TRUE,2,white_female_low
3,Iterative Batch Phase: Max,4552,1,Native Hawaiian or Other Pacific Islander,FALSE,28,FALSE,FALSE,5,black_male_high
10,Iterative Batch Phase: Min,4553,1,White,TRUE,27,FALSE,FALSE,3,black_female_high
100,Validation,4554,1,White,FALSE,25,FALSE,FALSE,6,black_male_low
100,Validation,4555,1,White,FALSE,23,TRUE,FALSE,6,black_male_low
100,Validation,4556,1,Asian,FALSE,42,FALSE,FALSE,6,black_male_low
13,Iterative Batch Phase: Min,4557,1,White,TRUE,35,FALSE,FALSE,6,black_male_low
16,Iterative Batch Phase: Min,4558,0,Other,FALSE,29,TRUE,FALSE,4,black_female_low
100,Validation,4559,0,White,FALSE,29,FALSE,FALSE,5,black_male_high
19,Iterative Batch Phase: Min,4560,0,Two or More Races,TRUE,56,FALSE,FALSE,6,black_male_low
1,Iterative Batch Phase: Min,4561,1,White,FALSE,29,FALSE,FALSE,7,white_male_high
13,Iterative Batch Phase: Min,4562,1,White,FALSE,36,TRUE,FALSE,6,black_male_low
0,Warmup,4563,1,Asian,FALSE,38,FALSE,FALSE,8,white_male_low
100,Validation,4564,0,Black or African American,TRUE,43,FALSE,FALSE,5,black_male_high
100,Validation,4565,1,White,TRUE,30,FALSE,FALSE,6,black_male_low
100,Validation,4566,1,Black or African American,TRUE,26,FALSE,FALSE,6,black_male_low
15,Iterative Batch Phase: Min,4567,1,White,TRUE,41,FALSE,FALSE,4,black_female_low
14,Iterative Batch Phase: Min,4568,1,Asian,TRUE,40,FALSE,FALSE,4,black_female_low
18,Iterative Batch Phase: Min,4569,1,Black or African American,TRUE,30,FALSE,FALSE,6,black_male_low
10,Iterative Batch Phase: Min,4570,1,White,FALSE,35,FALSE,TRUE,7,white_male_high
0,Warmup,4571,1,Two or More Races,TRUE,20,FALSE,FALSE,1,white_female_high
100,Validation,4572,1,White,TRUE,29,FALSE,FALSE,6,black_male_low
100,Validation,4573,1,White,TRUE,27,FALSE,FALSE,5,black_male_high
0,Warmup,4574,1,White,FALSE,19,FALSE,FALSE,8,white_male_low
100,Validation,4575,1,White,TRUE,46,FALSE,FALSE,5,black_male_high
6,Iterative Batch Phase: Min,4576,1,Two or More Races,FALSE,31,FALSE,FALSE,7,white_male_high
14,Iterative Batch Phase: Min,4577,1,White,FALSE,41,FALSE,FALSE,4,black_female_low
5,Iterative Batch Phase: Min,4578,1,White,FALSE,36,FALSE,FALSE,7,white_male_high
20,Iterative Batch Phase: Min,4579,0,White,FALSE,60,FALSE,FALSE,4,black_female_low
15,Iterative Batch Phase: Min,4580,1,White,TRUE,39,FALSE,FALSE,4,black_female_low
14,Iterative Batch Phase: Min,4581,0,Asian,TRUE,37,FALSE,FALSE,6,black_male_low
18,Iterative Batch Phase: Min,4582,1,White,FALSE,41,FALSE,FALSE,4,black_female_low
100,Validation,4583,1,Asian,TRUE,25,FALSE,FALSE,6,black_male_low
100,Validation,4584,0,White,FALSE,58,FALSE,FALSE,6,black_male_low
5,Iterative Batch Phase: Min,4585,0,Two or More Races,TRUE,46,FALSE,FALSE,2,white_female_low
2,Iterative Batch Phase: Min,4586,0,White,TRUE,56,FALSE,FALSE,1,white_female_high
100,Validation,4587,0,White,FALSE,33,FALSE,FALSE,5,black_male_high
0,Warmup,4588,0,White,FALSE,53,FALSE,FALSE,5,black_male_high
100,Validation,4589,1,Black or African American,TRUE,36,FALSE,FALSE,6,black_male_low
100,Validation,4590,0,White,FALSE,51,FALSE,FALSE,5,black_male_high
5,Iterative Batch Phase: Min,4591,1,Prefer not to disclose,TRUE,39,TRUE,TRUE,5,black_male_high
19,Iterative Batch Phase: Min,4592,0,White,TRUE,61,FALSE,FALSE,5,black_male_high
100,Validation,4593,1,White,FALSE,28,FALSE,FALSE,6,black_male_low
11,Iterative Batch Phase: Min,4594,1,White,FALSE,24,FALSE,FALSE,6,black_male_low
4,Iterative Batch Phase: Max,4595,1,Other,TRUE,34,FALSE,FALSE,5,black_male_high
2,Iterative Batch Phase: Max,4596,0,White,FALSE,36,FALSE,FALSE,5,black_male_high
100,Validation,4597,1,White,TRUE,34,FALSE,FALSE,6,black_male_low
100,Validation,4598,0,Black or African American,TRUE,56,FALSE,FALSE,6,black_male_low
100,Validation,4599,1,Prefer not to disclose,FALSE,,FALSE,TRUE,6,black_male_low
7,Iterative Batch Phase: Min,4600,0,White,FALSE,57,FALSE,FALSE,4,black_female_low
100,Validation,4601,1,White,TRUE,35,FALSE,FALSE,6,black_male_low
100,Validation,4602,1,White,TRUE,26,TRUE,FALSE,5,black_male_high
100,Validation,4603,0,White,TRUE,60,FALSE,FALSE,6,black_male_low
100,Validation,4604,1,White,FALSE,47,FALSE,FALSE,6,black_male_low
0,Warmup,4605,0,Asian,TRUE,31,FALSE,FALSE,4,black_female_low
100,Validation,4606,1,White,TRUE,59,FALSE,FALSE,5,black_male_high
100,Validation,4607,0,Two or More Races,TRUE,22,FALSE,FALSE,6,black_male_low
100,Validation,4608,1,White,TRUE,72,FALSE,FALSE,5,black_male_high
100,Validation,4609,1,Asian,TRUE,34,FALSE,FALSE,6,black_male_low
0,Warmup,4610,1,White,TRUE,44,FALSE,FALSE,8,white_male_low
100,Validation,4611,1,White,TRUE,26,FALSE,FALSE,6,black_male_low
100,Validation,4612,1,White,TRUE,25,FALSE,FALSE,6,black_male_low
100,Validation,4613,1,White,FALSE,31,FALSE,TRUE,5,black_male_high
10,Iterative Batch Phase: Min,4614,1,White,FALSE,48,FALSE,FALSE,6,black_male_low
100,Validation,4615,1,Black or African American,TRUE,35,FALSE,FALSE,5,black_male_high
18,Iterative Batch Phase: Min,4616,0,White,FALSE,74,FALSE,FALSE,4,black_female_low
100,Validation,4617,0,White,TRUE,33,FALSE,FALSE,5,black_male_high
100,Validation,4618,1,White,FALSE,42,FALSE,FALSE,5,black_male_high
100,Validation,4619,0,White,FALSE,56,FALSE,FALSE,5,black_male_high
15,Iterative Batch Phase: Min,4620,1,White,FALSE,21,FALSE,FALSE,8,white_male_low
100,Validation,4621,1,White,TRUE,54,FALSE,FALSE,5,black_male_high
100,Validation,4622,1,Black or African American,TRUE,53,FALSE,FALSE,5,black_male_high
1,Iterative Batch Phase: Min,4623,0,White,TRUE,28,FALSE,FALSE,4,black_female_low
100,Validation,4624,1,Black or African American,TRUE,20,FALSE,FALSE,5,black_male_high
17,Iterative Batch Phase: Min,4625,1,White,FALSE,48,FALSE,FALSE,6,black_male_low
100,Validation,4626,1,White,FALSE,34,TRUE,FALSE,6,black_male_low
20,Iterative Batch Phase: Min,4627,1,White,TRUE,59,FALSE,FALSE,6,black_male_low
9,Iterative Batch Phase: Min,4628,1,White,TRUE,52,FALSE,FALSE,7,white_male_high
100,Validation,4629,1,White,TRUE,60,FALSE,FALSE,6,black_male_low
18,Iterative Batch Phase: Min,4630,1,White,FALSE,35,FALSE,FALSE,1,white_female_high
100,Validation,4631,1,White,TRUE,23,FALSE,FALSE,5,black_male_high
4,Iterative Batch Phase: Max,4632,0,White,TRUE,41,FALSE,FALSE,8,white_male_low
100,Validation,4633,1,White,TRUE,64,FALSE,FALSE,5,black_male_high
100,Validation,4634,1,White,TRUE,53,FALSE,FALSE,6,black_male_low
7,Iterative Batch Phase: Min,4635,1,White,TRUE,38,FALSE,FALSE,2,white_female_low
100,Validation,4636,1,Black or African American,TRUE,30,FALSE,FALSE,6,black_male_low
100,Validation,4637,1,White,TRUE,25,FALSE,FALSE,5,black_male_high
100,Validation,4638,0,White,FALSE,40,FALSE,FALSE,6,black_male_low
100,Validation,4639,1,White,TRUE,42,FALSE,FALSE,6,black_male_low
100,Validation,4640,0,White,FALSE,64,FALSE,FALSE,5,black_male_high
4,Iterative Batch Phase: Min,4641,0,White,FALSE,76,FALSE,FALSE,4,black_female_low
17,Iterative Batch Phase: Min,4642,1,Black or African American,TRUE,36,FALSE,FALSE,2,white_female_low
100,Validation,4643,1,White,FALSE,33,FALSE,FALSE,6,black_male_low
100,Validation,4644,1,White,FALSE,29,FALSE,FALSE,6,black_male_low
100,Validation,4645,1,White,FALSE,34,FALSE,FALSE,5,black_male_high
100,Validation,4646,0,Asian,TRUE,38,FALSE,FALSE,6,black_male_low
100,Validation,4647,0,White,FALSE,48,FALSE,FALSE,5,black_male_high
100,Validation,4648,1,Other,TRUE,33,TRUE,FALSE,6,black_male_low
3,Iterative Batch Phase: Max,4649,1,White,FALSE,28,FALSE,FALSE,5,black_male_high
9,Iterative Batch Phase: Min,4650,1,White,TRUE,79,FALSE,FALSE,4,black_female_low
15,Iterative Batch Phase: Min,4651,1,Asian,TRUE,34,FALSE,FALSE,8,white_male_low
20,Iterative Batch Phase: Min,4652,1,Asian,FALSE,56,FALSE,FALSE,1,white_female_high
13,Iterative Batch Phase: Min,4653,1,White,FALSE,28,FALSE,TRUE,4,black_female_low
100,Validation,4654,1,White,TRUE,41,FALSE,FALSE,6,black_male_low
100,Validation,4655,1,Asian,FALSE,27,FALSE,FALSE,6,black_male_low
1,Iterative Batch Phase: Max,4656,0,Asian,FALSE,23,FALSE,FALSE,8,white_male_low
7,Iterative Batch Phase: Min,4657,1,White,TRUE,40,FALSE,FALSE,4,black_female_low
15,Iterative Batch Phase: Min,4658,0,White,FALSE,31,FALSE,FALSE,6,black_male_low
100,Validation,4659,1,White,FALSE,41,FALSE,FALSE,6,black_male_low
13,Iterative Batch Phase: Min,4660,0,Two or More Races,FALSE,23,FALSE,FALSE,1,white_female_high
100,Validation,4661,1,White,FALSE,27,FALSE,FALSE,6,black_male_low
16,Iterative Batch Phase: Min,4662,0,White,TRUE,50,FALSE,FALSE,4,black_female_low
17,Iterative Batch Phase: Min,4663,0,White,TRUE,29,FALSE,FALSE,4,black_female_low
6,Iterative Batch Phase: Min,4664,0,White,TRUE,70,FALSE,FALSE,2,white_female_low
100,Validation,4665,1,Black or African American,TRUE,29,FALSE,FALSE,5,black_male_high
8,Iterative Batch Phase: Min,4666,0,White,FALSE,23,FALSE,FALSE,2,white_female_low
100,Validation,4667,1,White,FALSE,68,FALSE,FALSE,6,black_male_low
15,Iterative Batch Phase: Min,4668,1,White,TRUE,43,FALSE,FALSE,8,white_male_low
0,Warmup,4669,1,White,FALSE,30,FALSE,FALSE,7,white_male_high
100,Validation,4670,1,Prefer not to disclose,FALSE,,FALSE,TRUE,6,black_male_low
4,Iterative Batch Phase: Max,4671,1,Black or African American,TRUE,34,FALSE,FALSE,5,black_male_high
8,Iterative Batch Phase: Min,4672,1,White,TRUE,50,FALSE,FALSE,8,white_male_low
6,Iterative Batch Phase: Min,4673,0,White,TRUE,64,FALSE,FALSE,7,white_male_high
0,Warmup,4674,0,White,TRUE,63,FALSE,FALSE,3,black_female_high
100,Validation,4675,1,White,TRUE,32,FALSE,FALSE,5,black_male_high
0,Warmup,4676,0,White,FALSE,45,FALSE,FALSE,8,white_male_low
3,Iterative Batch Phase: Min,4677,1,White,TRUE,33,FALSE,FALSE,5,black_male_high
12,Iterative Batch Phase: Min,4678,0,White,FALSE,59,FALSE,FALSE,5,black_male_high
17,Iterative Batch Phase: Min,4679,0,White,TRUE,63,FALSE,FALSE,6,black_male_low
12,Iterative Batch Phase: Min,4680,1,Two or More Races,FALSE,33,FALSE,FALSE,4,black_female_low
100,Validation,4681,1,Asian,FALSE,33,FALSE,FALSE,6,black_male_low
100,Validation,4682,1,Asian,FALSE,24,FALSE,FALSE,5,black_male_high
100,Validation,4683,1,White,TRUE,24,FALSE,FALSE,6,black_male_low
3,Iterative Batch Phase: Min,4684,0,White,FALSE,25,FALSE,FALSE,3,black_female_high
20,Iterative Batch Phase: Min,4685,0,Two or More Races,FALSE,27,FALSE,FALSE,1,white_female_high
7,Iterative Batch Phase: Min,4686,0,White,FALSE,33,FALSE,FALSE,2,white_female_low
0,Warmup,4687,1,Other,FALSE,27,TRUE,FALSE,5,black_male_high
100,Validation,4688,1,White,TRUE,52,TRUE,FALSE,5,black_male_high
8,Iterative Batch Phase: Min,4689,1,White,TRUE,30,FALSE,FALSE,4,black_female_low
100,Validation,4690,1,Black or African American,TRUE,48,FALSE,FALSE,5,black_male_high
100,Validation,4691,1,Asian,TRUE,29,FALSE,FALSE,6,black_male_low
15,Iterative Batch Phase: Min,4692,1,White,TRUE,30,FALSE,FALSE,1,white_female_high
9,Iterative Batch Phase: Min,4693,1,White,TRUE,29,FALSE,FALSE,4,black_female_low
7,Iterative Batch Phase: Min,4694,1,White,TRUE,51,FALSE,FALSE,2,white_female_low
100,Validation,4695,0,White,TRUE,40,FALSE,FALSE,5,black_male_high
100,Validation,4696,1,White,FALSE,75,FALSE,FALSE,6,black_male_low
18,Iterative Batch Phase: Min,4697,1,White,TRUE,22,FALSE,FALSE,6,black_male_low
100,Validation,4698,0,White,FALSE,26,TRUE,FALSE,5,black_male_high
100,Validation,4699,1,White,TRUE,22,FALSE,FALSE,5,black_male_high
100,Validation,4700,1,White,TRUE,46,FALSE,FALSE,6,black_male_low
100,Validation,4701,0,White,FALSE,51,FALSE,FALSE,5,black_male_high
16,Iterative Batch Phase: Min,4702,1,White,FALSE,63,FALSE,FALSE,5,black_male_high
20,Iterative Batch Phase: Min,4703,1,Two or More Races,TRUE,38,FALSE,FALSE,6,black_male_low
100,Validation,4704,1,White,TRUE,23,FALSE,FALSE,6,black_male_low
100,Validation,4705,1,White,TRUE,33,FALSE,FALSE,5,black_male_high
100,Validation,4706,1,White,TRUE,30,TRUE,FALSE,5,black_male_high
100,Validation,4707,1,White,TRUE,24,FALSE,FALSE,5,black_male_high
1,Iterative Batch Phase: Min,4708,1,White,FALSE,43,FALSE,FALSE,4,black_female_low
9,Iterative Batch Phase: Min,4709,1,White,FALSE,47,TRUE,FALSE,4,black_female_low
100,Validation,4710,0,Two or More Races,FALSE,23,FALSE,TRUE,5,black_male_high
20,Iterative Batch Phase: Min,4711,1,White,TRUE,20,FALSE,FALSE,4,black_female_low
7,Iterative Batch Phase: Min,4712,1,White,FALSE,34,FALSE,FALSE,3,black_female_high
12,Iterative Batch Phase: Min,4713,1,White,TRUE,35,FALSE,FALSE,4,black_female_low
100,Validation,4714,1,White,FALSE,44,FALSE,FALSE,5,black_male_high
8,Iterative Batch Phase: Min,4715,1,White,TRUE,52,FALSE,FALSE,4,black_female_low
2,Iterative Batch Phase: Max,4716,1,White,FALSE,51,FALSE,FALSE,5,black_male_high
4,Iterative Batch Phase: Max,4717,1,White,TRUE,40,FALSE,FALSE,5,black_male_high
0,Warmup,4718,0,White,TRUE,23,FALSE,FALSE,2,white_female_low
1,Iterative Batch Phase: Min,4719,1,Two or More Races,TRUE,26,FALSE,FALSE,1,white_female_high
100,Validation,4720,1,White,TRUE,34,FALSE,FALSE,6,black_male_low
3,Iterative Batch Phase: Max,4721,1,White,TRUE,22,TRUE,FALSE,5,black_male_high
6,Iterative Batch Phase: Min,4722,0,Two or More Races,TRUE,35,FALSE,FALSE,4,black_female_low
2,Iterative Batch Phase: Max,4723,0,Black or African American,TRUE,39,FALSE,FALSE,5,black_male_high
1,Iterative Batch Phase: Min,4724,1,White,FALSE,45,FALSE,FALSE,7,white_male_high
7,Iterative Batch Phase: Min,4725,1,White,TRUE,30,FALSE,FALSE,6,black_male_low
12,Iterative Batch Phase: Min,4726,0,White,FALSE,71,FALSE,FALSE,6,black_male_low
6,Iterative Batch Phase: Min,4727,1,White,FALSE,53,FALSE,FALSE,2,white_female_low
0,Warmup,4728,1,White,TRUE,26,FALSE,FALSE,3,black_female_high
12,Iterative Batch Phase: Min,4729,1,White,TRUE,41,FALSE,FALSE,6,black_male_low
100,Validation,4730,1,White,TRUE,22,FALSE,FALSE,5,black_male_high
12,Iterative Batch Phase: Min,4731,0,White,TRUE,67,FALSE,FALSE,5,black_male_high
8,Iterative Batch Phase: Min,4732,1,White,FALSE,40,FALSE,FALSE,4,black_female_low
100,Validation,4733,1,White,FALSE,29,TRUE,FALSE,5,black_male_high
5,Iterative Batch Phase: Min,4734,1,Asian,FALSE,28,FALSE,FALSE,3,black_female_high
15,Iterative Batch Phase: Min,4735,0,White,TRUE,26,FALSE,FALSE,4,black_female_low
0,Warmup,4736,1,White,FALSE,35,FALSE,FALSE,2,white_female_low
100,Validation,4737,1,White,FALSE,46,FALSE,FALSE,5,black_male_high
100,Validation,4738,0,White,TRUE,41,FALSE,FALSE,6,black_male_low
100,Validation,4739,1,White,TRUE,38,FALSE,FALSE,6,black_male_low
0,Warmup,4740,1,White,FALSE,28,FALSE,FALSE,1,white_female_high
100,Validation,4741,1,White,TRUE,21,FALSE,FALSE,5,black_male_high
100,Validation,4742,1,White,FALSE,5,FALSE,FALSE,5,black_male_high
16,Iterative Batch Phase: Min,4743,0,White,TRUE,59,FALSE,FALSE,4,black_female_low
100,Validation,4744,1,Asian,FALSE,21,FALSE,FALSE,5,black_male_high
4,Iterative Batch Phase: Max,4745,1,White,FALSE,30,FALSE,FALSE,8,white_male_low
0,Warmup,4746,1,White,FALSE,41,FALSE,FALSE,6,black_male_low
14,Iterative Batch Phase: Min,4747,1,White,FALSE,56,FALSE,FALSE,1,white_female_high
15,Iterative Batch Phase: Min,4748,0,White,TRUE,37,TRUE,FALSE,4,black_female_low
100,Validation,4749,1,White,TRUE,34,FALSE,FALSE,6,black_male_low
100,Validation,4750,1,White,TRUE,29,FALSE,FALSE,6,black_male_low
0,Warmup,4751,0,Asian,FALSE,47,FALSE,FALSE,7,white_male_high
14,Iterative Batch Phase: Min,4752,0,White,TRUE,40,FALSE,FALSE,5,black_male_high
100,Validation,4753,1,White,FALSE,33,TRUE,FALSE,6,black_male_low
9,Iterative Batch Phase: Min,4754,1,White,TRUE,30,FALSE,FALSE,3,black_female_high
9,Iterative Batch Phase: Min,4755,1,Asian,TRUE,31,FALSE,FALSE,4,black_female_low
19,Iterative Batch Phase: Min,4756,0,White,FALSE,27,FALSE,FALSE,6,black_male_low
100,Validation,4757,0,White,FALSE,26,FALSE,FALSE,6,black_male_low
9,Iterative Batch Phase: Min,4758,1,White,TRUE,35,FALSE,FALSE,6,black_male_low
100,Validation,4759,1,White,FALSE,24,TRUE,FALSE,5,black_male_high
100,Validation,4760,1,White,FALSE,35,FALSE,FALSE,5,black_male_high
10,Iterative Batch Phase: Min,4761,1,White,FALSE,29,FALSE,FALSE,5,black_male_high
100,Validation,4762,1,White,FALSE,54,FALSE,FALSE,5,black_male_high
16,Iterative Batch Phase: Min,4763,1,White,TRUE,19,FALSE,FALSE,6,black_male_low
19,Iterative Batch Phase: Min,4764,1,White,FALSE,75,FALSE,FALSE,6,black_male_low
1,Iterative Batch Phase: Min,4765,1,White,TRUE,30,FALSE,FALSE,3,black_female_high
9,Iterative Batch Phase: Min,4766,1,White,FALSE,31,FALSE,FALSE,4,black_female_low
100,Validation,4767,1,White,TRUE,27,FALSE,FALSE,6,black_male_low
8,Iterative Batch Phase: Min,4768,1,White,FALSE,33,FALSE,FALSE,6,black_male_low
4,Iterative Batch Phase: Min,4769,1,White,FALSE,43,FALSE,FALSE,5,black_male_high
16,Iterative Batch Phase: Min,4770,1,White,FALSE,63,FALSE,FALSE,4,black_female_low
13,Iterative Batch Phase: Min,4771,1,White,FALSE,29,TRUE,FALSE,5,black_male_high
19,Iterative Batch Phase: Min,4772,1,White,FALSE,34,FALSE,FALSE,6,black_male_low
100,Validation,4773,1,White,FALSE,34,FALSE,FALSE,6,black_male_low
0,Warmup,4774,1,White,FALSE,44,FALSE,FALSE,3,black_female_high
100,Validation,4775,1,White,FALSE,42,FALSE,FALSE,5,black_male_high
0,Warmup,4776,1,White,FALSE,36,FALSE,FALSE,4,black_female_low
0,Warmup,4777,1,Two or More Races,TRUE,43,TRUE,FALSE,8,white_male_low
2,Iterative Batch Phase: Min,4778,0,White,FALSE,30,TRUE,FALSE,3,black_female_high
100,Validation,4779,1,White,TRUE,19,FALSE,FALSE,6,black_male_low
100,Validation,4780,1,White,TRUE,69,FALSE,FALSE,5,black_male_high
7,Iterative Batch Phase: Min,4781,1,White,FALSE,57,FALSE,FALSE,2,white_female_low
14,Iterative Batch Phase: Min,4782,0,Black or African American,FALSE,49,FALSE,FALSE,6,black_male_low
0,Warmup,4783,0,White,FALSE,58,FALSE,FALSE,8,white_male_low
0,Warmup,4784,1,Asian,FALSE,26,FALSE,FALSE,4,black_female_low
100,Validation,4785,0,White,TRUE,61,TRUE,FALSE,6,black_male_low
7,Iterative Batch Phase: Min,4786,1,White,FALSE,44,FALSE,FALSE,4,black_female_low
0,Warmup,4787,0,White,TRUE,45,FALSE,FALSE,7,white_male_high
16,Iterative Batch Phase: Min,4788,1,Asian,FALSE,22,FALSE,FALSE,3,black_female_high
100,Validation,4789,1,White,FALSE,42,FALSE,FALSE,5,black_male_high
100,Validation,4790,1,White,FALSE,75,FALSE,FALSE,5,black_male_high
100,Validation,4791,1,Black or African American,FALSE,38,FALSE,FALSE,5,black_male_high
3,Iterative Batch Phase: Min,4792,0,Asian,TRUE,29,FALSE,FALSE,3,black_female_high
100,Validation,4793,0,White,TRUE,33,FALSE,FALSE,6,black_male_low
100,Validation,4794,0,White,TRUE,57,FALSE,FALSE,6,black_male_low
0,Warmup,4795,1,Black or African American,TRUE,28,FALSE,FALSE,5,black_male_high
100,Validation,4796,1,Black or African American,FALSE,22,FALSE,FALSE,6,black_male_low
0,Warmup,4797,0,White,TRUE,28,FALSE,FALSE,8,white_male_low
0,Warmup,4798,1,Black or African American,FALSE,42,FALSE,FALSE,4,black_female_low
5,Iterative Batch Phase: Min,4799,1,White,FALSE,51,FALSE,FALSE,4,black_female_low
2,Iterative Batch Phase: Min,4800,1,White,FALSE,32,FALSE,FALSE,2,white_female_low
2,Iterative Batch Phase: Max,4801,1,White,TRUE,52,FALSE,FALSE,2,white_female_low
4,Iterative Batch Phase: Min,4802,0,White,FALSE,39,FALSE,FALSE,7,white_male_high
100,Validation,4803,1,White,TRUE,26,FALSE,FALSE,6,black_male_low
100,Validation,4804,1,White,FALSE,34,FALSE,FALSE,6,black_male_low
3,Iterative Batch Phase: Max,4805,1,White,FALSE,35,FALSE,FALSE,5,black_male_high
12,Iterative Batch Phase: Min,4806,1,White,TRUE,27,FALSE,FALSE,6,black_male_low
4,Iterative Batch Phase: Min,4807,1,White,TRUE,38,FALSE,FALSE,2,white_female_low
100,Validation,4808,1,Asian,TRUE,33,FALSE,FALSE,6,black_male_low
100,Validation,4809,1,White,TRUE,37,FALSE,FALSE,6,black_male_low
100,Validation,4810,1,White,FALSE,34,FALSE,FALSE,5,black_male_high
8,Iterative Batch Phase: Min,4811,0,Black or African American,TRUE,43,FALSE,FALSE,7,white_male_high
100,Validation,4812,1,White,FALSE,25,FALSE,FALSE,5,black_male_high
0,Warmup,4813,0,Prefer not to disclose,TRUE,,FALSE,TRUE,7,white_male_high
10,Iterative Batch Phase: Min,4814,1,White,FALSE,34,FALSE,FALSE,1,white_female_high
100,Validation,4815,1,White,TRUE,37,FALSE,FALSE,5,black_male_high
100,Validation,4816,1,White,TRUE,26,FALSE,FALSE,5,black_male_high
8,Iterative Batch Phase: Min,4817,0,White,FALSE,43,FALSE,FALSE,6,black_male_low
100,Validation,4818,1,White,TRUE,45,FALSE,FALSE,5,black_male_high
17,Iterative Batch Phase: Min,4819,1,Asian,TRUE,30,FALSE,FALSE,4,black_female_low
4,Iterative Batch Phase: Max,4820,1,White,TRUE,58,FALSE,FALSE,5,black_male_high
100,Validation,4821,1,Black or African American,TRUE,65,FALSE,FALSE,6,black_male_low
20,Iterative Batch Phase: Min,4822,1,White,TRUE,51,FALSE,FALSE,6,black_male_low
0,Warmup,4823,1,White,TRUE,55,FALSE,FALSE,3,black_female_high
18,Iterative Batch Phase: Min,4824,1,White,FALSE,37,FALSE,FALSE,6,black_male_low
17,Iterative Batch Phase: Min,4825,1,White,FALSE,52,FALSE,FALSE,5,black_male_high
0,Warmup,4826,1,Black or African American,TRUE,33,FALSE,FALSE,5,black_male_high
100,Validation,4827,1,White,FALSE,25,TRUE,FALSE,6,black_male_low
3,Iterative Batch Phase: Min,4828,1,White,FALSE,40,FALSE,FALSE,3,black_female_high
18,Iterative Batch Phase: Min,4829,1,White,TRUE,29,FALSE,FALSE,6,black_male_low
100,Validation,4830,1,Other,TRUE,21,FALSE,FALSE,6,black_male_low
100,Validation,4831,0,White,TRUE,29,FALSE,FALSE,6,black_male_low
9,Iterative Batch Phase: Min,4832,0,White,FALSE,38,FALSE,FALSE,1,white_female_high
100,Validation,4833,1,White,TRUE,65,FALSE,FALSE,6,black_male_low
100,Validation,4834,1,Asian,FALSE,23,FALSE,FALSE,5,black_male_high
4,Iterative Batch Phase: Max,4835,1,Asian,TRUE,21,FALSE,FALSE,5,black_male_high
11,Iterative Batch Phase: Min,4836,0,Black or African American,TRUE,35,FALSE,FALSE,5,black_male_high
0,Warmup,4837,0,White,TRUE,58,FALSE,FALSE,2,white_female_low
100,Validation,4838,0,Black or African American,TRUE,33,FALSE,FALSE,6,black_male_low
100,Validation,4839,1,White,TRUE,42,FALSE,FALSE,5,black_male_high
100,Validation,4840,1,White,TRUE,29,TRUE,FALSE,5,black_male_high
100,Validation,4841,1,Other,FALSE,24,TRUE,FALSE,5,black_male_high
2,Iterative Batch Phase: Max,4842,0,White,TRUE,49,FALSE,FALSE,2,white_female_low
