batch_id,batch_type,id,chose_younger,race,female,age,hispanic,drop_demo_flag,context,context_label
100,Validation,1,1,White,FALSE,32,FALSE,FALSE,5,black_male_high
1,Iterative Batch Phase: Min,2,1,Black or African American,FALSE,43,FALSE,FALSE,3,black_female_high
2,Iterative Batch Phase: Max,3,1,Two or More Races,TRUE,53,FALSE,FALSE,6,black_male_low
100,Validation,4,1,White,FALSE,31,FALSE,TRUE,5,black_male_high
100,Validation,5,1,Asian,FALSE,38,FALSE,FALSE,5,black_male_high
13,Iterative Batch Phase: Min,6,1,Asian,TRUE,23,FALSE,FALSE,2,white_female_low
100,Validation,7,1,White,TRUE,27,FALSE,FALSE,6,black_male_low
100,Validation,8,1,White,TRUE,21,TRUE,FALSE,6,black_male_low
19,Iterative Batch Phase: Min,9,1,White,FALSE,29,FALSE,FALSE,6,black_male_low
100,Validation,10,0,White,TRUE,61,FALSE,FALSE,5,black_male_high
100,Validation,11,1,Black or African American,TRUE,38,FALSE,FALSE,5,black_male_high
3,Iterative Batch Phase: Min,12,1,White,FALSE,50,FALSE,FALSE,5,black_male_high
100,Validation,13,1,Black or African American,FALSE,23,FALSE,FALSE,6,black_male_low
4,Iterative Batch Phase: Min,14,1,White,TRUE,26,FALSE,FALSE,6,black_male_low
100,Validation,15,0,White,TRUE,39,FALSE,FALSE,5,black_male_high
100,Validation,16,1,Black or African American,FALSE,27,FALSE,FALSE,6,black_male_low
100,Validation,17,1,White,FALSE,77,FALSE,FALSE,5,black_male_high
6,Iterative Batch Phase: Min,18,0,Asian,TRUE,22,FALSE,FALSE,6,black_male_low
11,Iterative Batch Phase: Min,19,1,White,TRUE,23,FALSE,FALSE,5,black_male_high
9,Iterative Batch Phase: Min,20,1,White,FALSE,42,FALSE,FALSE,2,white_female_low
17,Iterative Batch Phase: Min,21,1,White,TRUE,20,TRUE,FALSE,8,white_male_low
6,Iterative Batch Phase: Min,22,1,Asian,FALSE,48,FALSE,FALSE,6,black_male_low
1,Iterative Batch Phase: Min,23,1,White,TRUE,29,FALSE,FALSE,4,black_female_low
2,Iterative Batch Phase: Max,24,1,White,TRUE,57,FALSE,FALSE,5,black_male_high
1,Iterative Batch Phase: Max,25,1,Asian,FALSE,37,FALSE,FALSE,2,white_female_low
10,Iterative Batch Phase: Min,26,1,White,TRUE,32,FALSE,FALSE,2,white_female_low
100,Validation,27,1,White,TRUE,43,FALSE,FALSE,6,black_male_low
100,Validation,28,1,White,TRUE,30,FALSE,FALSE,5,black_male_high
18,Iterative Batch Phase: Min,29,1,White,TRUE,29,FALSE,FALSE,6,black_male_low
100,Validation,30,1,White,TRUE,72,FALSE,FALSE,5,black_male_high
100,Validation,31,1,White,TRUE,27,FALSE,FALSE,5,black_male_high
100,Validation,32,1,Two or More Races,FALSE,49,FALSE,FALSE,5,black_male_high
0,Warmup,33,1,Asian,FALSE,32,FALSE,FALSE,7,white_male_high
100,Validation,34,1,White,TRUE,23,FALSE,FALSE,5,black_male_high
4,Iterative Batch Phase: Min,35,0,Black or African American,TRUE,32,FALSE,FALSE,3,black_female_high
100,Validation,36,1,White,TRUE,35,FALSE,FALSE,6,black_male_low
1,Iterative Batch Phase: Max,37,1,White,TRUE,26,FALSE,FALSE,5,black_male_high
1,Iterative Batch Phase: Min,38,1,Black or African American,FALSE,48,FALSE,FALSE,4,black_female_low
6,Iterative Batch Phase: Min,39,1,White,FALSE,69,FALSE,FALSE,6,black_male_low
15,Iterative Batch Phase: Min,40,0,White,FALSE,44,TRUE,FALSE,7,white_male_high
100,Validation,41,1,Two or More Races,FALSE,40,FALSE,FALSE,5,black_male_high
100,Validation,42,0,White,TRUE,68,FALSE,FALSE,6,black_male_low
100,Validation,43,1,White,FALSE,31,TRUE,FALSE,6,black_male_low
100,Validation,44,1,White,TRUE,51,FALSE,FALSE,5,black_male_high
0,Warmup,45,0,White,TRUE,43,FALSE,FALSE,7,white_male_high
19,Iterative Batch Phase: Min,46,0,Black or African American,FALSE,29,FALSE,FALSE,6,black_male_low
3,Iterative Batch Phase: Max,47,0,Black or African American,FALSE,47,FALSE,FALSE,5,black_male_high
4,Iterative Batch Phase: Min,48,0,White,FALSE,27,FALSE,FALSE,6,black_male_low
100,Validation,49,1,White,TRUE,29,FALSE,FALSE,6,black_male_low
100,Validation,50,0,Black or African American,TRUE,55,FALSE,FALSE,6,black_male_low
100,Validation,51,0,White,FALSE,36,FALSE,FALSE,6,black_male_low
100,Validation,52,1,Asian,TRUE,26,FALSE,FALSE,6,black_male_low
20,Iterative Batch Phase: Min,53,1,White,TRUE,27,FALSE,FALSE,6,black_male_low
100,Validation,54,0,White,FALSE,21,FALSE,FALSE,6,black_male_low
19,Iterative Batch Phase: Min,55,1,Asian,FALSE,39,FALSE,FALSE,6,black_male_low
4,Iterative Batch Phase: Max,56,1,Black or African American,TRUE,34,FALSE,FALSE,5,black_male_high
16,Iterative Batch Phase: Min,57,0,Black or African American,FALSE,35,FALSE,FALSE,1,white_female_high
14,Iterative Batch Phase: Min,58,1,White,FALSE,41,FALSE,FALSE,4,black_female_low
100,Validation,59,1,White,TRUE,23,FALSE,FALSE,6,black_male_low
100,Validation,60,1,White,TRUE,65,FALSE,FALSE,6,black_male_low
100,Validation,61,1,White,FALSE,28,FALSE,FALSE,6,black_male_low
11,Iterative Batch Phase: Min,62,0,White,TRUE,57,FALSE,FALSE,4,black_female_low
9,Iterative Batch Phase: Min,63,1,White,FALSE,58,FALSE,FALSE,7,white_male_high
100,Validation,64,0,Asian,TRUE,23,FALSE,FALSE,5,black_male_high
16,Iterative Batch Phase: Min,65,1,White,TRUE,25,TRUE,FALSE,2,white_female_low
1,Iterative Batch Phase: Max,66,1,Two or More Races,TRUE,36,TRUE,FALSE,8,white_male_low
8,Iterative Batch Phase: Min,67,1,White,FALSE,29,FALSE,FALSE,4,black_female_low
3,Iterative Batch Phase: Max,68,1,White,FALSE,75,FALSE,FALSE,5,black_male_high
9,Iterative Batch Phase: Min,69,1,White,FALSE,65,FALSE,FALSE,7,white_male_high
14,Iterative Batch Phase: Min,70,1,White,FALSE,41,FALSE,FALSE,4,black_female_low
13,Iterative Batch Phase: Min,71,1,White,TRUE,68,FALSE,FALSE,6,black_male_low
8,Iterative Batch Phase: Min,72,1,White,FALSE,25,FALSE,FALSE,6,black_male_low
100,Validation,73,1,White,FALSE,24,FALSE,FALSE,5,black_male_high
100,Validation,74,0,White,FALSE,56,FALSE,FALSE,5,black_male_high
100,Validation,75,0,Other,FALSE,46,TRUE,FALSE,6,black_male_low
4,Iterative Batch Phase: Min,76,0,White,FALSE,32,FALSE,FALSE,3,black_female_high
0,Warmup,77,1,Prefer not to disclose,FALSE,27,FALSE,TRUE,1,white_female_high
100,Validation,78,1,White,TRUE,27,FALSE,FALSE,5,black_male_high
0,Warmup,79,1,White,FALSE,28,FALSE,FALSE,2,white_female_low
100,Validation,80,1,White,TRUE,39,FALSE,FALSE,5,black_male_high
11,Iterative Batch Phase: Min,81,1,Prefer not to disclose,TRUE,40,FALSE,TRUE,4,black_female_low
100,Validation,82,1,White,TRUE,25,FALSE,FALSE,6,black_male_low
7,Iterative Batch Phase: Min,83,0,White,TRUE,50,FALSE,FALSE,4,black_female_low
9,Iterative Batch Phase: Min,84,1,White,FALSE,32,FALSE,FALSE,6,black_male_low
3,Iterative Batch Phase: Min,85,1,Two or More Races,FALSE,29,FALSE,FALSE,6,black_male_low
100,Validation,86,1,Prefer not to disclose,FALSE,,FALSE,TRUE,6,black_male_low
100,Validation,87,1,Asian,TRUE,26,FALSE,FALSE,5,black_male_high
100,Validation,88,1,White,FALSE,45,FALSE,FALSE,5,black_male_high
100,Validation,89,1,White,TRUE,62,FALSE,FALSE,5,black_male_high
15,Iterative Batch Phase: Min,90,0,White,FALSE,78,FALSE,FALSE,6,black_male_low
100,Validation,91,1,Black or African American,FALSE,31,FALSE,FALSE,5,black_male_high
9,Iterative Batch Phase: Min,92,1,Black or African American,FALSE,19,TRUE,FALSE,7,white_male_high
2,Iterative Batch Phase: Max,93,1,White,TRUE,48,FALSE,FALSE,5,black_male_high
20,Iterative Batch Phase: Min,94,1,White,FALSE,28,FALSE,FALSE,7,white_male_high
11,Iterative Batch Phase: Min,95,1,White,FALSE,53,FALSE,FALSE,1,white_female_high
100,Validation,96,0,White,FALSE,48,FALSE,FALSE,5,black_male_high
17,Iterative Batch Phase: Min,97,1,White,TRUE,47,FALSE,FALSE,4,black_female_low
14,Iterative Batch Phase: Min,98,0,White,TRUE,40,FALSE,FALSE,5,black_male_high
100,Validation,99,1,White,TRUE,47,FALSE,FALSE,5,black_male_high
9,Iterative Batch Phase: Min,100,1,White,FALSE,27,FALSE,FALSE,4,black_female_low
10,Iterative Batch Phase: Min,101,1,Black or African American,FALSE,45,FALSE,FALSE,1,white_female_high
100,Validation,102,1,White,TRUE,40,FALSE,FALSE,5,black_male_high
100,Validation,103,1,White,FALSE,40,TRUE,FALSE,6,black_male_low
5,Iterative Batch Phase: Min,104,1,White,TRUE,32,TRUE,FALSE,8,white_male_low
100,Validation,105,0,White,TRUE,61,FALSE,FALSE,5,black_male_high
100,Validation,106,1,White,TRUE,24,FALSE,FALSE,5,black_male_high
1,Iterative Batch Phase: Max,107,1,White,TRUE,32,FALSE,FALSE,5,black_male_high
8,Iterative Batch Phase: Min,108,1,White,TRUE,22,FALSE,FALSE,6,black_male_low
9,Iterative Batch Phase: Min,109,1,Black or African American,FALSE,44,FALSE,FALSE,3,black_female_high
16,Iterative Batch Phase: Min,110,1,White,FALSE,,FALSE,FALSE,6,black_male_low
100,Validation,111,1,White,TRUE,71,FALSE,FALSE,5,black_male_high
100,Validation,112,1,White,TRUE,55,FALSE,FALSE,5,black_male_high
100,Validation,113,1,Black or African American,FALSE,27,FALSE,FALSE,5,black_male_high
100,Validation,114,1,White,FALSE,33,FALSE,FALSE,6,black_male_low
100,Validation,115,1,White,TRUE,24,FALSE,FALSE,5,black_male_high
100,Validation,116,1,White,TRUE,28,FALSE,FALSE,6,black_male_low
0,Warmup,117,1,White,FALSE,28,FALSE,FALSE,7,white_male_high
0,Warmup,118,0,White,FALSE,22,FALSE,FALSE,5,black_male_high
3,Iterative Batch Phase: Max,119,1,White,TRUE,22,TRUE,FALSE,5,black_male_high
100,Validation,120,0,White,FALSE,31,FALSE,FALSE,6,black_male_low
9,Iterative Batch Phase: Min,121,0,Black or African American,TRUE,61,FALSE,FALSE,4,black_female_low
7,Iterative Batch Phase: Min,122,1,American Indian or Alaska Native,TRUE,32,TRUE,FALSE,6,black_male_low
20,Iterative Batch Phase: Min,123,1,Asian,FALSE,36,FALSE,FALSE,6,black_male_low
6,Iterative Batch Phase: Min,124,1,White,FALSE,46,FALSE,FALSE,6,black_male_low
100,Validation,125,1,Black or African American,TRUE,34,FALSE,FALSE,5,black_male_high
5,Iterative Batch Phase: Min,126,1,White,TRUE,20,FALSE,FALSE,6,black_male_low
0,Warmup,127,0,Asian,FALSE,22,FALSE,FALSE,1,white_female_high
100,Validation,128,1,American Indian or Alaska Native,FALSE,54,FALSE,FALSE,5,black_male_high
7,Iterative Batch Phase: Min,129,1,White,TRUE,18,FALSE,FALSE,6,black_male_low
6,Iterative Batch Phase: Min,130,1,White,FALSE,39,FALSE,FALSE,3,black_female_high
14,Iterative Batch Phase: Min,131,1,White,FALSE,41,FALSE,FALSE,4,black_female_low
11,Iterative Batch Phase: Min,132,1,Asian,TRUE,39,FALSE,FALSE,5,black_male_high
14,Iterative Batch Phase: Min,133,0,White,FALSE,39,FALSE,FALSE,8,white_male_low
0,Warmup,134,0,White,TRUE,70,FALSE,FALSE,4,black_female_low
100,Validation,135,1,White,TRUE,50,FALSE,FALSE,5,black_male_high
1,Iterative Batch Phase: Min,136,1,White,TRUE,68,FALSE,FALSE,1,white_female_high
3,Iterative Batch Phase: Min,137,1,White,FALSE,37,FALSE,FALSE,4,black_female_low
10,Iterative Batch Phase: Min,138,1,Black or African American,TRUE,26,FALSE,FALSE,7,white_male_high
0,Warmup,139,0,Black or African American,TRUE,43,FALSE,FALSE,1,white_female_high
1,Iterative Batch Phase: Max,140,1,Two or More Races,TRUE,43,FALSE,FALSE,1,white_female_high
100,Validation,141,1,White,TRUE,41,FALSE,FALSE,5,black_male_high
0,Warmup,142,0,Asian,FALSE,32,FALSE,FALSE,4,black_female_low
100,Validation,143,0,White,FALSE,44,FALSE,FALSE,5,black_male_high
100,Validation,144,1,White,FALSE,24,TRUE,FALSE,5,black_male_high
2,Iterative Batch Phase: Min,145,1,White,TRUE,46,FALSE,FALSE,2,white_female_low
2,Iterative Batch Phase: Max,146,1,White,FALSE,51,FALSE,FALSE,5,black_male_high
19,Iterative Batch Phase: Min,147,0,White,FALSE,29,FALSE,FALSE,6,black_male_low
8,Iterative Batch Phase: Min,148,0,White,FALSE,37,TRUE,FALSE,4,black_female_low
100,Validation,149,1,White,TRUE,58,FALSE,FALSE,6,black_male_low
100,Validation,150,1,Black or African American,TRUE,26,FALSE,FALSE,6,black_male_low
1,Iterative Batch Phase: Max,151,1,White,TRUE,21,FALSE,FALSE,6,black_male_low
0,Warmup,152,1,White,FALSE,40,TRUE,FALSE,4,black_female_low
1,Iterative Batch Phase: Min,153,1,White,FALSE,52,FALSE,FALSE,4,black_female_low
0,Warmup,154,1,White,FALSE,38,FALSE,FALSE,5,black_male_high
11,Iterative Batch Phase: Min,155,1,White,FALSE,48,FALSE,TRUE,4,black_female_low
7,Iterative Batch Phase: Min,156,1,White,FALSE,30,FALSE,FALSE,2,white_female_low
9,Iterative Batch Phase: Min,157,1,White,TRUE,55,FALSE,FALSE,7,white_male_high
7,Iterative Batch Phase: Min,158,1,White,TRUE,35,FALSE,FALSE,2,white_female_low
6,Iterative Batch Phase: Min,159,1,White,FALSE,73,FALSE,FALSE,1,white_female_high
17,Iterative Batch Phase: Min,160,1,Black or African American,FALSE,41,FALSE,FALSE,6,black_male_low
12,Iterative Batch Phase: Min,161,1,White,TRUE,42,FALSE,FALSE,2,white_female_low
19,Iterative Batch Phase: Min,162,0,White,TRUE,29,FALSE,FALSE,6,black_male_low
8,Iterative Batch Phase: Min,163,1,Asian,TRUE,27,FALSE,FALSE,6,black_male_low
11,Iterative Batch Phase: Min,164,1,Black or African American,FALSE,71,FALSE,FALSE,6,black_male_low
6,Iterative Batch Phase: Min,165,1,White,TRUE,43,FALSE,FALSE,2,white_female_low
7,Iterative Batch Phase: Min,166,1,White,FALSE,52,FALSE,FALSE,4,black_female_low
9,Iterative Batch Phase: Min,167,0,Two or More Races,TRUE,51,FALSE,FALSE,2,white_female_low
12,Iterative Batch Phase: Min,168,1,White,FALSE,50,FALSE,FALSE,4,black_female_low
2,Iterative Batch Phase: Min,169,1,White,FALSE,25,FALSE,FALSE,3,black_female_high
100,Validation,170,1,White,TRUE,48,FALSE,FALSE,5,black_male_high
18,Iterative Batch Phase: Min,171,0,White,FALSE,57,FALSE,FALSE,4,black_female_low
5,Iterative Batch Phase: Min,172,1,White,TRUE,68,FALSE,FALSE,3,black_female_high
100,Validation,173,1,White,TRUE,30,TRUE,FALSE,5,black_male_high
15,Iterative Batch Phase: Min,174,0,White,FALSE,,FALSE,TRUE,2,white_female_low
100,Validation,175,1,White,FALSE,70,FALSE,FALSE,6,black_male_low
100,Validation,176,0,White,TRUE,48,FALSE,FALSE,5,black_male_high
11,Iterative Batch Phase: Min,177,1,White,TRUE,28,FALSE,FALSE,3,black_female_high
7,Iterative Batch Phase: Min,178,1,Asian,FALSE,30,FALSE,FALSE,4,black_female_low
100,Validation,179,0,White,FALSE,36,FALSE,FALSE,5,black_male_high
100,Validation,180,0,Black or African American,TRUE,43,FALSE,FALSE,5,black_male_high
15,Iterative Batch Phase: Min,181,1,White,TRUE,25,FALSE,FALSE,4,black_female_low
100,Validation,182,1,Black or African American,TRUE,47,FALSE,FALSE,5,black_male_high
7,Iterative Batch Phase: Min,183,1,Asian,FALSE,34,FALSE,FALSE,6,black_male_low
4,Iterative Batch Phase: Max,184,1,White,FALSE,40,FALSE,FALSE,5,black_male_high
0,Warmup,185,1,White,FALSE,46,FALSE,FALSE,2,white_female_low
100,Validation,186,1,White,FALSE,39,FALSE,FALSE,5,black_male_high
100,Validation,187,1,White,TRUE,52,FALSE,FALSE,5,black_male_high
100,Validation,188,0,White,TRUE,50,FALSE,FALSE,5,black_male_high
100,Validation,189,0,White,TRUE,51,FALSE,FALSE,5,black_male_high
100,Validation,190,1,Black or African American,TRUE,48,FALSE,FALSE,5,black_male_high
100,Validation,191,1,White,TRUE,42,FALSE,FALSE,5,black_male_high
100,Validation,192,1,Black or African American,FALSE,28,FALSE,FALSE,5,black_male_high
13,Iterative Batch Phase: Min,193,1,Two or More Races,FALSE,37,FALSE,FALSE,4,black_female_low
19,Iterative Batch Phase: Min,194,1,White,TRUE,68,FALSE,FALSE,4,black_female_low
100,Validation,195,1,White,TRUE,54,FALSE,FALSE,5,black_male_high
11,Iterative Batch Phase: Min,196,1,Black or African American,FALSE,36,FALSE,FALSE,4,black_female_low
5,Iterative Batch Phase: Min,197,1,White,FALSE,71,FALSE,FALSE,6,black_male_low
100,Validation,198,0,White,FALSE,32,FALSE,FALSE,6,black_male_low
11,Iterative Batch Phase: Min,199,0,White,FALSE,33,FALSE,FALSE,6,black_male_low
11,Iterative Batch Phase: Min,200,1,White,FALSE,31,FALSE,FALSE,6,black_male_low
9,Iterative Batch Phase: Min,201,1,White,TRUE,27,TRUE,FALSE,7,white_male_high
100,Validation,202,1,White,FALSE,45,FALSE,FALSE,5,black_male_high
0,Warmup,203,1,White,TRUE,44,FALSE,FALSE,8,white_male_low
18,Iterative Batch Phase: Min,204,1,Asian,TRUE,19,FALSE,FALSE,6,black_male_low
5,Iterative Batch Phase: Min,205,1,Asian,FALSE,28,FALSE,FALSE,3,black_female_high
100,Validation,206,1,White,FALSE,27,FALSE,FALSE,5,black_male_high
100,Validation,207,0,White,TRUE,35,FALSE,FALSE,5,black_male_high
19,Iterative Batch Phase: Min,208,0,Black or African American,FALSE,25,FALSE,FALSE,3,black_female_high
6,Iterative Batch Phase: Min,209,1,White,TRUE,38,FALSE,FALSE,1,white_female_high
100,Validation,210,1,White,FALSE,27,FALSE,FALSE,6,black_male_low
4,Iterative Batch Phase: Max,211,1,White,TRUE,76,FALSE,FALSE,7,white_male_high
14,Iterative Batch Phase: Min,212,1,White,FALSE,33,FALSE,FALSE,6,black_male_low
15,Iterative Batch Phase: Min,213,1,White,TRUE,40,FALSE,FALSE,1,white_female_high
4,Iterative Batch Phase: Max,214,1,Asian,TRUE,21,FALSE,FALSE,5,black_male_high
16,Iterative Batch Phase: Min,215,1,White,FALSE,71,FALSE,FALSE,1,white_female_high
0,Warmup,216,0,White,FALSE,86,FALSE,FALSE,8,white_male_low
17,Iterative Batch Phase: Min,217,1,White,TRUE,51,FALSE,FALSE,4,black_female_low
14,Iterative Batch Phase: Min,218,0,White,TRUE,25,FALSE,FALSE,8,white_male_low
2,Iterative Batch Phase: Min,219,1,White,TRUE,28,TRUE,FALSE,3,black_female_high
10,Iterative Batch Phase: Min,220,0,White,FALSE,44,FALSE,FALSE,4,black_female_low
100,Validation,221,1,Black or African American,TRUE,21,FALSE,FALSE,6,black_male_low
100,Validation,222,1,White,FALSE,38,FALSE,FALSE,5,black_male_high
10,Iterative Batch Phase: Min,223,1,White,FALSE,37,FALSE,FALSE,4,black_female_low
14,Iterative Batch Phase: Min,224,1,White,FALSE,59,FALSE,FALSE,7,white_male_high
100,Validation,225,1,Asian,FALSE,32,FALSE,FALSE,5,black_male_high
1,Iterative Batch Phase: Min,226,1,Asian,FALSE,46,FALSE,FALSE,3,black_female_high
100,Validation,227,1,White,TRUE,44,FALSE,FALSE,6,black_male_low
2,Iterative Batch Phase: Min,228,0,White,TRUE,47,FALSE,FALSE,1,white_female_high
100,Validation,229,1,White,TRUE,23,FALSE,FALSE,6,black_male_low
100,Validation,230,1,White,TRUE,26,FALSE,FALSE,6,black_male_low
100,Validation,231,1,White,FALSE,74,FALSE,FALSE,6,black_male_low
20,Iterative Batch Phase: Min,232,1,White,FALSE,27,FALSE,FALSE,6,black_male_low
2,Iterative Batch Phase: Max,233,1,Asian,FALSE,28,FALSE,FALSE,5,black_male_high
17,Iterative Batch Phase: Min,234,1,Black or African American,TRUE,36,FALSE,FALSE,5,black_male_high
100,Validation,235,1,White,TRUE,39,FALSE,FALSE,5,black_male_high
18,Iterative Batch Phase: Min,236,1,White,FALSE,34,FALSE,FALSE,4,black_female_low
100,Validation,237,1,Asian,FALSE,33,FALSE,FALSE,5,black_male_high
100,Validation,238,1,White,TRUE,45,FALSE,FALSE,5,black_male_high
17,Iterative Batch Phase: Min,239,0,White,TRUE,21,FALSE,FALSE,6,black_male_low
15,Iterative Batch Phase: Min,240,1,White,TRUE,69,FALSE,TRUE,4,black_female_low
2,Iterative Batch Phase: Min,241,1,White,TRUE,46,FALSE,FALSE,5,black_male_high
8,Iterative Batch Phase: Min,242,1,White,TRUE,44,FALSE,FALSE,3,black_female_high
17,Iterative Batch Phase: Min,243,1,White,FALSE,52,FALSE,FALSE,5,black_male_high
100,Validation,244,1,White,FALSE,33,TRUE,FALSE,5,black_male_high
15,Iterative Batch Phase: Min,245,0,White,FALSE,66,FALSE,FALSE,6,black_male_low
100,Validation,246,0,White,FALSE,43,FALSE,FALSE,6,black_male_low
7,Iterative Batch Phase: Min,247,1,White,FALSE,40,FALSE,FALSE,1,white_female_high
100,Validation,248,0,White,TRUE,52,FALSE,FALSE,5,black_male_high
1,Iterative Batch Phase: Min,249,0,White,FALSE,32,FALSE,FALSE,4,black_female_low
100,Validation,250,1,White,TRUE,40,FALSE,FALSE,5,black_male_high
4,Iterative Batch Phase: Max,251,1,White,FALSE,53,FALSE,FALSE,5,black_male_high
15,Iterative Batch Phase: Min,252,1,White,FALSE,34,FALSE,FALSE,4,black_female_low
13,Iterative Batch Phase: Min,253,1,White,FALSE,43,FALSE,FALSE,5,black_male_high
13,Iterative Batch Phase: Min,254,0,Asian,TRUE,43,FALSE,FALSE,4,black_female_low
16,Iterative Batch Phase: Min,255,1,Other,TRUE,25,FALSE,FALSE,8,white_male_low
16,Iterative Batch Phase: Min,256,0,White,FALSE,60,FALSE,FALSE,5,black_male_high
3,Iterative Batch Phase: Max,257,1,White,FALSE,25,FALSE,TRUE,2,white_female_low
3,Iterative Batch Phase: Min,258,0,Black or African American,TRUE,38,FALSE,FALSE,6,black_male_low
100,Validation,259,0,Two or More Races,FALSE,37,FALSE,FALSE,5,black_male_high
14,Iterative Batch Phase: Min,260,1,Two or More Races,FALSE,36,FALSE,FALSE,4,black_female_low
100,Validation,261,1,Asian,TRUE,29,FALSE,FALSE,5,black_male_high
18,Iterative Batch Phase: Min,262,1,White,FALSE,41,FALSE,FALSE,4,black_female_low
100,Validation,263,1,Black or African American,TRUE,34,FALSE,FALSE,6,black_male_low
2,Iterative Batch Phase: Max,264,0,White,TRUE,30,FALSE,FALSE,5,black_male_high
19,Iterative Batch Phase: Min,265,1,White,FALSE,37,FALSE,TRUE,4,black_female_low
16,Iterative Batch Phase: Min,266,1,Black or African American,FALSE,61,FALSE,FALSE,6,black_male_low
100,Validation,267,0,White,FALSE,41,FALSE,FALSE,6,black_male_low
11,Iterative Batch Phase: Min,268,0,White,TRUE,27,FALSE,FALSE,5,black_male_high
8,Iterative Batch Phase: Min,269,1,White,TRUE,49,FALSE,FALSE,4,black_female_low
18,Iterative Batch Phase: Min,270,1,White,TRUE,25,FALSE,FALSE,4,black_female_low
14,Iterative Batch Phase: Min,271,1,Other,TRUE,20,FALSE,FALSE,4,black_female_low
2,Iterative Batch Phase: Min,272,1,White,FALSE,42,FALSE,FALSE,7,white_male_high
100,Validation,273,1,White,FALSE,21,FALSE,FALSE,6,black_male_low
100,Validation,274,1,White,TRUE,52,FALSE,FALSE,5,black_male_high
100,Validation,275,1,White,TRUE,30,FALSE,FALSE,5,black_male_high
13,Iterative Batch Phase: Min,276,0,White,FALSE,28,FALSE,FALSE,6,black_male_low
100,Validation,277,0,Two or More Races,FALSE,45,FALSE,FALSE,5,black_male_high
100,Validation,278,0,White,TRUE,68,FALSE,FALSE,5,black_male_high
5,Iterative Batch Phase: Min,279,1,Black or African American,FALSE,48,FALSE,FALSE,5,black_male_high
100,Validation,280,1,White,TRUE,31,FALSE,FALSE,5,black_male_high
100,Validation,281,1,Two or More Races,TRUE,54,FALSE,FALSE,6,black_male_low
100,Validation,282,1,White,TRUE,35,FALSE,FALSE,6,black_male_low
19,Iterative Batch Phase: Min,283,1,White,TRUE,27,FALSE,FALSE,2,white_female_low
1,Iterative Batch Phase: Min,284,0,White,TRUE,44,FALSE,FALSE,6,black_male_low
4,Iterative Batch Phase: Min,285,1,White,FALSE,25,FALSE,FALSE,4,black_female_low
2,Iterative Batch Phase: Max,286,0,Asian,FALSE,38,FALSE,FALSE,5,black_male_high
5,Iterative Batch Phase: Min,287,1,White,FALSE,50,FALSE,FALSE,2,white_female_low
100,Validation,288,1,Asian,TRUE,35,FALSE,FALSE,6,black_male_low
4,Iterative Batch Phase: Max,289,1,White,FALSE,25,FALSE,FALSE,5,black_male_high
100,Validation,290,1,White,TRUE,43,FALSE,FALSE,5,black_male_high
100,Validation,291,0,White,FALSE,44,FALSE,FALSE,5,black_male_high
100,Validation,292,1,White,FALSE,42,FALSE,FALSE,6,black_male_low
0,Warmup,293,1,Black or African American,TRUE,43,FALSE,FALSE,2,white_female_low
100,Validation,294,1,White,TRUE,21,TRUE,FALSE,6,black_male_low
9,Iterative Batch Phase: Min,295,1,White,FALSE,63,FALSE,FALSE,3,black_female_high
4,Iterative Batch Phase: Min,296,0,White,FALSE,39,FALSE,FALSE,5,black_male_high
0,Warmup,297,1,White,TRUE,29,FALSE,FALSE,2,white_female_low
2,Iterative Batch Phase: Min,298,1,Native Hawaiian or Other Pacific Islander,TRUE,36,FALSE,FALSE,1,white_female_high
19,Iterative Batch Phase: Min,299,1,White,TRUE,30,FALSE,FALSE,6,black_male_low
100,Validation,300,1,Two or More Races,FALSE,33,TRUE,FALSE,6,black_male_low
2,Iterative Batch Phase: Min,301,0,Two or More Races,FALSE,39,FALSE,FALSE,1,white_female_high
100,Validation,302,1,White,TRUE,62,FALSE,FALSE,6,black_male_low
100,Validation,303,1,White,FALSE,35,FALSE,FALSE,6,black_male_low
100,Validation,304,1,White,FALSE,43,FALSE,FALSE,5,black_male_high
2,Iterative Batch Phase: Min,305,1,White,FALSE,39,TRUE,FALSE,1,white_female_high
0,Warmup,306,1,White,FALSE,44,FALSE,FALSE,3,black_female_high
100,Validation,307,1,White,FALSE,27,FALSE,FALSE,6,black_male_low
2,Iterative Batch Phase: Max,308,0,Two or More Races,TRUE,23,FALSE,FALSE,3,black_female_high
6,Iterative Batch Phase: Min,309,1,White,FALSE,53,FALSE,FALSE,2,white_female_low
20,Iterative Batch Phase: Min,310,1,Black or African American,FALSE,49,FALSE,FALSE,6,black_male_low
9,Iterative Batch Phase: Min,311,0,White,TRUE,42,FALSE,FALSE,5,black_male_high
100,Validation,312,1,White,FALSE,75,FALSE,FALSE,6,black_male_low
18,Iterative Batch Phase: Min,313,1,Black or African American,TRUE,30,FALSE,FALSE,6,black_male_low
100,Validation,314,0,Black or African American,TRUE,71,FALSE,FALSE,6,black_male_low
14,Iterative Batch Phase: Min,315,1,White,FALSE,75,FALSE,FALSE,4,black_female_low
100,Validation,316,0,Black or African American,FALSE,49,FALSE,FALSE,5,black_male_high
2,Iterative Batch Phase: Min,317,1,Black or African American,FALSE,40,FALSE,FALSE,7,white_male_high
100,Validation,318,0,Black or African American,TRUE,25,FALSE,FALSE,6,black_male_low
0,Warmup,319,1,White,TRUE,34,FALSE,FALSE,7,white_male_high
2,Iterative Batch Phase: Max,320,1,White,FALSE,36,FALSE,FALSE,5,black_male_high
17,Iterative Batch Phase: Min,321,1,White,TRUE,37,FALSE,FALSE,3,black_female_high
9,Iterative Batch Phase: Min,322,0,White,FALSE,25,FALSE,FALSE,4,black_female_low
4,Iterative Batch Phase: Max,323,0,Asian,FALSE,23,FALSE,FALSE,2,white_female_low
100,Validation,324,1,White,TRUE,58,FALSE,FALSE,6,black_male_low
6,Iterative Batch Phase: Min,325,1,White,TRUE,56,FALSE,FALSE,6,black_male_low
3,Iterative Batch Phase: Max,326,0,White,FALSE,37,FALSE,FALSE,5,black_male_high
12,Iterative Batch Phase: Min,327,1,White,FALSE,44,TRUE,FALSE,2,white_female_low
100,Validation,328,0,Asian,TRUE,37,FALSE,FALSE,6,black_male_low
100,Validation,329,0,Prefer not to disclose,FALSE,,FALSE,TRUE,6,black_male_low
100,Validation,330,1,White,TRUE,23,FALSE,FALSE,5,black_male_high
100,Validation,331,0,White,TRUE,71,FALSE,FALSE,6,black_male_low
4,Iterative Batch Phase: Max,332,1,Asian,FALSE,23,FALSE,FALSE,5,black_male_high
3,Iterative Batch Phase: Min,333,0,White,FALSE,59,FALSE,FALSE,6,black_male_low
100,Validation,334,0,White,FALSE,56,FALSE,FALSE,6,black_male_low
100,Validation,335,1,White,FALSE,56,FALSE,FALSE,5,black_male_high
4,Iterative Batch Phase: Max,336,1,Asian,FALSE,37,FALSE,FALSE,5,black_male_high
7,Iterative Batch Phase: Min,337,0,Asian,FALSE,64,FALSE,FALSE,6,black_male_low
11,Iterative Batch Phase: Min,338,0,Black or African American,TRUE,55,FALSE,FALSE,6,black_male_low
100,Validation,339,1,White,FALSE,25,FALSE,FALSE,6,black_male_low
10,Iterative Batch Phase: Min,340,1,White,TRUE,35,FALSE,FALSE,8,white_male_low
2,Iterative Batch Phase: Max,341,0,White,TRUE,49,FALSE,FALSE,2,white_female_low
100,Validation,342,1,Asian,FALSE,31,FALSE,FALSE,6,black_male_low
2,Iterative Batch Phase: Max,343,1,White,TRUE,24,FALSE,FALSE,5,black_male_high
0,Warmup,344,1,Black or African American,TRUE,28,FALSE,FALSE,5,black_male_high
100,Validation,345,1,White,FALSE,37,FALSE,FALSE,5,black_male_high
100,Validation,346,0,White,TRUE,67,FALSE,FALSE,5,black_male_high
15,Iterative Batch Phase: Min,347,0,White,FALSE,57,FALSE,FALSE,5,black_male_high
13,Iterative Batch Phase: Min,348,0,White,TRUE,68,FALSE,FALSE,5,black_male_high
12,Iterative Batch Phase: Min,349,1,White,FALSE,32,FALSE,FALSE,6,black_male_low
5,Iterative Batch Phase: Min,350,1,Black or African American,TRUE,28,FALSE,FALSE,3,black_female_high
11,Iterative Batch Phase: Min,351,1,Black or African American,TRUE,22,FALSE,FALSE,4,black_female_low
1,Iterative Batch Phase: Max,352,1,Other,FALSE,53,TRUE,FALSE,2,white_female_low
13,Iterative Batch Phase: Min,353,1,Other,TRUE,37,TRUE,FALSE,6,black_male_low
100,Validation,354,1,White,FALSE,39,FALSE,FALSE,5,black_male_high
100,Validation,355,1,White,TRUE,53,FALSE,FALSE,5,black_male_high
17,Iterative Batch Phase: Min,356,1,White,FALSE,67,FALSE,FALSE,3,black_female_high
100,Validation,357,1,Asian,TRUE,24,FALSE,FALSE,6,black_male_low
1,Iterative Batch Phase: Min,358,1,White,TRUE,47,FALSE,FALSE,4,black_female_low
2,Iterative Batch Phase: Max,359,0,White,FALSE,32,FALSE,FALSE,7,white_male_high
15,Iterative Batch Phase: Min,360,1,White,TRUE,36,FALSE,FALSE,8,white_male_low
100,Validation,361,0,White,TRUE,28,FALSE,FALSE,6,black_male_low
3,Iterative Batch Phase: Min,362,0,White,FALSE,,FALSE,TRUE,7,white_male_high
9,Iterative Batch Phase: Min,363,1,White,FALSE,68,FALSE,FALSE,2,white_female_low
15,Iterative Batch Phase: Min,364,1,White,FALSE,43,FALSE,FALSE,8,white_male_low
4,Iterative Batch Phase: Min,365,1,White,FALSE,43,FALSE,FALSE,5,black_male_high
100,Validation,366,1,White,FALSE,60,FALSE,FALSE,6,black_male_low
13,Iterative Batch Phase: Min,367,1,Black or African American,FALSE,39,FALSE,FALSE,8,white_male_low
100,Validation,368,1,Other,TRUE,27,FALSE,FALSE,5,black_male_high
100,Validation,369,0,White,TRUE,44,FALSE,FALSE,6,black_male_low
100,Validation,370,1,White,FALSE,43,FALSE,FALSE,5,black_male_high
3,Iterative Batch Phase: Min,371,0,White,FALSE,31,FALSE,FALSE,6,black_male_low
4,Iterative Batch Phase: Min,372,1,Asian,FALSE,19,FALSE,FALSE,3,black_female_high
13,Iterative Batch Phase: Min,373,1,White,FALSE,35,FALSE,FALSE,5,black_male_high
5,Iterative Batch Phase: Min,374,1,White,TRUE,28,FALSE,FALSE,6,black_male_low
100,Validation,375,0,White,TRUE,71,FALSE,FALSE,5,black_male_high
10,Iterative Batch Phase: Min,376,0,White,FALSE,25,FALSE,FALSE,6,black_male_low
0,Warmup,377,1,White,TRUE,44,FALSE,FALSE,3,black_female_high
100,Validation,378,1,White,TRUE,34,FALSE,FALSE,5,black_male_high
1,Iterative Batch Phase: Max,379,1,White,TRUE,31,FALSE,FALSE,5,black_male_high
100,Validation,380,1,White,TRUE,33,FALSE,FALSE,6,black_male_low
100,Validation,381,1,White,FALSE,37,FALSE,FALSE,5,black_male_high
0,Warmup,382,1,White,TRUE,40,TRUE,FALSE,3,black_female_high
8,Iterative Batch Phase: Min,383,1,White,FALSE,38,FALSE,FALSE,6,black_male_low
3,Iterative Batch Phase: Min,384,1,Black or African American,TRUE,51,FALSE,FALSE,3,black_female_high
9,Iterative Batch Phase: Min,385,1,White,FALSE,66,FALSE,FALSE,3,black_female_high
100,Validation,386,1,White,FALSE,35,FALSE,FALSE,5,black_male_high
10,Iterative Batch Phase: Min,387,0,White,FALSE,,TRUE,FALSE,3,black_female_high
100,Validation,388,1,Asian,TRUE,48,FALSE,FALSE,6,black_male_low
8,Iterative Batch Phase: Min,389,1,White,TRUE,41,FALSE,FALSE,2,white_female_low
12,Iterative Batch Phase: Min,390,1,White,TRUE,39,FALSE,FALSE,5,black_male_high
11,Iterative Batch Phase: Min,391,1,White,FALSE,24,FALSE,FALSE,4,black_female_low
100,Validation,392,0,White,FALSE,27,FALSE,FALSE,5,black_male_high
14,Iterative Batch Phase: Min,393,1,White,TRUE,50,FALSE,FALSE,4,black_female_low
4,Iterative Batch Phase: Min,394,1,White,TRUE,29,FALSE,FALSE,8,white_male_low
13,Iterative Batch Phase: Min,395,1,Black or African American,TRUE,23,FALSE,FALSE,4,black_female_low
3,Iterative Batch Phase: Min,396,1,White,FALSE,,FALSE,FALSE,5,black_male_high
100,Validation,397,1,Asian,FALSE,29,FALSE,FALSE,5,black_male_high
100,Validation,398,0,White,FALSE,68,FALSE,FALSE,6,black_male_low
7,Iterative Batch Phase: Min,399,1,Black or African American,TRUE,32,FALSE,FALSE,5,black_male_high
100,Validation,400,1,White,TRUE,26,FALSE,FALSE,6,black_male_low
3,Iterative Batch Phase: Min,401,1,White,FALSE,33,FALSE,FALSE,2,white_female_low
7,Iterative Batch Phase: Min,402,1,White,TRUE,49,FALSE,FALSE,6,black_male_low
4,Iterative Batch Phase: Min,403,1,White,FALSE,36,FALSE,FALSE,8,white_male_low
100,Validation,404,0,Black or African American,TRUE,49,FALSE,FALSE,5,black_male_high
14,Iterative Batch Phase: Min,405,1,White,FALSE,33,FALSE,FALSE,7,white_male_high
100,Validation,406,1,Two or More Races,FALSE,21,TRUE,FALSE,6,black_male_low
100,Validation,407,1,White,TRUE,52,FALSE,FALSE,5,black_male_high
7,Iterative Batch Phase: Min,408,0,White,FALSE,65,FALSE,FALSE,3,black_female_high
8,Iterative Batch Phase: Min,409,1,White,TRUE,29,FALSE,FALSE,6,black_male_low
100,Validation,410,0,White,TRUE,71,FALSE,FALSE,6,black_male_low
4,Iterative Batch Phase: Min,411,1,White,FALSE,32,FALSE,FALSE,8,white_male_low
100,Validation,412,0,White,TRUE,65,FALSE,FALSE,5,black_male_high
100,Validation,413,1,Asian,FALSE,44,FALSE,FALSE,5,black_male_high
100,Validation,414,0,White,FALSE,41,FALSE,FALSE,6,black_male_low
20,Iterative Batch Phase: Min,415,1,Two or More Races,TRUE,31,FALSE,FALSE,5,black_male_high
8,Iterative Batch Phase: Min,416,1,Two or More Races,FALSE,27,FALSE,FALSE,6,black_male_low
100,Validation,417,1,White,TRUE,19,FALSE,FALSE,5,black_male_high
100,Validation,418,1,Black or African American,TRUE,52,FALSE,FALSE,6,black_male_low
3,Iterative Batch Phase: Min,419,1,White,FALSE,47,FALSE,FALSE,6,black_male_low
8,Iterative Batch Phase: Min,420,1,White,FALSE,35,FALSE,FALSE,4,black_female_low
100,Validation,421,1,White,FALSE,37,FALSE,FALSE,5,black_male_high
8,Iterative Batch Phase: Min,422,1,White,FALSE,42,FALSE,FALSE,4,black_female_low
2,Iterative Batch Phase: Min,423,1,Asian,TRUE,30,FALSE,FALSE,7,white_male_high
100,Validation,424,1,White,TRUE,45,FALSE,FALSE,6,black_male_low
19,Iterative Batch Phase: Min,425,1,White,FALSE,35,FALSE,FALSE,5,black_male_high
100,Validation,426,0,Asian,TRUE,32,FALSE,FALSE,5,black_male_high
100,Validation,427,0,White,TRUE,24,FALSE,FALSE,5,black_male_high
14,Iterative Batch Phase: Min,428,0,White,FALSE,48,FALSE,TRUE,4,black_female_low
100,Validation,429,1,White,TRUE,31,FALSE,FALSE,6,black_male_low
100,Validation,430,1,Black or African American,FALSE,38,FALSE,FALSE,6,black_male_low
100,Validation,431,1,White,FALSE,44,FALSE,FALSE,6,black_male_low
100,Validation,432,0,White,FALSE,35,TRUE,FALSE,6,black_male_low
100,Validation,433,0,White,FALSE,46,FALSE,FALSE,5,black_male_high
2,Iterative Batch Phase: Max,434,0,White,TRUE,36,FALSE,FALSE,6,black_male_low
100,Validation,435,1,White,TRUE,37,FALSE,FALSE,5,black_male_high
100,Validation,436,1,Black or African American,TRUE,46,FALSE,FALSE,5,black_male_high
0,Warmup,437,1,Asian,FALSE,35,FALSE,FALSE,3,black_female_high
1,Iterative Batch Phase: Min,438,1,White,FALSE,30,FALSE,FALSE,4,black_female_low
0,Warmup,439,0,White,TRUE,42,FALSE,FALSE,4,black_female_low
2,Iterative Batch Phase: Min,440,1,White,FALSE,55,FALSE,FALSE,8,white_male_low
100,Validation,441,1,White,TRUE,21,TRUE,FALSE,6,black_male_low
100,Validation,442,1,White,TRUE,29,TRUE,FALSE,5,black_male_high
16,Iterative Batch Phase: Min,443,1,White,FALSE,57,FALSE,FALSE,4,black_female_low
3,Iterative Batch Phase: Min,444,1,White,FALSE,38,FALSE,FALSE,2,white_female_low
1,Iterative Batch Phase: Min,445,0,White,FALSE,,FALSE,FALSE,4,black_female_low
4,Iterative Batch Phase: Max,446,0,White,FALSE,73,FALSE,FALSE,5,black_male_high
100,Validation,447,0,White,TRUE,30,FALSE,FALSE,5,black_male_high
100,Validation,448,0,Black or African American,TRUE,62,FALSE,FALSE,5,black_male_high
100,Validation,449,1,Asian,TRUE,41,FALSE,FALSE,6,black_male_low
100,Validation,450,0,Black or African American,TRUE,30,FALSE,FALSE,5,black_male_high
4,Iterative Batch Phase: Min,451,1,Two or More Races,FALSE,25,FALSE,FALSE,8,white_male_low
11,Iterative Batch Phase: Min,452,0,White,FALSE,34,FALSE,FALSE,6,black_male_low
100,Validation,453,1,White,FALSE,51,FALSE,FALSE,5,black_male_high
1,Iterative Batch Phase: Max,454,1,White,TRUE,21,FALSE,FALSE,8,white_male_low
100,Validation,455,1,White,FALSE,35,FALSE,FALSE,5,black_male_high
100,Validation,456,1,Asian,TRUE,20,FALSE,FALSE,5,black_male_high
100,Validation,457,1,White,TRUE,56,FALSE,FALSE,5,black_male_high
100,Validation,458,0,White,FALSE,40,FALSE,FALSE,5,black_male_high
6,Iterative Batch Phase: Min,459,1,White,FALSE,36,FALSE,FALSE,3,black_female_high
11,Iterative Batch Phase: Min,460,1,Black or African American,FALSE,28,FALSE,FALSE,4,black_female_low
11,Iterative Batch Phase: Min,461,0,White,FALSE,46,FALSE,FALSE,6,black_male_low
100,Validation,462,1,Asian,TRUE,20,FALSE,FALSE,6,black_male_low
2,Iterative Batch Phase: Min,463,1,White,TRUE,56,FALSE,FALSE,3,black_female_high
0,Warmup,464,1,White,FALSE,49,FALSE,FALSE,8,white_male_low
3,Iterative Batch Phase: Max,465,1,White,FALSE,46,FALSE,FALSE,5,black_male_high
100,Validation,466,0,White,FALSE,38,FALSE,FALSE,5,black_male_high
11,Iterative Batch Phase: Min,467,1,White,FALSE,41,FALSE,FALSE,6,black_male_low
100,Validation,468,0,White,TRUE,53,FALSE,FALSE,6,black_male_low
16,Iterative Batch Phase: Min,469,1,White,FALSE,41,FALSE,FALSE,3,black_female_high
100,Validation,470,0,White,FALSE,48,TRUE,FALSE,5,black_male_high
100,Validation,471,1,White,FALSE,25,FALSE,FALSE,5,black_male_high
16,Iterative Batch Phase: Min,472,1,Asian,FALSE,36,FALSE,FALSE,4,black_female_low
100,Validation,473,1,White,FALSE,32,FALSE,FALSE,6,black_male_low
0,Warmup,474,1,White,TRUE,37,FALSE,FALSE,2,white_female_low
13,Iterative Batch Phase: Min,475,0,Black or African American,TRUE,59,FALSE,FALSE,3,black_female_high
0,Warmup,476,1,Asian,TRUE,45,FALSE,FALSE,6,black_male_low
2,Iterative Batch Phase: Max,477,1,White,FALSE,48,FALSE,FALSE,2,white_female_low
8,Iterative Batch Phase: Min,478,1,Asian,TRUE,34,FALSE,FALSE,6,black_male_low
100,Validation,479,1,White,TRUE,25,FALSE,FALSE,5,black_male_high
100,Validation,480,0,Asian,TRUE,41,FALSE,FALSE,6,black_male_low
100,Validation,481,0,Black or African American,TRUE,31,FALSE,FALSE,5,black_male_high
10,Iterative Batch Phase: Min,482,1,White,TRUE,34,FALSE,FALSE,4,black_female_low
100,Validation,483,0,White,TRUE,43,FALSE,FALSE,5,black_male_high
100,Validation,484,0,White,TRUE,,FALSE,FALSE,6,black_male_low
6,Iterative Batch Phase: Min,485,1,White,FALSE,38,FALSE,FALSE,6,black_male_low
100,Validation,486,0,White,FALSE,24,FALSE,FALSE,6,black_male_low
100,Validation,487,1,White,TRUE,37,TRUE,FALSE,6,black_male_low
2,Iterative Batch Phase: Max,488,1,White,FALSE,41,FALSE,FALSE,6,black_male_low
100,Validation,489,1,White,TRUE,33,FALSE,FALSE,5,black_male_high
7,Iterative Batch Phase: Min,490,1,White,TRUE,55,FALSE,FALSE,4,black_female_low
14,Iterative Batch Phase: Min,491,1,Asian,TRUE,41,FALSE,FALSE,4,black_female_low
100,Validation,492,1,White,TRUE,24,TRUE,FALSE,6,black_male_low
1,Iterative Batch Phase: Max,493,1,White,TRUE,35,FALSE,FALSE,5,black_male_high
2,Iterative Batch Phase: Min,494,1,White,FALSE,30,FALSE,FALSE,2,white_female_low
0,Warmup,495,0,White,FALSE,37,FALSE,FALSE,5,black_male_high
12,Iterative Batch Phase: Min,496,0,White,TRUE,26,FALSE,FALSE,6,black_male_low
6,Iterative Batch Phase: Min,497,1,White,TRUE,65,FALSE,FALSE,8,white_male_low
100,Validation,498,0,White,FALSE,30,FALSE,FALSE,5,black_male_high
2,Iterative Batch Phase: Max,499,0,White,FALSE,23,FALSE,FALSE,5,black_male_high
3,Iterative Batch Phase: Max,500,1,Two or More Races,TRUE,26,FALSE,FALSE,5,black_male_high
5,Iterative Batch Phase: Min,501,1,White,FALSE,40,FALSE,FALSE,6,black_male_low
20,Iterative Batch Phase: Min,502,1,White,TRUE,23,FALSE,FALSE,4,black_female_low
100,Validation,503,1,Other,TRUE,23,FALSE,FALSE,5,black_male_high
100,Validation,504,1,Two or More Races,TRUE,38,FALSE,FALSE,5,black_male_high
8,Iterative Batch Phase: Min,505,0,Asian,FALSE,31,FALSE,FALSE,6,black_male_low
15,Iterative Batch Phase: Min,506,1,White,FALSE,31,TRUE,FALSE,4,black_female_low
100,Validation,507,0,White,TRUE,69,FALSE,FALSE,6,black_male_low
15,Iterative Batch Phase: Min,508,0,White,TRUE,79,FALSE,FALSE,5,black_male_high
100,Validation,509,1,White,TRUE,33,FALSE,FALSE,6,black_male_low
8,Iterative Batch Phase: Min,510,0,White,FALSE,52,FALSE,FALSE,6,black_male_low
100,Validation,511,1,White,TRUE,40,TRUE,FALSE,5,black_male_high
4,Iterative Batch Phase: Max,512,1,White,FALSE,47,TRUE,FALSE,2,white_female_low
13,Iterative Batch Phase: Min,513,1,White,FALSE,24,FALSE,TRUE,2,white_female_low
16,Iterative Batch Phase: Min,514,1,White,FALSE,48,FALSE,FALSE,8,white_male_low
100,Validation,515,1,White,FALSE,54,FALSE,FALSE,5,black_male_high
11,Iterative Batch Phase: Min,516,0,White,TRUE,60,FALSE,FALSE,4,black_female_low
19,Iterative Batch Phase: Min,517,0,Black or African American,TRUE,54,FALSE,FALSE,7,white_male_high
100,Validation,518,1,White,TRUE,34,FALSE,FALSE,6,black_male_low
100,Validation,519,1,White,TRUE,22,FALSE,FALSE,5,black_male_high
0,Warmup,520,1,White,TRUE,36,FALSE,FALSE,3,black_female_high
100,Validation,521,1,Black or African American,TRUE,22,FALSE,FALSE,6,black_male_low
100,Validation,522,1,White,FALSE,32,FALSE,FALSE,5,black_male_high
1,Iterative Batch Phase: Min,523,1,Asian,FALSE,57,FALSE,FALSE,4,black_female_low
100,Validation,524,1,White,TRUE,24,FALSE,FALSE,5,black_male_high
100,Validation,525,0,Black or African American,TRUE,32,FALSE,FALSE,5,black_male_high
18,Iterative Batch Phase: Min,526,1,Black or African American,TRUE,30,FALSE,FALSE,4,black_female_low
100,Validation,527,1,White,TRUE,22,FALSE,FALSE,5,black_male_high
100,Validation,528,1,White,TRUE,58,FALSE,FALSE,5,black_male_high
1,Iterative Batch Phase: Max,529,1,White,FALSE,37,TRUE,FALSE,8,white_male_low
100,Validation,530,1,White,TRUE,29,TRUE,FALSE,5,black_male_high
13,Iterative Batch Phase: Min,531,1,Black or African American,TRUE,29,FALSE,FALSE,6,black_male_low
8,Iterative Batch Phase: Min,532,1,White,FALSE,40,FALSE,FALSE,4,black_female_low
100,Validation,533,0,Asian,TRUE,32,FALSE,FALSE,5,black_male_high
16,Iterative Batch Phase: Min,534,1,White,FALSE,45,FALSE,FALSE,4,black_female_low
1,Iterative Batch Phase: Min,535,1,White,TRUE,27,FALSE,FALSE,4,black_female_low
100,Validation,536,1,Asian,TRUE,28,FALSE,FALSE,5,black_male_high
6,Iterative Batch Phase: Min,537,1,White,TRUE,38,FALSE,FALSE,6,black_male_low
100,Validation,538,1,White,TRUE,49,FALSE,FALSE,6,black_male_low
3,Iterative Batch Phase: Max,539,1,White,TRUE,22,FALSE,FALSE,5,black_male_high
2,Iterative Batch Phase: Max,540,0,Black or African American,FALSE,33,FALSE,FALSE,5,black_male_high
2,Iterative Batch Phase: Max,541,1,White,TRUE,35,FALSE,FALSE,5,black_male_high
0,Warmup,542,1,White,TRUE,,FALSE,FALSE,5,black_male_high
20,Iterative Batch Phase: Min,543,1,White,TRUE,50,FALSE,FALSE,5,black_male_high
100,Validation,544,1,White,TRUE,35,FALSE,FALSE,6,black_male_low
0,Warmup,545,1,White,TRUE,26,FALSE,FALSE,4,black_female_low
1,Iterative Batch Phase: Max,546,1,White,FALSE,33,FALSE,FALSE,5,black_male_high
100,Validation,547,1,White,FALSE,48,FALSE,FALSE,5,black_male_high
100,Validation,548,0,White,TRUE,26,FALSE,FALSE,5,black_male_high
11,Iterative Batch Phase: Min,549,0,Black or African American,TRUE,31,FALSE,FALSE,5,black_male_high
4,Iterative Batch Phase: Max,550,0,White,FALSE,33,FALSE,FALSE,2,white_female_low
100,Validation,551,0,Two or More Races,TRUE,42,FALSE,FALSE,6,black_male_low
11,Iterative Batch Phase: Min,552,1,White,TRUE,25,FALSE,FALSE,6,black_male_low
100,Validation,553,1,White,TRUE,44,FALSE,FALSE,5,black_male_high
1,Iterative Batch Phase: Max,554,1,White,FALSE,46,FALSE,FALSE,2,white_female_low
100,Validation,555,0,White,FALSE,71,FALSE,FALSE,5,black_male_high
100,Validation,556,1,White,FALSE,39,FALSE,FALSE,6,black_male_low
100,Validation,557,1,White,FALSE,19,FALSE,FALSE,6,black_male_low
100,Validation,558,0,Asian,FALSE,31,TRUE,FALSE,6,black_male_low
2,Iterative Batch Phase: Max,559,0,Asian,FALSE,51,FALSE,FALSE,5,black_male_high
100,Validation,560,1,Asian,FALSE,24,FALSE,FALSE,6,black_male_low
100,Validation,561,0,White,TRUE,48,FALSE,FALSE,5,black_male_high
100,Validation,562,0,Asian,FALSE,29,TRUE,FALSE,6,black_male_low
100,Validation,563,1,Two or More Races,TRUE,28,FALSE,FALSE,5,black_male_high
100,Validation,564,0,White,FALSE,47,FALSE,FALSE,6,black_male_low
100,Validation,565,1,Asian,FALSE,46,FALSE,FALSE,6,black_male_low
0,Warmup,566,1,Asian,FALSE,29,FALSE,FALSE,5,black_male_high
2,Iterative Batch Phase: Max,567,1,White,TRUE,65,FALSE,FALSE,5,black_male_high
3,Iterative Batch Phase: Min,568,1,White,FALSE,54,FALSE,FALSE,3,black_female_high
10,Iterative Batch Phase: Min,569,0,White,TRUE,52,FALSE,FALSE,6,black_male_low
14,Iterative Batch Phase: Min,570,1,White,FALSE,36,FALSE,FALSE,4,black_female_low
11,Iterative Batch Phase: Min,571,1,White,FALSE,36,FALSE,FALSE,4,black_female_low
100,Validation,572,0,White,TRUE,37,FALSE,FALSE,5,black_male_high
100,Validation,573,0,White,TRUE,43,FALSE,FALSE,6,black_male_low
100,Validation,574,1,White,TRUE,56,FALSE,FALSE,6,black_male_low
100,Validation,575,0,White,FALSE,42,FALSE,FALSE,5,black_male_high
100,Validation,576,1,White,TRUE,37,FALSE,FALSE,6,black_male_low
7,Iterative Batch Phase: Min,577,0,White,FALSE,53,FALSE,FALSE,6,black_male_low
100,Validation,578,1,White,FALSE,29,FALSE,FALSE,6,black_male_low
100,Validation,579,1,White,TRUE,33,FALSE,FALSE,5,black_male_high
100,Validation,580,1,White,TRUE,48,FALSE,FALSE,6,black_male_low
15,Iterative Batch Phase: Min,581,1,Two or More Races,TRUE,57,FALSE,FALSE,4,black_female_low
100,Validation,582,1,White,FALSE,40,FALSE,FALSE,6,black_male_low
100,Validation,583,1,White,FALSE,33,FALSE,FALSE,6,black_male_low
8,Iterative Batch Phase: Min,584,1,White,TRUE,45,FALSE,FALSE,6,black_male_low
0,Warmup,585,1,White,FALSE,35,FALSE,FALSE,2,white_female_low
4,Iterative Batch Phase: Min,586,0,White,FALSE,43,FALSE,FALSE,6,black_male_low
0,Warmup,587,1,Two or More Races,FALSE,26,FALSE,FALSE,2,white_female_low
0,Warmup,588,1,Asian,FALSE,27,FALSE,FALSE,5,black_male_high
100,Validation,589,1,White,FALSE,44,FALSE,FALSE,6,black_male_low
100,Validation,590,1,White,FALSE,54,FALSE,FALSE,5,black_male_high
0,Warmup,591,0,Black or African American,TRUE,51,FALSE,FALSE,1,white_female_high
1,Iterative Batch Phase: Min,592,1,White,TRUE,57,FALSE,FALSE,3,black_female_high
7,Iterative Batch Phase: Min,593,1,White,FALSE,33,FALSE,FALSE,6,black_male_low
14,Iterative Batch Phase: Min,594,1,Other,TRUE,34,FALSE,FALSE,6,black_male_low
100,Validation,595,1,Two or More Races,FALSE,33,TRUE,FALSE,5,black_male_high
100,Validation,596,1,White,FALSE,50,FALSE,FALSE,6,black_male_low
100,Validation,597,1,White,TRUE,34,TRUE,FALSE,6,black_male_low
100,Validation,598,1,White,TRUE,52,FALSE,FALSE,6,black_male_low
4,Iterative Batch Phase: Max,599,1,White,FALSE,34,FALSE,FALSE,6,black_male_low
6,Iterative Batch Phase: Min,600,1,White,FALSE,32,FALSE,FALSE,6,black_male_low
20,Iterative Batch Phase: Min,601,0,White,TRUE,47,FALSE,FALSE,4,black_female_low
100,Validation,602,1,White,TRUE,65,FALSE,FALSE,6,black_male_low
2,Iterative Batch Phase: Min,603,1,White,FALSE,55,FALSE,FALSE,1,white_female_high
2,Iterative Batch Phase: Min,604,0,Asian,TRUE,33,FALSE,FALSE,2,white_female_low
17,Iterative Batch Phase: Min,605,1,White,TRUE,54,FALSE,FALSE,4,black_female_low
100,Validation,606,1,White,TRUE,21,FALSE,FALSE,6,black_male_low
100,Validation,607,1,White,TRUE,53,FALSE,FALSE,5,black_male_high
5,Iterative Batch Phase: Min,608,0,Asian,TRUE,34,FALSE,FALSE,6,black_male_low
17,Iterative Batch Phase: Min,609,1,White,TRUE,38,FALSE,FALSE,4,black_female_low
100,Validation,610,1,White,TRUE,48,FALSE,FALSE,5,black_male_high
14,Iterative Batch Phase: Min,611,0,White,FALSE,73,FALSE,FALSE,4,black_female_low
100,Validation,612,1,Asian,FALSE,35,FALSE,FALSE,6,black_male_low
20,Iterative Batch Phase: Min,613,1,Black or African American,TRUE,79,FALSE,FALSE,5,black_male_high
7,Iterative Batch Phase: Min,614,0,White,TRUE,30,FALSE,FALSE,6,black_male_low
4,Iterative Batch Phase: Max,615,1,White,TRUE,40,FALSE,FALSE,5,black_male_high
100,Validation,616,1,White,FALSE,36,FALSE,FALSE,6,black_male_low
100,Validation,617,1,White,TRUE,44,FALSE,FALSE,5,black_male_high
100,Validation,618,0,White,FALSE,36,FALSE,FALSE,5,black_male_high
15,Iterative Batch Phase: Min,619,1,White,TRUE,35,TRUE,FALSE,4,black_female_low
100,Validation,620,0,White,FALSE,68,FALSE,FALSE,5,black_male_high
100,Validation,621,1,White,TRUE,36,FALSE,FALSE,5,black_male_high
9,Iterative Batch Phase: Min,622,1,White,TRUE,29,FALSE,FALSE,7,white_male_high
19,Iterative Batch Phase: Min,623,1,White,TRUE,23,FALSE,FALSE,5,black_male_high
17,Iterative Batch Phase: Min,624,0,Asian,FALSE,33,FALSE,FALSE,6,black_male_low
0,Warmup,625,0,Black or African American,FALSE,37,FALSE,FALSE,1,white_female_high
100,Validation,626,0,Black or African American,TRUE,63,FALSE,FALSE,6,black_male_low
9,Iterative Batch Phase: Min,627,0,White,TRUE,27,FALSE,FALSE,4,black_female_low
100,Validation,628,0,Two or More Races,TRUE,20,FALSE,FALSE,6,black_male_low
100,Validation,629,1,White,TRUE,48,FALSE,FALSE,5,black_male_high
2,Iterative Batch Phase: Min,630,1,White,FALSE,32,FALSE,FALSE,1,white_female_high
100,Validation,631,0,White,FALSE,31,FALSE,FALSE,5,black_male_high
0,Warmup,632,1,White,FALSE,36,FALSE,FALSE,5,black_male_high
100,Validation,633,0,White,TRUE,43,FALSE,FALSE,5,black_male_high
17,Iterative Batch Phase: Min,634,0,White,TRUE,29,FALSE,FALSE,6,black_male_low
100,Validation,635,1,White,TRUE,69,FALSE,FALSE,5,black_male_high
2,Iterative Batch Phase: Max,636,1,White,TRUE,33,FALSE,FALSE,1,white_female_high
100,Validation,637,0,Asian,TRUE,21,FALSE,FALSE,6,black_male_low
8,Iterative Batch Phase: Min,638,1,White,FALSE,40,FALSE,FALSE,6,black_male_low
19,Iterative Batch Phase: Min,639,1,White,TRUE,36,FALSE,FALSE,6,black_male_low
100,Validation,640,0,White,TRUE,51,FALSE,FALSE,6,black_male_low
100,Validation,641,0,Two or More Races,FALSE,37,FALSE,FALSE,6,black_male_low
20,Iterative Batch Phase: Min,642,1,White,FALSE,48,FALSE,FALSE,6,black_male_low
0,Warmup,643,1,White,FALSE,42,FALSE,FALSE,7,white_male_high
1,Iterative Batch Phase: Min,644,1,Black or African American,TRUE,42,FALSE,FALSE,1,white_female_high
15,Iterative Batch Phase: Min,645,1,Asian,TRUE,34,FALSE,FALSE,8,white_male_low
100,Validation,646,1,White,TRUE,34,FALSE,FALSE,6,black_male_low
100,Validation,647,1,Asian,TRUE,35,FALSE,FALSE,6,black_male_low
3,Iterative Batch Phase: Min,648,1,Two or More Races,FALSE,32,FALSE,FALSE,6,black_male_low
9,Iterative Batch Phase: Min,649,1,Black or African American,FALSE,49,FALSE,FALSE,6,black_male_low
2,Iterative Batch Phase: Min,650,0,White,FALSE,69,FALSE,FALSE,5,black_male_high
4,Iterative Batch Phase: Max,651,0,White,FALSE,57,TRUE,FALSE,5,black_male_high
1,Iterative Batch Phase: Max,652,1,Asian,FALSE,24,FALSE,FALSE,5,black_male_high
4,Iterative Batch Phase: Max,653,1,White,FALSE,36,FALSE,FALSE,5,black_male_high
100,Validation,654,0,White,TRUE,21,FALSE,FALSE,6,black_male_low
9,Iterative Batch Phase: Min,655,1,White,TRUE,61,FALSE,FALSE,3,black_female_high
15,Iterative Batch Phase: Min,656,0,White,FALSE,39,TRUE,FALSE,8,white_male_low
12,Iterative Batch Phase: Min,657,0,White,FALSE,42,FALSE,FALSE,4,black_female_low
9,Iterative Batch Phase: Min,658,0,White,FALSE,53,FALSE,FALSE,6,black_male_low
100,Validation,659,0,White,FALSE,57,FALSE,FALSE,5,black_male_high
100,Validation,660,1,White,TRUE,31,FALSE,FALSE,6,black_male_low
3,Iterative Batch Phase: Max,661,0,Asian,FALSE,34,FALSE,TRUE,5,black_male_high
100,Validation,662,1,White,FALSE,28,FALSE,FALSE,5,black_male_high
14,Iterative Batch Phase: Min,663,1,Prefer not to disclose,FALSE,,FALSE,TRUE,4,black_female_low
14,Iterative Batch Phase: Min,664,0,White,TRUE,26,FALSE,FALSE,4,black_female_low
100,Validation,665,0,White,TRUE,66,FALSE,FALSE,5,black_male_high
100,Validation,666,1,White,FALSE,54,FALSE,FALSE,5,black_male_high
4,Iterative Batch Phase: Min,667,1,Asian,TRUE,,FALSE,FALSE,7,white_male_high
13,Iterative Batch Phase: Min,668,1,White,FALSE,34,FALSE,FALSE,6,black_male_low
18,Iterative Batch Phase: Min,669,0,Asian,FALSE,25,FALSE,FALSE,6,black_male_low
0,Warmup,670,1,White,FALSE,36,FALSE,FALSE,4,black_female_low
4,Iterative Batch Phase: Min,671,1,White,FALSE,38,FALSE,FALSE,3,black_female_high
100,Validation,672,1,Black or African American,TRUE,50,FALSE,FALSE,5,black_male_high
100,Validation,673,0,Black or African American,FALSE,47,FALSE,FALSE,5,black_male_high
100,Validation,674,1,White,TRUE,33,FALSE,FALSE,5,black_male_high
100,Validation,675,1,White,TRUE,46,FALSE,FALSE,5,black_male_high
100,Validation,676,0,Other,TRUE,35,TRUE,FALSE,5,black_male_high
100,Validation,677,0,Black or African American,TRUE,26,FALSE,FALSE,6,black_male_low
100,Validation,678,1,White,TRUE,60,FALSE,FALSE,6,black_male_low
100,Validation,679,1,White,TRUE,63,FALSE,FALSE,6,black_male_low
100,Validation,680,0,White,TRUE,32,FALSE,FALSE,6,black_male_low
100,Validation,681,1,Asian,TRUE,18,FALSE,FALSE,5,black_male_high
13,Iterative Batch Phase: Min,682,0,Two or More Races,FALSE,23,FALSE,FALSE,1,white_female_high
100,Validation,683,1,White,FALSE,48,FALSE,FALSE,6,black_male_low
16,Iterative Batch Phase: Min,684,1,White,TRUE,41,FALSE,FALSE,4,black_female_low
11,Iterative Batch Phase: Min,685,0,Prefer not to disclose,TRUE,26,FALSE,TRUE,2,white_female_low
100,Validation,686,1,White,TRUE,29,FALSE,FALSE,6,black_male_low
100,Validation,687,1,White,FALSE,37,FALSE,FALSE,6,black_male_low
100,Validation,688,1,White,TRUE,29,FALSE,FALSE,6,black_male_low
1,Iterative Batch Phase: Max,689,1,White,TRUE,59,FALSE,FALSE,4,black_female_low
12,Iterative Batch Phase: Min,690,0,White,FALSE,50,FALSE,FALSE,6,black_male_low
16,Iterative Batch Phase: Min,691,0,White,FALSE,20,FALSE,FALSE,6,black_male_low
100,Validation,692,0,White,TRUE,23,TRUE,FALSE,6,black_male_low
100,Validation,693,1,White,FALSE,41,FALSE,FALSE,6,black_male_low
19,Iterative Batch Phase: Min,694,1,White,TRUE,25,FALSE,FALSE,6,black_male_low
100,Validation,695,1,White,TRUE,28,TRUE,FALSE,6,black_male_low
100,Validation,696,1,White,TRUE,27,FALSE,FALSE,6,black_male_low
3,Iterative Batch Phase: Min,697,1,White,FALSE,50,FALSE,FALSE,6,black_male_low
100,Validation,698,1,White,TRUE,42,FALSE,FALSE,6,black_male_low
6,Iterative Batch Phase: Min,699,1,Asian,TRUE,50,FALSE,FALSE,3,black_female_high
100,Validation,700,0,Other,TRUE,29,TRUE,FALSE,5,black_male_high
4,Iterative Batch Phase: Min,701,0,White,FALSE,39,FALSE,FALSE,7,white_male_high
0,Warmup,702,1,White,TRUE,29,FALSE,FALSE,8,white_male_low
9,Iterative Batch Phase: Min,703,1,Black or African American,FALSE,28,TRUE,TRUE,4,black_female_low
100,Validation,704,1,White,TRUE,39,FALSE,FALSE,6,black_male_low
4,Iterative Batch Phase: Min,705,1,Other,TRUE,49,TRUE,FALSE,4,black_female_low
5,Iterative Batch Phase: Min,706,1,White,FALSE,50,FALSE,FALSE,2,white_female_low
100,Validation,707,1,White,FALSE,25,TRUE,FALSE,6,black_male_low
16,Iterative Batch Phase: Min,708,1,White,FALSE,53,FALSE,FALSE,3,black_female_high
100,Validation,709,0,White,TRUE,30,FALSE,FALSE,5,black_male_high
100,Validation,710,0,White,FALSE,70,FALSE,FALSE,6,black_male_low
4,Iterative Batch Phase: Min,711,1,White,FALSE,37,FALSE,FALSE,2,white_female_low
8,Iterative Batch Phase: Min,712,1,Two or More Races,FALSE,39,FALSE,FALSE,4,black_female_low
100,Validation,713,0,Black or African American,FALSE,36,TRUE,FALSE,6,black_male_low
14,Iterative Batch Phase: Min,714,1,White,TRUE,34,FALSE,FALSE,6,black_male_low
12,Iterative Batch Phase: Min,715,1,White,FALSE,29,FALSE,FALSE,4,black_female_low
1,Iterative Batch Phase: Min,716,0,White,TRUE,,FALSE,FALSE,3,black_female_high
4,Iterative Batch Phase: Max,717,1,White,TRUE,37,FALSE,FALSE,8,white_male_low
8,Iterative Batch Phase: Min,718,0,White,FALSE,43,FALSE,FALSE,6,black_male_low
3,Iterative Batch Phase: Min,719,1,White,FALSE,22,FALSE,FALSE,3,black_female_high
18,Iterative Batch Phase: Min,720,1,White,TRUE,31,TRUE,FALSE,5,black_male_high
8,Iterative Batch Phase: Min,721,1,White,TRUE,50,FALSE,FALSE,8,white_male_low
100,Validation,722,0,White,FALSE,69,FALSE,FALSE,6,black_male_low
11,Iterative Batch Phase: Min,723,1,White,TRUE,27,FALSE,FALSE,6,black_male_low
9,Iterative Batch Phase: Min,724,1,Black or African American,FALSE,33,FALSE,FALSE,7,white_male_high
0,Warmup,725,1,White,FALSE,37,FALSE,FALSE,8,white_male_low
0,Warmup,726,1,White,FALSE,33,FALSE,FALSE,1,white_female_high
100,Validation,727,1,White,TRUE,39,FALSE,FALSE,5,black_male_high
13,Iterative Batch Phase: Min,728,1,White,FALSE,46,TRUE,FALSE,2,white_female_low
4,Iterative Batch Phase: Max,729,1,White,TRUE,35,FALSE,FALSE,8,white_male_low
10,Iterative Batch Phase: Min,730,1,White,TRUE,55,FALSE,FALSE,2,white_female_low
15,Iterative Batch Phase: Min,731,1,Asian,TRUE,22,FALSE,FALSE,4,black_female_low
100,Validation,732,1,White,TRUE,69,FALSE,FALSE,5,black_male_high
100,Validation,733,1,Black or African American,TRUE,41,FALSE,FALSE,6,black_male_low
3,Iterative Batch Phase: Max,734,1,White,FALSE,28,FALSE,FALSE,5,black_male_high
3,Iterative Batch Phase: Min,735,0,White,TRUE,42,FALSE,FALSE,2,white_female_low
6,Iterative Batch Phase: Min,736,0,White,TRUE,33,FALSE,FALSE,2,white_female_low
100,Validation,737,1,White,TRUE,42,FALSE,FALSE,6,black_male_low
100,Validation,738,0,White,FALSE,53,FALSE,FALSE,5,black_male_high
100,Validation,739,1,Asian,TRUE,21,FALSE,FALSE,6,black_male_low
12,Iterative Batch Phase: Min,740,0,White,FALSE,74,FALSE,FALSE,1,white_female_high
19,Iterative Batch Phase: Min,741,1,White,FALSE,34,FALSE,FALSE,6,black_male_low
100,Validation,742,0,White,TRUE,61,FALSE,FALSE,5,black_male_high
100,Validation,743,0,White,FALSE,30,FALSE,FALSE,5,black_male_high
100,Validation,744,1,White,FALSE,26,FALSE,TRUE,6,black_male_low
100,Validation,745,1,White,TRUE,40,FALSE,FALSE,6,black_male_low
3,Iterative Batch Phase: Min,746,0,Asian,TRUE,29,FALSE,FALSE,3,black_female_high
0,Warmup,747,0,White,TRUE,46,FALSE,FALSE,3,black_female_high
11,Iterative Batch Phase: Min,748,1,White,TRUE,37,FALSE,FALSE,6,black_male_low
100,Validation,749,1,Black or African American,TRUE,35,FALSE,FALSE,5,black_male_high
1,Iterative Batch Phase: Max,750,1,White,TRUE,61,FALSE,FALSE,7,white_male_high
100,Validation,751,1,Black or African American,FALSE,32,FALSE,FALSE,6,black_male_low
12,Iterative Batch Phase: Min,752,0,White,FALSE,43,FALSE,FALSE,5,black_male_high
4,Iterative Batch Phase: Min,753,1,White,FALSE,49,FALSE,FALSE,2,white_female_low
20,Iterative Batch Phase: Min,754,1,Asian,FALSE,24,FALSE,FALSE,3,black_female_high
16,Iterative Batch Phase: Min,755,0,White,FALSE,41,TRUE,FALSE,8,white_male_low
100,Validation,756,1,Asian,FALSE,35,FALSE,FALSE,6,black_male_low
100,Validation,757,1,Asian,TRUE,24,FALSE,FALSE,5,black_male_high
2,Iterative Batch Phase: Min,758,0,Asian,TRUE,19,FALSE,FALSE,7,white_male_high
100,Validation,759,1,White,FALSE,32,FALSE,FALSE,6,black_male_low
100,Validation,760,1,Prefer not to disclose,FALSE,,FALSE,TRUE,5,black_male_high
100,Validation,761,1,Black or African American,TRUE,21,FALSE,FALSE,6,black_male_low
100,Validation,762,1,Two or More Races,TRUE,56,FALSE,FALSE,5,black_male_high
16,Iterative Batch Phase: Min,763,0,White,TRUE,25,FALSE,FALSE,4,black_female_low
100,Validation,764,1,Asian,FALSE,33,FALSE,FALSE,6,black_male_low
100,Validation,765,1,Black or African American,FALSE,49,FALSE,FALSE,6,black_male_low
100,Validation,766,0,White,TRUE,28,FALSE,FALSE,5,black_male_high
0,Warmup,767,1,White,TRUE,34,FALSE,FALSE,3,black_female_high
14,Iterative Batch Phase: Min,768,1,White,FALSE,52,FALSE,FALSE,6,black_male_low
1,Iterative Batch Phase: Min,769,1,White,FALSE,40,FALSE,FALSE,4,black_female_low
100,Validation,770,1,White,FALSE,30,FALSE,FALSE,5,black_male_high
100,Validation,771,1,Two or More Races,TRUE,43,FALSE,FALSE,6,black_male_low
3,Iterative Batch Phase: Max,772,0,Other,FALSE,37,TRUE,FALSE,6,black_male_low
18,Iterative Batch Phase: Min,773,1,White,TRUE,52,FALSE,FALSE,4,black_female_low
100,Validation,774,1,White,TRUE,26,FALSE,FALSE,5,black_male_high
15,Iterative Batch Phase: Min,775,1,White,TRUE,64,FALSE,FALSE,1,white_female_high
0,Warmup,776,1,Black or African American,FALSE,32,FALSE,FALSE,6,black_male_low
100,Validation,777,1,White,TRUE,26,FALSE,FALSE,6,black_male_low
100,Validation,778,1,Two or More Races,TRUE,30,FALSE,FALSE,6,black_male_low
8,Iterative Batch Phase: Min,779,1,White,TRUE,62,FALSE,FALSE,3,black_female_high
100,Validation,780,1,White,FALSE,33,TRUE,FALSE,6,black_male_low
3,Iterative Batch Phase: Min,781,1,White,TRUE,36,FALSE,FALSE,7,white_male_high
15,Iterative Batch Phase: Min,782,1,White,FALSE,25,FALSE,FALSE,4,black_female_low
14,Iterative Batch Phase: Min,783,0,Black or African American,FALSE,26,FALSE,FALSE,4,black_female_low
100,Validation,784,0,Black or African American,TRUE,51,FALSE,FALSE,5,black_male_high
100,Validation,785,0,White,TRUE,19,FALSE,FALSE,6,black_male_low
0,Warmup,786,1,American Indian or Alaska Native,FALSE,32,FALSE,FALSE,1,white_female_high
11,Iterative Batch Phase: Min,787,0,White,TRUE,49,FALSE,FALSE,4,black_female_low
14,Iterative Batch Phase: Min,788,1,White,FALSE,53,FALSE,FALSE,4,black_female_low
100,Validation,789,1,White,TRUE,56,FALSE,FALSE,5,black_male_high
0,Warmup,790,1,White,TRUE,36,FALSE,FALSE,3,black_female_high
100,Validation,791,1,White,FALSE,34,FALSE,FALSE,6,black_male_low
100,Validation,792,1,Asian,TRUE,24,FALSE,FALSE,5,black_male_high
3,Iterative Batch Phase: Min,793,0,White,FALSE,25,FALSE,FALSE,3,black_female_high
100,Validation,794,0,White,FALSE,59,FALSE,FALSE,5,black_male_high
100,Validation,795,1,Black or African American,FALSE,52,FALSE,FALSE,5,black_male_high
20,Iterative Batch Phase: Min,796,1,Asian,TRUE,24,FALSE,FALSE,6,black_male_low
16,Iterative Batch Phase: Min,797,1,White,TRUE,19,FALSE,FALSE,6,black_male_low
100,Validation,798,0,White,TRUE,27,FALSE,FALSE,6,black_male_low
2,Iterative Batch Phase: Max,799,1,White,FALSE,33,FALSE,FALSE,5,black_male_high
1,Iterative Batch Phase: Min,800,1,White,FALSE,25,FALSE,FALSE,4,black_female_low
100,Validation,801,0,White,FALSE,57,FALSE,FALSE,5,black_male_high
3,Iterative Batch Phase: Min,802,1,White,FALSE,26,FALSE,FALSE,6,black_male_low
10,Iterative Batch Phase: Min,803,1,White,FALSE,48,FALSE,FALSE,6,black_male_low
100,Validation,804,1,White,TRUE,45,FALSE,FALSE,5,black_male_high
3,Iterative Batch Phase: Max,805,0,White,FALSE,66,FALSE,FALSE,5,black_male_high
16,Iterative Batch Phase: Min,806,1,Black or African American,TRUE,34,FALSE,FALSE,6,black_male_low
4,Iterative Batch Phase: Max,807,0,White,FALSE,51,FALSE,TRUE,8,white_male_low
10,Iterative Batch Phase: Min,808,1,Other,FALSE,28,TRUE,FALSE,4,black_female_low
18,Iterative Batch Phase: Min,809,1,White,TRUE,28,FALSE,FALSE,6,black_male_low
100,Validation,810,1,White,TRUE,50,FALSE,FALSE,5,black_male_high
9,Iterative Batch Phase: Min,811,1,White,FALSE,52,FALSE,FALSE,8,white_male_low
100,Validation,812,1,White,TRUE,31,FALSE,FALSE,5,black_male_high
2,Iterative Batch Phase: Max,813,1,White,TRUE,22,FALSE,FALSE,2,white_female_low
5,Iterative Batch Phase: Min,814,1,White,TRUE,45,FALSE,FALSE,1,white_female_high
6,Iterative Batch Phase: Min,815,0,White,TRUE,37,FALSE,FALSE,6,black_male_low
100,Validation,816,1,Asian,TRUE,24,FALSE,FALSE,5,black_male_high
5,Iterative Batch Phase: Min,817,0,White,FALSE,32,FALSE,FALSE,3,black_female_high
100,Validation,818,1,White,FALSE,43,FALSE,FALSE,5,black_male_high
100,Validation,819,0,White,TRUE,56,FALSE,FALSE,6,black_male_low
12,Iterative Batch Phase: Min,820,1,White,FALSE,29,TRUE,FALSE,5,black_male_high
3,Iterative Batch Phase: Max,821,1,White,TRUE,41,FALSE,FALSE,5,black_male_high
10,Iterative Batch Phase: Min,822,0,White,TRUE,33,TRUE,FALSE,1,white_female_high
100,Validation,823,1,Black or African American,FALSE,40,FALSE,FALSE,6,black_male_low
12,Iterative Batch Phase: Min,824,1,Prefer not to disclose,FALSE,,FALSE,TRUE,5,black_male_high
0,Warmup,825,0,White,TRUE,23,FALSE,FALSE,6,black_male_low
100,Validation,826,0,White,TRUE,49,FALSE,FALSE,6,black_male_low
100,Validation,827,1,Black or African American,FALSE,49,FALSE,FALSE,6,black_male_low
100,Validation,828,1,White,TRUE,37,FALSE,FALSE,6,black_male_low
100,Validation,829,1,White,TRUE,72,FALSE,FALSE,6,black_male_low
100,Validation,830,1,White,FALSE,23,FALSE,FALSE,6,black_male_low
3,Iterative Batch Phase: Min,831,1,White,FALSE,38,FALSE,FALSE,6,black_male_low
1,Iterative Batch Phase: Max,832,1,White,FALSE,40,FALSE,FALSE,8,white_male_low
6,Iterative Batch Phase: Min,833,1,White,FALSE,56,FALSE,FALSE,1,white_female_high
20,Iterative Batch Phase: Min,834,1,White,FALSE,67,FALSE,FALSE,6,black_male_low
20,Iterative Batch Phase: Min,835,0,White,FALSE,71,FALSE,FALSE,4,black_female_low
100,Validation,836,1,Other,TRUE,30,TRUE,FALSE,5,black_male_high
100,Validation,837,1,White,TRUE,44,FALSE,FALSE,6,black_male_low
18,Iterative Batch Phase: Min,838,1,White,FALSE,32,TRUE,FALSE,6,black_male_low
100,Validation,839,0,Two or More Races,TRUE,40,FALSE,FALSE,6,black_male_low
11,Iterative Batch Phase: Min,840,1,Black or African American,FALSE,26,FALSE,TRUE,2,white_female_low
10,Iterative Batch Phase: Min,841,1,Two or More Races,TRUE,26,FALSE,FALSE,5,black_male_high
100,Validation,842,0,White,TRUE,36,TRUE,FALSE,6,black_male_low
100,Validation,843,1,Asian,FALSE,33,FALSE,FALSE,6,black_male_low
1,Iterative Batch Phase: Max,844,1,Black or African American,TRUE,22,FALSE,FALSE,3,black_female_high
100,Validation,845,1,Black or African American,TRUE,37,FALSE,FALSE,5,black_male_high
100,Validation,846,1,White,FALSE,51,FALSE,FALSE,5,black_male_high
2,Iterative Batch Phase: Min,847,1,Prefer not to disclose,FALSE,26,TRUE,TRUE,6,black_male_low
100,Validation,848,1,Black or African American,FALSE,33,FALSE,FALSE,5,black_male_high
100,Validation,849,1,Black or African American,FALSE,36,FALSE,FALSE,5,black_male_high
3,Iterative Batch Phase: Min,850,1,White,TRUE,48,FALSE,FALSE,1,white_female_high
100,Validation,851,1,White,TRUE,28,FALSE,FALSE,5,black_male_high
20,Iterative Batch Phase: Min,852,1,Asian,TRUE,53,FALSE,FALSE,4,black_female_low
100,Validation,853,1,Asian,FALSE,31,FALSE,FALSE,6,black_male_low
7,Iterative Batch Phase: Min,854,1,White,TRUE,54,FALSE,FALSE,7,white_male_high
100,Validation,855,1,White,FALSE,65,FALSE,FALSE,6,black_male_low
3,Iterative Batch Phase: Min,856,1,White,TRUE,30,FALSE,FALSE,6,black_male_low
100,Validation,857,1,Prefer not to disclose,TRUE,26,FALSE,TRUE,6,black_male_low
6,Iterative Batch Phase: Min,858,0,White,TRUE,40,FALSE,FALSE,4,black_female_low
0,Warmup,859,1,White,FALSE,19,FALSE,FALSE,8,white_male_low
4,Iterative Batch Phase: Min,860,1,White,FALSE,47,FALSE,FALSE,8,white_male_low
100,Validation,861,0,White,FALSE,41,FALSE,FALSE,5,black_male_high
0,Warmup,862,1,White,FALSE,34,FALSE,FALSE,2,white_female_low
4,Iterative Batch Phase: Min,863,1,White,FALSE,28,FALSE,FALSE,7,white_male_high
9,Iterative Batch Phase: Min,864,1,White,FALSE,52,TRUE,FALSE,4,black_female_low
100,Validation,865,1,White,TRUE,48,FALSE,FALSE,5,black_male_high
4,Iterative Batch Phase: Min,866,1,Prefer not to disclose,FALSE,,FALSE,TRUE,2,white_female_low
17,Iterative Batch Phase: Min,867,1,Two or More Races,TRUE,27,FALSE,FALSE,6,black_male_low
2,Iterative Batch Phase: Max,868,1,White,TRUE,34,FALSE,FALSE,5,black_male_high
8,Iterative Batch Phase: Min,869,1,Black or African American,FALSE,42,FALSE,FALSE,6,black_male_low
7,Iterative Batch Phase: Min,870,0,White,TRUE,41,FALSE,FALSE,4,black_female_low
100,Validation,871,0,White,FALSE,60,FALSE,FALSE,5,black_male_high
100,Validation,872,1,Asian,TRUE,22,FALSE,FALSE,6,black_male_low
100,Validation,873,0,Asian,FALSE,25,FALSE,FALSE,6,black_male_low
100,Validation,874,1,White,FALSE,29,FALSE,FALSE,6,black_male_low
2,Iterative Batch Phase: Max,875,1,Two or More Races,TRUE,46,TRUE,FALSE,6,black_male_low
0,Warmup,876,1,White,TRUE,27,FALSE,FALSE,1,white_female_high
7,Iterative Batch Phase: Min,877,1,White,TRUE,51,FALSE,FALSE,2,white_female_low
100,Validation,878,1,White,FALSE,40,FALSE,FALSE,5,black_male_high
0,Warmup,879,0,White,FALSE,59,FALSE,FALSE,4,black_female_low
19,Iterative Batch Phase: Min,880,1,Two or More Races,FALSE,46,FALSE,FALSE,6,black_male_low
100,Validation,881,1,Two or More Races,FALSE,38,FALSE,FALSE,5,black_male_high
15,Iterative Batch Phase: Min,882,1,White,FALSE,33,FALSE,FALSE,4,black_female_low
13,Iterative Batch Phase: Min,883,1,White,FALSE,28,FALSE,FALSE,6,black_male_low
17,Iterative Batch Phase: Min,884,0,White,FALSE,73,FALSE,FALSE,2,white_female_low
100,Validation,885,1,White,FALSE,68,FALSE,FALSE,6,black_male_low
11,Iterative Batch Phase: Min,886,1,White,FALSE,41,FALSE,FALSE,4,black_female_low
16,Iterative Batch Phase: Min,887,1,White,TRUE,34,FALSE,FALSE,8,white_male_low
18,Iterative Batch Phase: Min,888,1,White,TRUE,48,FALSE,FALSE,4,black_female_low
100,Validation,889,1,Two or More Races,FALSE,20,FALSE,FALSE,6,black_male_low
100,Validation,890,1,Black or African American,FALSE,23,FALSE,FALSE,6,black_male_low
12,Iterative Batch Phase: Min,891,1,White,TRUE,34,FALSE,FALSE,7,white_male_high
16,Iterative Batch Phase: Min,892,1,White,TRUE,25,TRUE,FALSE,4,black_female_low
100,Validation,893,1,White,FALSE,27,FALSE,FALSE,6,black_male_low
0,Warmup,894,1,White,FALSE,41,FALSE,FALSE,6,black_male_low
100,Validation,895,0,Black or African American,TRUE,49,FALSE,FALSE,6,black_male_low
4,Iterative Batch Phase: Min,896,1,White,FALSE,,TRUE,FALSE,2,white_female_low
100,Validation,897,1,White,TRUE,65,FALSE,FALSE,6,black_male_low
100,Validation,898,1,Asian,FALSE,33,FALSE,FALSE,5,black_male_high
8,Iterative Batch Phase: Min,899,0,White,FALSE,38,FALSE,FALSE,6,black_male_low
2,Iterative Batch Phase: Max,900,1,White,FALSE,59,FALSE,FALSE,5,black_male_high
20,Iterative Batch Phase: Min,901,1,White,FALSE,40,FALSE,FALSE,6,black_male_low
16,Iterative Batch Phase: Min,902,1,White,TRUE,36,FALSE,FALSE,6,black_male_low
100,Validation,903,0,White,FALSE,56,FALSE,FALSE,5,black_male_high
1,Iterative Batch Phase: Max,904,1,White,TRUE,52,FALSE,FALSE,5,black_male_high
100,Validation,905,0,Asian,FALSE,38,FALSE,FALSE,5,black_male_high
11,Iterative Batch Phase: Min,906,1,White,TRUE,48,TRUE,FALSE,5,black_male_high
1,Iterative Batch Phase: Min,907,0,White,FALSE,55,FALSE,FALSE,4,black_female_low
100,Validation,908,1,White,TRUE,53,FALSE,FALSE,6,black_male_low
100,Validation,909,1,White,FALSE,39,FALSE,FALSE,5,black_male_high
6,Iterative Batch Phase: Min,910,1,Black or African American,TRUE,66,FALSE,FALSE,5,black_male_high
11,Iterative Batch Phase: Min,911,1,Asian,FALSE,25,FALSE,FALSE,5,black_male_high
3,Iterative Batch Phase: Min,912,1,Two or More Races,FALSE,25,FALSE,FALSE,5,black_male_high
1,Iterative Batch Phase: Min,913,0,White,TRUE,65,FALSE,FALSE,5,black_male_high
15,Iterative Batch Phase: Min,914,1,White,TRUE,43,FALSE,FALSE,4,black_female_low
100,Validation,915,1,White,TRUE,26,FALSE,FALSE,6,black_male_low
4,Iterative Batch Phase: Min,916,0,White,TRUE,55,FALSE,FALSE,6,black_male_low
100,Validation,917,1,White,FALSE,30,FALSE,FALSE,6,black_male_low
4,Iterative Batch Phase: Min,918,1,Black or African American,FALSE,36,FALSE,FALSE,7,white_male_high
100,Validation,919,1,White,TRUE,67,FALSE,FALSE,5,black_male_high
100,Validation,920,1,White,FALSE,27,FALSE,FALSE,5,black_male_high
100,Validation,921,0,White,TRUE,35,FALSE,FALSE,6,black_male_low
100,Validation,922,1,White,FALSE,41,FALSE,FALSE,5,black_male_high
100,Validation,923,1,Asian,TRUE,34,FALSE,FALSE,6,black_male_low
2,Iterative Batch Phase: Min,924,0,White,FALSE,62,FALSE,FALSE,3,black_female_high
100,Validation,925,0,White,FALSE,41,TRUE,FALSE,6,black_male_low
12,Iterative Batch Phase: Min,926,0,White,TRUE,37,TRUE,FALSE,6,black_male_low
4,Iterative Batch Phase: Max,927,1,White,FALSE,53,FALSE,FALSE,6,black_male_low
100,Validation,928,1,Other,TRUE,40,TRUE,FALSE,6,black_male_low
100,Validation,929,1,White,FALSE,28,FALSE,FALSE,5,black_male_high
20,Iterative Batch Phase: Min,930,1,White,FALSE,34,FALSE,FALSE,6,black_male_low
100,Validation,931,1,Asian,FALSE,31,FALSE,FALSE,6,black_male_low
3,Iterative Batch Phase: Min,932,1,White,FALSE,34,FALSE,FALSE,5,black_male_high
0,Warmup,933,1,Black or African American,FALSE,25,FALSE,FALSE,2,white_female_low
100,Validation,934,1,White,TRUE,41,FALSE,FALSE,6,black_male_low
10,Iterative Batch Phase: Min,935,1,White,FALSE,35,FALSE,FALSE,3,black_female_high
100,Validation,936,1,White,TRUE,37,FALSE,FALSE,6,black_male_low
3,Iterative Batch Phase: Max,937,1,White,TRUE,48,FALSE,FALSE,5,black_male_high
20,Iterative Batch Phase: Min,938,1,White,TRUE,66,FALSE,FALSE,4,black_female_low
7,Iterative Batch Phase: Min,939,1,White,FALSE,47,FALSE,FALSE,5,black_male_high
0,Warmup,940,1,Black or African American,TRUE,30,FALSE,FALSE,7,white_male_high
20,Iterative Batch Phase: Min,941,1,White,FALSE,33,FALSE,FALSE,4,black_female_low
8,Iterative Batch Phase: Min,942,1,White,TRUE,43,FALSE,FALSE,7,white_male_high
2,Iterative Batch Phase: Max,943,1,White,FALSE,52,FALSE,FALSE,5,black_male_high
100,Validation,944,0,White,TRUE,43,FALSE,FALSE,6,black_male_low
10,Iterative Batch Phase: Min,945,1,White,FALSE,49,FALSE,FALSE,6,black_male_low
100,Validation,946,1,White,TRUE,26,FALSE,FALSE,6,black_male_low
7,Iterative Batch Phase: Min,947,0,White,FALSE,60,FALSE,FALSE,4,black_female_low
8,Iterative Batch Phase: Min,948,0,White,TRUE,65,FALSE,FALSE,4,black_female_low
2,Iterative Batch Phase: Max,949,1,White,FALSE,38,FALSE,FALSE,5,black_male_high
100,Validation,950,1,White,FALSE,56,FALSE,FALSE,5,black_male_high
1,Iterative Batch Phase: Max,951,1,White,FALSE,39,FALSE,FALSE,2,white_female_low
100,Validation,952,1,Asian,TRUE,37,FALSE,FALSE,6,black_male_low
100,Validation,953,1,White,TRUE,27,FALSE,FALSE,6,black_male_low
100,Validation,954,1,White,TRUE,29,TRUE,FALSE,6,black_male_low
100,Validation,955,1,White,TRUE,42,FALSE,FALSE,6,black_male_low
100,Validation,956,1,White,TRUE,26,FALSE,FALSE,6,black_male_low
100,Validation,957,0,White,TRUE,22,FALSE,FALSE,6,black_male_low
2,Iterative Batch Phase: Max,958,0,White,FALSE,61,FALSE,FALSE,5,black_male_high
20,Iterative Batch Phase: Min,959,1,White,TRUE,52,FALSE,FALSE,7,white_male_high
17,Iterative Batch Phase: Min,960,1,White,FALSE,57,FALSE,FALSE,2,white_female_low
4,Iterative Batch Phase: Max,961,1,White,FALSE,27,FALSE,FALSE,5,black_male_high
100,Validation,962,0,Black or African American,TRUE,33,FALSE,FALSE,6,black_male_low
5,Iterative Batch Phase: Min,963,1,White,TRUE,32,FALSE,FALSE,6,black_male_low
100,Validation,964,1,Two or More Races,TRUE,34,FALSE,FALSE,5,black_male_high
0,Warmup,965,1,White,FALSE,30,FALSE,FALSE,7,white_male_high
100,Validation,966,1,White,FALSE,24,FALSE,FALSE,6,black_male_low
100,Validation,967,1,White,TRUE,31,FALSE,FALSE,5,black_male_high
100,Validation,968,1,White,TRUE,53,FALSE,FALSE,6,black_male_low
100,Validation,969,0,Two or More Races,TRUE,23,TRUE,FALSE,5,black_male_high
100,Validation,970,0,Prefer not to disclose,FALSE,68,FALSE,TRUE,5,black_male_high
100,Validation,971,1,Other,TRUE,33,TRUE,FALSE,6,black_male_low
100,Validation,972,0,Black or African American,FALSE,35,FALSE,FALSE,6,black_male_low
0,Warmup,973,1,White,FALSE,54,FALSE,FALSE,5,black_male_high
1,Iterative Batch Phase: Max,974,0,Black or African American,TRUE,50,FALSE,FALSE,1,white_female_high
100,Validation,975,1,White,TRUE,35,FALSE,FALSE,6,black_male_low
100,Validation,976,1,Black or African American,FALSE,42,FALSE,FALSE,6,black_male_low
4,Iterative Batch Phase: Max,977,1,White,FALSE,72,FALSE,FALSE,5,black_male_high
6,Iterative Batch Phase: Min,978,1,White,TRUE,31,FALSE,FALSE,3,black_female_high
100,Validation,979,1,Black or African American,FALSE,60,FALSE,FALSE,5,black_male_high
100,Validation,980,0,White,TRUE,64,FALSE,FALSE,5,black_male_high
12,Iterative Batch Phase: Min,981,1,White,FALSE,28,FALSE,FALSE,4,black_female_low
100,Validation,982,1,White,FALSE,28,FALSE,FALSE,6,black_male_low
100,Validation,983,1,White,FALSE,32,FALSE,FALSE,6,black_male_low
3,Iterative Batch Phase: Max,984,1,White,TRUE,46,FALSE,FALSE,5,black_male_high
100,Validation,985,0,White,FALSE,58,FALSE,FALSE,6,black_male_low
12,Iterative Batch Phase: Min,986,0,White,FALSE,47,FALSE,FALSE,6,black_male_low
12,Iterative Batch Phase: Min,987,1,Asian,FALSE,29,FALSE,FALSE,6,black_male_low
10,Iterative Batch Phase: Min,988,1,White,TRUE,48,TRUE,FALSE,4,black_female_low
3,Iterative Batch Phase: Min,989,1,White,FALSE,32,FALSE,FALSE,6,black_male_low
0,Warmup,990,0,Asian,FALSE,,FALSE,TRUE,4,black_female_low
100,Validation,991,1,White,TRUE,64,FALSE,FALSE,5,black_male_high
100,Validation,992,1,White,TRUE,53,FALSE,FALSE,5,black_male_high
100,Validation,993,1,White,FALSE,31,FALSE,FALSE,5,black_male_high
100,Validation,994,0,Two or More Races,FALSE,24,FALSE,FALSE,6,black_male_low
7,Iterative Batch Phase: Min,995,0,White,FALSE,32,FALSE,FALSE,4,black_female_low
3,Iterative Batch Phase: Min,996,0,White,TRUE,48,FALSE,FALSE,6,black_male_low
100,Validation,997,0,White,FALSE,32,FALSE,FALSE,6,black_male_low
100,Validation,998,1,Two or More Races,FALSE,36,FALSE,FALSE,5,black_male_high
13,Iterative Batch Phase: Min,999,1,Black or African American,TRUE,32,FALSE,FALSE,4,black_female_low
5,Iterative Batch Phase: Min,1000,1,Two or More Races,TRUE,20,FALSE,FALSE,3,black_female_high
5,Iterative Batch Phase: Min,1001,0,White,FALSE,45,FALSE,FALSE,6,black_male_low
19,Iterative Batch Phase: Min,1002,1,White,TRUE,31,FALSE,FALSE,6,black_male_low
0,Warmup,1003,0,White,FALSE,62,FALSE,FALSE,8,white_male_low
100,Validation,1004,0,Black or African American,FALSE,30,FALSE,FALSE,5,black_male_high
13,Iterative Batch Phase: Min,1005,1,White,TRUE,40,FALSE,FALSE,6,black_male_low
100,Validation,1006,1,White,TRUE,32,FALSE,FALSE,6,black_male_low
6,Iterative Batch Phase: Min,1007,1,White,TRUE,50,FALSE,FALSE,6,black_male_low
6,Iterative Batch Phase: Min,1008,0,White,TRUE,36,FALSE,FALSE,7,white_male_high
4,Iterative Batch Phase: Max,1009,1,White,TRUE,56,FALSE,FALSE,8,white_male_low
2,Iterative Batch Phase: Max,1010,0,Other,FALSE,28,TRUE,FALSE,2,white_female_low
3,Iterative Batch Phase: Min,1011,1,Asian,TRUE,42,FALSE,FALSE,6,black_male_low
0,Warmup,1012,0,Asian,FALSE,36,TRUE,FALSE,5,black_male_high
2,Iterative Batch Phase: Max,1013,1,White,FALSE,51,FALSE,FALSE,5,black_male_high
4,Iterative Batch Phase: Min,1014,1,White,TRUE,38,FALSE,FALSE,2,white_female_low
3,Iterative Batch Phase: Min,1015,1,White,FALSE,25,TRUE,FALSE,2,white_female_low
13,Iterative Batch Phase: Min,1016,1,Asian,TRUE,22,FALSE,FALSE,6,black_male_low
18,Iterative Batch Phase: Min,1017,1,White,FALSE,51,FALSE,FALSE,6,black_male_low
0,Warmup,1018,1,White,TRUE,44,FALSE,FALSE,6,black_male_low
100,Validation,1019,1,Black or African American,FALSE,27,FALSE,FALSE,5,black_male_high
3,Iterative Batch Phase: Max,1020,1,White,TRUE,41,FALSE,FALSE,5,black_male_high
7,Iterative Batch Phase: Min,1021,1,Two or More Races,FALSE,32,FALSE,FALSE,4,black_female_low
4,Iterative Batch Phase: Min,1022,0,Asian,TRUE,23,FALSE,FALSE,2,white_female_low
3,Iterative Batch Phase: Min,1023,1,White,TRUE,26,TRUE,FALSE,3,black_female_high
19,Iterative Batch Phase: Min,1024,1,White,FALSE,26,FALSE,FALSE,6,black_male_low
8,Iterative Batch Phase: Min,1025,1,White,FALSE,53,FALSE,FALSE,2,white_female_low
0,Warmup,1026,1,White,TRUE,31,FALSE,FALSE,5,black_male_high
100,Validation,1027,1,White,TRUE,32,FALSE,FALSE,5,black_male_high
100,Validation,1028,1,White,TRUE,45,FALSE,FALSE,5,black_male_high
0,Warmup,1029,1,Asian,FALSE,32,TRUE,FALSE,5,black_male_high
0,Warmup,1030,1,White,TRUE,52,FALSE,FALSE,5,black_male_high
100,Validation,1031,0,American Indian or Alaska Native,TRUE,54,FALSE,FALSE,5,black_male_high
16,Iterative Batch Phase: Min,1032,1,Asian,TRUE,27,FALSE,FALSE,4,black_female_low
3,Iterative Batch Phase: Min,1033,1,White,TRUE,61,FALSE,FALSE,5,black_male_high
100,Validation,1034,1,White,FALSE,44,FALSE,FALSE,5,black_male_high
8,Iterative Batch Phase: Min,1035,1,White,FALSE,44,FALSE,FALSE,2,white_female_low
20,Iterative Batch Phase: Min,1036,1,White,TRUE,23,FALSE,FALSE,6,black_male_low
5,Iterative Batch Phase: Min,1037,1,White,TRUE,59,TRUE,FALSE,8,white_male_low
2,Iterative Batch Phase: Max,1038,0,White,FALSE,34,FALSE,FALSE,5,black_male_high
7,Iterative Batch Phase: Min,1039,0,White,FALSE,34,FALSE,FALSE,5,black_male_high
14,Iterative Batch Phase: Min,1040,0,Two or More Races,FALSE,26,FALSE,FALSE,4,black_female_low
100,Validation,1041,1,White,TRUE,39,FALSE,FALSE,6,black_male_low
100,Validation,1042,0,Prefer not to disclose,TRUE,28,TRUE,TRUE,5,black_male_high
100,Validation,1043,0,Two or More Races,TRUE,56,FALSE,FALSE,6,black_male_low
13,Iterative Batch Phase: Min,1044,1,Black or African American,FALSE,30,FALSE,FALSE,8,white_male_low
15,Iterative Batch Phase: Min,1045,1,White,TRUE,65,FALSE,FALSE,3,black_female_high
5,Iterative Batch Phase: Min,1046,1,White,TRUE,65,FALSE,FALSE,6,black_male_low
10,Iterative Batch Phase: Min,1047,1,White,TRUE,31,FALSE,FALSE,4,black_female_low
100,Validation,1048,0,Asian,TRUE,23,FALSE,FALSE,5,black_male_high
20,Iterative Batch Phase: Min,1049,1,Black or African American,FALSE,52,FALSE,FALSE,4,black_female_low
100,Validation,1050,1,White,FALSE,59,FALSE,FALSE,6,black_male_low
100,Validation,1051,1,White,FALSE,38,FALSE,FALSE,6,black_male_low
9,Iterative Batch Phase: Min,1052,1,Asian,TRUE,31,FALSE,FALSE,7,white_male_high
100,Validation,1053,1,White,FALSE,59,FALSE,FALSE,5,black_male_high
18,Iterative Batch Phase: Min,1054,0,Other,FALSE,49,TRUE,FALSE,6,black_male_low
15,Iterative Batch Phase: Min,1055,0,White,FALSE,26,FALSE,FALSE,7,white_male_high
13,Iterative Batch Phase: Min,1056,1,White,FALSE,26,TRUE,FALSE,5,black_male_high
100,Validation,1057,1,White,TRUE,32,FALSE,FALSE,5,black_male_high
16,Iterative Batch Phase: Min,1058,1,Black or African American,TRUE,61,FALSE,FALSE,6,black_male_low
15,Iterative Batch Phase: Min,1059,1,Asian,TRUE,42,FALSE,FALSE,5,black_male_high
100,Validation,1060,1,White,FALSE,61,FALSE,FALSE,5,black_male_high
12,Iterative Batch Phase: Min,1061,1,Black or African American,TRUE,49,FALSE,FALSE,4,black_female_low
16,Iterative Batch Phase: Min,1062,0,White,TRUE,33,FALSE,FALSE,5,black_male_high
1,Iterative Batch Phase: Max,1063,1,White,TRUE,51,FALSE,FALSE,5,black_male_high
100,Validation,1064,0,White,TRUE,45,FALSE,FALSE,6,black_male_low
100,Validation,1065,0,White,FALSE,43,FALSE,FALSE,5,black_male_high
100,Validation,1066,1,White,FALSE,27,FALSE,FALSE,5,black_male_high
100,Validation,1067,1,White,FALSE,43,FALSE,FALSE,6,black_male_low
100,Validation,1068,0,White,FALSE,70,FALSE,FALSE,6,black_male_low
100,Validation,1069,1,White,FALSE,41,FALSE,FALSE,6,black_male_low
0,Warmup,1070,1,White,TRUE,41,FALSE,FALSE,8,white_male_low
2,Iterative Batch Phase: Max,1071,1,Asian,TRUE,48,FALSE,FALSE,8,white_male_low
10,Iterative Batch Phase: Min,1072,1,Two or More Races,FALSE,42,FALSE,FALSE,6,black_male_low
20,Iterative Batch Phase: Min,1073,1,White,TRUE,35,FALSE,FALSE,6,black_male_low
100,Validation,1074,1,Asian,TRUE,19,FALSE,FALSE,6,black_male_low
100,Validation,1075,0,White,FALSE,41,FALSE,FALSE,5,black_male_high
0,Warmup,1076,1,White,FALSE,32,FALSE,FALSE,8,white_male_low
100,Validation,1077,0,Black or African American,FALSE,35,FALSE,FALSE,5,black_male_high
100,Validation,1078,0,White,FALSE,62,FALSE,FALSE,6,black_male_low
100,Validation,1079,1,White,TRUE,35,FALSE,FALSE,6,black_male_low
100,Validation,1080,1,Asian,FALSE,20,FALSE,FALSE,5,black_male_high
100,Validation,1081,0,White,TRUE,67,FALSE,FALSE,5,black_male_high
2,Iterative Batch Phase: Max,1082,1,White,FALSE,52,FALSE,FALSE,6,black_male_low
100,Validation,1083,1,White,FALSE,46,FALSE,FALSE,5,black_male_high
100,Validation,1084,1,White,TRUE,21,FALSE,FALSE,6,black_male_low
100,Validation,1085,1,Asian,FALSE,26,FALSE,FALSE,5,black_male_high
100,Validation,1086,1,White,FALSE,20,FALSE,FALSE,5,black_male_high
100,Validation,1087,1,White,FALSE,39,FALSE,FALSE,6,black_male_low
2,Iterative Batch Phase: Min,1088,0,White,FALSE,48,TRUE,FALSE,3,black_female_high
2,Iterative Batch Phase: Max,1089,1,White,TRUE,49,FALSE,FALSE,5,black_male_high
100,Validation,1090,1,White,FALSE,30,FALSE,FALSE,5,black_male_high
4,Iterative Batch Phase: Min,1091,1,Black or African American,FALSE,32,FALSE,FALSE,2,white_female_low
100,Validation,1092,1,White,TRUE,25,FALSE,FALSE,6,black_male_low
100,Validation,1093,1,White,TRUE,40,FALSE,FALSE,5,black_male_high
13,Iterative Batch Phase: Min,1094,0,Asian,TRUE,21,FALSE,FALSE,1,white_female_high
18,Iterative Batch Phase: Min,1095,0,White,TRUE,54,FALSE,FALSE,3,black_female_high
1,Iterative Batch Phase: Max,1096,1,White,TRUE,52,FALSE,FALSE,8,white_male_low
9,Iterative Batch Phase: Min,1097,0,White,FALSE,42,FALSE,FALSE,7,white_male_high
1,Iterative Batch Phase: Max,1098,1,Two or More Races,FALSE,37,FALSE,FALSE,5,black_male_high
19,Iterative Batch Phase: Min,1099,1,White,FALSE,56,FALSE,FALSE,6,black_male_low
13,Iterative Batch Phase: Min,1100,1,White,TRUE,33,FALSE,FALSE,6,black_male_low
7,Iterative Batch Phase: Min,1101,1,White,TRUE,44,FALSE,FALSE,6,black_male_low
18,Iterative Batch Phase: Min,1102,1,White,FALSE,49,FALSE,FALSE,7,white_male_high
16,Iterative Batch Phase: Min,1103,1,White,FALSE,36,FALSE,FALSE,4,black_female_low
11,Iterative Batch Phase: Min,1104,1,Asian,FALSE,23,FALSE,FALSE,2,white_female_low
17,Iterative Batch Phase: Min,1105,0,White,TRUE,39,FALSE,FALSE,4,black_female_low
4,Iterative Batch Phase: Max,1106,0,Black or African American,FALSE,20,FALSE,FALSE,8,white_male_low
11,Iterative Batch Phase: Min,1107,1,Other,TRUE,46,TRUE,FALSE,3,black_female_high
0,Warmup,1108,0,White,FALSE,53,FALSE,FALSE,2,white_female_low
100,Validation,1109,1,White,FALSE,41,FALSE,FALSE,6,black_male_low
100,Validation,1110,1,Two or More Races,TRUE,20,FALSE,FALSE,6,black_male_low
18,Iterative Batch Phase: Min,1111,1,Black or African American,TRUE,29,FALSE,FALSE,7,white_male_high
13,Iterative Batch Phase: Min,1112,0,White,FALSE,36,FALSE,FALSE,4,black_female_low
15,Iterative Batch Phase: Min,1113,1,Black or African American,TRUE,36,FALSE,FALSE,2,white_female_low
14,Iterative Batch Phase: Min,1114,0,Black or African American,FALSE,49,FALSE,FALSE,6,black_male_low
5,Iterative Batch Phase: Min,1115,1,White,FALSE,29,FALSE,FALSE,6,black_male_low
7,Iterative Batch Phase: Min,1116,1,White,FALSE,30,FALSE,FALSE,6,black_male_low
9,Iterative Batch Phase: Min,1117,1,Two or More Races,TRUE,55,FALSE,FALSE,3,black_female_high
100,Validation,1118,0,White,TRUE,58,FALSE,FALSE,6,black_male_low
100,Validation,1119,1,White,FALSE,32,FALSE,FALSE,6,black_male_low
7,Iterative Batch Phase: Min,1120,0,White,FALSE,60,FALSE,FALSE,4,black_female_low
100,Validation,1121,0,Black or African American,TRUE,27,FALSE,FALSE,6,black_male_low
100,Validation,1122,1,American Indian or Alaska Native,FALSE,24,FALSE,FALSE,6,black_male_low
13,Iterative Batch Phase: Min,1123,1,Asian,TRUE,30,FALSE,FALSE,4,black_female_low
3,Iterative Batch Phase: Max,1124,1,White,FALSE,58,FALSE,FALSE,2,white_female_low
2,Iterative Batch Phase: Max,1125,0,White,FALSE,32,FALSE,FALSE,5,black_male_high
100,Validation,1126,0,White,TRUE,71,FALSE,FALSE,5,black_male_high
100,Validation,1127,1,Black or African American,TRUE,32,FALSE,FALSE,6,black_male_low
12,Iterative Batch Phase: Min,1128,1,Asian,TRUE,38,FALSE,FALSE,4,black_female_low
100,Validation,1129,1,White,FALSE,37,FALSE,FALSE,6,black_male_low
3,Iterative Batch Phase: Min,1130,1,White,TRUE,33,FALSE,FALSE,5,black_male_high
2,Iterative Batch Phase: Min,1131,1,White,TRUE,57,FALSE,FALSE,7,white_male_high
100,Validation,1132,1,White,FALSE,49,TRUE,FALSE,6,black_male_low
9,Iterative Batch Phase: Min,1133,1,Asian,FALSE,25,FALSE,FALSE,5,black_male_high
100,Validation,1134,1,Black or African American,TRUE,26,FALSE,FALSE,6,black_male_low
100,Validation,1135,1,White,TRUE,41,FALSE,FALSE,6,black_male_low
100,Validation,1136,1,White,FALSE,42,FALSE,FALSE,5,black_male_high
100,Validation,1137,1,White,TRUE,30,FALSE,FALSE,6,black_male_low
15,Iterative Batch Phase: Min,1138,1,White,TRUE,54,FALSE,FALSE,5,black_male_high
100,Validation,1139,1,Asian,FALSE,37,FALSE,TRUE,6,black_male_low
1,Iterative Batch Phase: Min,1140,1,White,TRUE,61,FALSE,FALSE,8,white_male_low
100,Validation,1141,0,White,TRUE,53,FALSE,FALSE,6,black_male_low
20,Iterative Batch Phase: Min,1142,1,White,FALSE,38,FALSE,FALSE,4,black_female_low
100,Validation,1143,1,Asian,TRUE,25,FALSE,FALSE,6,black_male_low
100,Validation,1144,1,White,TRUE,37,FALSE,FALSE,5,black_male_high
0,Warmup,1145,0,Two or More Races,FALSE,35,TRUE,FALSE,6,black_male_low
3,Iterative Batch Phase: Max,1146,0,White,FALSE,74,FALSE,FALSE,5,black_male_high
0,Warmup,1147,0,White,FALSE,68,FALSE,FALSE,8,white_male_low
100,Validation,1148,0,White,FALSE,72,FALSE,FALSE,6,black_male_low
1,Iterative Batch Phase: Max,1149,1,White,FALSE,50,FALSE,FALSE,6,black_male_low
17,Iterative Batch Phase: Min,1150,0,Other,TRUE,22,TRUE,FALSE,6,black_male_low
10,Iterative Batch Phase: Min,1151,1,Two or More Races,FALSE,31,FALSE,FALSE,8,white_male_low
7,Iterative Batch Phase: Min,1152,1,Black or African American,TRUE,49,FALSE,FALSE,3,black_female_high
100,Validation,1153,1,White,FALSE,30,FALSE,FALSE,5,black_male_high
100,Validation,1154,0,White,TRUE,34,FALSE,FALSE,6,black_male_low
100,Validation,1155,0,White,TRUE,48,FALSE,FALSE,6,black_male_low
4,Iterative Batch Phase: Min,1156,1,White,FALSE,58,FALSE,FALSE,2,white_female_low
4,Iterative Batch Phase: Max,1157,1,Other,TRUE,38,TRUE,FALSE,6,black_male_low
3,Iterative Batch Phase: Max,1158,1,White,TRUE,31,FALSE,FALSE,5,black_male_high
0,Warmup,1159,1,Two or More Races,TRUE,24,TRUE,FALSE,8,white_male_low
4,Iterative Batch Phase: Min,1160,1,White,TRUE,65,FALSE,FALSE,2,white_female_low
100,Validation,1161,0,White,TRUE,62,FALSE,FALSE,5,black_male_high
2,Iterative Batch Phase: Max,1162,1,White,FALSE,31,FALSE,FALSE,7,white_male_high
100,Validation,1163,1,Two or More Races,TRUE,29,FALSE,TRUE,5,black_male_high
1,Iterative Batch Phase: Min,1164,0,White,TRUE,70,FALSE,FALSE,7,white_male_high
3,Iterative Batch Phase: Max,1165,1,White,TRUE,28,FALSE,FALSE,7,white_male_high
4,Iterative Batch Phase: Min,1166,0,White,FALSE,37,FALSE,FALSE,7,white_male_high
100,Validation,1167,0,White,TRUE,61,FALSE,FALSE,6,black_male_low
5,Iterative Batch Phase: Min,1168,0,Black or African American,TRUE,51,FALSE,FALSE,6,black_male_low
100,Validation,1169,1,Other,TRUE,22,TRUE,FALSE,5,black_male_high
100,Validation,1170,1,White,FALSE,32,FALSE,FALSE,6,black_male_low
6,Iterative Batch Phase: Min,1171,1,White,TRUE,48,FALSE,FALSE,1,white_female_high
4,Iterative Batch Phase: Max,1172,1,White,TRUE,30,FALSE,FALSE,5,black_male_high
3,Iterative Batch Phase: Min,1173,1,Other,TRUE,30,FALSE,FALSE,4,black_female_low
14,Iterative Batch Phase: Min,1174,1,Black or African American,FALSE,24,FALSE,FALSE,4,black_female_low
17,Iterative Batch Phase: Min,1175,1,White,FALSE,24,FALSE,FALSE,5,black_male_high
100,Validation,1176,1,White,TRUE,38,FALSE,FALSE,5,black_male_high
100,Validation,1177,0,Black or African American,TRUE,26,FALSE,FALSE,6,black_male_low
5,Iterative Batch Phase: Min,1178,1,White,TRUE,60,FALSE,FALSE,4,black_female_low
2,Iterative Batch Phase: Min,1179,0,White,TRUE,56,FALSE,FALSE,1,white_female_high
100,Validation,1180,0,White,TRUE,42,FALSE,FALSE,6,black_male_low
0,Warmup,1181,1,Asian,FALSE,24,FALSE,FALSE,3,black_female_high
100,Validation,1182,1,Black or African American,TRUE,35,FALSE,FALSE,6,black_male_low
18,Iterative Batch Phase: Min,1183,0,White,TRUE,53,FALSE,FALSE,6,black_male_low
100,Validation,1184,1,White,TRUE,38,FALSE,FALSE,5,black_male_high
100,Validation,1185,1,Asian,FALSE,25,FALSE,FALSE,6,black_male_low
9,Iterative Batch Phase: Min,1186,1,White,FALSE,21,FALSE,FALSE,3,black_female_high
1,Iterative Batch Phase: Min,1187,1,White,FALSE,43,FALSE,FALSE,4,black_female_low
2,Iterative Batch Phase: Min,1188,0,Asian,FALSE,27,FALSE,FALSE,6,black_male_low
2,Iterative Batch Phase: Max,1189,0,White,FALSE,40,FALSE,FALSE,5,black_male_high
11,Iterative Batch Phase: Min,1190,1,White,TRUE,33,FALSE,FALSE,2,white_female_low
100,Validation,1191,0,White,FALSE,29,FALSE,FALSE,5,black_male_high
100,Validation,1192,1,Asian,FALSE,59,FALSE,FALSE,5,black_male_high
100,Validation,1193,0,White,TRUE,57,FALSE,FALSE,6,black_male_low
100,Validation,1194,1,Black or African American,TRUE,53,FALSE,FALSE,5,black_male_high
100,Validation,1195,1,White,FALSE,25,FALSE,FALSE,6,black_male_low
100,Validation,1196,0,White,FALSE,49,FALSE,FALSE,6,black_male_low
0,Warmup,1197,1,White,FALSE,,FALSE,TRUE,2,white_female_low
11,Iterative Batch Phase: Min,1198,1,Black or African American,TRUE,39,FALSE,FALSE,4,black_female_low
100,Validation,1199,1,White,FALSE,33,FALSE,FALSE,5,black_male_high
100,Validation,1200,1,White,FALSE,35,FALSE,FALSE,5,black_male_high
0,Warmup,1201,1,Black or African American,FALSE,42,FALSE,FALSE,4,black_female_low
100,Validation,1202,0,White,FALSE,58,FALSE,FALSE,6,black_male_low
100,Validation,1203,1,White,FALSE,45,FALSE,FALSE,5,black_male_high
8,Iterative Batch Phase: Min,1204,0,White,TRUE,43,FALSE,FALSE,4,black_female_low
13,Iterative Batch Phase: Min,1205,1,White,FALSE,41,FALSE,FALSE,4,black_female_low
1,Iterative Batch Phase: Min,1206,0,White,TRUE,43,FALSE,FALSE,5,black_male_high
2,Iterative Batch Phase: Max,1207,0,White,FALSE,22,TRUE,FALSE,2,white_female_low
100,Validation,1208,1,White,TRUE,27,TRUE,FALSE,6,black_male_low
100,Validation,1209,1,White,TRUE,27,FALSE,FALSE,6,black_male_low
3,Iterative Batch Phase: Max,1210,1,White,TRUE,56,FALSE,FALSE,5,black_male_high
1,Iterative Batch Phase: Max,1211,1,White,TRUE,32,FALSE,FALSE,4,black_female_low
100,Validation,1212,1,Two or More Races,FALSE,22,TRUE,FALSE,6,black_male_low
100,Validation,1213,1,White,TRUE,42,FALSE,FALSE,6,black_male_low
15,Iterative Batch Phase: Min,1214,0,White,FALSE,30,FALSE,FALSE,4,black_female_low
100,Validation,1215,1,White,FALSE,24,TRUE,FALSE,5,black_male_high
100,Validation,1216,1,White,TRUE,33,FALSE,FALSE,5,black_male_high
100,Validation,1217,0,White,FALSE,73,FALSE,FALSE,6,black_male_low
9,Iterative Batch Phase: Min,1218,1,White,FALSE,30,FALSE,FALSE,3,black_female_high
100,Validation,1219,1,White,TRUE,51,FALSE,FALSE,6,black_male_low
100,Validation,1220,1,White,TRUE,59,FALSE,FALSE,5,black_male_high
100,Validation,1221,0,White,FALSE,59,FALSE,FALSE,6,black_male_low
19,Iterative Batch Phase: Min,1222,1,White,FALSE,37,FALSE,FALSE,3,black_female_high
12,Iterative Batch Phase: Min,1223,1,White,TRUE,24,FALSE,FALSE,6,black_male_low
100,Validation,1224,1,White,FALSE,37,FALSE,FALSE,6,black_male_low
16,Iterative Batch Phase: Min,1225,1,White,FALSE,63,FALSE,FALSE,5,black_male_high
13,Iterative Batch Phase: Min,1226,1,White,TRUE,53,FALSE,FALSE,6,black_male_low
100,Validation,1227,1,White,FALSE,42,FALSE,FALSE,6,black_male_low
100,Validation,1228,1,Asian,TRUE,28,FALSE,FALSE,6,black_male_low
8,Iterative Batch Phase: Min,1229,1,White,FALSE,33,FALSE,FALSE,6,black_male_low
100,Validation,1230,1,White,FALSE,55,FALSE,FALSE,5,black_male_high
0,Warmup,1231,1,Other,TRUE,46,TRUE,FALSE,7,white_male_high
13,Iterative Batch Phase: Min,1232,1,White,FALSE,38,FALSE,FALSE,1,white_female_high
0,Warmup,1233,0,White,TRUE,54,FALSE,FALSE,5,black_male_high
6,Iterative Batch Phase: Min,1234,1,White,FALSE,69,FALSE,FALSE,6,black_male_low
100,Validation,1235,1,White,FALSE,44,FALSE,FALSE,5,black_male_high
3,Iterative Batch Phase: Min,1236,1,White,TRUE,24,FALSE,FALSE,3,black_female_high
100,Validation,1237,0,White,TRUE,32,FALSE,FALSE,6,black_male_low
2,Iterative Batch Phase: Min,1238,0,Asian,FALSE,28,FALSE,FALSE,5,black_male_high
100,Validation,1239,1,White,FALSE,35,TRUE,FALSE,6,black_male_low
100,Validation,1240,1,White,FALSE,25,TRUE,FALSE,5,black_male_high
100,Validation,1241,1,Two or More Races,FALSE,33,FALSE,FALSE,6,black_male_low
3,Iterative Batch Phase: Min,1242,1,White,TRUE,33,FALSE,FALSE,3,black_female_high
100,Validation,1243,1,White,TRUE,34,FALSE,FALSE,6,black_male_low
7,Iterative Batch Phase: Min,1244,1,White,FALSE,44,FALSE,FALSE,4,black_female_low
9,Iterative Batch Phase: Min,1245,1,White,FALSE,40,FALSE,FALSE,6,black_male_low
3,Iterative Batch Phase: Min,1246,1,White,FALSE,35,FALSE,FALSE,5,black_male_high
4,Iterative Batch Phase: Max,1247,1,Black or African American,TRUE,57,FALSE,FALSE,5,black_male_high
14,Iterative Batch Phase: Min,1248,1,Asian,FALSE,27,FALSE,FALSE,4,black_female_low
7,Iterative Batch Phase: Min,1249,1,White,FALSE,34,FALSE,FALSE,4,black_female_low
2,Iterative Batch Phase: Min,1250,0,White,TRUE,38,FALSE,FALSE,3,black_female_high
100,Validation,1251,1,White,TRUE,24,FALSE,FALSE,6,black_male_low
100,Validation,1252,0,Asian,TRUE,22,FALSE,FALSE,5,black_male_high
100,Validation,1253,0,White,TRUE,26,FALSE,FALSE,5,black_male_high
100,Validation,1254,1,White,FALSE,23,FALSE,FALSE,6,black_male_low
3,Iterative Batch Phase: Max,1255,1,Two or More Races,TRUE,30,FALSE,FALSE,7,white_male_high
7,Iterative Batch Phase: Min,1256,0,White,FALSE,33,FALSE,FALSE,2,white_female_low
100,Validation,1257,0,White,TRUE,53,FALSE,FALSE,5,black_male_high
100,Validation,1258,0,American Indian or Alaska Native,FALSE,60,TRUE,FALSE,6,black_male_low
10,Iterative Batch Phase: Min,1259,1,White,FALSE,51,FALSE,FALSE,6,black_male_low
2,Iterative Batch Phase: Max,1260,1,Black or African American,TRUE,36,FALSE,FALSE,5,black_male_high
10,Iterative Batch Phase: Min,1261,1,White,TRUE,33,FALSE,FALSE,5,black_male_high
1,Iterative Batch Phase: Min,1262,1,White,FALSE,51,FALSE,FALSE,4,black_female_low
100,Validation,1263,0,Black or African American,TRUE,30,FALSE,FALSE,5,black_male_high
2,Iterative Batch Phase: Max,1264,1,White,FALSE,31,FALSE,FALSE,5,black_male_high
100,Validation,1265,1,White,TRUE,54,FALSE,FALSE,6,black_male_low
100,Validation,1266,1,White,TRUE,39,FALSE,FALSE,6,black_male_low
100,Validation,1267,1,White,TRUE,20,TRUE,FALSE,6,black_male_low
3,Iterative Batch Phase: Min,1268,0,White,FALSE,36,FALSE,FALSE,6,black_male_low
100,Validation,1269,0,White,TRUE,63,FALSE,FALSE,6,black_male_low
12,Iterative Batch Phase: Min,1270,1,American Indian or Alaska Native,TRUE,45,FALSE,FALSE,4,black_female_low
100,Validation,1271,0,White,TRUE,58,FALSE,FALSE,5,black_male_high
100,Validation,1272,0,White,TRUE,54,FALSE,FALSE,6,black_male_low
2,Iterative Batch Phase: Min,1273,1,White,TRUE,31,FALSE,FALSE,6,black_male_low
6,Iterative Batch Phase: Min,1274,0,White,FALSE,25,FALSE,FALSE,2,white_female_low
2,Iterative Batch Phase: Min,1275,1,Black or African American,FALSE,20,FALSE,FALSE,3,black_female_high
4,Iterative Batch Phase: Min,1276,1,White,TRUE,26,FALSE,FALSE,8,white_male_low
0,Warmup,1277,1,White,TRUE,34,FALSE,FALSE,6,black_male_low
14,Iterative Batch Phase: Min,1278,0,White,FALSE,69,FALSE,FALSE,3,black_female_high
6,Iterative Batch Phase: Min,1279,0,White,FALSE,32,FALSE,FALSE,4,black_female_low
5,Iterative Batch Phase: Min,1280,1,Asian,TRUE,23,FALSE,FALSE,8,white_male_low
100,Validation,1281,0,White,TRUE,45,FALSE,FALSE,5,black_male_high
15,Iterative Batch Phase: Min,1282,0,Asian,TRUE,32,FALSE,FALSE,4,black_female_low
100,Validation,1283,1,White,TRUE,30,FALSE,FALSE,5,black_male_high
9,Iterative Batch Phase: Min,1284,0,Asian,FALSE,27,FALSE,FALSE,5,black_male_high
17,Iterative Batch Phase: Min,1285,1,Prefer not to disclose,FALSE,24,FALSE,TRUE,6,black_male_low
100,Validation,1286,1,White,TRUE,38,FALSE,FALSE,5,black_male_high
18,Iterative Batch Phase: Min,1287,0,White,FALSE,33,FALSE,FALSE,6,black_male_low
100,Validation,1288,1,White,FALSE,30,FALSE,FALSE,6,black_male_low
0,Warmup,1289,0,White,TRUE,32,FALSE,FALSE,6,black_male_low
6,Iterative Batch Phase: Min,1290,0,White,FALSE,29,TRUE,FALSE,4,black_female_low
0,Warmup,1291,0,White,FALSE,53,FALSE,FALSE,5,black_male_high
100,Validation,1292,1,White,TRUE,71,FALSE,FALSE,6,black_male_low
100,Validation,1293,0,Black or African American,TRUE,51,FALSE,FALSE,6,black_male_low
100,Validation,1294,1,White,TRUE,57,FALSE,FALSE,5,black_male_high
100,Validation,1295,1,Native Hawaiian or Other Pacific Islander,TRUE,45,FALSE,FALSE,5,black_male_high
9,Iterative Batch Phase: Min,1296,1,White,FALSE,23,FALSE,FALSE,6,black_male_low
15,Iterative Batch Phase: Min,1297,1,White,TRUE,49,FALSE,FALSE,3,black_female_high
100,Validation,1298,0,White,FALSE,36,FALSE,FALSE,5,black_male_high
100,Validation,1299,0,White,TRUE,46,FALSE,FALSE,6,black_male_low
0,Warmup,1300,0,White,TRUE,38,FALSE,FALSE,7,white_male_high
100,Validation,1301,1,White,FALSE,28,FALSE,FALSE,6,black_male_low
8,Iterative Batch Phase: Min,1302,1,White,FALSE,33,FALSE,FALSE,6,black_male_low
3,Iterative Batch Phase: Max,1303,1,White,FALSE,54,FALSE,FALSE,6,black_male_low
12,Iterative Batch Phase: Min,1304,1,White,TRUE,29,FALSE,FALSE,4,black_female_low
100,Validation,1305,1,White,TRUE,46,FALSE,FALSE,5,black_male_high
100,Validation,1306,1,Asian,FALSE,23,FALSE,FALSE,6,black_male_low
6,Iterative Batch Phase: Min,1307,1,White,TRUE,53,FALSE,FALSE,4,black_female_low
100,Validation,1308,1,Black or African American,TRUE,27,FALSE,FALSE,6,black_male_low
6,Iterative Batch Phase: Min,1309,0,White,TRUE,54,FALSE,FALSE,3,black_female_high
1,Iterative Batch Phase: Min,1310,1,White,FALSE,34,TRUE,FALSE,7,white_male_high
0,Warmup,1311,0,Black or African American,TRUE,70,FALSE,FALSE,2,white_female_low
7,Iterative Batch Phase: Min,1312,0,Two or More Races,TRUE,33,FALSE,FALSE,4,black_female_low
8,Iterative Batch Phase: Min,1313,1,White,FALSE,55,FALSE,FALSE,5,black_male_high
1,Iterative Batch Phase: Max,1314,0,White,FALSE,31,FALSE,FALSE,2,white_female_low
14,Iterative Batch Phase: Min,1315,1,White,FALSE,30,FALSE,FALSE,5,black_male_high
2,Iterative Batch Phase: Min,1316,1,White,TRUE,30,FALSE,FALSE,4,black_female_low
10,Iterative Batch Phase: Min,1317,1,White,FALSE,35,FALSE,FALSE,4,black_female_low
100,Validation,1318,1,White,FALSE,35,FALSE,FALSE,6,black_male_low
13,Iterative Batch Phase: Min,1319,1,Other,FALSE,34,TRUE,FALSE,6,black_male_low
3,Iterative Batch Phase: Min,1320,1,White,TRUE,50,FALSE,FALSE,6,black_male_low
4,Iterative Batch Phase: Max,1321,1,White,FALSE,48,FALSE,FALSE,5,black_male_high
100,Validation,1322,1,Black or African American,TRUE,37,FALSE,FALSE,5,black_male_high
100,Validation,1323,1,White,TRUE,39,FALSE,FALSE,5,black_male_high
100,Validation,1324,1,White,TRUE,19,FALSE,FALSE,6,black_male_low
100,Validation,1325,1,White,TRUE,42,FALSE,FALSE,5,black_male_high
11,Iterative Batch Phase: Min,1326,1,White,FALSE,36,FALSE,FALSE,4,black_female_low
20,Iterative Batch Phase: Min,1327,1,White,FALSE,39,TRUE,FALSE,3,black_female_high
100,Validation,1328,0,Asian,FALSE,41,FALSE,FALSE,5,black_male_high
100,Validation,1329,1,White,FALSE,43,FALSE,FALSE,6,black_male_low
18,Iterative Batch Phase: Min,1330,1,White,TRUE,28,FALSE,FALSE,8,white_male_low
11,Iterative Batch Phase: Min,1331,0,White,FALSE,48,FALSE,FALSE,4,black_female_low
100,Validation,1332,1,Prefer not to disclose,FALSE,39,TRUE,TRUE,6,black_male_low
1,Iterative Batch Phase: Min,1333,1,Two or More Races,TRUE,26,FALSE,FALSE,1,white_female_high
0,Warmup,1334,1,Black or African American,FALSE,43,FALSE,FALSE,3,black_female_high
12,Iterative Batch Phase: Min,1335,0,White,TRUE,62,FALSE,FALSE,6,black_male_low
100,Validation,1336,1,Two or More Races,FALSE,30,TRUE,FALSE,5,black_male_high
10,Iterative Batch Phase: Min,1337,1,White,FALSE,27,TRUE,FALSE,6,black_male_low
100,Validation,1338,1,White,FALSE,48,FALSE,FALSE,5,black_male_high
20,Iterative Batch Phase: Min,1339,1,White,FALSE,46,FALSE,FALSE,6,black_male_low
4,Iterative Batch Phase: Min,1340,1,Black or African American,TRUE,31,FALSE,FALSE,6,black_male_low
13,Iterative Batch Phase: Min,1341,0,White,FALSE,43,FALSE,FALSE,4,black_female_low
100,Validation,1342,1,White,TRUE,22,FALSE,FALSE,6,black_male_low
15,Iterative Batch Phase: Min,1343,1,White,FALSE,31,FALSE,FALSE,3,black_female_high
9,Iterative Batch Phase: Min,1344,1,White,FALSE,42,FALSE,FALSE,4,black_female_low
5,Iterative Batch Phase: Min,1345,0,Two or More Races,FALSE,19,FALSE,FALSE,2,white_female_low
100,Validation,1346,0,White,TRUE,43,FALSE,FALSE,6,black_male_low
20,Iterative Batch Phase: Min,1347,1,White,TRUE,50,TRUE,FALSE,5,black_male_high
8,Iterative Batch Phase: Min,1348,1,White,TRUE,48,FALSE,FALSE,4,black_female_low
1,Iterative Batch Phase: Max,1349,1,White,FALSE,37,FALSE,FALSE,2,white_female_low
100,Validation,1350,1,White,TRUE,23,FALSE,FALSE,6,black_male_low
100,Validation,1351,1,White,TRUE,31,FALSE,FALSE,5,black_male_high
2,Iterative Batch Phase: Max,1352,1,White,TRUE,68,FALSE,FALSE,5,black_male_high
100,Validation,1353,1,White,FALSE,69,FALSE,FALSE,6,black_male_low
100,Validation,1354,1,Asian,FALSE,38,FALSE,FALSE,6,black_male_low
6,Iterative Batch Phase: Min,1355,1,Prefer not to disclose,TRUE,40,FALSE,TRUE,7,white_male_high
100,Validation,1356,1,Asian,TRUE,37,FALSE,FALSE,6,black_male_low
20,Iterative Batch Phase: Min,1357,0,White,TRUE,63,FALSE,FALSE,4,black_female_low
7,Iterative Batch Phase: Min,1358,0,White,FALSE,70,FALSE,FALSE,3,black_female_high
5,Iterative Batch Phase: Min,1359,1,Black or African American,FALSE,24,FALSE,FALSE,3,black_female_high
18,Iterative Batch Phase: Min,1360,1,White,FALSE,38,TRUE,FALSE,6,black_male_low
3,Iterative Batch Phase: Min,1361,1,White,TRUE,53,FALSE,FALSE,5,black_male_high
17,Iterative Batch Phase: Min,1362,1,Black or African American,FALSE,60,FALSE,FALSE,4,black_female_low
16,Iterative Batch Phase: Min,1363,1,Asian,FALSE,32,FALSE,FALSE,6,black_male_low
20,Iterative Batch Phase: Min,1364,1,White,FALSE,47,FALSE,FALSE,6,black_male_low
100,Validation,1365,1,White,FALSE,36,FALSE,FALSE,6,black_male_low
14,Iterative Batch Phase: Min,1366,0,White,FALSE,32,FALSE,TRUE,4,black_female_low
0,Warmup,1367,1,Asian,FALSE,24,FALSE,FALSE,5,black_male_high
19,Iterative Batch Phase: Min,1368,1,White,TRUE,65,FALSE,FALSE,4,black_female_low
100,Validation,1369,1,White,FALSE,33,FALSE,FALSE,6,black_male_low
100,Validation,1370,1,White,TRUE,24,FALSE,FALSE,5,black_male_high
100,Validation,1371,1,White,FALSE,30,FALSE,FALSE,5,black_male_high
20,Iterative Batch Phase: Min,1372,1,White,FALSE,58,FALSE,FALSE,6,black_male_low
9,Iterative Batch Phase: Min,1373,1,White,TRUE,30,FALSE,FALSE,3,black_female_high
100,Validation,1374,1,Black or African American,TRUE,49,FALSE,FALSE,5,black_male_high
9,Iterative Batch Phase: Min,1375,0,White,FALSE,38,FALSE,FALSE,1,white_female_high
2,Iterative Batch Phase: Max,1376,1,Asian,FALSE,30,FALSE,FALSE,5,black_male_high
100,Validation,1377,0,White,FALSE,57,FALSE,FALSE,5,black_male_high
100,Validation,1378,1,White,TRUE,41,FALSE,FALSE,5,black_male_high
16,Iterative Batch Phase: Min,1379,1,White,FALSE,21,FALSE,FALSE,6,black_male_low
2,Iterative Batch Phase: Min,1380,1,White,TRUE,33,FALSE,FALSE,7,white_male_high
100,Validation,1381,0,White,TRUE,40,FALSE,FALSE,6,black_male_low
100,Validation,1382,1,Black or African American,TRUE,24,FALSE,FALSE,6,black_male_low
100,Validation,1383,0,White,TRUE,62,FALSE,FALSE,5,black_male_high
2,Iterative Batch Phase: Min,1384,1,White,FALSE,25,FALSE,FALSE,3,black_female_high
5,Iterative Batch Phase: Min,1385,1,White,TRUE,25,FALSE,FALSE,3,black_female_high
15,Iterative Batch Phase: Min,1386,1,White,TRUE,37,FALSE,FALSE,2,white_female_low
100,Validation,1387,1,White,TRUE,72,FALSE,FALSE,5,black_male_high
100,Validation,1388,1,Asian,FALSE,25,FALSE,FALSE,5,black_male_high
17,Iterative Batch Phase: Min,1389,1,Asian,FALSE,38,FALSE,FALSE,5,black_male_high
100,Validation,1390,1,Asian,FALSE,29,FALSE,FALSE,6,black_male_low
100,Validation,1391,1,White,FALSE,28,FALSE,FALSE,5,black_male_high
16,Iterative Batch Phase: Min,1392,0,Asian,FALSE,38,FALSE,FALSE,6,black_male_low
4,Iterative Batch Phase: Min,1393,0,White,FALSE,76,FALSE,FALSE,4,black_female_low
10,Iterative Batch Phase: Min,1394,1,White,FALSE,38,FALSE,FALSE,6,black_male_low
17,Iterative Batch Phase: Min,1395,1,Black or African American,FALSE,30,FALSE,FALSE,4,black_female_low
100,Validation,1396,0,Asian,TRUE,43,FALSE,FALSE,6,black_male_low
100,Validation,1397,0,White,TRUE,32,FALSE,FALSE,5,black_male_high
7,Iterative Batch Phase: Min,1398,1,White,TRUE,32,FALSE,FALSE,4,black_female_low
100,Validation,1399,1,Asian,TRUE,35,TRUE,FALSE,5,black_male_high
5,Iterative Batch Phase: Min,1400,1,White,TRUE,51,FALSE,FALSE,7,white_male_high
2,Iterative Batch Phase: Max,1401,1,Black or African American,FALSE,30,FALSE,FALSE,7,white_male_high
18,Iterative Batch Phase: Min,1402,1,White,TRUE,25,TRUE,FALSE,1,white_female_high
1,Iterative Batch Phase: Max,1403,1,Asian,FALSE,27,FALSE,FALSE,5,black_male_high
100,Validation,1404,1,Asian,FALSE,21,FALSE,FALSE,5,black_male_high
14,Iterative Batch Phase: Min,1405,1,White,FALSE,36,FALSE,FALSE,4,black_female_low
100,Validation,1406,1,White,TRUE,67,FALSE,FALSE,5,black_male_high
18,Iterative Batch Phase: Min,1407,0,White,FALSE,35,FALSE,FALSE,6,black_male_low
100,Validation,1408,1,Two or More Races,FALSE,39,TRUE,FALSE,6,black_male_low
14,Iterative Batch Phase: Min,1409,1,White,TRUE,23,FALSE,FALSE,4,black_female_low
3,Iterative Batch Phase: Max,1410,1,White,TRUE,45,FALSE,FALSE,5,black_male_high
4,Iterative Batch Phase: Max,1411,1,White,TRUE,51,FALSE,FALSE,5,black_male_high
14,Iterative Batch Phase: Min,1412,1,White,FALSE,36,FALSE,FALSE,6,black_male_low
100,Validation,1413,0,White,TRUE,52,FALSE,FALSE,6,black_male_low
4,Iterative Batch Phase: Min,1414,0,White,TRUE,66,FALSE,FALSE,6,black_male_low
100,Validation,1415,1,White,FALSE,46,FALSE,FALSE,5,black_male_high
1,Iterative Batch Phase: Min,1416,1,White,FALSE,36,FALSE,FALSE,7,white_male_high
100,Validation,1417,0,White,TRUE,66,FALSE,FALSE,6,black_male_low
100,Validation,1418,1,White,TRUE,38,FALSE,FALSE,6,black_male_low
5,Iterative Batch Phase: Min,1419,1,White,FALSE,26,FALSE,FALSE,6,black_male_low
2,Iterative Batch Phase: Max,1420,1,Black or African American,TRUE,40,FALSE,FALSE,5,black_male_high
16,Iterative Batch Phase: Min,1421,1,White,FALSE,25,FALSE,FALSE,6,black_male_low
13,Iterative Batch Phase: Min,1422,1,Two or More Races,TRUE,60,FALSE,FALSE,5,black_male_high
100,Validation,1423,1,Black or African American,TRUE,20,FALSE,FALSE,5,black_male_high
17,Iterative Batch Phase: Min,1424,1,White,TRUE,29,FALSE,FALSE,6,black_male_low
19,Iterative Batch Phase: Min,1425,1,White,TRUE,47,FALSE,FALSE,6,black_male_low
17,Iterative Batch Phase: Min,1426,1,White,TRUE,54,FALSE,FALSE,6,black_male_low
9,Iterative Batch Phase: Min,1427,1,White,TRUE,27,FALSE,FALSE,3,black_female_high
7,Iterative Batch Phase: Min,1428,1,White,FALSE,62,FALSE,FALSE,4,black_female_low
100,Validation,1429,0,White,FALSE,58,FALSE,FALSE,6,black_male_low
100,Validation,1430,1,White,TRUE,48,TRUE,FALSE,6,black_male_low
100,Validation,1431,0,White,TRUE,47,FALSE,FALSE,5,black_male_high
100,Validation,1432,1,Two or More Races,FALSE,31,FALSE,FALSE,6,black_male_low
18,Iterative Batch Phase: Min,1433,1,White,FALSE,19,FALSE,FALSE,4,black_female_low
8,Iterative Batch Phase: Min,1434,0,White,FALSE,40,FALSE,FALSE,6,black_male_low
100,Validation,1435,0,White,TRUE,72,FALSE,FALSE,6,black_male_low
100,Validation,1436,0,White,FALSE,67,FALSE,FALSE,5,black_male_high
17,Iterative Batch Phase: Min,1437,1,White,FALSE,48,FALSE,FALSE,6,black_male_low
100,Validation,1438,0,White,FALSE,40,FALSE,FALSE,5,black_male_high
100,Validation,1439,0,White,FALSE,46,FALSE,FALSE,5,black_male_high
4,Iterative Batch Phase: Max,1440,1,Black or African American,TRUE,59,TRUE,FALSE,5,black_male_high
14,Iterative Batch Phase: Min,1441,0,White,FALSE,35,FALSE,FALSE,4,black_female_low
100,Validation,1442,1,Black or African American,TRUE,58,FALSE,FALSE,5,black_male_high
18,Iterative Batch Phase: Min,1443,1,Other,FALSE,41,TRUE,FALSE,4,black_female_low
5,Iterative Batch Phase: Min,1444,0,White,TRUE,62,FALSE,FALSE,7,white_male_high
19,Iterative Batch Phase: Min,1445,1,Black or African American,FALSE,28,FALSE,FALSE,6,black_male_low
8,Iterative Batch Phase: Min,1446,0,White,TRUE,41,FALSE,FALSE,8,white_male_low
3,Iterative Batch Phase: Max,1447,1,White,TRUE,36,TRUE,FALSE,5,black_male_high
7,Iterative Batch Phase: Min,1448,0,White,FALSE,26,FALSE,FALSE,4,black_female_low
6,Iterative Batch Phase: Min,1449,1,White,TRUE,56,FALSE,FALSE,6,black_male_low
100,Validation,1450,1,Black or African American,FALSE,68,FALSE,FALSE,5,black_male_high
100,Validation,1451,1,White,FALSE,20,FALSE,FALSE,5,black_male_high
11,Iterative Batch Phase: Min,1452,0,White,FALSE,53,FALSE,FALSE,4,black_female_low
6,Iterative Batch Phase: Min,1453,0,White,TRUE,44,FALSE,FALSE,6,black_male_low
15,Iterative Batch Phase: Min,1454,1,White,FALSE,37,FALSE,FALSE,5,black_male_high
11,Iterative Batch Phase: Min,1455,0,White,FALSE,44,FALSE,FALSE,1,white_female_high
0,Warmup,1456,0,Asian,FALSE,27,FALSE,FALSE,3,black_female_high
3,Iterative Batch Phase: Min,1457,0,Black or African American,TRUE,48,FALSE,FALSE,3,black_female_high
11,Iterative Batch Phase: Min,1458,1,Other,FALSE,24,TRUE,FALSE,5,black_male_high
1,Iterative Batch Phase: Max,1459,0,Asian,FALSE,27,FALSE,FALSE,5,black_male_high
10,Iterative Batch Phase: Min,1460,1,White,TRUE,29,FALSE,FALSE,2,white_female_low
15,Iterative Batch Phase: Min,1461,1,White,FALSE,34,TRUE,FALSE,5,black_male_high
1,Iterative Batch Phase: Min,1462,1,White,TRUE,45,FALSE,FALSE,4,black_female_low
100,Validation,1463,0,White,TRUE,58,FALSE,FALSE,5,black_male_high
100,Validation,1464,1,White,TRUE,27,FALSE,FALSE,6,black_male_low
10,Iterative Batch Phase: Min,1465,1,Prefer not to disclose,FALSE,,FALSE,TRUE,4,black_female_low
3,Iterative Batch Phase: Min,1466,1,White,FALSE,51,FALSE,FALSE,8,white_male_low
18,Iterative Batch Phase: Min,1467,1,White,TRUE,46,FALSE,FALSE,4,black_female_low
100,Validation,1468,1,Asian,FALSE,35,FALSE,FALSE,5,black_male_high
100,Validation,1469,1,White,FALSE,34,FALSE,FALSE,5,black_male_high
1,Iterative Batch Phase: Min,1470,1,White,FALSE,29,FALSE,FALSE,7,white_male_high
3,Iterative Batch Phase: Max,1471,0,Black or African American,TRUE,33,FALSE,FALSE,4,black_female_low
18,Iterative Batch Phase: Min,1472,0,White,TRUE,37,FALSE,FALSE,5,black_male_high
100,Validation,1473,0,White,TRUE,29,FALSE,FALSE,5,black_male_high
3,Iterative Batch Phase: Max,1474,1,White,FALSE,35,TRUE,FALSE,5,black_male_high
3,Iterative Batch Phase: Max,1475,1,White,TRUE,29,FALSE,FALSE,5,black_male_high
100,Validation,1476,1,White,FALSE,46,FALSE,FALSE,5,black_male_high
2,Iterative Batch Phase: Min,1477,1,White,TRUE,50,FALSE,FALSE,5,black_male_high
100,Validation,1478,1,White,TRUE,25,FALSE,FALSE,6,black_male_low
13,Iterative Batch Phase: Min,1479,0,Asian,FALSE,18,FALSE,FALSE,4,black_female_low
14,Iterative Batch Phase: Min,1480,1,Asian,FALSE,31,FALSE,FALSE,3,black_female_high
14,Iterative Batch Phase: Min,1481,0,White,FALSE,30,FALSE,FALSE,4,black_female_low
14,Iterative Batch Phase: Min,1482,1,Black or African American,FALSE,30,FALSE,FALSE,4,black_female_low
8,Iterative Batch Phase: Min,1483,1,White,TRUE,22,TRUE,FALSE,6,black_male_low
16,Iterative Batch Phase: Min,1484,1,White,FALSE,24,FALSE,TRUE,4,black_female_low
1,Iterative Batch Phase: Min,1485,1,White,FALSE,45,FALSE,FALSE,3,black_female_high
100,Validation,1486,1,White,TRUE,59,FALSE,FALSE,5,black_male_high
0,Warmup,1487,0,White,TRUE,52,FALSE,FALSE,5,black_male_high
19,Iterative Batch Phase: Min,1488,0,Two or More Races,TRUE,30,FALSE,FALSE,4,black_female_low
100,Validation,1489,1,Other,TRUE,22,TRUE,FALSE,6,black_male_low
2,Iterative Batch Phase: Max,1490,1,Asian,TRUE,31,FALSE,FALSE,5,black_male_high
15,Iterative Batch Phase: Min,1491,1,White,TRUE,30,FALSE,FALSE,1,white_female_high
14,Iterative Batch Phase: Min,1492,1,White,TRUE,55,FALSE,FALSE,5,black_male_high
14,Iterative Batch Phase: Min,1493,1,Asian,FALSE,25,FALSE,FALSE,2,white_female_low
100,Validation,1494,1,Two or More Races,TRUE,23,TRUE,FALSE,5,black_male_high
0,Warmup,1495,1,White,TRUE,56,FALSE,FALSE,5,black_male_high
11,Iterative Batch Phase: Min,1496,0,Asian,TRUE,22,FALSE,FALSE,3,black_female_high
20,Iterative Batch Phase: Min,1497,1,White,TRUE,59,FALSE,FALSE,4,black_female_low
4,Iterative Batch Phase: Min,1498,0,White,TRUE,30,FALSE,FALSE,3,black_female_high
100,Validation,1499,0,White,FALSE,36,TRUE,FALSE,6,black_male_low
100,Validation,1500,0,Black or African American,FALSE,63,TRUE,FALSE,6,black_male_low
100,Validation,1501,1,White,FALSE,42,FALSE,FALSE,5,black_male_high
100,Validation,1502,1,White,FALSE,38,FALSE,FALSE,6,black_male_low
2,Iterative Batch Phase: Min,1503,1,White,FALSE,30,FALSE,FALSE,7,white_male_high
100,Validation,1504,1,Asian,TRUE,27,FALSE,FALSE,5,black_male_high
17,Iterative Batch Phase: Min,1505,1,White,FALSE,28,FALSE,FALSE,2,white_female_low
16,Iterative Batch Phase: Min,1506,1,Two or More Races,TRUE,20,FALSE,FALSE,4,black_female_low
100,Validation,1507,1,Asian,TRUE,28,FALSE,FALSE,5,black_male_high
13,Iterative Batch Phase: Min,1508,0,White,FALSE,49,FALSE,FALSE,4,black_female_low
100,Validation,1509,1,Black or African American,TRUE,33,FALSE,FALSE,5,black_male_high
100,Validation,1510,0,White,TRUE,29,FALSE,FALSE,6,black_male_low
100,Validation,1511,1,White,TRUE,41,FALSE,FALSE,5,black_male_high
100,Validation,1512,1,White,TRUE,52,TRUE,FALSE,5,black_male_high
0,Warmup,1513,1,Two or More Races,FALSE,19,TRUE,FALSE,2,white_female_low
100,Validation,1514,1,Two or More Races,TRUE,35,FALSE,FALSE,6,black_male_low
11,Iterative Batch Phase: Min,1515,1,White,FALSE,52,FALSE,FALSE,6,black_male_low
5,Iterative Batch Phase: Min,1516,0,White,TRUE,68,FALSE,FALSE,6,black_male_low
100,Validation,1517,1,White,FALSE,75,FALSE,FALSE,5,black_male_high
3,Iterative Batch Phase: Max,1518,0,White,FALSE,27,FALSE,FALSE,5,black_male_high
100,Validation,1519,0,Asian,TRUE,45,FALSE,FALSE,5,black_male_high
100,Validation,1520,1,White,FALSE,38,FALSE,FALSE,5,black_male_high
100,Validation,1521,0,White,FALSE,44,FALSE,FALSE,6,black_male_low
100,Validation,1522,1,White,FALSE,36,FALSE,FALSE,6,black_male_low
6,Iterative Batch Phase: Min,1523,1,White,FALSE,46,FALSE,FALSE,6,black_male_low
4,Iterative Batch Phase: Min,1524,0,White,TRUE,36,FALSE,FALSE,2,white_female_low
2,Iterative Batch Phase: Min,1525,1,Black or African American,FALSE,52,FALSE,FALSE,7,white_male_high
0,Warmup,1526,1,White,FALSE,34,FALSE,FALSE,1,white_female_high
5,Iterative Batch Phase: Min,1527,1,White,TRUE,41,FALSE,FALSE,2,white_female_low
4,Iterative Batch Phase: Max,1528,1,Asian,FALSE,22,FALSE,FALSE,5,black_male_high
100,Validation,1529,1,White,FALSE,33,FALSE,FALSE,6,black_male_low
100,Validation,1530,1,White,TRUE,33,FALSE,FALSE,6,black_male_low
100,Validation,1531,0,White,TRUE,43,FALSE,FALSE,6,black_male_low
100,Validation,1532,1,White,FALSE,19,TRUE,FALSE,6,black_male_low
100,Validation,1533,1,White,FALSE,25,FALSE,FALSE,5,black_male_high
100,Validation,1534,1,Two or More Races,FALSE,29,FALSE,FALSE,5,black_male_high
1,Iterative Batch Phase: Max,1535,1,White,FALSE,38,FALSE,FALSE,5,black_male_high
100,Validation,1536,1,White,TRUE,25,FALSE,FALSE,6,black_male_low
7,Iterative Batch Phase: Min,1537,1,White,TRUE,40,FALSE,FALSE,4,black_female_low
100,Validation,1538,1,White,TRUE,34,FALSE,FALSE,6,black_male_low
100,Validation,1539,1,White,TRUE,49,FALSE,FALSE,5,black_male_high
100,Validation,1540,1,White,TRUE,36,FALSE,FALSE,5,black_male_high
4,Iterative Batch Phase: Max,1541,1,Black or African American,FALSE,50,FALSE,FALSE,5,black_male_high
2,Iterative Batch Phase: Max,1542,1,White,TRUE,58,FALSE,FALSE,5,black_male_high
100,Validation,1543,0,American Indian or Alaska Native,TRUE,29,FALSE,FALSE,6,black_male_low
13,Iterative Batch Phase: Min,1544,0,Two or More Races,TRUE,67,FALSE,FALSE,2,white_female_low
100,Validation,1545,1,Two or More Races,TRUE,39,FALSE,FALSE,6,black_male_low
100,Validation,1546,1,White,TRUE,20,FALSE,FALSE,5,black_male_high
17,Iterative Batch Phase: Min,1547,0,Two or More Races,FALSE,31,FALSE,FALSE,6,black_male_low
100,Validation,1548,1,White,FALSE,32,FALSE,FALSE,5,black_male_high
100,Validation,1549,0,White,TRUE,31,FALSE,FALSE,5,black_male_high
13,Iterative Batch Phase: Min,1550,1,White,TRUE,60,FALSE,FALSE,5,black_male_high
1,Iterative Batch Phase: Min,1551,1,White,FALSE,34,FALSE,FALSE,4,black_female_low
7,Iterative Batch Phase: Min,1552,1,White,TRUE,35,FALSE,FALSE,3,black_female_high
100,Validation,1553,0,Black or African American,TRUE,25,FALSE,FALSE,6,black_male_low
100,Validation,1554,1,Black or African American,TRUE,43,FALSE,FALSE,6,black_male_low
2,Iterative Batch Phase: Min,1555,1,Black or African American,FALSE,49,FALSE,FALSE,5,black_male_high
15,Iterative Batch Phase: Min,1556,1,Black or African American,TRUE,54,FALSE,FALSE,4,black_female_low
0,Warmup,1557,1,Black or African American,FALSE,41,FALSE,FALSE,3,black_female_high
11,Iterative Batch Phase: Min,1558,1,White,FALSE,32,FALSE,FALSE,2,white_female_low
8,Iterative Batch Phase: Min,1559,1,White,FALSE,41,FALSE,FALSE,5,black_male_high
1,Iterative Batch Phase: Min,1560,1,Asian,TRUE,21,FALSE,FALSE,4,black_female_low
13,Iterative Batch Phase: Min,1561,0,White,TRUE,53,FALSE,FALSE,6,black_male_low
13,Iterative Batch Phase: Min,1562,1,White,FALSE,34,FALSE,FALSE,6,black_male_low
1,Iterative Batch Phase: Min,1563,1,Black or African American,FALSE,37,FALSE,FALSE,4,black_female_low
10,Iterative Batch Phase: Min,1564,0,Native Hawaiian or Other Pacific Islander,FALSE,20,TRUE,FALSE,4,black_female_low
0,Warmup,1565,1,White,FALSE,35,FALSE,FALSE,1,white_female_high
100,Validation,1566,1,Asian,TRUE,28,FALSE,FALSE,6,black_male_low
100,Validation,1567,1,Asian,TRUE,29,FALSE,FALSE,5,black_male_high
100,Validation,1568,1,White,TRUE,32,FALSE,FALSE,6,black_male_low
100,Validation,1569,1,White,FALSE,54,FALSE,FALSE,5,black_male_high
0,Warmup,1570,1,White,TRUE,67,FALSE,FALSE,6,black_male_low
12,Iterative Batch Phase: Min,1571,1,Two or More Races,TRUE,26,FALSE,FALSE,3,black_female_high
100,Validation,1572,1,White,FALSE,32,FALSE,FALSE,5,black_male_high
5,Iterative Batch Phase: Min,1573,1,White,TRUE,23,FALSE,FALSE,6,black_male_low
100,Validation,1574,0,Black or African American,TRUE,42,FALSE,FALSE,6,black_male_low
1,Iterative Batch Phase: Max,1575,1,White,TRUE,29,FALSE,FALSE,8,white_male_low
0,Warmup,1576,1,White,FALSE,35,FALSE,FALSE,2,white_female_low
100,Validation,1577,0,White,TRUE,60,FALSE,FALSE,6,black_male_low
12,Iterative Batch Phase: Min,1578,1,Two or More Races,FALSE,33,FALSE,FALSE,4,black_female_low
1,Iterative Batch Phase: Min,1579,0,White,TRUE,31,FALSE,FALSE,1,white_female_high
15,Iterative Batch Phase: Min,1580,0,White,TRUE,37,TRUE,FALSE,4,black_female_low
100,Validation,1581,1,White,FALSE,59,FALSE,FALSE,5,black_male_high
100,Validation,1582,1,White,TRUE,22,FALSE,FALSE,5,black_male_high
100,Validation,1583,1,Asian,TRUE,24,FALSE,FALSE,6,black_male_low
100,Validation,1584,1,White,FALSE,42,FALSE,FALSE,6,black_male_low
100,Validation,1585,1,White,FALSE,36,FALSE,FALSE,6,black_male_low
14,Iterative Batch Phase: Min,1586,1,Native Hawaiian or Other Pacific Islander,FALSE,39,FALSE,FALSE,6,black_male_low
7,Iterative Batch Phase: Min,1587,1,White,TRUE,32,FALSE,FALSE,4,black_female_low
8,Iterative Batch Phase: Min,1588,0,White,FALSE,36,FALSE,FALSE,1,white_female_high
100,Validation,1589,0,White,TRUE,67,FALSE,FALSE,5,black_male_high
1,Iterative Batch Phase: Max,1590,0,White,FALSE,49,FALSE,FALSE,6,black_male_low
100,Validation,1591,1,Black or African American,TRUE,23,FALSE,FALSE,6,black_male_low
100,Validation,1592,1,White,FALSE,23,FALSE,FALSE,6,black_male_low
100,Validation,1593,0,Asian,TRUE,23,FALSE,FALSE,5,black_male_high
100,Validation,1594,1,White,FALSE,40,FALSE,FALSE,5,black_male_high
13,Iterative Batch Phase: Min,1595,1,Prefer not to disclose,FALSE,,FALSE,TRUE,4,black_female_low
3,Iterative Batch Phase: Max,1596,1,White,FALSE,26,FALSE,FALSE,5,black_male_high
100,Validation,1597,1,White,TRUE,50,FALSE,FALSE,5,black_male_high
100,Validation,1598,1,White,FALSE,37,FALSE,FALSE,5,black_male_high
13,Iterative Batch Phase: Min,1599,0,Black or African American,TRUE,19,FALSE,FALSE,6,black_male_low
9,Iterative Batch Phase: Min,1600,1,White,TRUE,42,FALSE,FALSE,6,black_male_low
100,Validation,1601,1,White,FALSE,41,FALSE,FALSE,6,black_male_low
2,Iterative Batch Phase: Max,1602,1,Black or African American,FALSE,31,FALSE,FALSE,5,black_male_high
6,Iterative Batch Phase: Min,1603,0,White,TRUE,53,FALSE,FALSE,2,white_female_low
5,Iterative Batch Phase: Min,1604,0,White,TRUE,30,FALSE,FALSE,6,black_male_low
18,Iterative Batch Phase: Min,1605,1,White,TRUE,36,FALSE,FALSE,5,black_male_high
100,Validation,1606,1,White,TRUE,38,FALSE,FALSE,6,black_male_low
100,Validation,1607,1,White,TRUE,29,FALSE,FALSE,6,black_male_low
100,Validation,1608,1,White,FALSE,46,FALSE,FALSE,6,black_male_low
0,Warmup,1609,1,White,TRUE,57,FALSE,FALSE,1,white_female_high
100,Validation,1610,1,White,TRUE,61,FALSE,FALSE,5,black_male_high
100,Validation,1611,1,White,FALSE,28,FALSE,FALSE,6,black_male_low
2,Iterative Batch Phase: Min,1612,1,Black or African American,TRUE,58,FALSE,FALSE,3,black_female_high
19,Iterative Batch Phase: Min,1613,1,White,TRUE,40,FALSE,FALSE,6,black_male_low
3,Iterative Batch Phase: Min,1614,0,White,FALSE,28,FALSE,TRUE,2,white_female_low
8,Iterative Batch Phase: Min,1615,0,White,TRUE,25,FALSE,FALSE,6,black_male_low
0,Warmup,1616,1,White,FALSE,43,FALSE,FALSE,6,black_male_low
0,Warmup,1617,1,White,FALSE,57,FALSE,FALSE,6,black_male_low
1,Iterative Batch Phase: Min,1618,1,Black or African American,FALSE,33,FALSE,FALSE,4,black_female_low
13,Iterative Batch Phase: Min,1619,1,White,FALSE,36,FALSE,FALSE,4,black_female_low
100,Validation,1620,1,White,TRUE,26,FALSE,FALSE,5,black_male_high
100,Validation,1621,1,White,TRUE,64,FALSE,FALSE,6,black_male_low
100,Validation,1622,1,White,TRUE,30,FALSE,FALSE,6,black_male_low
100,Validation,1623,1,White,TRUE,37,FALSE,FALSE,5,black_male_high
100,Validation,1624,0,White,FALSE,22,FALSE,TRUE,5,black_male_high
100,Validation,1625,1,White,TRUE,23,FALSE,FALSE,6,black_male_low
7,Iterative Batch Phase: Min,1626,0,Asian,TRUE,22,FALSE,FALSE,3,black_female_high
4,Iterative Batch Phase: Max,1627,1,White,FALSE,38,FALSE,FALSE,5,black_male_high
0,Warmup,1628,1,White,TRUE,38,FALSE,FALSE,3,black_female_high
2,Iterative Batch Phase: Min,1629,0,Black or African American,TRUE,52,FALSE,FALSE,6,black_male_low
100,Validation,1630,1,Black or African American,TRUE,31,FALSE,FALSE,6,black_male_low
5,Iterative Batch Phase: Min,1631,0,White,FALSE,46,FALSE,FALSE,3,black_female_high
10,Iterative Batch Phase: Min,1632,1,White,FALSE,33,FALSE,FALSE,6,black_male_low
100,Validation,1633,1,White,TRUE,42,FALSE,FALSE,5,black_male_high
15,Iterative Batch Phase: Min,1634,1,White,FALSE,45,FALSE,FALSE,5,black_male_high
2,Iterative Batch Phase: Min,1635,1,White,TRUE,39,FALSE,FALSE,7,white_male_high
10,Iterative Batch Phase: Min,1636,1,White,TRUE,63,FALSE,FALSE,5,black_male_high
17,Iterative Batch Phase: Min,1637,0,White,TRUE,36,FALSE,FALSE,6,black_male_low
100,Validation,1638,1,Two or More Races,TRUE,24,FALSE,FALSE,5,black_male_high
0,Warmup,1639,1,White,FALSE,36,FALSE,FALSE,2,white_female_low
100,Validation,1640,1,White,FALSE,50,FALSE,FALSE,5,black_male_high
12,Iterative Batch Phase: Min,1641,0,Asian,FALSE,28,FALSE,FALSE,4,black_female_low
100,Validation,1642,1,Asian,TRUE,30,FALSE,FALSE,6,black_male_low
100,Validation,1643,1,White,FALSE,28,FALSE,FALSE,5,black_male_high
0,Warmup,1644,1,White,TRUE,43,FALSE,FALSE,6,black_male_low
5,Iterative Batch Phase: Min,1645,0,White,FALSE,28,TRUE,FALSE,3,black_female_high
100,Validation,1646,0,White,TRUE,34,FALSE,FALSE,6,black_male_low
100,Validation,1647,1,Other,TRUE,31,FALSE,FALSE,5,black_male_high
14,Iterative Batch Phase: Min,1648,1,White,FALSE,33,FALSE,FALSE,1,white_female_high
3,Iterative Batch Phase: Max,1649,0,White,FALSE,35,FALSE,FALSE,5,black_male_high
100,Validation,1650,1,White,FALSE,30,FALSE,FALSE,5,black_male_high
5,Iterative Batch Phase: Min,1651,0,White,FALSE,73,FALSE,FALSE,4,black_female_low
100,Validation,1652,1,White,TRUE,32,FALSE,FALSE,6,black_male_low
100,Validation,1653,0,White,TRUE,25,FALSE,FALSE,6,black_male_low
100,Validation,1654,1,White,TRUE,23,FALSE,FALSE,6,black_male_low
13,Iterative Batch Phase: Min,1655,0,White,TRUE,48,FALSE,FALSE,6,black_male_low
100,Validation,1656,0,White,TRUE,50,FALSE,FALSE,5,black_male_high
19,Iterative Batch Phase: Min,1657,0,White,TRUE,45,FALSE,FALSE,6,black_male_low
100,Validation,1658,0,White,TRUE,30,FALSE,FALSE,5,black_male_high
100,Validation,1659,1,White,TRUE,36,FALSE,FALSE,6,black_male_low
4,Iterative Batch Phase: Max,1660,1,White,TRUE,67,FALSE,FALSE,8,white_male_low
11,Iterative Batch Phase: Min,1661,1,White,TRUE,62,FALSE,FALSE,4,black_female_low
3,Iterative Batch Phase: Min,1662,1,White,TRUE,40,FALSE,FALSE,3,black_female_high
5,Iterative Batch Phase: Min,1663,0,Two or More Races,TRUE,46,FALSE,FALSE,2,white_female_low
100,Validation,1664,0,White,TRUE,20,FALSE,FALSE,5,black_male_high
8,Iterative Batch Phase: Min,1665,0,White,FALSE,25,FALSE,FALSE,4,black_female_low
100,Validation,1666,1,Two or More Races,TRUE,59,FALSE,FALSE,5,black_male_high
6,Iterative Batch Phase: Min,1667,0,Black or African American,TRUE,28,FALSE,FALSE,6,black_male_low
0,Warmup,1668,1,White,TRUE,54,FALSE,FALSE,7,white_male_high
100,Validation,1669,1,White,TRUE,21,FALSE,FALSE,6,black_male_low
0,Warmup,1670,0,Black or African American,FALSE,28,FALSE,FALSE,7,white_male_high
100,Validation,1671,0,Two or More Races,TRUE,33,FALSE,FALSE,6,black_male_low
17,Iterative Batch Phase: Min,1672,0,Asian,FALSE,26,FALSE,FALSE,6,black_male_low
100,Validation,1673,1,White,TRUE,28,FALSE,FALSE,5,black_male_high
12,Iterative Batch Phase: Min,1674,1,White,TRUE,53,TRUE,FALSE,4,black_female_low
100,Validation,1675,1,White,FALSE,22,FALSE,FALSE,6,black_male_low
0,Warmup,1676,0,White,FALSE,37,FALSE,FALSE,8,white_male_low
100,Validation,1677,0,Asian,FALSE,23,FALSE,FALSE,6,black_male_low
6,Iterative Batch Phase: Min,1678,1,White,TRUE,24,FALSE,FALSE,4,black_female_low
100,Validation,1679,1,Black or African American,FALSE,43,FALSE,FALSE,5,black_male_high
10,Iterative Batch Phase: Min,1680,1,White,TRUE,49,FALSE,FALSE,4,black_female_low
16,Iterative Batch Phase: Min,1681,1,White,TRUE,39,FALSE,FALSE,4,black_female_low
15,Iterative Batch Phase: Min,1682,0,White,FALSE,42,FALSE,FALSE,6,black_male_low
9,Iterative Batch Phase: Min,1683,0,Asian,TRUE,37,FALSE,FALSE,2,white_female_low
15,Iterative Batch Phase: Min,1684,1,Black or African American,TRUE,25,FALSE,FALSE,2,white_female_low
100,Validation,1685,0,White,FALSE,75,FALSE,FALSE,6,black_male_low
100,Validation,1686,1,White,TRUE,45,FALSE,FALSE,5,black_male_high
1,Iterative Batch Phase: Min,1687,0,Asian,FALSE,35,FALSE,FALSE,3,black_female_high
0,Warmup,1688,1,White,TRUE,63,FALSE,FALSE,4,black_female_low
100,Validation,1689,1,White,TRUE,58,FALSE,FALSE,5,black_male_high
5,Iterative Batch Phase: Min,1690,1,White,FALSE,34,TRUE,FALSE,1,white_female_high
18,Iterative Batch Phase: Min,1691,0,Black or African American,TRUE,44,FALSE,FALSE,4,black_female_low
8,Iterative Batch Phase: Min,1692,1,Other,FALSE,28,TRUE,FALSE,3,black_female_high
17,Iterative Batch Phase: Min,1693,0,White,FALSE,54,FALSE,FALSE,4,black_female_low
100,Validation,1694,0,Black or African American,FALSE,44,FALSE,FALSE,5,black_male_high
100,Validation,1695,0,Black or African American,TRUE,57,FALSE,FALSE,5,black_male_high
100,Validation,1696,1,White,FALSE,40,FALSE,FALSE,6,black_male_low
100,Validation,1697,0,Two or More Races,FALSE,32,TRUE,FALSE,6,black_male_low
17,Iterative Batch Phase: Min,1698,1,Black or African American,TRUE,32,FALSE,FALSE,2,white_female_low
100,Validation,1699,1,White,TRUE,50,FALSE,FALSE,6,black_male_low
2,Iterative Batch Phase: Min,1700,1,Asian,FALSE,51,FALSE,FALSE,1,white_female_high
1,Iterative Batch Phase: Min,1701,1,White,TRUE,42,FALSE,FALSE,4,black_female_low
100,Validation,1702,1,White,TRUE,61,FALSE,FALSE,6,black_male_low
2,Iterative Batch Phase: Max,1703,1,White,FALSE,74,FALSE,FALSE,7,white_male_high
13,Iterative Batch Phase: Min,1704,1,White,FALSE,28,FALSE,TRUE,4,black_female_low
0,Warmup,1705,1,White,FALSE,61,FALSE,FALSE,1,white_female_high
100,Validation,1706,0,Black or African American,FALSE,26,FALSE,FALSE,6,black_male_low
19,Iterative Batch Phase: Min,1707,0,White,TRUE,59,FALSE,FALSE,6,black_male_low
18,Iterative Batch Phase: Min,1708,1,White,FALSE,31,FALSE,FALSE,4,black_female_low
100,Validation,1709,1,White,TRUE,57,FALSE,FALSE,5,black_male_high
100,Validation,1710,1,Black or African American,FALSE,45,FALSE,FALSE,5,black_male_high
100,Validation,1711,1,White,TRUE,70,FALSE,FALSE,6,black_male_low
3,Iterative Batch Phase: Max,1712,1,White,TRUE,29,TRUE,FALSE,5,black_male_high
20,Iterative Batch Phase: Min,1713,1,White,TRUE,35,FALSE,FALSE,1,white_female_high
100,Validation,1714,1,White,FALSE,37,FALSE,FALSE,5,black_male_high
6,Iterative Batch Phase: Min,1715,0,White,TRUE,64,FALSE,FALSE,7,white_male_high
100,Validation,1716,1,White,FALSE,46,FALSE,FALSE,5,black_male_high
12,Iterative Batch Phase: Min,1717,1,White,TRUE,35,FALSE,FALSE,6,black_male_low
100,Validation,1718,1,White,TRUE,59,FALSE,FALSE,5,black_male_high
12,Iterative Batch Phase: Min,1719,1,White,FALSE,40,FALSE,FALSE,3,black_female_high
100,Validation,1720,1,White,TRUE,39,FALSE,FALSE,6,black_male_low
17,Iterative Batch Phase: Min,1721,0,White,FALSE,22,TRUE,FALSE,6,black_male_low
100,Validation,1722,1,White,FALSE,68,FALSE,FALSE,6,black_male_low
3,Iterative Batch Phase: Max,1723,0,Black or African American,FALSE,34,FALSE,TRUE,1,white_female_high
9,Iterative Batch Phase: Min,1724,0,Asian,FALSE,39,FALSE,FALSE,6,black_male_low
0,Warmup,1725,1,White,TRUE,55,FALSE,FALSE,3,black_female_high
100,Validation,1726,0,White,TRUE,65,FALSE,FALSE,5,black_male_high
2,Iterative Batch Phase: Max,1727,0,White,FALSE,34,FALSE,FALSE,5,black_male_high
4,Iterative Batch Phase: Max,1728,1,White,FALSE,30,TRUE,FALSE,5,black_male_high
0,Warmup,1729,0,White,TRUE,27,FALSE,FALSE,6,black_male_low
14,Iterative Batch Phase: Min,1730,0,White,TRUE,29,FALSE,FALSE,5,black_male_high
16,Iterative Batch Phase: Min,1731,1,White,FALSE,35,FALSE,FALSE,6,black_male_low
11,Iterative Batch Phase: Min,1732,1,Prefer not to disclose,FALSE,,FALSE,TRUE,4,black_female_low
18,Iterative Batch Phase: Min,1733,1,White,TRUE,42,FALSE,FALSE,6,black_male_low
100,Validation,1734,1,Asian,TRUE,25,FALSE,FALSE,6,black_male_low
1,Iterative Batch Phase: Min,1735,1,White,TRUE,33,FALSE,FALSE,4,black_female_low
4,Iterative Batch Phase: Max,1736,1,White,FALSE,27,FALSE,FALSE,2,white_female_low
0,Warmup,1737,1,White,FALSE,40,FALSE,FALSE,6,black_male_low
19,Iterative Batch Phase: Min,1738,1,White,TRUE,30,FALSE,FALSE,6,black_male_low
100,Validation,1739,0,Asian,FALSE,33,FALSE,FALSE,5,black_male_high
9,Iterative Batch Phase: Min,1740,1,White,TRUE,27,FALSE,FALSE,6,black_male_low
100,Validation,1741,1,White,FALSE,65,FALSE,FALSE,6,black_male_low
6,Iterative Batch Phase: Min,1742,1,White,FALSE,31,FALSE,FALSE,6,black_male_low
12,Iterative Batch Phase: Min,1743,1,White,FALSE,46,FALSE,FALSE,6,black_male_low
20,Iterative Batch Phase: Min,1744,1,White,FALSE,40,FALSE,FALSE,5,black_male_high
1,Iterative Batch Phase: Max,1745,0,White,TRUE,39,FALSE,FALSE,6,black_male_low
100,Validation,1746,1,White,FALSE,36,FALSE,FALSE,5,black_male_high
2,Iterative Batch Phase: Min,1747,0,White,FALSE,30,TRUE,FALSE,3,black_female_high
10,Iterative Batch Phase: Min,1748,1,Two or More Races,FALSE,24,TRUE,FALSE,4,black_female_low
12,Iterative Batch Phase: Min,1749,0,White,FALSE,58,FALSE,FALSE,2,white_female_low
100,Validation,1750,1,White,TRUE,35,FALSE,FALSE,5,black_male_high
10,Iterative Batch Phase: Min,1751,1,White,TRUE,36,FALSE,FALSE,3,black_female_high
15,Iterative Batch Phase: Min,1752,1,White,FALSE,33,FALSE,FALSE,5,black_male_high
9,Iterative Batch Phase: Min,1753,1,White,FALSE,44,FALSE,FALSE,4,black_female_low
4,Iterative Batch Phase: Max,1754,1,White,TRUE,39,FALSE,FALSE,5,black_male_high
20,Iterative Batch Phase: Min,1755,0,White,FALSE,60,FALSE,FALSE,4,black_female_low
10,Iterative Batch Phase: Min,1756,1,White,FALSE,38,FALSE,FALSE,4,black_female_low
100,Validation,1757,1,Black or African American,FALSE,24,FALSE,FALSE,6,black_male_low
1,Iterative Batch Phase: Max,1758,1,White,TRUE,29,FALSE,FALSE,8,white_male_low
1,Iterative Batch Phase: Min,1759,1,Black or African American,FALSE,25,FALSE,FALSE,3,black_female_high
100,Validation,1760,0,Asian,TRUE,33,FALSE,FALSE,5,black_male_high
100,Validation,1761,1,White,TRUE,60,FALSE,FALSE,6,black_male_low
100,Validation,1762,1,Asian,TRUE,58,FALSE,FALSE,6,black_male_low
100,Validation,1763,1,Black or African American,FALSE,29,TRUE,FALSE,5,black_male_high
20,Iterative Batch Phase: Min,1764,0,White,FALSE,35,FALSE,FALSE,6,black_male_low
100,Validation,1765,1,Two or More Races,TRUE,25,TRUE,FALSE,5,black_male_high
3,Iterative Batch Phase: Max,1766,1,Asian,TRUE,41,FALSE,FALSE,5,black_male_high
16,Iterative Batch Phase: Min,1767,0,White,TRUE,35,TRUE,FALSE,6,black_male_low
100,Validation,1768,1,White,FALSE,53,FALSE,FALSE,5,black_male_high
9,Iterative Batch Phase: Min,1769,1,White,TRUE,54,FALSE,FALSE,6,black_male_low
8,Iterative Batch Phase: Min,1770,0,White,TRUE,25,FALSE,FALSE,3,black_female_high
12,Iterative Batch Phase: Min,1771,1,White,TRUE,27,TRUE,FALSE,6,black_male_low
100,Validation,1772,0,White,TRUE,40,FALSE,FALSE,5,black_male_high
16,Iterative Batch Phase: Min,1773,0,Black or African American,FALSE,33,FALSE,FALSE,6,black_male_low
100,Validation,1774,1,Asian,TRUE,35,FALSE,FALSE,6,black_male_low
100,Validation,1775,0,White,TRUE,25,FALSE,FALSE,5,black_male_high
100,Validation,1776,1,White,FALSE,64,FALSE,FALSE,6,black_male_low
7,Iterative Batch Phase: Min,1777,1,White,TRUE,29,FALSE,FALSE,4,black_female_low
100,Validation,1778,1,White,FALSE,52,FALSE,FALSE,5,black_male_high
3,Iterative Batch Phase: Max,1779,1,White,FALSE,42,FALSE,FALSE,5,black_male_high
20,Iterative Batch Phase: Min,1780,1,White,TRUE,39,FALSE,FALSE,6,black_male_low
6,Iterative Batch Phase: Min,1781,1,Two or More Races,FALSE,31,FALSE,FALSE,7,white_male_high
2,Iterative Batch Phase: Max,1782,1,Asian,FALSE,27,FALSE,FALSE,2,white_female_low
2,Iterative Batch Phase: Min,1783,0,White,TRUE,51,FALSE,FALSE,3,black_female_high
1,Iterative Batch Phase: Max,1784,1,White,FALSE,31,TRUE,FALSE,1,white_female_high
20,Iterative Batch Phase: Min,1785,0,White,FALSE,27,FALSE,FALSE,6,black_male_low
100,Validation,1786,1,White,TRUE,25,FALSE,FALSE,6,black_male_low
100,Validation,1787,0,White,TRUE,46,FALSE,FALSE,5,black_male_high
100,Validation,1788,1,White,TRUE,33,FALSE,FALSE,6,black_male_low
12,Iterative Batch Phase: Min,1789,1,Prefer not to disclose,TRUE,,FALSE,TRUE,6,black_male_low
14,Iterative Batch Phase: Min,1790,1,White,TRUE,35,FALSE,FALSE,6,black_male_low
100,Validation,1791,0,White,TRUE,28,FALSE,FALSE,5,black_male_high
100,Validation,1792,1,White,TRUE,48,FALSE,FALSE,5,black_male_high
100,Validation,1793,1,White,FALSE,33,FALSE,FALSE,6,black_male_low
11,Iterative Batch Phase: Min,1794,1,White,TRUE,57,FALSE,FALSE,5,black_male_high
11,Iterative Batch Phase: Min,1795,0,White,FALSE,39,FALSE,FALSE,6,black_male_low
19,Iterative Batch Phase: Min,1796,1,White,FALSE,62,FALSE,FALSE,5,black_male_high
6,Iterative Batch Phase: Min,1797,1,White,TRUE,50,FALSE,FALSE,7,white_male_high
100,Validation,1798,1,White,TRUE,29,FALSE,FALSE,6,black_male_low
15,Iterative Batch Phase: Min,1799,0,White,TRUE,35,FALSE,FALSE,8,white_male_low
14,Iterative Batch Phase: Min,1800,1,White,TRUE,21,FALSE,FALSE,1,white_female_high
100,Validation,1801,0,White,TRUE,56,FALSE,FALSE,5,black_male_high
100,Validation,1802,1,White,TRUE,30,TRUE,FALSE,5,black_male_high
3,Iterative Batch Phase: Max,1803,0,White,TRUE,61,FALSE,FALSE,5,black_male_high
100,Validation,1804,1,White,TRUE,44,FALSE,FALSE,5,black_male_high
100,Validation,1805,1,White,TRUE,44,FALSE,FALSE,6,black_male_low
9,Iterative Batch Phase: Min,1806,1,Asian,FALSE,30,FALSE,FALSE,4,black_female_low
1,Iterative Batch Phase: Min,1807,1,White,FALSE,55,FALSE,FALSE,7,white_male_high
100,Validation,1808,1,Asian,TRUE,25,FALSE,FALSE,5,black_male_high
3,Iterative Batch Phase: Max,1809,1,White,FALSE,33,FALSE,FALSE,5,black_male_high
100,Validation,1810,1,White,TRUE,40,FALSE,FALSE,6,black_male_low
2,Iterative Batch Phase: Min,1811,1,White,TRUE,45,FALSE,FALSE,1,white_female_high
0,Warmup,1812,1,White,TRUE,36,FALSE,FALSE,6,black_male_low
100,Validation,1813,1,White,TRUE,48,FALSE,FALSE,5,black_male_high
9,Iterative Batch Phase: Min,1814,1,Black or African American,TRUE,23,FALSE,FALSE,6,black_male_low
100,Validation,1815,0,White,TRUE,35,FALSE,FALSE,6,black_male_low
100,Validation,1816,1,Black or African American,TRUE,31,FALSE,FALSE,5,black_male_high
4,Iterative Batch Phase: Max,1817,1,White,TRUE,29,FALSE,FALSE,5,black_male_high
100,Validation,1818,1,Asian,FALSE,29,FALSE,FALSE,6,black_male_low
10,Iterative Batch Phase: Min,1819,0,White,FALSE,43,FALSE,FALSE,4,black_female_low
17,Iterative Batch Phase: Min,1820,0,White,FALSE,42,FALSE,FALSE,4,black_female_low
20,Iterative Batch Phase: Min,1821,1,White,TRUE,20,FALSE,FALSE,6,black_male_low
6,Iterative Batch Phase: Min,1822,1,White,FALSE,26,FALSE,FALSE,3,black_female_high
100,Validation,1823,1,White,FALSE,31,FALSE,FALSE,5,black_male_high
100,Validation,1824,1,White,FALSE,44,FALSE,FALSE,6,black_male_low
100,Validation,1825,1,Black or African American,FALSE,26,FALSE,FALSE,6,black_male_low
1,Iterative Batch Phase: Max,1826,0,White,FALSE,35,FALSE,FALSE,8,white_male_low
100,Validation,1827,1,Black or African American,FALSE,51,FALSE,FALSE,6,black_male_low
8,Iterative Batch Phase: Min,1828,1,White,FALSE,22,FALSE,FALSE,6,black_male_low
2,Iterative Batch Phase: Min,1829,1,Asian,TRUE,26,FALSE,FALSE,1,white_female_high
100,Validation,1830,0,White,FALSE,33,FALSE,FALSE,5,black_male_high
4,Iterative Batch Phase: Min,1831,1,American Indian or Alaska Native,TRUE,36,TRUE,FALSE,2,white_female_low
100,Validation,1832,1,White,TRUE,34,FALSE,FALSE,5,black_male_high
100,Validation,1833,1,White,FALSE,20,FALSE,TRUE,5,black_male_high
17,Iterative Batch Phase: Min,1834,1,White,TRUE,29,FALSE,FALSE,4,black_female_low
20,Iterative Batch Phase: Min,1835,0,White,FALSE,29,FALSE,FALSE,6,black_male_low
100,Validation,1836,1,Black or African American,FALSE,34,FALSE,FALSE,6,black_male_low
4,Iterative Batch Phase: Max,1837,0,White,FALSE,64,FALSE,FALSE,5,black_male_high
100,Validation,1838,0,Asian,TRUE,28,FALSE,FALSE,6,black_male_low
100,Validation,1839,1,White,FALSE,47,FALSE,FALSE,5,black_male_high
0,Warmup,1840,1,White,FALSE,35,TRUE,FALSE,5,black_male_high
12,Iterative Batch Phase: Min,1841,1,Asian,TRUE,50,FALSE,FALSE,4,black_female_low
12,Iterative Batch Phase: Min,1842,0,White,TRUE,40,FALSE,FALSE,1,white_female_high
5,Iterative Batch Phase: Min,1843,1,White,TRUE,26,FALSE,FALSE,4,black_female_low
100,Validation,1844,1,Black or African American,TRUE,43,FALSE,FALSE,5,black_male_high
20,Iterative Batch Phase: Min,1845,1,White,FALSE,29,FALSE,FALSE,6,black_male_low
100,Validation,1846,0,Black or African American,TRUE,26,FALSE,FALSE,6,black_male_low
100,Validation,1847,1,Asian,FALSE,37,FALSE,FALSE,6,black_male_low
4,Iterative Batch Phase: Min,1848,0,White,TRUE,36,TRUE,FALSE,5,black_male_high
13,Iterative Batch Phase: Min,1849,1,White,FALSE,45,FALSE,FALSE,2,white_female_low
7,Iterative Batch Phase: Min,1850,0,White,TRUE,37,FALSE,FALSE,6,black_male_low
100,Validation,1851,1,Prefer not to disclose,TRUE,27,TRUE,TRUE,6,black_male_low
4,Iterative Batch Phase: Max,1852,1,White,FALSE,53,FALSE,FALSE,1,white_female_high
100,Validation,1853,1,White,TRUE,30,TRUE,FALSE,6,black_male_low
100,Validation,1854,1,Asian,FALSE,49,FALSE,FALSE,5,black_male_high
15,Iterative Batch Phase: Min,1855,1,Two or More Races,TRUE,33,FALSE,FALSE,5,black_male_high
3,Iterative Batch Phase: Max,1856,1,Black or African American,FALSE,27,FALSE,FALSE,5,black_male_high
14,Iterative Batch Phase: Min,1857,0,White,FALSE,41,FALSE,FALSE,6,black_male_low
6,Iterative Batch Phase: Min,1858,1,White,FALSE,43,FALSE,FALSE,2,white_female_low
2,Iterative Batch Phase: Min,1859,1,White,FALSE,42,FALSE,FALSE,1,white_female_high
7,Iterative Batch Phase: Min,1860,1,White,TRUE,31,FALSE,FALSE,4,black_female_low
100,Validation,1861,1,White,FALSE,38,FALSE,FALSE,6,black_male_low
3,Iterative Batch Phase: Max,1862,1,Asian,TRUE,38,FALSE,FALSE,5,black_male_high
100,Validation,1863,1,White,TRUE,58,TRUE,FALSE,5,black_male_high
19,Iterative Batch Phase: Min,1864,1,White,FALSE,62,FALSE,FALSE,6,black_male_low
5,Iterative Batch Phase: Min,1865,0,Asian,TRUE,35,FALSE,FALSE,3,black_female_high
100,Validation,1866,0,Prefer not to disclose,FALSE,32,FALSE,TRUE,6,black_male_low
100,Validation,1867,1,White,FALSE,43,FALSE,FALSE,5,black_male_high
1,Iterative Batch Phase: Min,1868,0,White,TRUE,37,FALSE,FALSE,1,white_female_high
100,Validation,1869,1,White,TRUE,62,FALSE,FALSE,5,black_male_high
100,Validation,1870,1,White,TRUE,35,FALSE,FALSE,5,black_male_high
100,Validation,1871,1,Asian,TRUE,30,FALSE,FALSE,5,black_male_high
11,Iterative Batch Phase: Min,1872,1,White,TRUE,42,FALSE,FALSE,4,black_female_low
4,Iterative Batch Phase: Max,1873,0,Asian,TRUE,24,FALSE,FALSE,2,white_female_low
0,Warmup,1874,1,Two or More Races,TRUE,32,FALSE,FALSE,3,black_female_high
19,Iterative Batch Phase: Min,1875,1,White,FALSE,34,FALSE,FALSE,6,black_male_low
0,Warmup,1876,1,Two or More Races,FALSE,25,FALSE,FALSE,7,white_male_high
13,Iterative Batch Phase: Min,1877,1,Asian,TRUE,24,FALSE,FALSE,6,black_male_low
0,Warmup,1878,0,Two or More Races,FALSE,35,FALSE,FALSE,3,black_female_high
15,Iterative Batch Phase: Min,1879,1,White,FALSE,27,FALSE,FALSE,4,black_female_low
19,Iterative Batch Phase: Min,1880,1,Black or African American,FALSE,27,FALSE,FALSE,6,black_male_low
19,Iterative Batch Phase: Min,1881,1,White,FALSE,32,FALSE,FALSE,6,black_male_low
0,Warmup,1882,1,White,TRUE,31,FALSE,FALSE,8,white_male_low
100,Validation,1883,1,White,TRUE,25,FALSE,FALSE,6,black_male_low
100,Validation,1884,0,White,TRUE,64,FALSE,FALSE,6,black_male_low
5,Iterative Batch Phase: Min,1885,1,White,FALSE,25,FALSE,TRUE,2,white_female_low
100,Validation,1886,1,Black or African American,TRUE,38,FALSE,FALSE,5,black_male_high
100,Validation,1887,0,White,TRUE,31,FALSE,FALSE,6,black_male_low
5,Iterative Batch Phase: Min,1888,1,Two or More Races,FALSE,62,FALSE,FALSE,6,black_male_low
100,Validation,1889,1,White,TRUE,35,FALSE,FALSE,5,black_male_high
100,Validation,1890,0,White,TRUE,25,TRUE,FALSE,5,black_male_high
17,Iterative Batch Phase: Min,1891,1,White,TRUE,31,FALSE,FALSE,6,black_male_low
7,Iterative Batch Phase: Min,1892,1,White,FALSE,31,FALSE,FALSE,7,white_male_high
100,Validation,1893,1,White,FALSE,50,FALSE,FALSE,6,black_male_low
100,Validation,1894,1,White,TRUE,56,FALSE,FALSE,6,black_male_low
100,Validation,1895,1,White,TRUE,,FALSE,TRUE,5,black_male_high
12,Iterative Batch Phase: Min,1896,1,White,FALSE,28,FALSE,FALSE,6,black_male_low
0,Warmup,1897,1,White,FALSE,24,FALSE,FALSE,2,white_female_low
11,Iterative Batch Phase: Min,1898,1,White,TRUE,22,FALSE,FALSE,7,white_male_high
100,Validation,1899,1,White,FALSE,36,FALSE,FALSE,6,black_male_low
100,Validation,1900,1,Asian,FALSE,43,TRUE,FALSE,6,black_male_low
100,Validation,1901,0,White,TRUE,23,FALSE,FALSE,6,black_male_low
100,Validation,1902,1,Two or More Races,TRUE,41,FALSE,FALSE,6,black_male_low
12,Iterative Batch Phase: Min,1903,1,White,TRUE,29,FALSE,FALSE,5,black_male_high
100,Validation,1904,0,White,FALSE,40,FALSE,FALSE,5,black_male_high
2,Iterative Batch Phase: Min,1905,1,Black or African American,FALSE,41,FALSE,FALSE,1,white_female_high
13,Iterative Batch Phase: Min,1906,0,White,TRUE,34,FALSE,FALSE,4,black_female_low
10,Iterative Batch Phase: Min,1907,0,White,TRUE,37,FALSE,FALSE,6,black_male_low
8,Iterative Batch Phase: Min,1908,1,Two or More Races,FALSE,36,FALSE,FALSE,6,black_male_low
4,Iterative Batch Phase: Max,1909,1,White,FALSE,31,FALSE,FALSE,5,black_male_high
100,Validation,1910,1,White,FALSE,26,FALSE,FALSE,6,black_male_low
10,Iterative Batch Phase: Min,1911,0,White,FALSE,64,FALSE,FALSE,5,black_male_high
0,Warmup,1912,1,White,TRUE,45,FALSE,FALSE,5,black_male_high
14,Iterative Batch Phase: Min,1913,0,Black or African American,TRUE,55,FALSE,FALSE,4,black_female_low
100,Validation,1914,1,Asian,FALSE,37,FALSE,FALSE,5,black_male_high
19,Iterative Batch Phase: Min,1915,1,Black or African American,FALSE,52,FALSE,FALSE,8,white_male_low
2,Iterative Batch Phase: Min,1916,1,White,TRUE,23,FALSE,FALSE,1,white_female_high
100,Validation,1917,0,Two or More Races,FALSE,33,FALSE,FALSE,5,black_male_high
100,Validation,1918,1,White,TRUE,26,FALSE,FALSE,6,black_male_low
10,Iterative Batch Phase: Min,1919,0,White,FALSE,24,TRUE,FALSE,4,black_female_low
13,Iterative Batch Phase: Min,1920,1,White,FALSE,42,FALSE,FALSE,4,black_female_low
2,Iterative Batch Phase: Max,1921,1,White,FALSE,49,FALSE,FALSE,6,black_male_low
100,Validation,1922,1,White,TRUE,31,FALSE,FALSE,5,black_male_high
8,Iterative Batch Phase: Min,1923,0,Asian,TRUE,48,FALSE,FALSE,7,white_male_high
4,Iterative Batch Phase: Max,1924,1,Two or More Races,FALSE,39,FALSE,FALSE,4,black_female_low
100,Validation,1925,1,White,TRUE,53,FALSE,FALSE,6,black_male_low
100,Validation,1926,1,Asian,TRUE,25,FALSE,FALSE,6,black_male_low
100,Validation,1927,1,White,FALSE,33,FALSE,FALSE,5,black_male_high
100,Validation,1928,1,White,TRUE,40,FALSE,FALSE,6,black_male_low
100,Validation,1929,1,Asian,FALSE,19,FALSE,FALSE,6,black_male_low
4,Iterative Batch Phase: Max,1930,1,Asian,TRUE,58,FALSE,FALSE,5,black_male_high
11,Iterative Batch Phase: Min,1931,1,White,TRUE,47,FALSE,FALSE,1,white_female_high
20,Iterative Batch Phase: Min,1932,1,White,TRUE,28,FALSE,FALSE,6,black_male_low
100,Validation,1933,1,Black or African American,TRUE,31,FALSE,FALSE,5,black_male_high
100,Validation,1934,0,White,FALSE,30,TRUE,FALSE,5,black_male_high
100,Validation,1935,1,White,TRUE,66,FALSE,FALSE,6,black_male_low
100,Validation,1936,0,White,FALSE,26,TRUE,FALSE,5,black_male_high
17,Iterative Batch Phase: Min,1937,1,White,FALSE,29,FALSE,FALSE,6,black_male_low
0,Warmup,1938,1,White,TRUE,34,FALSE,FALSE,6,black_male_low
100,Validation,1939,1,White,TRUE,33,FALSE,FALSE,5,black_male_high
0,Warmup,1940,1,White,TRUE,32,FALSE,FALSE,2,white_female_low
19,Iterative Batch Phase: Min,1941,1,White,TRUE,42,FALSE,FALSE,4,black_female_low
100,Validation,1942,0,White,TRUE,18,FALSE,FALSE,5,black_male_high
4,Iterative Batch Phase: Min,1943,1,White,FALSE,40,FALSE,FALSE,2,white_female_low
14,Iterative Batch Phase: Min,1944,1,Black or African American,TRUE,32,TRUE,FALSE,4,black_female_low
6,Iterative Batch Phase: Min,1945,1,Black or African American,TRUE,57,FALSE,FALSE,6,black_male_low
17,Iterative Batch Phase: Min,1946,1,White,FALSE,31,FALSE,TRUE,4,black_female_low
100,Validation,1947,0,White,TRUE,55,FALSE,FALSE,6,black_male_low
10,Iterative Batch Phase: Min,1948,1,Black or African American,TRUE,28,FALSE,FALSE,6,black_male_low
3,Iterative Batch Phase: Max,1949,1,White,FALSE,47,FALSE,FALSE,5,black_male_high
4,Iterative Batch Phase: Min,1950,0,Black or African American,TRUE,38,FALSE,FALSE,2,white_female_low
15,Iterative Batch Phase: Min,1951,1,White,FALSE,35,FALSE,FALSE,4,black_female_low
10,Iterative Batch Phase: Min,1952,0,White,TRUE,59,FALSE,FALSE,5,black_male_high
100,Validation,1953,1,White,TRUE,25,FALSE,FALSE,6,black_male_low
13,Iterative Batch Phase: Min,1954,1,Other,FALSE,21,TRUE,FALSE,4,black_female_low
19,Iterative Batch Phase: Min,1955,1,White,TRUE,36,FALSE,FALSE,6,black_male_low
1,Iterative Batch Phase: Min,1956,1,White,FALSE,48,FALSE,FALSE,4,black_female_low
100,Validation,1957,1,White,TRUE,22,FALSE,FALSE,6,black_male_low
100,Validation,1958,1,White,TRUE,46,FALSE,FALSE,5,black_male_high
100,Validation,1959,1,Black or African American,TRUE,26,FALSE,FALSE,6,black_male_low
100,Validation,1960,1,White,FALSE,28,TRUE,FALSE,6,black_male_low
100,Validation,1961,1,White,TRUE,33,FALSE,FALSE,6,black_male_low
3,Iterative Batch Phase: Max,1962,1,White,FALSE,41,TRUE,FALSE,5,black_male_high
1,Iterative Batch Phase: Max,1963,1,White,TRUE,35,FALSE,FALSE,7,white_male_high
100,Validation,1964,1,White,FALSE,43,FALSE,FALSE,6,black_male_low
2,Iterative Batch Phase: Max,1965,1,White,TRUE,28,FALSE,FALSE,5,black_male_high
20,Iterative Batch Phase: Min,1966,0,White,TRUE,26,TRUE,FALSE,1,white_female_high
18,Iterative Batch Phase: Min,1967,1,White,FALSE,42,FALSE,FALSE,6,black_male_low
12,Iterative Batch Phase: Min,1968,0,White,FALSE,71,FALSE,FALSE,6,black_male_low
100,Validation,1969,1,White,FALSE,40,FALSE,FALSE,5,black_male_high
100,Validation,1970,1,Two or More Races,FALSE,45,FALSE,FALSE,5,black_male_high
1,Iterative Batch Phase: Min,1971,1,Black or African American,FALSE,53,FALSE,FALSE,3,black_female_high
100,Validation,1972,1,Two or More Races,FALSE,32,TRUE,FALSE,5,black_male_high
11,Iterative Batch Phase: Min,1973,1,White,TRUE,28,FALSE,FALSE,6,black_male_low
15,Iterative Batch Phase: Min,1974,1,White,FALSE,46,FALSE,FALSE,6,black_male_low
19,Iterative Batch Phase: Min,1975,0,White,FALSE,62,FALSE,FALSE,5,black_male_high
100,Validation,1976,1,White,TRUE,35,FALSE,FALSE,5,black_male_high
7,Iterative Batch Phase: Min,1977,1,Asian,TRUE,36,FALSE,FALSE,4,black_female_low
100,Validation,1978,1,White,TRUE,29,FALSE,FALSE,5,black_male_high
15,Iterative Batch Phase: Min,1979,1,Black or African American,TRUE,21,FALSE,FALSE,4,black_female_low
6,Iterative Batch Phase: Min,1980,1,White,FALSE,29,FALSE,FALSE,5,black_male_high
0,Warmup,1981,1,White,TRUE,22,TRUE,FALSE,3,black_female_high
100,Validation,1982,1,White,TRUE,59,FALSE,FALSE,5,black_male_high
16,Iterative Batch Phase: Min,1983,1,White,TRUE,38,FALSE,FALSE,4,black_female_low
4,Iterative Batch Phase: Min,1984,1,Black or African American,FALSE,27,FALSE,FALSE,2,white_female_low
100,Validation,1985,1,White,TRUE,37,FALSE,FALSE,6,black_male_low
0,Warmup,1986,1,White,FALSE,26,FALSE,FALSE,1,white_female_high
100,Validation,1987,0,White,TRUE,35,FALSE,FALSE,5,black_male_high
0,Warmup,1988,1,White,TRUE,38,FALSE,FALSE,7,white_male_high
0,Warmup,1989,0,Asian,FALSE,46,FALSE,FALSE,7,white_male_high
100,Validation,1990,1,White,TRUE,56,FALSE,FALSE,6,black_male_low
100,Validation,1991,1,White,TRUE,58,FALSE,FALSE,6,black_male_low
8,Iterative Batch Phase: Min,1992,1,Asian,FALSE,47,FALSE,FALSE,4,black_female_low
100,Validation,1993,1,White,TRUE,24,FALSE,FALSE,6,black_male_low
100,Validation,1994,0,Prefer not to disclose,FALSE,66,FALSE,TRUE,6,black_male_low
100,Validation,1995,1,White,TRUE,25,FALSE,FALSE,6,black_male_low
12,Iterative Batch Phase: Min,1996,1,White,FALSE,26,FALSE,TRUE,2,white_female_low
4,Iterative Batch Phase: Max,1997,1,Other,TRUE,34,FALSE,FALSE,5,black_male_high
16,Iterative Batch Phase: Min,1998,1,White,FALSE,25,TRUE,FALSE,6,black_male_low
100,Validation,1999,1,Other,TRUE,24,TRUE,FALSE,5,black_male_high
100,Validation,2000,1,White,TRUE,76,FALSE,FALSE,5,black_male_high
8,Iterative Batch Phase: Min,2001,1,Black or African American,FALSE,39,FALSE,FALSE,4,black_female_low
100,Validation,2002,1,Black or African American,FALSE,33,TRUE,FALSE,6,black_male_low
3,Iterative Batch Phase: Min,2003,0,White,TRUE,49,FALSE,FALSE,6,black_male_low
3,Iterative Batch Phase: Max,2004,0,White,TRUE,29,FALSE,FALSE,5,black_male_high
100,Validation,2005,0,White,TRUE,59,FALSE,FALSE,5,black_male_high
15,Iterative Batch Phase: Min,2006,1,White,TRUE,51,FALSE,FALSE,5,black_male_high
13,Iterative Batch Phase: Min,2007,1,Asian,FALSE,20,FALSE,TRUE,1,white_female_high
4,Iterative Batch Phase: Max,2008,1,Black or African American,FALSE,39,TRUE,FALSE,3,black_female_high
100,Validation,2009,1,Asian,FALSE,34,FALSE,FALSE,5,black_male_high
100,Validation,2010,1,Asian,FALSE,18,FALSE,TRUE,5,black_male_high
20,Iterative Batch Phase: Min,2011,0,White,TRUE,66,FALSE,FALSE,4,black_female_low
2,Iterative Batch Phase: Min,2012,1,Two or More Races,FALSE,47,FALSE,FALSE,1,white_female_high
13,Iterative Batch Phase: Min,2013,1,Two or More Races,TRUE,25,FALSE,FALSE,5,black_male_high
3,Iterative Batch Phase: Min,2014,0,White,TRUE,36,FALSE,FALSE,4,black_female_low
100,Validation,2015,1,White,FALSE,43,FALSE,FALSE,5,black_male_high
12,Iterative Batch Phase: Min,2016,1,White,FALSE,35,FALSE,FALSE,5,black_male_high
7,Iterative Batch Phase: Min,2017,1,White,TRUE,53,FALSE,FALSE,6,black_male_low
1,Iterative Batch Phase: Max,2018,0,White,FALSE,62,FALSE,FALSE,6,black_male_low
100,Validation,2019,1,White,FALSE,50,FALSE,FALSE,6,black_male_low
4,Iterative Batch Phase: Max,2020,0,White,TRUE,23,FALSE,FALSE,6,black_male_low
100,Validation,2021,1,White,TRUE,59,FALSE,FALSE,6,black_male_low
100,Validation,2022,1,White,TRUE,30,FALSE,FALSE,5,black_male_high
100,Validation,2023,1,White,FALSE,29,FALSE,FALSE,6,black_male_low
5,Iterative Batch Phase: Min,2024,1,Two or More Races,FALSE,28,TRUE,FALSE,3,black_female_high
2,Iterative Batch Phase: Min,2025,1,White,TRUE,70,FALSE,FALSE,1,white_female_high
5,Iterative Batch Phase: Min,2026,1,White,FALSE,51,FALSE,FALSE,4,black_female_low
9,Iterative Batch Phase: Min,2027,1,White,FALSE,27,FALSE,FALSE,3,black_female_high
14,Iterative Batch Phase: Min,2028,1,White,FALSE,71,FALSE,FALSE,4,black_female_low
19,Iterative Batch Phase: Min,2029,1,White,FALSE,37,FALSE,FALSE,4,black_female_low
12,Iterative Batch Phase: Min,2030,1,Black or African American,TRUE,42,FALSE,FALSE,3,black_female_high
11,Iterative Batch Phase: Min,2031,1,Asian,FALSE,35,FALSE,FALSE,6,black_male_low
20,Iterative Batch Phase: Min,2032,0,White,TRUE,56,FALSE,FALSE,6,black_male_low
0,Warmup,2033,1,White,TRUE,31,FALSE,FALSE,7,white_male_high
5,Iterative Batch Phase: Min,2034,0,Asian,TRUE,20,FALSE,FALSE,4,black_female_low
0,Warmup,2035,0,White,FALSE,26,TRUE,FALSE,3,black_female_high
16,Iterative Batch Phase: Min,2036,1,Asian,FALSE,28,FALSE,FALSE,6,black_male_low
17,Iterative Batch Phase: Min,2037,0,White,FALSE,34,FALSE,FALSE,4,black_female_low
3,Iterative Batch Phase: Min,2038,1,White,FALSE,54,FALSE,FALSE,6,black_male_low
100,Validation,2039,1,White,TRUE,28,TRUE,FALSE,5,black_male_high
13,Iterative Batch Phase: Min,2040,1,Asian,TRUE,28,FALSE,FALSE,2,white_female_low
100,Validation,2041,1,White,FALSE,33,FALSE,TRUE,6,black_male_low
100,Validation,2042,0,Asian,FALSE,24,FALSE,FALSE,5,black_male_high
13,Iterative Batch Phase: Min,2043,1,White,FALSE,41,FALSE,FALSE,6,black_male_low
8,Iterative Batch Phase: Min,2044,1,White,FALSE,39,FALSE,FALSE,7,white_male_high
100,Validation,2045,1,White,TRUE,25,FALSE,FALSE,6,black_male_low
6,Iterative Batch Phase: Min,2046,0,White,TRUE,70,FALSE,FALSE,2,white_female_low
100,Validation,2047,1,White,TRUE,27,FALSE,FALSE,5,black_male_high
100,Validation,2048,0,Black or African American,FALSE,28,FALSE,FALSE,6,black_male_low
100,Validation,2049,1,White,TRUE,38,FALSE,FALSE,6,black_male_low
13,Iterative Batch Phase: Min,2050,1,Other,FALSE,42,TRUE,FALSE,2,white_female_low
100,Validation,2051,1,Black or African American,FALSE,28,FALSE,FALSE,6,black_male_low
100,Validation,2052,0,Black or African American,FALSE,22,FALSE,FALSE,6,black_male_low
2,Iterative Batch Phase: Min,2053,0,White,FALSE,62,FALSE,FALSE,5,black_male_high
100,Validation,2054,1,American Indian or Alaska Native,FALSE,44,FALSE,FALSE,5,black_male_high
4,Iterative Batch Phase: Min,2055,1,White,FALSE,36,FALSE,FALSE,2,white_female_low
100,Validation,2056,1,White,FALSE,55,FALSE,FALSE,6,black_male_low
100,Validation,2057,0,White,TRUE,38,FALSE,FALSE,5,black_male_high
100,Validation,2058,0,White,TRUE,53,FALSE,FALSE,6,black_male_low
100,Validation,2059,0,White,FALSE,64,FALSE,FALSE,5,black_male_high
1,Iterative Batch Phase: Min,2060,0,White,FALSE,28,TRUE,FALSE,4,black_female_low
18,Iterative Batch Phase: Min,2061,0,White,TRUE,36,FALSE,FALSE,5,black_male_high
100,Validation,2062,1,White,TRUE,35,FALSE,FALSE,6,black_male_low
0,Warmup,2063,1,White,FALSE,29,FALSE,FALSE,5,black_male_high
4,Iterative Batch Phase: Max,2064,1,White,FALSE,30,FALSE,FALSE,8,white_male_low
16,Iterative Batch Phase: Min,2065,0,White,FALSE,22,FALSE,FALSE,6,black_male_low
17,Iterative Batch Phase: Min,2066,0,White,FALSE,70,FALSE,FALSE,6,black_male_low
100,Validation,2067,1,White,FALSE,23,FALSE,FALSE,6,black_male_low
100,Validation,2068,1,Asian,FALSE,23,FALSE,FALSE,6,black_male_low
15,Iterative Batch Phase: Min,2069,1,White,TRUE,35,FALSE,FALSE,4,black_female_low
100,Validation,2070,0,Two or More Races,FALSE,40,TRUE,FALSE,6,black_male_low
100,Validation,2071,0,Black or African American,TRUE,,FALSE,FALSE,6,black_male_low
100,Validation,2072,1,White,TRUE,41,FALSE,FALSE,6,black_male_low
0,Warmup,2073,1,White,TRUE,36,FALSE,FALSE,6,black_male_low
0,Warmup,2074,1,White,TRUE,42,FALSE,FALSE,4,black_female_low
100,Validation,2075,0,White,FALSE,22,FALSE,FALSE,6,black_male_low
0,Warmup,2076,0,White,TRUE,26,FALSE,FALSE,1,white_female_high
4,Iterative Batch Phase: Max,2077,1,White,FALSE,44,FALSE,FALSE,4,black_female_low
19,Iterative Batch Phase: Min,2078,0,White,TRUE,35,TRUE,FALSE,4,black_female_low
100,Validation,2079,0,Black or African American,TRUE,67,FALSE,FALSE,5,black_male_high
100,Validation,2080,0,White,FALSE,48,FALSE,FALSE,5,black_male_high
10,Iterative Batch Phase: Min,2081,1,White,FALSE,27,FALSE,FALSE,1,white_female_high
8,Iterative Batch Phase: Min,2082,1,White,TRUE,26,TRUE,FALSE,6,black_male_low
3,Iterative Batch Phase: Min,2083,1,White,FALSE,63,FALSE,FALSE,6,black_male_low
100,Validation,2084,1,White,TRUE,26,FALSE,FALSE,5,black_male_high
100,Validation,2085,0,White,FALSE,64,FALSE,FALSE,5,black_male_high
100,Validation,2086,1,Asian,FALSE,41,FALSE,FALSE,5,black_male_high
100,Validation,2087,0,White,TRUE,35,FALSE,FALSE,5,black_male_high
100,Validation,2088,1,White,FALSE,22,TRUE,FALSE,6,black_male_low
3,Iterative Batch Phase: Min,2089,1,White,TRUE,,FALSE,FALSE,1,white_female_high
2,Iterative Batch Phase: Min,2090,1,White,TRUE,40,FALSE,FALSE,1,white_female_high
1,Iterative Batch Phase: Max,2091,1,White,TRUE,23,FALSE,FALSE,5,black_male_high
100,Validation,2092,1,Black or African American,TRUE,61,FALSE,FALSE,6,black_male_low
3,Iterative Batch Phase: Max,2093,1,White,TRUE,37,FALSE,FALSE,5,black_male_high
100,Validation,2094,1,White,FALSE,26,FALSE,FALSE,5,black_male_high
100,Validation,2095,1,White,FALSE,30,FALSE,FALSE,6,black_male_low
100,Validation,2096,1,White,TRUE,60,FALSE,FALSE,6,black_male_low
14,Iterative Batch Phase: Min,2097,1,Black or African American,TRUE,28,FALSE,FALSE,6,black_male_low
100,Validation,2098,1,White,TRUE,41,FALSE,FALSE,6,black_male_low
100,Validation,2099,1,White,TRUE,73,FALSE,FALSE,6,black_male_low
7,Iterative Batch Phase: Min,2100,1,White,FALSE,32,FALSE,FALSE,4,black_female_low
100,Validation,2101,1,Black or African American,FALSE,34,FALSE,FALSE,6,black_male_low
100,Validation,2102,1,Asian,FALSE,26,FALSE,FALSE,6,black_male_low
100,Validation,2103,1,White,FALSE,31,FALSE,TRUE,6,black_male_low
100,Validation,2104,1,White,TRUE,50,FALSE,FALSE,5,black_male_high
4,Iterative Batch Phase: Min,2105,1,White,TRUE,48,FALSE,FALSE,7,white_male_high
14,Iterative Batch Phase: Min,2106,1,White,FALSE,35,FALSE,FALSE,6,black_male_low
2,Iterative Batch Phase: Min,2107,1,White,TRUE,50,FALSE,FALSE,5,black_male_high
19,Iterative Batch Phase: Min,2108,1,White,TRUE,68,FALSE,FALSE,5,black_male_high
11,Iterative Batch Phase: Min,2109,1,Other,TRUE,25,TRUE,FALSE,4,black_female_low
100,Validation,2110,1,White,TRUE,30,FALSE,FALSE,6,black_male_low
100,Validation,2111,1,White,FALSE,40,FALSE,FALSE,6,black_male_low
2,Iterative Batch Phase: Min,2112,1,White,TRUE,53,FALSE,FALSE,1,white_female_high
14,Iterative Batch Phase: Min,2113,1,White,TRUE,33,FALSE,FALSE,4,black_female_low
4,Iterative Batch Phase: Min,2114,1,White,TRUE,45,FALSE,FALSE,6,black_male_low
16,Iterative Batch Phase: Min,2115,1,White,TRUE,62,FALSE,FALSE,6,black_male_low
9,Iterative Batch Phase: Min,2116,1,Two or More Races,FALSE,30,FALSE,FALSE,8,white_male_low
100,Validation,2117,0,White,FALSE,48,FALSE,FALSE,5,black_male_high
20,Iterative Batch Phase: Min,2118,1,White,FALSE,72,FALSE,FALSE,6,black_male_low
100,Validation,2119,0,White,TRUE,41,FALSE,FALSE,6,black_male_low
0,Warmup,2120,1,White,FALSE,37,FALSE,FALSE,5,black_male_high
1,Iterative Batch Phase: Min,2121,1,White,FALSE,37,FALSE,FALSE,4,black_female_low
100,Validation,2122,0,Two or More Races,TRUE,50,FALSE,FALSE,6,black_male_low
15,Iterative Batch Phase: Min,2123,1,Black or African American,FALSE,48,FALSE,FALSE,4,black_female_low
100,Validation,2124,0,White,TRUE,31,FALSE,FALSE,5,black_male_high
5,Iterative Batch Phase: Min,2125,0,Black or African American,TRUE,,FALSE,TRUE,4,black_female_low
2,Iterative Batch Phase: Min,2126,1,White,TRUE,32,FALSE,FALSE,5,black_male_high
0,Warmup,2127,1,White,TRUE,33,TRUE,FALSE,3,black_female_high
0,Warmup,2128,0,White,FALSE,40,FALSE,FALSE,7,white_male_high
100,Validation,2129,1,Asian,FALSE,30,FALSE,FALSE,6,black_male_low
15,Iterative Batch Phase: Min,2130,1,White,TRUE,38,FALSE,FALSE,4,black_female_low
0,Warmup,2131,0,White,FALSE,49,FALSE,FALSE,8,white_male_low
1,Iterative Batch Phase: Min,2132,1,White,TRUE,39,FALSE,FALSE,7,white_male_high
100,Validation,2133,1,White,FALSE,45,FALSE,FALSE,6,black_male_low
20,Iterative Batch Phase: Min,2134,1,White,FALSE,47,TRUE,FALSE,6,black_male_low
100,Validation,2135,1,White,FALSE,25,FALSE,FALSE,5,black_male_high
100,Validation,2136,1,Asian,FALSE,,FALSE,TRUE,6,black_male_low
3,Iterative Batch Phase: Max,2137,1,White,TRUE,34,FALSE,FALSE,1,white_female_high
1,Iterative Batch Phase: Max,2138,1,White,FALSE,35,FALSE,FALSE,5,black_male_high
100,Validation,2139,0,Other,TRUE,27,FALSE,FALSE,5,black_male_high
5,Iterative Batch Phase: Min,2140,1,White,FALSE,56,FALSE,FALSE,3,black_female_high
7,Iterative Batch Phase: Min,2141,0,White,TRUE,35,TRUE,FALSE,2,white_female_low
100,Validation,2142,1,Black or African American,TRUE,22,FALSE,FALSE,6,black_male_low
3,Iterative Batch Phase: Min,2143,1,White,TRUE,36,FALSE,FALSE,8,white_male_low
100,Validation,2144,0,Asian,FALSE,47,FALSE,FALSE,5,black_male_high
5,Iterative Batch Phase: Min,2145,1,White,FALSE,24,TRUE,FALSE,6,black_male_low
14,Iterative Batch Phase: Min,2146,1,White,TRUE,29,FALSE,FALSE,1,white_female_high
15,Iterative Batch Phase: Min,2147,1,White,TRUE,43,FALSE,FALSE,5,black_male_high
10,Iterative Batch Phase: Min,2148,1,Asian,FALSE,23,FALSE,FALSE,6,black_male_low
100,Validation,2149,0,Black or African American,TRUE,58,FALSE,FALSE,6,black_male_low
100,Validation,2150,1,White,TRUE,40,FALSE,FALSE,6,black_male_low
100,Validation,2151,1,White,FALSE,38,FALSE,FALSE,6,black_male_low
100,Validation,2152,1,White,TRUE,29,FALSE,FALSE,5,black_male_high
2,Iterative Batch Phase: Max,2153,0,Black or African American,TRUE,39,FALSE,FALSE,5,black_male_high
20,Iterative Batch Phase: Min,2154,1,Black or African American,FALSE,39,FALSE,FALSE,6,black_male_low
14,Iterative Batch Phase: Min,2155,1,Other,TRUE,20,TRUE,FALSE,5,black_male_high
100,Validation,2156,1,White,FALSE,33,FALSE,FALSE,5,black_male_high
100,Validation,2157,1,White,TRUE,52,FALSE,FALSE,5,black_male_high
19,Iterative Batch Phase: Min,2158,1,American Indian or Alaska Native,TRUE,53,FALSE,FALSE,6,black_male_low
100,Validation,2159,1,White,FALSE,48,FALSE,FALSE,5,black_male_high
100,Validation,2160,1,White,TRUE,29,FALSE,FALSE,6,black_male_low
100,Validation,2161,1,White,TRUE,28,FALSE,FALSE,5,black_male_high
7,Iterative Batch Phase: Min,2162,1,Other,TRUE,29,FALSE,FALSE,6,black_male_low
0,Warmup,2163,1,Asian,FALSE,42,FALSE,FALSE,5,black_male_high
100,Validation,2164,0,Asian,TRUE,60,FALSE,FALSE,5,black_male_high
100,Validation,2165,1,White,FALSE,60,FALSE,FALSE,5,black_male_high
100,Validation,2166,1,White,TRUE,36,FALSE,FALSE,5,black_male_high
1,Iterative Batch Phase: Max,2167,1,Black or African American,TRUE,44,FALSE,FALSE,6,black_male_low
0,Warmup,2168,0,White,TRUE,65,FALSE,FALSE,2,white_female_low
100,Validation,2169,1,White,TRUE,42,FALSE,FALSE,5,black_male_high
5,Iterative Batch Phase: Min,2170,1,White,TRUE,48,FALSE,FALSE,6,black_male_low
11,Iterative Batch Phase: Min,2171,1,White,TRUE,38,FALSE,FALSE,4,black_female_low
13,Iterative Batch Phase: Min,2172,1,White,FALSE,57,FALSE,FALSE,7,white_male_high
100,Validation,2173,0,White,FALSE,54,FALSE,FALSE,6,black_male_low
100,Validation,2174,1,White,TRUE,50,FALSE,FALSE,5,black_male_high
100,Validation,2175,1,White,FALSE,30,FALSE,FALSE,5,black_male_high
3,Iterative Batch Phase: Min,2176,1,White,TRUE,56,FALSE,FALSE,6,black_male_low
15,Iterative Batch Phase: Min,2177,1,White,TRUE,50,FALSE,FALSE,3,black_female_high
100,Validation,2178,1,White,FALSE,49,FALSE,FALSE,5,black_male_high
0,Warmup,2179,1,American Indian or Alaska Native,FALSE,23,TRUE,FALSE,6,black_male_low
100,Validation,2180,1,White,TRUE,26,FALSE,FALSE,5,black_male_high
100,Validation,2181,1,White,FALSE,26,FALSE,FALSE,5,black_male_high
0,Warmup,2182,0,White,FALSE,57,FALSE,FALSE,3,black_female_high
5,Iterative Batch Phase: Min,2183,0,White,TRUE,56,FALSE,FALSE,8,white_male_low
19,Iterative Batch Phase: Min,2184,0,Black or African American,FALSE,27,FALSE,FALSE,6,black_male_low
1,Iterative Batch Phase: Min,2185,1,Asian,FALSE,31,FALSE,FALSE,4,black_female_low
17,Iterative Batch Phase: Min,2186,1,White,FALSE,46,FALSE,FALSE,8,white_male_low
100,Validation,2187,0,White,FALSE,44,FALSE,FALSE,5,black_male_high
18,Iterative Batch Phase: Min,2188,0,White,FALSE,37,FALSE,FALSE,6,black_male_low
0,Warmup,2189,0,White,TRUE,40,FALSE,FALSE,8,white_male_low
12,Iterative Batch Phase: Min,2190,1,White,FALSE,28,FALSE,FALSE,7,white_male_high
100,Validation,2191,0,White,FALSE,34,FALSE,TRUE,6,black_male_low
0,Warmup,2192,1,White,FALSE,36,TRUE,FALSE,3,black_female_high
100,Validation,2193,0,White,FALSE,36,FALSE,FALSE,6,black_male_low
13,Iterative Batch Phase: Min,2194,1,Two or More Races,TRUE,59,FALSE,FALSE,6,black_male_low
100,Validation,2195,1,Two or More Races,TRUE,18,FALSE,FALSE,5,black_male_high
4,Iterative Batch Phase: Min,2196,1,White,TRUE,45,FALSE,FALSE,6,black_male_low
13,Iterative Batch Phase: Min,2197,1,White,FALSE,32,FALSE,FALSE,6,black_male_low
11,Iterative Batch Phase: Min,2198,0,White,FALSE,34,FALSE,FALSE,4,black_female_low
18,Iterative Batch Phase: Min,2199,0,Black or African American,TRUE,28,FALSE,FALSE,8,white_male_low
1,Iterative Batch Phase: Max,2200,0,Asian,TRUE,31,FALSE,FALSE,5,black_male_high
100,Validation,2201,0,White,TRUE,54,FALSE,FALSE,5,black_male_high
100,Validation,2202,1,White,FALSE,34,FALSE,FALSE,6,black_male_low
1,Iterative Batch Phase: Max,2203,1,White,FALSE,31,FALSE,FALSE,2,white_female_low
100,Validation,2204,1,White,FALSE,25,FALSE,FALSE,6,black_male_low
4,Iterative Batch Phase: Min,2205,0,White,TRUE,34,FALSE,FALSE,6,black_male_low
0,Warmup,2206,0,White,TRUE,23,FALSE,FALSE,1,white_female_high
16,Iterative Batch Phase: Min,2207,1,Asian,FALSE,22,FALSE,FALSE,3,black_female_high
100,Validation,2208,1,Black or African American,TRUE,22,FALSE,FALSE,6,black_male_low
5,Iterative Batch Phase: Min,2209,0,White,FALSE,32,FALSE,FALSE,6,black_male_low
0,Warmup,2210,0,Black or African American,TRUE,46,FALSE,FALSE,4,black_female_low
13,Iterative Batch Phase: Min,2211,1,White,FALSE,40,FALSE,FALSE,6,black_male_low
100,Validation,2212,1,White,TRUE,46,FALSE,FALSE,6,black_male_low
100,Validation,2213,1,Asian,TRUE,23,FALSE,FALSE,5,black_male_high
2,Iterative Batch Phase: Max,2214,1,White,TRUE,60,FALSE,FALSE,4,black_female_low
1,Iterative Batch Phase: Min,2215,1,White,FALSE,27,FALSE,FALSE,7,white_male_high
100,Validation,2216,1,White,FALSE,30,FALSE,FALSE,5,black_male_high
0,Warmup,2217,0,White,TRUE,47,FALSE,FALSE,2,white_female_low
100,Validation,2218,1,White,FALSE,44,FALSE,FALSE,5,black_male_high
4,Iterative Batch Phase: Max,2219,0,White,FALSE,40,TRUE,FALSE,5,black_male_high
100,Validation,2220,0,White,FALSE,48,FALSE,FALSE,6,black_male_low
5,Iterative Batch Phase: Min,2221,0,White,FALSE,29,FALSE,FALSE,3,black_female_high
100,Validation,2222,1,Other,FALSE,23,TRUE,FALSE,5,black_male_high
2,Iterative Batch Phase: Max,2223,1,Two or More Races,TRUE,29,FALSE,FALSE,5,black_male_high
0,Warmup,2224,1,White,FALSE,44,FALSE,FALSE,3,black_female_high
100,Validation,2225,1,White,FALSE,62,FALSE,FALSE,6,black_male_low
100,Validation,2226,1,Black or African American,TRUE,40,FALSE,FALSE,6,black_male_low
3,Iterative Batch Phase: Max,2227,1,Black or African American,TRUE,23,FALSE,FALSE,5,black_male_high
100,Validation,2228,1,Asian,FALSE,24,FALSE,FALSE,6,black_male_low
0,Warmup,2229,1,White,FALSE,30,FALSE,FALSE,1,white_female_high
10,Iterative Batch Phase: Min,2230,1,White,TRUE,56,FALSE,FALSE,8,white_male_low
6,Iterative Batch Phase: Min,2231,0,White,FALSE,48,FALSE,FALSE,6,black_male_low
8,Iterative Batch Phase: Min,2232,1,White,FALSE,26,FALSE,FALSE,4,black_female_low
13,Iterative Batch Phase: Min,2233,1,Two or More Races,TRUE,38,FALSE,FALSE,4,black_female_low
100,Validation,2234,0,White,FALSE,70,FALSE,FALSE,6,black_male_low
100,Validation,2235,1,White,TRUE,66,FALSE,FALSE,6,black_male_low
14,Iterative Batch Phase: Min,2236,1,White,TRUE,38,FALSE,FALSE,4,black_female_low
19,Iterative Batch Phase: Min,2237,1,White,TRUE,35,FALSE,FALSE,3,black_female_high
100,Validation,2238,1,White,FALSE,28,FALSE,FALSE,6,black_male_low
100,Validation,2239,1,Two or More Races,FALSE,41,FALSE,FALSE,6,black_male_low
0,Warmup,2240,1,White,TRUE,46,FALSE,FALSE,5,black_male_high
100,Validation,2241,0,White,TRUE,43,FALSE,FALSE,5,black_male_high
3,Iterative Batch Phase: Min,2242,1,White,FALSE,36,FALSE,FALSE,4,black_female_low
15,Iterative Batch Phase: Min,2243,1,White,TRUE,50,FALSE,FALSE,4,black_female_low
100,Validation,2244,0,White,TRUE,36,FALSE,FALSE,5,black_male_high
100,Validation,2245,1,White,TRUE,29,FALSE,FALSE,5,black_male_high
100,Validation,2246,1,Asian,TRUE,29,FALSE,FALSE,5,black_male_high
3,Iterative Batch Phase: Min,2247,1,White,FALSE,34,TRUE,FALSE,1,white_female_high
100,Validation,2248,1,White,FALSE,39,FALSE,FALSE,6,black_male_low
100,Validation,2249,1,Black or African American,FALSE,,FALSE,TRUE,6,black_male_low
20,Iterative Batch Phase: Min,2250,1,White,FALSE,38,FALSE,FALSE,6,black_male_low
19,Iterative Batch Phase: Min,2251,1,White,TRUE,68,FALSE,FALSE,6,black_male_low
100,Validation,2252,1,White,TRUE,56,FALSE,FALSE,5,black_male_high
100,Validation,2253,0,White,FALSE,38,TRUE,FALSE,6,black_male_low
16,Iterative Batch Phase: Min,2254,1,White,TRUE,43,FALSE,FALSE,6,black_male_low
100,Validation,2255,1,White,TRUE,37,FALSE,FALSE,5,black_male_high
100,Validation,2256,1,Black or African American,FALSE,50,FALSE,FALSE,5,black_male_high
19,Iterative Batch Phase: Min,2257,0,White,FALSE,63,FALSE,FALSE,6,black_male_low
12,Iterative Batch Phase: Min,2258,1,American Indian or Alaska Native,FALSE,31,FALSE,FALSE,4,black_female_low
18,Iterative Batch Phase: Min,2259,0,White,FALSE,74,FALSE,FALSE,4,black_female_low
100,Validation,2260,1,White,TRUE,51,FALSE,FALSE,5,black_male_high
0,Warmup,2261,1,White,TRUE,29,FALSE,FALSE,2,white_female_low
100,Validation,2262,1,White,FALSE,70,FALSE,FALSE,5,black_male_high
10,Iterative Batch Phase: Min,2263,1,White,FALSE,27,FALSE,FALSE,1,white_female_high
100,Validation,2264,1,White,TRUE,41,FALSE,FALSE,5,black_male_high
0,Warmup,2265,1,White,FALSE,48,FALSE,FALSE,6,black_male_low
10,Iterative Batch Phase: Min,2266,1,White,TRUE,24,FALSE,FALSE,6,black_male_low
100,Validation,2267,0,White,FALSE,26,FALSE,FALSE,6,black_male_low
100,Validation,2268,1,White,TRUE,22,FALSE,FALSE,6,black_male_low
18,Iterative Batch Phase: Min,2269,1,American Indian or Alaska Native,FALSE,33,FALSE,FALSE,6,black_male_low
4,Iterative Batch Phase: Max,2270,0,White,TRUE,46,TRUE,FALSE,5,black_male_high
100,Validation,2271,0,White,TRUE,38,FALSE,FALSE,5,black_male_high
0,Warmup,2272,1,White,FALSE,45,FALSE,FALSE,3,black_female_high
1,Iterative Batch Phase: Max,2273,1,White,FALSE,62,FALSE,FALSE,5,black_male_high
16,Iterative Batch Phase: Min,2274,1,White,FALSE,51,FALSE,FALSE,4,black_female_low
4,Iterative Batch Phase: Max,2275,1,Asian,FALSE,25,FALSE,FALSE,5,black_male_high
100,Validation,2276,0,Asian,FALSE,29,FALSE,FALSE,6,black_male_low
12,Iterative Batch Phase: Min,2277,1,White,FALSE,22,FALSE,FALSE,4,black_female_low
4,Iterative Batch Phase: Max,2278,1,White,FALSE,34,FALSE,FALSE,5,black_male_high
18,Iterative Batch Phase: Min,2279,1,White,FALSE,26,TRUE,FALSE,6,black_male_low
0,Warmup,2280,0,Two or More Races,FALSE,33,FALSE,FALSE,4,black_female_low
19,Iterative Batch Phase: Min,2281,1,Black or African American,FALSE,52,TRUE,FALSE,8,white_male_low
100,Validation,2282,1,White,TRUE,38,FALSE,FALSE,6,black_male_low
0,Warmup,2283,1,White,FALSE,20,FALSE,FALSE,5,black_male_high
1,Iterative Batch Phase: Min,2284,0,White,TRUE,25,TRUE,FALSE,7,white_male_high
19,Iterative Batch Phase: Min,2285,1,White,TRUE,55,FALSE,FALSE,6,black_male_low
5,Iterative Batch Phase: Min,2286,0,Asian,TRUE,33,FALSE,FALSE,6,black_male_low
100,Validation,2287,1,White,FALSE,41,FALSE,FALSE,6,black_male_low
100,Validation,2288,1,Black or African American,TRUE,18,FALSE,FALSE,6,black_male_low
100,Validation,2289,1,White,FALSE,40,FALSE,FALSE,5,black_male_high
8,Iterative Batch Phase: Min,2290,0,White,TRUE,70,FALSE,FALSE,6,black_male_low
8,Iterative Batch Phase: Min,2291,1,White,FALSE,30,FALSE,FALSE,4,black_female_low
17,Iterative Batch Phase: Min,2292,1,American Indian or Alaska Native,TRUE,34,TRUE,FALSE,4,black_female_low
100,Validation,2293,0,White,TRUE,29,FALSE,FALSE,6,black_male_low
16,Iterative Batch Phase: Min,2294,1,Black or African American,TRUE,23,FALSE,FALSE,4,black_female_low
100,Validation,2295,1,White,FALSE,72,FALSE,FALSE,6,black_male_low
100,Validation,2296,0,White,TRUE,23,FALSE,FALSE,5,black_male_high
0,Warmup,2297,1,White,FALSE,63,FALSE,FALSE,7,white_male_high
13,Iterative Batch Phase: Min,2298,1,White,FALSE,29,TRUE,FALSE,5,black_male_high
13,Iterative Batch Phase: Min,2299,0,White,FALSE,41,FALSE,FALSE,6,black_male_low
100,Validation,2300,1,White,FALSE,26,TRUE,FALSE,6,black_male_low
100,Validation,2301,1,Asian,FALSE,25,FALSE,FALSE,5,black_male_high
100,Validation,2302,1,Two or More Races,TRUE,26,FALSE,FALSE,5,black_male_high
100,Validation,2303,0,White,FALSE,31,FALSE,FALSE,6,black_male_low
19,Iterative Batch Phase: Min,2304,0,White,FALSE,33,FALSE,FALSE,6,black_male_low
100,Validation,2305,1,White,FALSE,29,FALSE,FALSE,5,black_male_high
9,Iterative Batch Phase: Min,2306,1,White,TRUE,28,FALSE,FALSE,3,black_female_high
100,Validation,2307,1,White,FALSE,37,FALSE,FALSE,5,black_male_high
100,Validation,2308,1,White,FALSE,30,TRUE,FALSE,5,black_male_high
20,Iterative Batch Phase: Min,2309,1,White,TRUE,32,FALSE,FALSE,6,black_male_low
6,Iterative Batch Phase: Min,2310,1,White,FALSE,26,FALSE,FALSE,6,black_male_low
3,Iterative Batch Phase: Max,2311,0,White,FALSE,69,FALSE,FALSE,5,black_male_high
10,Iterative Batch Phase: Min,2312,1,White,FALSE,49,FALSE,FALSE,7,white_male_high
0,Warmup,2313,1,White,FALSE,49,FALSE,FALSE,5,black_male_high
12,Iterative Batch Phase: Min,2314,0,White,TRUE,63,FALSE,FALSE,4,black_female_low
0,Warmup,2315,1,White,FALSE,32,FALSE,FALSE,5,black_male_high
100,Validation,2316,1,White,FALSE,42,FALSE,FALSE,5,black_male_high
17,Iterative Batch Phase: Min,2317,1,White,FALSE,23,FALSE,FALSE,6,black_male_low
3,Iterative Batch Phase: Min,2318,1,White,FALSE,40,FALSE,FALSE,3,black_female_high
5,Iterative Batch Phase: Min,2319,1,White,FALSE,31,FALSE,FALSE,6,black_male_low
100,Validation,2320,1,White,TRUE,30,FALSE,FALSE,5,black_male_high
100,Validation,2321,0,White,FALSE,45,FALSE,FALSE,5,black_male_high
100,Validation,2322,0,White,TRUE,37,FALSE,FALSE,6,black_male_low
100,Validation,2323,0,White,TRUE,40,FALSE,FALSE,5,black_male_high
9,Iterative Batch Phase: Min,2324,0,White,TRUE,58,FALSE,FALSE,3,black_female_high
100,Validation,2325,1,Prefer not to disclose,TRUE,20,TRUE,TRUE,5,black_male_high
100,Validation,2326,1,White,TRUE,27,FALSE,FALSE,5,black_male_high
100,Validation,2327,1,White,FALSE,67,FALSE,FALSE,5,black_male_high
100,Validation,2328,1,White,FALSE,27,FALSE,FALSE,6,black_male_low
100,Validation,2329,1,White,TRUE,32,FALSE,FALSE,5,black_male_high
100,Validation,2330,1,White,FALSE,31,FALSE,FALSE,5,black_male_high
1,Iterative Batch Phase: Min,2331,0,White,TRUE,41,FALSE,FALSE,4,black_female_low
100,Validation,2332,1,Asian,FALSE,23,FALSE,FALSE,6,black_male_low
3,Iterative Batch Phase: Min,2333,1,White,TRUE,42,TRUE,FALSE,3,black_female_high
12,Iterative Batch Phase: Min,2334,1,White,TRUE,47,FALSE,FALSE,3,black_female_high
100,Validation,2335,1,Two or More Races,FALSE,33,FALSE,FALSE,6,black_male_low
8,Iterative Batch Phase: Min,2336,1,White,FALSE,41,FALSE,FALSE,4,black_female_low
8,Iterative Batch Phase: Min,2337,1,Other,FALSE,33,FALSE,FALSE,4,black_female_low
4,Iterative Batch Phase: Min,2338,1,White,FALSE,40,FALSE,FALSE,2,white_female_low
100,Validation,2339,1,White,FALSE,38,FALSE,FALSE,6,black_male_low
1,Iterative Batch Phase: Min,2340,1,White,FALSE,45,FALSE,FALSE,4,black_female_low
12,Iterative Batch Phase: Min,2341,1,White,TRUE,29,FALSE,FALSE,6,black_male_low
4,Iterative Batch Phase: Max,2342,1,White,TRUE,51,FALSE,FALSE,5,black_male_high
3,Iterative Batch Phase: Max,2343,1,White,FALSE,39,FALSE,FALSE,5,black_male_high
100,Validation,2344,0,Black or African American,TRUE,30,FALSE,FALSE,6,black_male_low
100,Validation,2345,0,White,FALSE,49,FALSE,FALSE,6,black_male_low
14,Iterative Batch Phase: Min,2346,1,White,TRUE,30,TRUE,FALSE,5,black_male_high
100,Validation,2347,1,White,TRUE,65,FALSE,FALSE,6,black_male_low
0,Warmup,2348,0,White,FALSE,70,FALSE,FALSE,3,black_female_high
100,Validation,2349,1,White,FALSE,21,FALSE,FALSE,6,black_male_low
17,Iterative Batch Phase: Min,2350,1,White,TRUE,34,FALSE,FALSE,4,black_female_low
100,Validation,2351,1,White,FALSE,50,FALSE,FALSE,6,black_male_low
0,Warmup,2352,1,White,TRUE,21,FALSE,FALSE,5,black_male_high
100,Validation,2353,1,White,FALSE,22,FALSE,FALSE,5,black_male_high
18,Iterative Batch Phase: Min,2354,0,White,TRUE,57,FALSE,FALSE,5,black_male_high
100,Validation,2355,0,Asian,TRUE,41,FALSE,FALSE,5,black_male_high
18,Iterative Batch Phase: Min,2356,0,Asian,TRUE,58,FALSE,FALSE,4,black_female_low
100,Validation,2357,0,White,TRUE,53,FALSE,FALSE,5,black_male_high
1,Iterative Batch Phase: Max,2358,0,White,TRUE,59,FALSE,FALSE,8,white_male_low
100,Validation,2359,1,Asian,FALSE,24,FALSE,FALSE,6,black_male_low
14,Iterative Batch Phase: Min,2360,1,Black or African American,TRUE,31,FALSE,FALSE,6,black_male_low
100,Validation,2361,1,White,TRUE,50,FALSE,FALSE,5,black_male_high
100,Validation,2362,1,Black or African American,TRUE,27,TRUE,FALSE,6,black_male_low
100,Validation,2363,1,White,FALSE,36,FALSE,FALSE,6,black_male_low
7,Iterative Batch Phase: Min,2364,1,Black or African American,FALSE,38,FALSE,FALSE,4,black_female_low
19,Iterative Batch Phase: Min,2365,1,White,FALSE,40,FALSE,FALSE,6,black_male_low
20,Iterative Batch Phase: Min,2366,0,Black or African American,FALSE,38,FALSE,FALSE,8,white_male_low
100,Validation,2367,1,Asian,FALSE,57,FALSE,FALSE,5,black_male_high
100,Validation,2368,1,Black or African American,FALSE,54,FALSE,FALSE,5,black_male_high
20,Iterative Batch Phase: Min,2369,0,White,FALSE,63,FALSE,FALSE,5,black_male_high
100,Validation,2370,1,White,TRUE,24,FALSE,FALSE,6,black_male_low
100,Validation,2371,1,White,TRUE,26,FALSE,FALSE,6,black_male_low
100,Validation,2372,1,White,TRUE,26,FALSE,FALSE,5,black_male_high
16,Iterative Batch Phase: Min,2373,1,Asian,FALSE,40,FALSE,FALSE,4,black_female_low
100,Validation,2374,1,Asian,FALSE,23,FALSE,FALSE,6,black_male_low
100,Validation,2375,0,White,FALSE,34,FALSE,FALSE,5,black_male_high
100,Validation,2376,1,Two or More Races,FALSE,36,TRUE,FALSE,6,black_male_low
100,Validation,2377,1,White,FALSE,39,FALSE,FALSE,6,black_male_low
100,Validation,2378,1,White,FALSE,50,FALSE,FALSE,5,black_male_high
100,Validation,2379,0,White,FALSE,37,FALSE,FALSE,5,black_male_high
100,Validation,2380,0,White,FALSE,52,FALSE,FALSE,5,black_male_high
100,Validation,2381,0,White,TRUE,24,FALSE,FALSE,6,black_male_low
100,Validation,2382,1,Other,FALSE,28,TRUE,FALSE,5,black_male_high
100,Validation,2383,1,White,TRUE,30,FALSE,FALSE,6,black_male_low
100,Validation,2384,1,White,TRUE,39,FALSE,FALSE,6,black_male_low
100,Validation,2385,0,White,TRUE,33,FALSE,FALSE,6,black_male_low
100,Validation,2386,1,White,TRUE,39,FALSE,FALSE,5,black_male_high
11,Iterative Batch Phase: Min,2387,1,Black or African American,TRUE,45,FALSE,FALSE,4,black_female_low
100,Validation,2388,1,White,FALSE,41,FALSE,TRUE,5,black_male_high
100,Validation,2389,1,White,TRUE,44,FALSE,FALSE,5,black_male_high
20,Iterative Batch Phase: Min,2390,1,White,TRUE,38,FALSE,FALSE,6,black_male_low
0,Warmup,2391,0,Black or African American,TRUE,50,FALSE,FALSE,2,white_female_low
19,Iterative Batch Phase: Min,2392,1,White,FALSE,75,FALSE,FALSE,6,black_male_low
100,Validation,2393,1,White,FALSE,56,FALSE,FALSE,6,black_male_low
100,Validation,2394,0,Asian,TRUE,24,FALSE,FALSE,6,black_male_low
100,Validation,2395,1,White,FALSE,61,FALSE,FALSE,6,black_male_low
0,Warmup,2396,1,Asian,FALSE,21,FALSE,FALSE,3,black_female_high
100,Validation,2397,0,White,FALSE,38,FALSE,FALSE,6,black_male_low
15,Iterative Batch Phase: Min,2398,1,White,FALSE,52,FALSE,FALSE,1,white_female_high
18,Iterative Batch Phase: Min,2399,0,Two or More Races,FALSE,,FALSE,TRUE,4,black_female_low
6,Iterative Batch Phase: Min,2400,1,White,TRUE,39,FALSE,FALSE,2,white_female_low
4,Iterative Batch Phase: Max,2401,1,White,FALSE,68,FALSE,FALSE,2,white_female_low
100,Validation,2402,1,White,TRUE,24,FALSE,FALSE,5,black_male_high
2,Iterative Batch Phase: Max,2403,1,White,FALSE,27,FALSE,FALSE,5,black_male_high
13,Iterative Batch Phase: Min,2404,1,White,FALSE,29,FALSE,FALSE,4,black_female_low
100,Validation,2405,1,Asian,FALSE,31,FALSE,FALSE,6,black_male_low
6,Iterative Batch Phase: Min,2406,1,Black or African American,FALSE,33,FALSE,FALSE,6,black_male_low
10,Iterative Batch Phase: Min,2407,1,Black or African American,FALSE,31,FALSE,FALSE,2,white_female_low
100,Validation,2408,1,White,TRUE,61,FALSE,FALSE,5,black_male_high
100,Validation,2409,0,White,TRUE,33,FALSE,FALSE,6,black_male_low
100,Validation,2410,1,White,TRUE,59,FALSE,FALSE,5,black_male_high
100,Validation,2411,1,Asian,TRUE,,FALSE,TRUE,5,black_male_high
0,Warmup,2412,1,Asian,TRUE,21,FALSE,FALSE,8,white_male_low
1,Iterative Batch Phase: Max,2413,1,White,FALSE,20,FALSE,FALSE,5,black_male_high
3,Iterative Batch Phase: Max,2414,1,White,TRUE,26,FALSE,FALSE,5,black_male_high
8,Iterative Batch Phase: Min,2415,0,Black or African American,TRUE,26,FALSE,FALSE,6,black_male_low
100,Validation,2416,1,Two or More Races,TRUE,41,FALSE,FALSE,5,black_male_high
100,Validation,2417,1,Black or African American,FALSE,28,FALSE,FALSE,6,black_male_low
6,Iterative Batch Phase: Min,2418,1,White,FALSE,35,FALSE,FALSE,1,white_female_high
8,Iterative Batch Phase: Min,2419,1,White,TRUE,30,FALSE,FALSE,4,black_female_low
9,Iterative Batch Phase: Min,2420,1,White,FALSE,42,FALSE,FALSE,2,white_female_low
16,Iterative Batch Phase: Min,2421,0,White,TRUE,43,FALSE,FALSE,6,black_male_low
0,Warmup,2422,1,Two or More Races,FALSE,35,FALSE,FALSE,8,white_male_low
6,Iterative Batch Phase: Min,2423,1,White,FALSE,24,FALSE,FALSE,6,black_male_low
0,Warmup,2424,0,White,TRUE,30,FALSE,FALSE,4,black_female_low
100,Validation,2425,1,White,TRUE,34,FALSE,FALSE,5,black_male_high
100,Validation,2426,0,Black or African American,TRUE,,FALSE,TRUE,5,black_male_high
100,Validation,2427,0,White,TRUE,50,FALSE,FALSE,5,black_male_high
4,Iterative Batch Phase: Min,2428,1,White,FALSE,22,TRUE,FALSE,7,white_male_high
6,Iterative Batch Phase: Min,2429,1,Black or African American,FALSE,37,FALSE,FALSE,4,black_female_low
100,Validation,2430,1,Asian,TRUE,32,FALSE,FALSE,5,black_male_high
0,Warmup,2431,1,Other,FALSE,27,TRUE,FALSE,5,black_male_high
100,Validation,2432,1,White,FALSE,31,FALSE,FALSE,6,black_male_low
100,Validation,2433,1,White,FALSE,35,FALSE,FALSE,5,black_male_high
14,Iterative Batch Phase: Min,2434,0,White,TRUE,50,FALSE,FALSE,4,black_female_low
1,Iterative Batch Phase: Max,2435,1,White,TRUE,36,FALSE,FALSE,2,white_female_low
10,Iterative Batch Phase: Min,2436,1,Asian,FALSE,29,FALSE,FALSE,3,black_female_high
100,Validation,2437,1,White,TRUE,39,FALSE,FALSE,6,black_male_low
0,Warmup,2438,1,White,FALSE,27,TRUE,FALSE,2,white_female_low
7,Iterative Batch Phase: Min,2439,1,Asian,FALSE,27,FALSE,FALSE,6,black_male_low
15,Iterative Batch Phase: Min,2440,0,White,TRUE,50,TRUE,FALSE,6,black_male_low
2,Iterative Batch Phase: Max,2441,1,White,TRUE,31,FALSE,FALSE,5,black_male_high
100,Validation,2442,1,White,FALSE,45,FALSE,FALSE,5,black_male_high
20,Iterative Batch Phase: Min,2443,1,White,FALSE,42,FALSE,FALSE,1,white_female_high
10,Iterative Batch Phase: Min,2444,0,White,FALSE,43,FALSE,FALSE,5,black_male_high
11,Iterative Batch Phase: Min,2445,1,White,TRUE,66,FALSE,FALSE,4,black_female_low
100,Validation,2446,1,White,FALSE,34,FALSE,FALSE,6,black_male_low
0,Warmup,2447,1,White,TRUE,56,FALSE,FALSE,1,white_female_high
1,Iterative Batch Phase: Min,2448,0,White,FALSE,26,TRUE,FALSE,1,white_female_high
5,Iterative Batch Phase: Min,2449,1,Asian,TRUE,31,FALSE,FALSE,6,black_male_low
8,Iterative Batch Phase: Min,2450,0,Black or African American,TRUE,33,FALSE,FALSE,4,black_female_low
14,Iterative Batch Phase: Min,2451,1,White,TRUE,32,FALSE,FALSE,4,black_female_low
3,Iterative Batch Phase: Max,2452,1,White,FALSE,30,TRUE,FALSE,5,black_male_high
100,Validation,2453,1,White,TRUE,73,FALSE,FALSE,5,black_male_high
100,Validation,2454,1,White,FALSE,34,FALSE,FALSE,6,black_male_low
4,Iterative Batch Phase: Max,2455,1,White,FALSE,70,FALSE,FALSE,5,black_male_high
100,Validation,2456,1,American Indian or Alaska Native,FALSE,30,TRUE,FALSE,5,black_male_high
2,Iterative Batch Phase: Max,2457,1,White,FALSE,41,FALSE,FALSE,8,white_male_low
4,Iterative Batch Phase: Max,2458,1,Asian,FALSE,25,FALSE,FALSE,5,black_male_high
0,Warmup,2459,1,White,TRUE,34,TRUE,FALSE,8,white_male_low
3,Iterative Batch Phase: Max,2460,1,White,TRUE,28,FALSE,FALSE,5,black_male_high
100,Validation,2461,1,American Indian or Alaska Native,FALSE,24,TRUE,FALSE,6,black_male_low
11,Iterative Batch Phase: Min,2462,0,Black or African American,TRUE,35,FALSE,FALSE,5,black_male_high
100,Validation,2463,1,Two or More Races,TRUE,49,FALSE,FALSE,5,black_male_high
18,Iterative Batch Phase: Min,2464,1,Black or African American,TRUE,60,FALSE,FALSE,4,black_female_low
16,Iterative Batch Phase: Min,2465,1,Black or African American,TRUE,42,FALSE,FALSE,4,black_female_low
16,Iterative Batch Phase: Min,2466,1,Black or African American,TRUE,19,FALSE,FALSE,6,black_male_low
2,Iterative Batch Phase: Max,2467,0,White,FALSE,68,FALSE,FALSE,5,black_male_high
14,Iterative Batch Phase: Min,2468,0,White,TRUE,35,FALSE,FALSE,6,black_male_low
100,Validation,2469,1,White,TRUE,70,FALSE,FALSE,5,black_male_high
5,Iterative Batch Phase: Min,2470,1,White,FALSE,38,FALSE,FALSE,2,white_female_low
17,Iterative Batch Phase: Min,2471,1,Asian,TRUE,23,FALSE,FALSE,7,white_male_high
100,Validation,2472,1,White,TRUE,29,FALSE,FALSE,5,black_male_high
100,Validation,2473,1,White,FALSE,37,FALSE,FALSE,6,black_male_low
1,Iterative Batch Phase: Min,2474,1,Two or More Races,TRUE,22,FALSE,FALSE,3,black_female_high
100,Validation,2475,1,Asian,FALSE,35,TRUE,FALSE,6,black_male_low
100,Validation,2476,1,White,TRUE,52,FALSE,FALSE,5,black_male_high
100,Validation,2477,0,White,FALSE,36,FALSE,FALSE,5,black_male_high
100,Validation,2478,1,White,TRUE,25,FALSE,FALSE,6,black_male_low
100,Validation,2479,1,White,TRUE,42,FALSE,FALSE,5,black_male_high
100,Validation,2480,1,Other,FALSE,25,TRUE,FALSE,6,black_male_low
100,Validation,2481,0,White,TRUE,54,FALSE,FALSE,6,black_male_low
12,Iterative Batch Phase: Min,2482,0,Black or African American,TRUE,26,FALSE,FALSE,6,black_male_low
100,Validation,2483,1,White,TRUE,27,FALSE,FALSE,5,black_male_high
16,Iterative Batch Phase: Min,2484,1,Asian,FALSE,26,FALSE,FALSE,4,black_female_low
7,Iterative Batch Phase: Min,2485,0,White,FALSE,57,FALSE,FALSE,4,black_female_low
7,Iterative Batch Phase: Min,2486,1,White,FALSE,53,FALSE,FALSE,3,black_female_high
11,Iterative Batch Phase: Min,2487,1,White,TRUE,65,FALSE,FALSE,6,black_male_low
20,Iterative Batch Phase: Min,2488,1,Two or More Races,FALSE,49,FALSE,FALSE,4,black_female_low
100,Validation,2489,0,White,TRUE,46,FALSE,FALSE,5,black_male_high
100,Validation,2490,1,White,TRUE,63,FALSE,FALSE,5,black_male_high
100,Validation,2491,1,White,FALSE,30,FALSE,FALSE,5,black_male_high
2,Iterative Batch Phase: Max,2492,1,Black or African American,TRUE,27,FALSE,FALSE,5,black_male_high
11,Iterative Batch Phase: Min,2493,1,Black or African American,FALSE,53,FALSE,FALSE,4,black_female_low
100,Validation,2494,1,White,FALSE,24,FALSE,TRUE,5,black_male_high
12,Iterative Batch Phase: Min,2495,0,White,FALSE,59,FALSE,FALSE,5,black_male_high
17,Iterative Batch Phase: Min,2496,1,White,FALSE,51,FALSE,FALSE,2,white_female_low
20,Iterative Batch Phase: Min,2497,1,Asian,FALSE,28,FALSE,FALSE,4,black_female_low
1,Iterative Batch Phase: Min,2498,1,White,TRUE,38,FALSE,FALSE,3,black_female_high
3,Iterative Batch Phase: Min,2499,1,White,TRUE,41,FALSE,FALSE,5,black_male_high
4,Iterative Batch Phase: Max,2500,1,White,FALSE,48,FALSE,FALSE,5,black_male_high
8,Iterative Batch Phase: Min,2501,1,White,FALSE,37,FALSE,FALSE,4,black_female_low
14,Iterative Batch Phase: Min,2502,1,Other,FALSE,32,TRUE,FALSE,5,black_male_high
100,Validation,2503,1,Black or African American,TRUE,42,FALSE,FALSE,5,black_male_high
100,Validation,2504,1,White,TRUE,23,FALSE,FALSE,6,black_male_low
18,Iterative Batch Phase: Min,2505,1,Black or African American,TRUE,52,FALSE,FALSE,6,black_male_low
100,Validation,2506,1,White,FALSE,65,FALSE,FALSE,5,black_male_high
1,Iterative Batch Phase: Max,2507,1,Two or More Races,TRUE,27,FALSE,FALSE,5,black_male_high
100,Validation,2508,0,White,TRUE,31,TRUE,FALSE,5,black_male_high
4,Iterative Batch Phase: Min,2509,0,White,FALSE,55,FALSE,FALSE,4,black_female_low
3,Iterative Batch Phase: Max,2510,0,White,FALSE,38,FALSE,FALSE,5,black_male_high
100,Validation,2511,1,White,FALSE,39,FALSE,FALSE,6,black_male_low
10,Iterative Batch Phase: Min,2512,1,White,FALSE,56,FALSE,FALSE,1,white_female_high
15,Iterative Batch Phase: Min,2513,1,Other,FALSE,22,FALSE,FALSE,2,white_female_low
100,Validation,2514,1,Black or African American,FALSE,25,FALSE,FALSE,5,black_male_high
100,Validation,2515,1,White,TRUE,33,FALSE,FALSE,6,black_male_low
4,Iterative Batch Phase: Max,2516,0,Black or African American,FALSE,28,FALSE,FALSE,5,black_male_high
5,Iterative Batch Phase: Min,2517,1,White,TRUE,35,FALSE,FALSE,6,black_male_low
12,Iterative Batch Phase: Min,2518,1,White,TRUE,43,FALSE,FALSE,4,black_female_low
100,Validation,2519,1,White,FALSE,53,FALSE,FALSE,6,black_male_low
100,Validation,2520,1,White,TRUE,34,FALSE,FALSE,6,black_male_low
4,Iterative Batch Phase: Min,2521,1,Asian,FALSE,26,FALSE,FALSE,3,black_female_high
1,Iterative Batch Phase: Max,2522,1,Asian,TRUE,27,FALSE,FALSE,4,black_female_low
6,Iterative Batch Phase: Min,2523,1,White,FALSE,30,FALSE,FALSE,6,black_male_low
8,Iterative Batch Phase: Min,2524,0,Black or African American,TRUE,37,FALSE,FALSE,4,black_female_low
100,Validation,2525,1,White,FALSE,49,FALSE,FALSE,5,black_male_high
2,Iterative Batch Phase: Max,2526,0,White,FALSE,40,FALSE,FALSE,2,white_female_low
100,Validation,2527,1,White,TRUE,43,FALSE,FALSE,6,black_male_low
14,Iterative Batch Phase: Min,2528,1,White,TRUE,61,FALSE,FALSE,5,black_male_high
100,Validation,2529,1,White,TRUE,65,FALSE,FALSE,5,black_male_high
100,Validation,2530,1,Black or African American,TRUE,29,TRUE,FALSE,5,black_male_high
20,Iterative Batch Phase: Min,2531,1,Black or African American,FALSE,40,FALSE,FALSE,6,black_male_low
15,Iterative Batch Phase: Min,2532,1,White,TRUE,41,FALSE,FALSE,4,black_female_low
100,Validation,2533,1,White,FALSE,40,FALSE,FALSE,6,black_male_low
2,Iterative Batch Phase: Max,2534,1,White,FALSE,40,FALSE,FALSE,5,black_male_high
2,Iterative Batch Phase: Min,2535,0,White,FALSE,36,TRUE,FALSE,7,white_male_high
100,Validation,2536,1,Other,FALSE,21,TRUE,FALSE,5,black_male_high
11,Iterative Batch Phase: Min,2537,1,White,TRUE,29,FALSE,FALSE,4,black_female_low
9,Iterative Batch Phase: Min,2538,1,White,TRUE,40,FALSE,FALSE,5,black_male_high
1,Iterative Batch Phase: Max,2539,1,Two or More Races,FALSE,27,FALSE,FALSE,5,black_male_high
100,Validation,2540,1,White,FALSE,42,FALSE,FALSE,5,black_male_high
8,Iterative Batch Phase: Min,2541,1,White,TRUE,52,FALSE,FALSE,4,black_female_low
12,Iterative Batch Phase: Min,2542,1,Two or More Races,FALSE,51,FALSE,FALSE,4,black_female_low
11,Iterative Batch Phase: Min,2543,0,White,FALSE,38,FALSE,FALSE,4,black_female_low
9,Iterative Batch Phase: Min,2544,1,White,FALSE,47,TRUE,FALSE,4,black_female_low
12,Iterative Batch Phase: Min,2545,0,White,FALSE,34,TRUE,FALSE,4,black_female_low
100,Validation,2546,0,Asian,FALSE,27,FALSE,FALSE,5,black_male_high
13,Iterative Batch Phase: Min,2547,1,Other,TRUE,65,FALSE,FALSE,5,black_male_high
100,Validation,2548,1,White,FALSE,36,TRUE,FALSE,6,black_male_low
100,Validation,2549,1,White,TRUE,36,FALSE,FALSE,5,black_male_high
100,Validation,2550,1,Black or African American,TRUE,27,FALSE,FALSE,5,black_male_high
11,Iterative Batch Phase: Min,2551,1,White,TRUE,45,FALSE,FALSE,4,black_female_low
19,Iterative Batch Phase: Min,2552,1,White,FALSE,27,FALSE,FALSE,6,black_male_low
100,Validation,2553,0,Asian,FALSE,19,FALSE,FALSE,6,black_male_low
6,Iterative Batch Phase: Min,2554,0,White,FALSE,34,FALSE,FALSE,6,black_male_low
11,Iterative Batch Phase: Min,2555,1,Asian,FALSE,37,FALSE,FALSE,7,white_male_high
100,Validation,2556,1,Other,TRUE,35,TRUE,FALSE,5,black_male_high
15,Iterative Batch Phase: Min,2557,1,White,TRUE,43,FALSE,FALSE,8,white_male_low
13,Iterative Batch Phase: Min,2558,0,White,FALSE,43,FALSE,FALSE,4,black_female_low
100,Validation,2559,1,White,FALSE,31,FALSE,FALSE,5,black_male_high
100,Validation,2560,1,White,TRUE,49,FALSE,FALSE,6,black_male_low
0,Warmup,2561,0,Black or African American,TRUE,58,FALSE,FALSE,5,black_male_high
100,Validation,2562,1,White,TRUE,24,FALSE,FALSE,5,black_male_high
1,Iterative Batch Phase: Min,2563,1,White,FALSE,42,FALSE,FALSE,4,black_female_low
17,Iterative Batch Phase: Min,2564,0,White,TRUE,39,FALSE,FALSE,6,black_male_low
100,Validation,2565,1,Black or African American,TRUE,26,FALSE,FALSE,6,black_male_low
6,Iterative Batch Phase: Min,2566,0,White,TRUE,59,FALSE,FALSE,6,black_male_low
12,Iterative Batch Phase: Min,2567,1,Black or African American,FALSE,39,FALSE,FALSE,4,black_female_low
100,Validation,2568,1,White,TRUE,30,FALSE,FALSE,5,black_male_high
5,Iterative Batch Phase: Min,2569,1,White,TRUE,23,FALSE,FALSE,6,black_male_low
100,Validation,2570,1,White,TRUE,55,FALSE,FALSE,5,black_male_high
100,Validation,2571,1,Black or African American,TRUE,48,FALSE,FALSE,5,black_male_high
2,Iterative Batch Phase: Max,2572,1,White,TRUE,25,FALSE,FALSE,2,white_female_low
1,Iterative Batch Phase: Min,2573,1,White,FALSE,42,FALSE,FALSE,6,black_male_low
100,Validation,2574,0,Black or African American,TRUE,28,FALSE,FALSE,6,black_male_low
0,Warmup,2575,1,White,TRUE,38,FALSE,FALSE,8,white_male_low
100,Validation,2576,0,White,FALSE,41,FALSE,FALSE,6,black_male_low
1,Iterative Batch Phase: Min,2577,1,White,FALSE,39,TRUE,FALSE,4,black_female_low
2,Iterative Batch Phase: Min,2578,1,White,FALSE,32,FALSE,FALSE,2,white_female_low
7,Iterative Batch Phase: Min,2579,0,White,TRUE,37,FALSE,FALSE,6,black_male_low
100,Validation,2580,1,White,TRUE,64,FALSE,FALSE,5,black_male_high
4,Iterative Batch Phase: Min,2581,1,White,FALSE,73,FALSE,FALSE,6,black_male_low
100,Validation,2582,1,White,TRUE,35,FALSE,FALSE,6,black_male_low
100,Validation,2583,1,White,FALSE,29,TRUE,FALSE,5,black_male_high
100,Validation,2584,1,Asian,FALSE,53,FALSE,FALSE,6,black_male_low
8,Iterative Batch Phase: Min,2585,1,White,FALSE,47,FALSE,FALSE,8,white_male_low
100,Validation,2586,1,White,TRUE,32,TRUE,FALSE,6,black_male_low
4,Iterative Batch Phase: Min,2587,1,Two or More Races,TRUE,20,FALSE,FALSE,5,black_male_high
100,Validation,2588,1,White,TRUE,41,FALSE,FALSE,5,black_male_high
16,Iterative Batch Phase: Min,2589,1,White,TRUE,52,FALSE,FALSE,4,black_female_low
3,Iterative Batch Phase: Max,2590,1,White,TRUE,32,FALSE,FALSE,2,white_female_low
6,Iterative Batch Phase: Min,2591,1,White,FALSE,41,TRUE,FALSE,2,white_female_low
100,Validation,2592,1,White,FALSE,42,FALSE,FALSE,6,black_male_low
100,Validation,2593,0,White,TRUE,42,FALSE,FALSE,5,black_male_high
100,Validation,2594,0,White,TRUE,75,FALSE,FALSE,6,black_male_low
15,Iterative Batch Phase: Min,2595,1,White,FALSE,29,FALSE,FALSE,6,black_male_low
2,Iterative Batch Phase: Min,2596,1,White,FALSE,41,FALSE,FALSE,1,white_female_high
100,Validation,2597,0,Asian,FALSE,47,FALSE,FALSE,6,black_male_low
100,Validation,2598,1,White,FALSE,30,FALSE,FALSE,5,black_male_high
8,Iterative Batch Phase: Min,2599,0,White,FALSE,59,FALSE,FALSE,7,white_male_high
1,Iterative Batch Phase: Min,2600,1,White,FALSE,32,FALSE,FALSE,4,black_female_low
6,Iterative Batch Phase: Min,2601,1,White,TRUE,28,TRUE,FALSE,6,black_male_low
100,Validation,2602,0,White,FALSE,32,FALSE,FALSE,6,black_male_low
100,Validation,2603,1,White,FALSE,43,FALSE,FALSE,6,black_male_low
9,Iterative Batch Phase: Min,2604,1,White,TRUE,40,FALSE,FALSE,2,white_female_low
100,Validation,2605,1,White,TRUE,21,FALSE,FALSE,6,black_male_low
100,Validation,2606,1,White,TRUE,54,FALSE,FALSE,5,black_male_high
100,Validation,2607,0,White,FALSE,33,FALSE,FALSE,6,black_male_low
18,Iterative Batch Phase: Min,2608,1,Asian,TRUE,24,FALSE,FALSE,6,black_male_low
15,Iterative Batch Phase: Min,2609,1,White,TRUE,72,FALSE,FALSE,8,white_male_low
100,Validation,2610,0,White,FALSE,59,FALSE,FALSE,5,black_male_high
100,Validation,2611,1,White,TRUE,32,FALSE,FALSE,5,black_male_high
100,Validation,2612,1,White,FALSE,,FALSE,FALSE,6,black_male_low
2,Iterative Batch Phase: Min,2613,1,White,TRUE,32,FALSE,FALSE,1,white_female_high
100,Validation,2614,1,White,TRUE,31,FALSE,FALSE,5,black_male_high
12,Iterative Batch Phase: Min,2615,1,White,TRUE,55,FALSE,FALSE,6,black_male_low
8,Iterative Batch Phase: Min,2616,1,White,TRUE,33,FALSE,FALSE,4,black_female_low
100,Validation,2617,1,White,FALSE,23,FALSE,FALSE,5,black_male_high
20,Iterative Batch Phase: Min,2618,1,Asian,TRUE,31,FALSE,FALSE,5,black_male_high
2,Iterative Batch Phase: Min,2619,1,White,FALSE,44,FALSE,FALSE,1,white_female_high
15,Iterative Batch Phase: Min,2620,1,White,TRUE,38,FALSE,FALSE,4,black_female_low
12,Iterative Batch Phase: Min,2621,1,White,FALSE,34,FALSE,FALSE,6,black_male_low
0,Warmup,2622,1,White,TRUE,57,FALSE,FALSE,5,black_male_high
100,Validation,2623,1,White,TRUE,64,FALSE,FALSE,5,black_male_high
100,Validation,2624,1,White,TRUE,32,FALSE,FALSE,6,black_male_low
100,Validation,2625,1,Black or African American,TRUE,29,FALSE,FALSE,5,black_male_high
18,Iterative Batch Phase: Min,2626,0,White,FALSE,33,FALSE,FALSE,6,black_male_low
4,Iterative Batch Phase: Min,2627,1,White,FALSE,36,FALSE,FALSE,7,white_male_high
100,Validation,2628,0,White,TRUE,52,FALSE,FALSE,6,black_male_low
2,Iterative Batch Phase: Min,2629,1,Black or African American,TRUE,26,FALSE,FALSE,1,white_female_high
100,Validation,2630,0,White,TRUE,42,FALSE,FALSE,5,black_male_high
100,Validation,2631,1,Asian,FALSE,34,FALSE,FALSE,5,black_male_high
3,Iterative Batch Phase: Max,2632,1,White,FALSE,34,FALSE,FALSE,2,white_female_low
13,Iterative Batch Phase: Min,2633,1,Asian,FALSE,20,FALSE,FALSE,6,black_male_low
0,Warmup,2634,1,White,TRUE,38,FALSE,FALSE,8,white_male_low
2,Iterative Batch Phase: Max,2635,1,White,TRUE,33,FALSE,FALSE,5,black_male_high
100,Validation,2636,0,Asian,TRUE,25,FALSE,FALSE,5,black_male_high
0,Warmup,2637,0,Asian,FALSE,32,FALSE,FALSE,6,black_male_low
100,Validation,2638,0,Asian,TRUE,25,FALSE,FALSE,6,black_male_low
100,Validation,2639,1,White,FALSE,50,FALSE,FALSE,5,black_male_high
100,Validation,2640,0,Two or More Races,FALSE,39,TRUE,FALSE,5,black_male_high
6,Iterative Batch Phase: Min,2641,1,White,FALSE,33,FALSE,FALSE,6,black_male_low
17,Iterative Batch Phase: Min,2642,0,White,FALSE,53,FALSE,FALSE,4,black_female_low
1,Iterative Batch Phase: Min,2643,0,White,TRUE,48,FALSE,FALSE,2,white_female_low
100,Validation,2644,0,Asian,FALSE,34,FALSE,FALSE,5,black_male_high
11,Iterative Batch Phase: Min,2645,1,White,TRUE,73,FALSE,FALSE,4,black_female_low
100,Validation,2646,1,Two or More Races,TRUE,29,FALSE,FALSE,6,black_male_low
100,Validation,2647,1,White,TRUE,58,FALSE,FALSE,5,black_male_high
100,Validation,2648,1,White,TRUE,30,FALSE,FALSE,6,black_male_low
100,Validation,2649,1,White,TRUE,26,FALSE,FALSE,5,black_male_high
12,Iterative Batch Phase: Min,2650,1,Black or African American,TRUE,73,TRUE,FALSE,6,black_male_low
7,Iterative Batch Phase: Min,2651,1,White,FALSE,32,FALSE,FALSE,4,black_female_low
3,Iterative Batch Phase: Min,2652,1,Black or African American,TRUE,35,FALSE,FALSE,6,black_male_low
12,Iterative Batch Phase: Min,2653,1,White,TRUE,41,FALSE,FALSE,6,black_male_low
4,Iterative Batch Phase: Min,2654,1,Black or African American,TRUE,35,FALSE,FALSE,3,black_female_high
100,Validation,2655,1,Asian,FALSE,29,FALSE,FALSE,6,black_male_low
11,Iterative Batch Phase: Min,2656,0,White,TRUE,20,FALSE,FALSE,5,black_male_high
100,Validation,2657,1,White,FALSE,45,FALSE,FALSE,6,black_male_low
100,Validation,2658,1,White,TRUE,38,FALSE,FALSE,5,black_male_high
2,Iterative Batch Phase: Max,2659,1,Asian,TRUE,26,FALSE,FALSE,5,black_male_high
12,Iterative Batch Phase: Min,2660,1,White,TRUE,31,FALSE,FALSE,4,black_female_low
100,Validation,2661,0,White,TRUE,30,FALSE,FALSE,5,black_male_high
100,Validation,2662,1,White,FALSE,41,FALSE,FALSE,5,black_male_high
100,Validation,2663,1,White,TRUE,60,FALSE,FALSE,6,black_male_low
100,Validation,2664,1,Asian,TRUE,21,FALSE,FALSE,6,black_male_low
100,Validation,2665,1,White,TRUE,28,FALSE,FALSE,5,black_male_high
100,Validation,2666,1,White,TRUE,42,FALSE,FALSE,6,black_male_low
100,Validation,2667,0,White,FALSE,19,FALSE,FALSE,6,black_male_low
0,Warmup,2668,1,White,FALSE,43,FALSE,FALSE,2,white_female_low
18,Iterative Batch Phase: Min,2669,1,Asian,FALSE,32,FALSE,FALSE,6,black_male_low
6,Iterative Batch Phase: Min,2670,1,White,TRUE,24,TRUE,FALSE,6,black_male_low
7,Iterative Batch Phase: Min,2671,0,White,FALSE,63,FALSE,FALSE,6,black_male_low
3,Iterative Batch Phase: Min,2672,1,White,FALSE,35,FALSE,FALSE,5,black_male_high
3,Iterative Batch Phase: Min,2673,1,White,FALSE,37,FALSE,FALSE,6,black_male_low
1,Iterative Batch Phase: Max,2674,1,Other,TRUE,43,FALSE,FALSE,5,black_male_high
7,Iterative Batch Phase: Min,2675,1,White,TRUE,21,FALSE,FALSE,4,black_female_low
100,Validation,2676,1,White,TRUE,31,FALSE,FALSE,6,black_male_low
3,Iterative Batch Phase: Min,2677,1,Asian,TRUE,46,FALSE,FALSE,5,black_male_high
0,Warmup,2678,1,White,TRUE,29,FALSE,FALSE,4,black_female_low
100,Validation,2679,1,White,FALSE,47,FALSE,FALSE,6,black_male_low
19,Iterative Batch Phase: Min,2680,1,White,FALSE,35,FALSE,FALSE,4,black_female_low
2,Iterative Batch Phase: Min,2681,1,Asian,TRUE,23,FALSE,FALSE,3,black_female_high
4,Iterative Batch Phase: Max,2682,1,White,TRUE,67,FALSE,FALSE,8,white_male_low
5,Iterative Batch Phase: Min,2683,1,Other,FALSE,25,TRUE,FALSE,4,black_female_low
19,Iterative Batch Phase: Min,2684,1,White,FALSE,23,TRUE,FALSE,6,black_male_low
0,Warmup,2685,0,Prefer not to disclose,TRUE,,FALSE,TRUE,7,white_male_high
18,Iterative Batch Phase: Min,2686,0,White,TRUE,30,FALSE,FALSE,4,black_female_low
18,Iterative Batch Phase: Min,2687,1,Asian,TRUE,28,FALSE,FALSE,6,black_male_low
100,Validation,2688,1,Asian,FALSE,36,FALSE,FALSE,6,black_male_low
100,Validation,2689,0,Black or African American,TRUE,30,FALSE,FALSE,5,black_male_high
17,Iterative Batch Phase: Min,2690,1,Black or African American,FALSE,60,FALSE,FALSE,6,black_male_low
10,Iterative Batch Phase: Min,2691,1,White,FALSE,55,FALSE,FALSE,5,black_male_high
100,Validation,2692,1,White,TRUE,43,FALSE,FALSE,6,black_male_low
100,Validation,2693,0,Black or African American,TRUE,61,FALSE,FALSE,6,black_male_low
100,Validation,2694,0,White,TRUE,62,FALSE,FALSE,6,black_male_low
100,Validation,2695,1,White,TRUE,23,FALSE,FALSE,6,black_male_low
100,Validation,2696,1,White,TRUE,27,FALSE,FALSE,5,black_male_high
4,Iterative Batch Phase: Min,2697,0,White,TRUE,27,FALSE,FALSE,7,white_male_high
0,Warmup,2698,1,Two or More Races,TRUE,25,FALSE,FALSE,4,black_female_low
2,Iterative Batch Phase: Max,2699,1,White,FALSE,26,TRUE,FALSE,5,black_male_high
100,Validation,2700,1,Other,TRUE,32,TRUE,FALSE,5,black_male_high
13,Iterative Batch Phase: Min,2701,1,White,TRUE,40,FALSE,FALSE,6,black_male_low
11,Iterative Batch Phase: Min,2702,1,White,TRUE,41,FALSE,FALSE,4,black_female_low
1,Iterative Batch Phase: Min,2703,1,White,FALSE,36,FALSE,FALSE,7,white_male_high
100,Validation,2704,1,White,TRUE,,FALSE,FALSE,6,black_male_low
13,Iterative Batch Phase: Min,2705,1,Asian,FALSE,29,FALSE,FALSE,6,black_male_low
100,Validation,2706,0,White,TRUE,29,FALSE,FALSE,5,black_male_high
100,Validation,2707,1,White,FALSE,31,FALSE,FALSE,6,black_male_low
2,Iterative Batch Phase: Min,2708,1,White,TRUE,44,FALSE,FALSE,1,white_female_high
9,Iterative Batch Phase: Min,2709,1,White,TRUE,35,FALSE,FALSE,6,black_male_low
17,Iterative Batch Phase: Min,2710,1,Asian,TRUE,35,FALSE,FALSE,4,black_female_low
10,Iterative Batch Phase: Min,2711,0,White,FALSE,38,FALSE,FALSE,4,black_female_low
100,Validation,2712,1,Asian,FALSE,27,FALSE,FALSE,6,black_male_low
100,Validation,2713,1,White,FALSE,25,TRUE,FALSE,6,black_male_low
4,Iterative Batch Phase: Min,2714,1,Asian,FALSE,27,FALSE,FALSE,1,white_female_high
100,Validation,2715,1,White,TRUE,23,FALSE,FALSE,5,black_male_high
15,Iterative Batch Phase: Min,2716,1,White,TRUE,32,FALSE,FALSE,4,black_female_low
100,Validation,2717,1,White,TRUE,37,FALSE,FALSE,6,black_male_low
11,Iterative Batch Phase: Min,2718,0,White,FALSE,56,FALSE,FALSE,4,black_female_low
0,Warmup,2719,1,Asian,TRUE,28,FALSE,FALSE,7,white_male_high
3,Iterative Batch Phase: Max,2720,1,Black or African American,FALSE,54,FALSE,FALSE,1,white_female_high
20,Iterative Batch Phase: Min,2721,0,White,FALSE,35,FALSE,FALSE,6,black_male_low
100,Validation,2722,1,White,TRUE,42,FALSE,FALSE,6,black_male_low
100,Validation,2723,1,Asian,TRUE,22,FALSE,FALSE,6,black_male_low
100,Validation,2724,1,White,FALSE,33,FALSE,FALSE,6,black_male_low
3,Iterative Batch Phase: Max,2725,1,White,FALSE,23,FALSE,FALSE,5,black_male_high
100,Validation,2726,1,White,FALSE,35,FALSE,FALSE,5,black_male_high
100,Validation,2727,1,Black or African American,FALSE,22,FALSE,FALSE,6,black_male_low
100,Validation,2728,1,White,FALSE,61,FALSE,FALSE,5,black_male_high
9,Iterative Batch Phase: Min,2729,1,White,FALSE,34,FALSE,FALSE,4,black_female_low
12,Iterative Batch Phase: Min,2730,1,White,TRUE,51,FALSE,FALSE,6,black_male_low
19,Iterative Batch Phase: Min,2731,1,Black or African American,TRUE,33,FALSE,FALSE,5,black_male_high
10,Iterative Batch Phase: Min,2732,1,White,FALSE,36,FALSE,FALSE,4,black_female_low
100,Validation,2733,1,White,FALSE,31,FALSE,FALSE,6,black_male_low
100,Validation,2734,1,White,TRUE,58,FALSE,FALSE,5,black_male_high
100,Validation,2735,1,White,TRUE,47,FALSE,FALSE,5,black_male_high
1,Iterative Batch Phase: Min,2736,0,White,TRUE,57,FALSE,FALSE,4,black_female_low
9,Iterative Batch Phase: Min,2737,1,White,TRUE,42,FALSE,FALSE,7,white_male_high
17,Iterative Batch Phase: Min,2738,0,Asian,FALSE,19,FALSE,FALSE,3,black_female_high
0,Warmup,2739,0,White,FALSE,58,FALSE,FALSE,8,white_male_low
100,Validation,2740,1,Black or African American,FALSE,19,FALSE,FALSE,5,black_male_high
4,Iterative Batch Phase: Max,2741,0,White,FALSE,33,FALSE,FALSE,5,black_male_high
100,Validation,2742,1,Black or African American,TRUE,49,FALSE,FALSE,6,black_male_low
14,Iterative Batch Phase: Min,2743,1,White,FALSE,60,FALSE,FALSE,5,black_male_high
2,Iterative Batch Phase: Max,2744,1,White,TRUE,41,FALSE,FALSE,5,black_male_high
100,Validation,2745,1,White,TRUE,24,FALSE,FALSE,5,black_male_high
100,Validation,2746,0,White,TRUE,64,FALSE,FALSE,6,black_male_low
100,Validation,2747,1,Black or African American,TRUE,30,FALSE,FALSE,6,black_male_low
3,Iterative Batch Phase: Max,2748,1,White,TRUE,37,FALSE,FALSE,5,black_male_high
18,Iterative Batch Phase: Min,2749,1,White,TRUE,,FALSE,FALSE,4,black_female_low
4,Iterative Batch Phase: Max,2750,0,Two or More Races,TRUE,57,FALSE,FALSE,5,black_male_high
6,Iterative Batch Phase: Min,2751,1,White,FALSE,27,FALSE,FALSE,6,black_male_low
2,Iterative Batch Phase: Min,2752,1,White,FALSE,24,FALSE,FALSE,1,white_female_high
100,Validation,2753,1,White,FALSE,23,TRUE,FALSE,6,black_male_low
1,Iterative Batch Phase: Min,2754,0,White,FALSE,36,FALSE,FALSE,7,white_male_high
100,Validation,2755,0,White,TRUE,69,FALSE,FALSE,6,black_male_low
100,Validation,2756,1,Two or More Races,TRUE,27,TRUE,FALSE,5,black_male_high
1,Iterative Batch Phase: Max,2757,1,White,TRUE,40,FALSE,FALSE,5,black_male_high
2,Iterative Batch Phase: Max,2758,1,White,TRUE,46,FALSE,FALSE,5,black_male_high
100,Validation,2759,1,White,FALSE,29,FALSE,FALSE,6,black_male_low
18,Iterative Batch Phase: Min,2760,0,Two or More Races,TRUE,36,TRUE,FALSE,6,black_male_low
100,Validation,2761,1,White,TRUE,25,FALSE,FALSE,6,black_male_low
100,Validation,2762,1,White,TRUE,36,FALSE,FALSE,5,black_male_high
100,Validation,2763,1,Black or African American,TRUE,,FALSE,TRUE,5,black_male_high
5,Iterative Batch Phase: Min,2764,1,White,FALSE,39,TRUE,FALSE,6,black_male_low
100,Validation,2765,1,White,TRUE,26,FALSE,FALSE,5,black_male_high
18,Iterative Batch Phase: Min,2766,0,White,TRUE,25,FALSE,FALSE,1,white_female_high
100,Validation,2767,1,Asian,TRUE,40,FALSE,FALSE,5,black_male_high
11,Iterative Batch Phase: Min,2768,1,Black or African American,FALSE,46,FALSE,FALSE,6,black_male_low
100,Validation,2769,1,White,FALSE,41,FALSE,FALSE,6,black_male_low
100,Validation,2770,0,White,TRUE,33,FALSE,FALSE,5,black_male_high
100,Validation,2771,1,White,FALSE,36,FALSE,FALSE,5,black_male_high
100,Validation,2772,0,White,TRUE,34,FALSE,FALSE,6,black_male_low
8,Iterative Batch Phase: Min,2773,0,Black or African American,FALSE,26,FALSE,FALSE,2,white_female_low
4,Iterative Batch Phase: Min,2774,0,White,FALSE,60,FALSE,FALSE,2,white_female_low
3,Iterative Batch Phase: Max,2775,1,Asian,TRUE,36,FALSE,FALSE,5,black_male_high
100,Validation,2776,1,White,TRUE,39,FALSE,FALSE,5,black_male_high
100,Validation,2777,1,Other,TRUE,27,TRUE,FALSE,6,black_male_low
100,Validation,2778,1,Black or African American,TRUE,24,FALSE,FALSE,6,black_male_low
100,Validation,2779,1,Asian,TRUE,20,FALSE,FALSE,6,black_male_low
10,Iterative Batch Phase: Min,2780,1,Asian,TRUE,26,FALSE,FALSE,2,white_female_low
2,Iterative Batch Phase: Max,2781,1,White,TRUE,50,FALSE,FALSE,8,white_male_low
2,Iterative Batch Phase: Max,2782,0,White,TRUE,58,FALSE,FALSE,5,black_male_high
100,Validation,2783,1,White,TRUE,23,FALSE,FALSE,6,black_male_low
12,Iterative Batch Phase: Min,2784,0,White,TRUE,64,FALSE,FALSE,4,black_female_low
1,Iterative Batch Phase: Min,2785,1,White,FALSE,22,FALSE,FALSE,3,black_female_high
13,Iterative Batch Phase: Min,2786,1,White,TRUE,44,FALSE,FALSE,6,black_male_low
100,Validation,2787,1,White,TRUE,39,FALSE,FALSE,5,black_male_high
100,Validation,2788,0,White,TRUE,28,FALSE,FALSE,6,black_male_low
18,Iterative Batch Phase: Min,2789,1,Black or African American,TRUE,34,FALSE,FALSE,6,black_male_low
18,Iterative Batch Phase: Min,2790,0,White,TRUE,20,FALSE,FALSE,6,black_male_low
100,Validation,2791,1,White,FALSE,29,FALSE,FALSE,5,black_male_high
12,Iterative Batch Phase: Min,2792,1,White,TRUE,25,FALSE,FALSE,7,white_male_high
3,Iterative Batch Phase: Max,2793,1,White,TRUE,35,FALSE,FALSE,5,black_male_high
100,Validation,2794,1,White,FALSE,46,FALSE,FALSE,6,black_male_low
100,Validation,2795,1,White,FALSE,35,FALSE,FALSE,6,black_male_low
100,Validation,2796,1,White,FALSE,35,FALSE,FALSE,6,black_male_low
100,Validation,2797,1,White,TRUE,39,FALSE,FALSE,5,black_male_high
10,Iterative Batch Phase: Min,2798,1,White,FALSE,33,TRUE,FALSE,3,black_female_high
100,Validation,2799,1,Black or African American,FALSE,35,FALSE,FALSE,5,black_male_high
9,Iterative Batch Phase: Min,2800,1,White,FALSE,48,FALSE,FALSE,6,black_male_low
2,Iterative Batch Phase: Min,2801,1,Asian,FALSE,32,FALSE,FALSE,4,black_female_low
100,Validation,2802,1,White,TRUE,52,FALSE,FALSE,6,black_male_low
17,Iterative Batch Phase: Min,2803,1,White,TRUE,30,FALSE,FALSE,7,white_male_high
19,Iterative Batch Phase: Min,2804,1,Black or African American,TRUE,52,FALSE,FALSE,6,black_male_low
100,Validation,2805,1,White,TRUE,25,FALSE,FALSE,5,black_male_high
100,Validation,2806,1,Asian,TRUE,35,FALSE,FALSE,5,black_male_high
3,Iterative Batch Phase: Min,2807,1,White,TRUE,23,FALSE,FALSE,4,black_female_low
100,Validation,2808,0,White,TRUE,34,FALSE,FALSE,6,black_male_low
100,Validation,2809,1,White,TRUE,30,FALSE,FALSE,5,black_male_high
100,Validation,2810,1,White,TRUE,41,FALSE,FALSE,5,black_male_high
100,Validation,2811,0,White,FALSE,50,FALSE,FALSE,6,black_male_low
3,Iterative Batch Phase: Min,2812,1,White,FALSE,44,FALSE,FALSE,3,black_female_high
100,Validation,2813,1,White,TRUE,64,FALSE,FALSE,5,black_male_high
100,Validation,2814,1,White,TRUE,53,FALSE,FALSE,5,black_male_high
19,Iterative Batch Phase: Min,2815,1,Black or African American,TRUE,38,FALSE,FALSE,3,black_female_high
100,Validation,2816,1,White,FALSE,57,FALSE,FALSE,5,black_male_high
100,Validation,2817,1,White,TRUE,53,FALSE,FALSE,6,black_male_low
7,Iterative Batch Phase: Min,2818,0,Asian,FALSE,24,FALSE,FALSE,4,black_female_low
100,Validation,2819,0,Two or More Races,TRUE,49,TRUE,FALSE,5,black_male_high
100,Validation,2820,0,White,FALSE,50,FALSE,FALSE,5,black_male_high
100,Validation,2821,0,White,FALSE,75,FALSE,FALSE,5,black_male_high
100,Validation,2822,0,Other,TRUE,41,FALSE,FALSE,5,black_male_high
6,Iterative Batch Phase: Min,2823,0,White,FALSE,40,FALSE,FALSE,4,black_female_low
3,Iterative Batch Phase: Min,2824,0,White,TRUE,36,FALSE,FALSE,8,white_male_low
18,Iterative Batch Phase: Min,2825,0,White,FALSE,59,FALSE,FALSE,6,black_male_low
0,Warmup,2826,1,White,FALSE,24,FALSE,FALSE,6,black_male_low
100,Validation,2827,1,White,TRUE,51,FALSE,FALSE,6,black_male_low
100,Validation,2828,1,Black or African American,TRUE,19,FALSE,FALSE,6,black_male_low
6,Iterative Batch Phase: Min,2829,1,Two or More Races,FALSE,34,FALSE,FALSE,7,white_male_high
11,Iterative Batch Phase: Min,2830,1,Two or More Races,FALSE,24,FALSE,FALSE,4,black_female_low
100,Validation,2831,1,White,TRUE,22,FALSE,FALSE,6,black_male_low
4,Iterative Batch Phase: Min,2832,0,White,TRUE,59,FALSE,FALSE,5,black_male_high
14,Iterative Batch Phase: Min,2833,0,Two or More Races,TRUE,48,FALSE,FALSE,1,white_female_high
100,Validation,2834,1,White,TRUE,67,FALSE,FALSE,6,black_male_low
12,Iterative Batch Phase: Min,2835,0,Black or African American,TRUE,23,FALSE,FALSE,5,black_male_high
100,Validation,2836,1,Black or African American,TRUE,37,FALSE,FALSE,5,black_male_high
16,Iterative Batch Phase: Min,2837,1,White,TRUE,41,FALSE,FALSE,4,black_female_low
100,Validation,2838,1,White,TRUE,26,FALSE,FALSE,5,black_male_high
2,Iterative Batch Phase: Min,2839,1,White,FALSE,37,FALSE,FALSE,2,white_female_low
100,Validation,2840,1,White,FALSE,43,FALSE,FALSE,6,black_male_low
8,Iterative Batch Phase: Min,2841,0,White,FALSE,26,FALSE,FALSE,3,black_female_high
100,Validation,2842,1,Two or More Races,TRUE,30,FALSE,FALSE,5,black_male_high
1,Iterative Batch Phase: Min,2843,1,White,FALSE,33,FALSE,TRUE,1,white_female_high
100,Validation,2844,1,Asian,TRUE,22,FALSE,FALSE,5,black_male_high
100,Validation,2845,1,White,TRUE,23,FALSE,FALSE,5,black_male_high
11,Iterative Batch Phase: Min,2846,1,White,TRUE,65,FALSE,FALSE,6,black_male_low
100,Validation,2847,1,White,TRUE,21,FALSE,FALSE,5,black_male_high
18,Iterative Batch Phase: Min,2848,0,White,FALSE,36,FALSE,FALSE,6,black_male_low
100,Validation,2849,0,White,TRUE,33,TRUE,FALSE,6,black_male_low
18,Iterative Batch Phase: Min,2850,0,White,TRUE,33,FALSE,FALSE,6,black_male_low
19,Iterative Batch Phase: Min,2851,1,Two or More Races,TRUE,33,FALSE,FALSE,6,black_male_low
100,Validation,2852,1,White,TRUE,30,FALSE,FALSE,6,black_male_low
100,Validation,2853,1,White,TRUE,51,FALSE,FALSE,5,black_male_high
0,Warmup,2854,1,Black or African American,FALSE,29,FALSE,FALSE,5,black_male_high
9,Iterative Batch Phase: Min,2855,1,White,TRUE,35,FALSE,FALSE,4,black_female_low
14,Iterative Batch Phase: Min,2856,1,White,FALSE,35,FALSE,FALSE,4,black_female_low
100,Validation,2857,1,White,TRUE,43,FALSE,FALSE,6,black_male_low
17,Iterative Batch Phase: Min,2858,1,White,TRUE,33,FALSE,FALSE,6,black_male_low
4,Iterative Batch Phase: Max,2859,1,Black or African American,FALSE,34,FALSE,FALSE,5,black_male_high
100,Validation,2860,1,White,FALSE,35,TRUE,FALSE,6,black_male_low
100,Validation,2861,0,White,FALSE,40,FALSE,FALSE,6,black_male_low
100,Validation,2862,1,White,FALSE,40,FALSE,FALSE,5,black_male_high
4,Iterative Batch Phase: Max,2863,0,Two or More Races,FALSE,63,FALSE,FALSE,5,black_male_high
100,Validation,2864,0,White,FALSE,41,FALSE,FALSE,6,black_male_low
100,Validation,2865,1,Two or More Races,TRUE,35,FALSE,FALSE,5,black_male_high
100,Validation,2866,1,White,TRUE,26,FALSE,FALSE,5,black_male_high
12,Iterative Batch Phase: Min,2867,0,Black or African American,FALSE,50,FALSE,FALSE,2,white_female_low
100,Validation,2868,1,White,TRUE,66,FALSE,FALSE,6,black_male_low
100,Validation,2869,1,White,TRUE,52,TRUE,FALSE,6,black_male_low
100,Validation,2870,0,White,FALSE,53,FALSE,FALSE,6,black_male_low
10,Iterative Batch Phase: Min,2871,0,White,FALSE,34,FALSE,FALSE,4,black_female_low
14,Iterative Batch Phase: Min,2872,1,Asian,TRUE,32,FALSE,FALSE,2,white_female_low
1,Iterative Batch Phase: Max,2873,0,White,FALSE,33,FALSE,FALSE,6,black_male_low
100,Validation,2874,1,White,FALSE,40,FALSE,FALSE,6,black_male_low
100,Validation,2875,1,White,TRUE,43,FALSE,FALSE,6,black_male_low
11,Iterative Batch Phase: Min,2876,1,Black or African American,FALSE,31,FALSE,FALSE,6,black_male_low
7,Iterative Batch Phase: Min,2877,1,White,TRUE,28,FALSE,FALSE,4,black_female_low
0,Warmup,2878,1,White,TRUE,25,FALSE,FALSE,8,white_male_low
100,Validation,2879,1,White,FALSE,80,FALSE,FALSE,5,black_male_high
2,Iterative Batch Phase: Min,2880,1,Two or More Races,FALSE,46,FALSE,FALSE,1,white_female_high
3,Iterative Batch Phase: Max,2881,0,White,TRUE,72,FALSE,FALSE,5,black_male_high
100,Validation,2882,1,Black or African American,TRUE,23,FALSE,FALSE,6,black_male_low
10,Iterative Batch Phase: Min,2883,1,Two or More Races,FALSE,40,FALSE,FALSE,1,white_female_high
0,Warmup,2884,0,Asian,FALSE,24,FALSE,FALSE,6,black_male_low
1,Iterative Batch Phase: Max,2885,1,White,FALSE,41,FALSE,FALSE,5,black_male_high
100,Validation,2886,0,White,TRUE,25,FALSE,FALSE,6,black_male_low
20,Iterative Batch Phase: Min,2887,1,White,FALSE,34,FALSE,FALSE,5,black_male_high
100,Validation,2888,1,White,TRUE,45,FALSE,FALSE,6,black_male_low
11,Iterative Batch Phase: Min,2889,1,White,FALSE,52,FALSE,FALSE,4,black_female_low
100,Validation,2890,0,White,FALSE,29,FALSE,FALSE,5,black_male_high
17,Iterative Batch Phase: Min,2891,1,Asian,FALSE,39,FALSE,FALSE,6,black_male_low
19,Iterative Batch Phase: Min,2892,1,White,FALSE,33,FALSE,FALSE,8,white_male_low
3,Iterative Batch Phase: Max,2893,1,White,FALSE,38,FALSE,FALSE,5,black_male_high
18,Iterative Batch Phase: Min,2894,1,Two or More Races,FALSE,51,FALSE,FALSE,6,black_male_low
14,Iterative Batch Phase: Min,2895,1,White,TRUE,58,FALSE,FALSE,7,white_male_high
100,Validation,2896,1,Asian,TRUE,22,FALSE,FALSE,6,black_male_low
100,Validation,2897,1,Two or More Races,TRUE,32,FALSE,FALSE,5,black_male_high
16,Iterative Batch Phase: Min,2898,1,White,TRUE,54,FALSE,FALSE,6,black_male_low
8,Iterative Batch Phase: Min,2899,1,White,TRUE,68,FALSE,FALSE,3,black_female_high
100,Validation,2900,1,Other,TRUE,27,TRUE,FALSE,6,black_male_low
100,Validation,2901,1,White,FALSE,31,FALSE,FALSE,6,black_male_low
100,Validation,2902,1,White,TRUE,23,FALSE,FALSE,5,black_male_high
10,Iterative Batch Phase: Min,2903,1,Black or African American,TRUE,29,FALSE,FALSE,6,black_male_low
3,Iterative Batch Phase: Max,2904,1,Native Hawaiian or Other Pacific Islander,FALSE,28,FALSE,FALSE,5,black_male_high
100,Validation,2905,0,Black or African American,FALSE,52,FALSE,FALSE,6,black_male_low
17,Iterative Batch Phase: Min,2906,1,Other,TRUE,29,FALSE,FALSE,4,black_female_low
100,Validation,2907,1,White,TRUE,22,FALSE,FALSE,5,black_male_high
6,Iterative Batch Phase: Min,2908,1,White,TRUE,66,FALSE,FALSE,6,black_male_low
100,Validation,2909,0,White,FALSE,29,FALSE,FALSE,6,black_male_low
100,Validation,2910,1,Asian,TRUE,,FALSE,TRUE,6,black_male_low
100,Validation,2911,1,White,TRUE,77,FALSE,FALSE,6,black_male_low
100,Validation,2912,0,White,TRUE,28,TRUE,FALSE,6,black_male_low
100,Validation,2913,1,White,TRUE,22,TRUE,FALSE,6,black_male_low
100,Validation,2914,1,White,FALSE,35,FALSE,FALSE,5,black_male_high
15,Iterative Batch Phase: Min,2915,0,Two or More Races,FALSE,28,FALSE,FALSE,6,black_male_low
20,Iterative Batch Phase: Min,2916,0,Two or More Races,TRUE,30,TRUE,FALSE,8,white_male_low
0,Warmup,2917,1,White,FALSE,66,FALSE,FALSE,3,black_female_high
6,Iterative Batch Phase: Min,2918,0,White,FALSE,40,FALSE,FALSE,5,black_male_high
3,Iterative Batch Phase: Max,2919,1,White,FALSE,38,FALSE,FALSE,5,black_male_high
7,Iterative Batch Phase: Min,2920,1,White,TRUE,60,FALSE,FALSE,2,white_female_low
9,Iterative Batch Phase: Min,2921,1,White,TRUE,52,FALSE,FALSE,7,white_male_high
100,Validation,2922,1,Asian,TRUE,30,FALSE,FALSE,5,black_male_high
100,Validation,2923,1,White,TRUE,24,FALSE,FALSE,6,black_male_low
1,Iterative Batch Phase: Max,2924,0,White,FALSE,53,FALSE,FALSE,8,white_male_low
4,Iterative Batch Phase: Min,2925,1,Black or African American,TRUE,42,FALSE,FALSE,6,black_male_low
18,Iterative Batch Phase: Min,2926,1,Asian,FALSE,24,FALSE,FALSE,6,black_male_low
14,Iterative Batch Phase: Min,2927,1,White,TRUE,32,FALSE,FALSE,5,black_male_high
10,Iterative Batch Phase: Min,2928,0,Asian,FALSE,51,FALSE,FALSE,4,black_female_low
100,Validation,2929,0,White,FALSE,38,FALSE,FALSE,6,black_male_low
100,Validation,2930,1,White,TRUE,52,FALSE,FALSE,5,black_male_high
100,Validation,2931,1,White,FALSE,36,FALSE,FALSE,5,black_male_high
100,Validation,2932,1,White,TRUE,28,FALSE,FALSE,5,black_male_high
100,Validation,2933,1,White,TRUE,59,TRUE,FALSE,6,black_male_low
100,Validation,2934,0,White,TRUE,21,TRUE,FALSE,6,black_male_low
19,Iterative Batch Phase: Min,2935,1,Two or More Races,FALSE,31,FALSE,FALSE,6,black_male_low
100,Validation,2936,1,White,FALSE,61,FALSE,FALSE,5,black_male_high
7,Iterative Batch Phase: Min,2937,0,White,TRUE,34,TRUE,FALSE,7,white_male_high
8,Iterative Batch Phase: Min,2938,1,White,FALSE,38,FALSE,FALSE,8,white_male_low
100,Validation,2939,1,White,FALSE,33,FALSE,FALSE,6,black_male_low
100,Validation,2940,0,White,TRUE,56,FALSE,FALSE,5,black_male_high
100,Validation,2941,1,White,TRUE,25,FALSE,FALSE,6,black_male_low
2,Iterative Batch Phase: Min,2942,1,Asian,FALSE,33,FALSE,FALSE,1,white_female_high
100,Validation,2943,1,White,TRUE,68,FALSE,FALSE,6,black_male_low
100,Validation,2944,1,White,FALSE,34,TRUE,FALSE,5,black_male_high
14,Iterative Batch Phase: Min,2945,1,Asian,TRUE,40,FALSE,FALSE,4,black_female_low
2,Iterative Batch Phase: Min,2946,1,White,FALSE,32,FALSE,FALSE,3,black_female_high
100,Validation,2947,0,Asian,TRUE,38,FALSE,FALSE,6,black_male_low
100,Validation,2948,0,White,FALSE,58,FALSE,FALSE,5,black_male_high
1,Iterative Batch Phase: Min,2949,1,White,FALSE,56,FALSE,FALSE,4,black_female_low
1,Iterative Batch Phase: Max,2950,1,White,FALSE,34,FALSE,FALSE,6,black_male_low
16,Iterative Batch Phase: Min,2951,1,American Indian or Alaska Native,TRUE,38,FALSE,FALSE,4,black_female_low
100,Validation,2952,0,White,FALSE,70,FALSE,FALSE,6,black_male_low
100,Validation,2953,0,White,TRUE,30,FALSE,FALSE,6,black_male_low
20,Iterative Batch Phase: Min,2954,1,Asian,FALSE,34,FALSE,FALSE,6,black_male_low
4,Iterative Batch Phase: Min,2955,1,Asian,FALSE,28,FALSE,FALSE,7,white_male_high
20,Iterative Batch Phase: Min,2956,1,White,TRUE,47,FALSE,FALSE,6,black_male_low
100,Validation,2957,1,White,TRUE,36,FALSE,FALSE,6,black_male_low
100,Validation,2958,1,White,TRUE,60,FALSE,FALSE,6,black_male_low
12,Iterative Batch Phase: Min,2959,0,White,FALSE,35,FALSE,FALSE,4,black_female_low
1,Iterative Batch Phase: Min,2960,0,White,FALSE,68,FALSE,FALSE,1,white_female_high
100,Validation,2961,1,White,TRUE,52,FALSE,FALSE,6,black_male_low
3,Iterative Batch Phase: Max,2962,1,White,FALSE,51,FALSE,FALSE,5,black_male_high
17,Iterative Batch Phase: Min,2963,0,White,TRUE,26,FALSE,FALSE,6,black_male_low
17,Iterative Batch Phase: Min,2964,1,White,FALSE,31,FALSE,TRUE,6,black_male_low
100,Validation,2965,1,Black or African American,TRUE,62,FALSE,FALSE,5,black_male_high
100,Validation,2966,1,White,TRUE,21,FALSE,FALSE,5,black_male_high
14,Iterative Batch Phase: Min,2967,0,Black or African American,TRUE,49,FALSE,FALSE,8,white_male_low
100,Validation,2968,0,White,TRUE,69,FALSE,FALSE,6,black_male_low
4,Iterative Batch Phase: Min,2969,1,Asian,FALSE,19,FALSE,FALSE,4,black_female_low
7,Iterative Batch Phase: Min,2970,1,White,TRUE,72,FALSE,FALSE,6,black_male_low
1,Iterative Batch Phase: Min,2971,1,White,FALSE,38,FALSE,FALSE,4,black_female_low
2,Iterative Batch Phase: Max,2972,1,White,FALSE,29,FALSE,FALSE,4,black_female_low
100,Validation,2973,0,Black or African American,TRUE,57,FALSE,FALSE,5,black_male_high
13,Iterative Batch Phase: Min,2974,1,Asian,TRUE,28,FALSE,FALSE,1,white_female_high
100,Validation,2975,0,White,TRUE,22,TRUE,FALSE,6,black_male_low
100,Validation,2976,0,White,TRUE,23,FALSE,FALSE,5,black_male_high
1,Iterative Batch Phase: Max,2977,1,White,FALSE,30,FALSE,FALSE,8,white_male_low
100,Validation,2978,1,Asian,TRUE,28,FALSE,FALSE,6,black_male_low
0,Warmup,2979,1,Two or More Races,TRUE,31,TRUE,FALSE,6,black_male_low
100,Validation,2980,1,Other,FALSE,21,TRUE,FALSE,6,black_male_low
100,Validation,2981,0,White,TRUE,67,FALSE,FALSE,6,black_male_low
3,Iterative Batch Phase: Min,2982,0,Black or African American,FALSE,39,FALSE,FALSE,3,black_female_high
100,Validation,2983,1,White,TRUE,29,FALSE,FALSE,6,black_male_low
12,Iterative Batch Phase: Min,2984,1,White,FALSE,35,FALSE,FALSE,6,black_male_low
100,Validation,2985,0,White,FALSE,39,FALSE,FALSE,5,black_male_high
4,Iterative Batch Phase: Min,2986,1,White,FALSE,30,FALSE,TRUE,2,white_female_low
17,Iterative Batch Phase: Min,2987,1,Prefer not to disclose,FALSE,53,FALSE,TRUE,5,black_male_high
0,Warmup,2988,1,White,TRUE,36,FALSE,FALSE,5,black_male_high
0,Warmup,2989,1,White,TRUE,33,FALSE,FALSE,7,white_male_high
0,Warmup,2990,1,Asian,TRUE,29,FALSE,FALSE,6,black_male_low
3,Iterative Batch Phase: Min,2991,0,White,TRUE,64,FALSE,FALSE,5,black_male_high
0,Warmup,2992,1,Asian,FALSE,35,FALSE,FALSE,5,black_male_high
100,Validation,2993,1,White,TRUE,29,FALSE,FALSE,5,black_male_high
12,Iterative Batch Phase: Min,2994,1,White,FALSE,41,FALSE,FALSE,4,black_female_low
0,Warmup,2995,1,White,TRUE,37,FALSE,FALSE,2,white_female_low
100,Validation,2996,1,Two or More Races,FALSE,26,TRUE,FALSE,6,black_male_low
100,Validation,2997,1,White,FALSE,54,FALSE,FALSE,5,black_male_high
11,Iterative Batch Phase: Min,2998,0,Black or African American,TRUE,66,FALSE,FALSE,6,black_male_low
0,Warmup,2999,1,Other,TRUE,25,TRUE,FALSE,1,white_female_high
14,Iterative Batch Phase: Min,3000,1,White,FALSE,37,FALSE,FALSE,4,black_female_low
1,Iterative Batch Phase: Max,3001,1,White,FALSE,29,FALSE,FALSE,6,black_male_low
13,Iterative Batch Phase: Min,3002,1,White,TRUE,62,FALSE,FALSE,4,black_female_low
100,Validation,3003,1,White,TRUE,22,FALSE,FALSE,5,black_male_high
10,Iterative Batch Phase: Min,3004,1,Black or African American,FALSE,27,TRUE,FALSE,4,black_female_low
100,Validation,3005,1,White,TRUE,35,FALSE,FALSE,5,black_male_high
3,Iterative Batch Phase: Max,3006,1,White,FALSE,26,FALSE,FALSE,8,white_male_low
2,Iterative Batch Phase: Max,3007,1,Asian,TRUE,28,FALSE,FALSE,2,white_female_low
3,Iterative Batch Phase: Max,3008,1,Asian,FALSE,30,FALSE,FALSE,2,white_female_low
100,Validation,3009,1,Asian,FALSE,44,FALSE,FALSE,6,black_male_low
17,Iterative Batch Phase: Min,3010,1,Black or African American,TRUE,36,FALSE,FALSE,2,white_female_low
12,Iterative Batch Phase: Min,3011,0,White,TRUE,61,FALSE,FALSE,4,black_female_low
100,Validation,3012,1,White,TRUE,26,FALSE,FALSE,5,black_male_high
100,Validation,3013,0,White,FALSE,27,FALSE,FALSE,6,black_male_low
100,Validation,3014,0,White,FALSE,25,FALSE,FALSE,6,black_male_low
15,Iterative Batch Phase: Min,3015,0,White,TRUE,60,FALSE,FALSE,4,black_female_low
17,Iterative Batch Phase: Min,3016,0,White,TRUE,63,FALSE,FALSE,6,black_male_low
19,Iterative Batch Phase: Min,3017,0,White,FALSE,43,FALSE,FALSE,6,black_male_low
7,Iterative Batch Phase: Min,3018,1,White,TRUE,36,FALSE,FALSE,4,black_female_low
11,Iterative Batch Phase: Min,3019,1,Black or African American,FALSE,52,FALSE,FALSE,4,black_female_low
20,Iterative Batch Phase: Min,3020,0,Black or African American,FALSE,30,FALSE,FALSE,6,black_male_low
100,Validation,3021,0,Black or African American,TRUE,67,FALSE,FALSE,6,black_male_low
13,Iterative Batch Phase: Min,3022,0,White,FALSE,61,FALSE,FALSE,6,black_male_low
1,Iterative Batch Phase: Max,3023,1,White,TRUE,21,FALSE,FALSE,2,white_female_low
1,Iterative Batch Phase: Max,3024,0,White,FALSE,42,FALSE,FALSE,8,white_male_low
15,Iterative Batch Phase: Min,3025,1,White,TRUE,57,FALSE,FALSE,4,black_female_low
0,Warmup,3026,1,White,FALSE,43,FALSE,FALSE,4,black_female_low
11,Iterative Batch Phase: Min,3027,1,White,FALSE,43,FALSE,FALSE,5,black_male_high
12,Iterative Batch Phase: Min,3028,1,White,FALSE,42,FALSE,FALSE,4,black_female_low
100,Validation,3029,0,White,FALSE,24,FALSE,FALSE,5,black_male_high
18,Iterative Batch Phase: Min,3030,1,White,FALSE,45,FALSE,FALSE,4,black_female_low
100,Validation,3031,1,White,TRUE,35,FALSE,FALSE,5,black_male_high
100,Validation,3032,1,White,FALSE,23,FALSE,FALSE,5,black_male_high
0,Warmup,3033,1,White,TRUE,27,FALSE,FALSE,6,black_male_low
3,Iterative Batch Phase: Max,3034,1,White,FALSE,40,FALSE,FALSE,5,black_male_high
0,Warmup,3035,1,White,FALSE,24,FALSE,FALSE,5,black_male_high
100,Validation,3036,1,White,FALSE,33,FALSE,FALSE,6,black_male_low
100,Validation,3037,1,White,FALSE,65,FALSE,FALSE,5,black_male_high
6,Iterative Batch Phase: Min,3038,1,Black or African American,TRUE,71,FALSE,FALSE,3,black_female_high
0,Warmup,3039,1,Other,TRUE,44,TRUE,FALSE,8,white_male_low
100,Validation,3040,1,Asian,FALSE,20,FALSE,FALSE,6,black_male_low
2,Iterative Batch Phase: Max,3041,1,White,FALSE,31,FALSE,FALSE,5,black_male_high
10,Iterative Batch Phase: Min,3042,0,White,TRUE,33,FALSE,FALSE,4,black_female_low
100,Validation,3043,0,White,TRUE,52,FALSE,FALSE,5,black_male_high
14,Iterative Batch Phase: Min,3044,1,White,TRUE,68,FALSE,FALSE,5,black_male_high
100,Validation,3045,1,White,TRUE,45,FALSE,FALSE,5,black_male_high
100,Validation,3046,1,White,TRUE,28,FALSE,FALSE,5,black_male_high
100,Validation,3047,1,Asian,TRUE,21,FALSE,FALSE,6,black_male_low
13,Iterative Batch Phase: Min,3048,1,Black or African American,TRUE,41,TRUE,FALSE,4,black_female_low
11,Iterative Batch Phase: Min,3049,0,White,TRUE,53,FALSE,FALSE,4,black_female_low
7,Iterative Batch Phase: Min,3050,1,Asian,FALSE,45,FALSE,FALSE,2,white_female_low
100,Validation,3051,1,White,FALSE,24,FALSE,FALSE,5,black_male_high
100,Validation,3052,1,White,FALSE,22,FALSE,TRUE,6,black_male_low
0,Warmup,3053,1,White,FALSE,41,FALSE,FALSE,8,white_male_low
10,Iterative Batch Phase: Min,3054,1,Asian,FALSE,26,FALSE,FALSE,1,white_female_high
17,Iterative Batch Phase: Min,3055,1,White,FALSE,48,FALSE,FALSE,4,black_female_low
100,Validation,3056,0,White,FALSE,64,FALSE,FALSE,5,black_male_high
14,Iterative Batch Phase: Min,3057,1,White,FALSE,26,FALSE,FALSE,6,black_male_low
3,Iterative Batch Phase: Max,3058,0,White,FALSE,38,FALSE,FALSE,5,black_male_high
19,Iterative Batch Phase: Min,3059,1,White,TRUE,69,FALSE,FALSE,6,black_male_low
100,Validation,3060,1,White,TRUE,46,FALSE,FALSE,5,black_male_high
100,Validation,3061,1,White,TRUE,35,FALSE,FALSE,6,black_male_low
20,Iterative Batch Phase: Min,3062,1,White,TRUE,37,FALSE,FALSE,6,black_male_low
100,Validation,3063,1,White,TRUE,26,FALSE,FALSE,6,black_male_low
100,Validation,3064,1,Asian,FALSE,23,FALSE,TRUE,5,black_male_high
7,Iterative Batch Phase: Min,3065,1,White,FALSE,29,FALSE,FALSE,8,white_male_low
0,Warmup,3066,1,Black or African American,TRUE,32,FALSE,FALSE,6,black_male_low
100,Validation,3067,1,White,FALSE,51,FALSE,FALSE,5,black_male_high
0,Warmup,3068,0,White,FALSE,71,FALSE,FALSE,7,white_male_high
100,Validation,3069,1,White,FALSE,50,FALSE,FALSE,5,black_male_high
100,Validation,3070,1,White,FALSE,21,FALSE,FALSE,6,black_male_low
1,Iterative Batch Phase: Max,3071,1,White,TRUE,25,FALSE,FALSE,5,black_male_high
100,Validation,3072,1,White,TRUE,42,FALSE,FALSE,5,black_male_high
100,Validation,3073,1,White,TRUE,43,FALSE,FALSE,5,black_male_high
15,Iterative Batch Phase: Min,3074,0,White,TRUE,32,FALSE,FALSE,4,black_female_low
0,Warmup,3075,1,Prefer not to disclose,TRUE,37,FALSE,TRUE,8,white_male_low
15,Iterative Batch Phase: Min,3076,1,White,FALSE,51,FALSE,FALSE,8,white_male_low
100,Validation,3077,1,White,FALSE,59,FALSE,FALSE,6,black_male_low
100,Validation,3078,1,White,FALSE,52,FALSE,FALSE,6,black_male_low
100,Validation,3079,0,White,TRUE,51,FALSE,FALSE,6,black_male_low
100,Validation,3080,1,Black or African American,TRUE,28,FALSE,FALSE,6,black_male_low
8,Iterative Batch Phase: Min,3081,1,White,FALSE,37,FALSE,FALSE,6,black_male_low
100,Validation,3082,1,White,TRUE,32,FALSE,FALSE,6,black_male_low
17,Iterative Batch Phase: Min,3083,1,White,TRUE,26,FALSE,FALSE,6,black_male_low
100,Validation,3084,1,White,TRUE,41,FALSE,FALSE,6,black_male_low
100,Validation,3085,0,White,TRUE,35,FALSE,FALSE,6,black_male_low
5,Iterative Batch Phase: Min,3086,0,White,TRUE,64,FALSE,FALSE,6,black_male_low
100,Validation,3087,1,Black or African American,TRUE,37,FALSE,FALSE,6,black_male_low
100,Validation,3088,0,Other,FALSE,35,TRUE,FALSE,6,black_male_low
100,Validation,3089,1,White,TRUE,25,FALSE,FALSE,6,black_male_low
100,Validation,3090,1,Two or More Races,FALSE,30,FALSE,FALSE,5,black_male_high
2,Iterative Batch Phase: Min,3091,1,White,TRUE,69,FALSE,FALSE,1,white_female_high
8,Iterative Batch Phase: Min,3092,0,Black or African American,TRUE,43,FALSE,FALSE,7,white_male_high
100,Validation,3093,1,White,TRUE,37,FALSE,FALSE,5,black_male_high
2,Iterative Batch Phase: Max,3094,1,White,FALSE,37,FALSE,FALSE,8,white_male_low
7,Iterative Batch Phase: Min,3095,1,White,FALSE,49,FALSE,FALSE,4,black_female_low
0,Warmup,3096,1,White,FALSE,38,FALSE,FALSE,3,black_female_high
12,Iterative Batch Phase: Min,3097,1,White,FALSE,58,FALSE,FALSE,3,black_female_high
100,Validation,3098,1,Asian,FALSE,50,FALSE,FALSE,6,black_male_low
0,Warmup,3099,0,Two or More Races,FALSE,23,FALSE,FALSE,4,black_female_low
4,Iterative Batch Phase: Max,3100,1,White,FALSE,21,FALSE,FALSE,5,black_male_high
2,Iterative Batch Phase: Min,3101,1,White,FALSE,30,FALSE,FALSE,2,white_female_low
9,Iterative Batch Phase: Min,3102,1,Asian,FALSE,42,FALSE,FALSE,7,white_male_high
6,Iterative Batch Phase: Min,3103,1,Black or African American,FALSE,39,FALSE,FALSE,3,black_female_high
100,Validation,3104,1,White,TRUE,59,FALSE,FALSE,5,black_male_high
100,Validation,3105,1,Black or African American,FALSE,50,FALSE,FALSE,5,black_male_high
2,Iterative Batch Phase: Min,3106,1,White,TRUE,44,FALSE,FALSE,5,black_male_high
4,Iterative Batch Phase: Max,3107,0,White,FALSE,29,FALSE,FALSE,5,black_male_high
3,Iterative Batch Phase: Min,3108,0,White,FALSE,31,FALSE,FALSE,6,black_male_low
100,Validation,3109,1,White,FALSE,34,FALSE,FALSE,6,black_male_low
1,Iterative Batch Phase: Max,3110,1,White,FALSE,29,FALSE,FALSE,2,white_female_low
100,Validation,3111,0,White,FALSE,38,FALSE,FALSE,5,black_male_high
16,Iterative Batch Phase: Min,3112,1,Black or African American,TRUE,43,FALSE,FALSE,6,black_male_low
100,Validation,3113,1,White,TRUE,47,FALSE,FALSE,5,black_male_high
6,Iterative Batch Phase: Min,3114,1,Black or African American,TRUE,44,FALSE,FALSE,3,black_female_high
100,Validation,3115,1,Black or African American,TRUE,44,FALSE,FALSE,6,black_male_low
100,Validation,3116,1,White,TRUE,23,FALSE,FALSE,5,black_male_high
0,Warmup,3117,1,White,FALSE,50,FALSE,FALSE,8,white_male_low
100,Validation,3118,1,White,FALSE,28,FALSE,FALSE,5,black_male_high
12,Iterative Batch Phase: Min,3119,1,White,FALSE,30,FALSE,FALSE,2,white_female_low
0,Warmup,3120,0,White,FALSE,43,FALSE,FALSE,3,black_female_high
100,Validation,3121,1,White,TRUE,26,FALSE,FALSE,6,black_male_low
100,Validation,3122,0,Other,TRUE,24,TRUE,FALSE,6,black_male_low
0,Warmup,3123,1,Black or African American,TRUE,32,FALSE,FALSE,8,white_male_low
100,Validation,3124,1,White,FALSE,41,FALSE,FALSE,6,black_male_low
4,Iterative Batch Phase: Min,3125,0,Asian,FALSE,31,FALSE,FALSE,2,white_female_low
16,Iterative Batch Phase: Min,3126,1,Asian,TRUE,37,FALSE,FALSE,6,black_male_low
100,Validation,3127,1,White,TRUE,29,FALSE,FALSE,6,black_male_low
7,Iterative Batch Phase: Min,3128,1,Native Hawaiian or Other Pacific Islander,FALSE,28,TRUE,FALSE,6,black_male_low
5,Iterative Batch Phase: Min,3129,0,White,TRUE,57,FALSE,FALSE,6,black_male_low
100,Validation,3130,0,Asian,FALSE,31,FALSE,FALSE,6,black_male_low
12,Iterative Batch Phase: Min,3131,1,White,FALSE,62,FALSE,FALSE,3,black_female_high
100,Validation,3132,1,White,FALSE,30,FALSE,FALSE,6,black_male_low
4,Iterative Batch Phase: Max,3133,1,Other,TRUE,28,TRUE,FALSE,5,black_male_high
16,Iterative Batch Phase: Min,3134,0,Other,FALSE,29,TRUE,FALSE,4,black_female_low
2,Iterative Batch Phase: Max,3135,1,White,TRUE,70,FALSE,FALSE,5,black_male_high
20,Iterative Batch Phase: Min,3136,1,Asian,FALSE,56,FALSE,FALSE,1,white_female_high
1,Iterative Batch Phase: Min,3137,1,White,FALSE,22,FALSE,FALSE,1,white_female_high
5,Iterative Batch Phase: Min,3138,1,White,TRUE,51,FALSE,FALSE,6,black_male_low
4,Iterative Batch Phase: Max,3139,1,Two or More Races,FALSE,39,FALSE,FALSE,5,black_male_high
100,Validation,3140,1,White,TRUE,61,FALSE,FALSE,5,black_male_high
100,Validation,3141,1,White,FALSE,42,FALSE,FALSE,6,black_male_low
100,Validation,3142,1,White,FALSE,31,FALSE,FALSE,5,black_male_high
8,Iterative Batch Phase: Min,3143,1,Black or African American,TRUE,28,FALSE,FALSE,6,black_male_low
5,Iterative Batch Phase: Min,3144,0,White,TRUE,69,FALSE,FALSE,6,black_male_low
7,Iterative Batch Phase: Min,3145,0,White,TRUE,59,FALSE,FALSE,4,black_female_low
0,Warmup,3146,1,White,TRUE,63,FALSE,FALSE,6,black_male_low
1,Iterative Batch Phase: Max,3147,1,White,TRUE,31,FALSE,FALSE,6,black_male_low
100,Validation,3148,1,White,TRUE,47,FALSE,FALSE,6,black_male_low
7,Iterative Batch Phase: Min,3149,0,White,FALSE,48,FALSE,FALSE,7,white_male_high
100,Validation,3150,0,White,TRUE,27,FALSE,FALSE,6,black_male_low
18,Iterative Batch Phase: Min,3151,1,White,FALSE,32,FALSE,FALSE,6,black_male_low
100,Validation,3152,0,White,TRUE,46,FALSE,FALSE,6,black_male_low
6,Iterative Batch Phase: Min,3153,1,White,TRUE,52,FALSE,FALSE,3,black_female_high
0,Warmup,3154,1,White,FALSE,29,FALSE,FALSE,3,black_female_high
9,Iterative Batch Phase: Min,3155,1,Two or More Races,TRUE,48,FALSE,FALSE,6,black_male_low
4,Iterative Batch Phase: Min,3156,1,White,FALSE,37,FALSE,FALSE,2,white_female_low
2,Iterative Batch Phase: Min,3157,1,White,FALSE,50,FALSE,FALSE,2,white_female_low
100,Validation,3158,1,White,TRUE,29,FALSE,FALSE,6,black_male_low
100,Validation,3159,0,Asian,TRUE,32,FALSE,FALSE,5,black_male_high
15,Iterative Batch Phase: Min,3160,0,White,FALSE,70,FALSE,FALSE,4,black_female_low
100,Validation,3161,1,White,TRUE,23,FALSE,FALSE,6,black_male_low
100,Validation,3162,1,Two or More Races,TRUE,24,FALSE,FALSE,5,black_male_high
19,Iterative Batch Phase: Min,3163,0,White,FALSE,61,FALSE,FALSE,6,black_male_low
100,Validation,3164,0,White,TRUE,25,FALSE,FALSE,6,black_male_low
100,Validation,3165,1,Black or African American,TRUE,36,FALSE,FALSE,6,black_male_low
19,Iterative Batch Phase: Min,3166,1,White,TRUE,27,FALSE,FALSE,6,black_male_low
2,Iterative Batch Phase: Min,3167,1,White,TRUE,22,FALSE,FALSE,7,white_male_high
100,Validation,3168,1,Prefer not to disclose,FALSE,37,FALSE,TRUE,5,black_male_high
100,Validation,3169,1,Black or African American,FALSE,27,FALSE,FALSE,6,black_male_low
100,Validation,3170,1,White,TRUE,21,FALSE,FALSE,5,black_male_high
17,Iterative Batch Phase: Min,3171,1,White,TRUE,43,FALSE,FALSE,6,black_male_low
2,Iterative Batch Phase: Max,3172,1,White,FALSE,39,FALSE,FALSE,5,black_male_high
100,Validation,3173,0,White,TRUE,50,FALSE,FALSE,6,black_male_low
16,Iterative Batch Phase: Min,3174,1,White,TRUE,22,FALSE,FALSE,6,black_male_low
5,Iterative Batch Phase: Min,3175,1,White,FALSE,56,FALSE,FALSE,3,black_female_high
100,Validation,3176,1,White,TRUE,56,FALSE,FALSE,5,black_male_high
2,Iterative Batch Phase: Min,3177,1,White,FALSE,54,FALSE,FALSE,6,black_male_low
17,Iterative Batch Phase: Min,3178,1,White,TRUE,42,FALSE,FALSE,2,white_female_low
3,Iterative Batch Phase: Min,3179,1,White,TRUE,34,FALSE,FALSE,3,black_female_high
12,Iterative Batch Phase: Min,3180,1,Asian,FALSE,39,FALSE,FALSE,5,black_male_high
100,Validation,3181,1,White,TRUE,24,TRUE,FALSE,6,black_male_low
15,Iterative Batch Phase: Min,3182,0,Asian,TRUE,32,FALSE,FALSE,4,black_female_low
0,Warmup,3183,1,Two or More Races,TRUE,38,FALSE,FALSE,3,black_female_high
2,Iterative Batch Phase: Min,3184,1,White,TRUE,61,TRUE,FALSE,2,white_female_low
3,Iterative Batch Phase: Max,3185,1,White,TRUE,60,FALSE,FALSE,5,black_male_high
100,Validation,3186,1,White,TRUE,35,FALSE,FALSE,5,black_male_high
0,Warmup,3187,1,Two or More Races,TRUE,29,FALSE,FALSE,8,white_male_low
4,Iterative Batch Phase: Max,3188,1,White,FALSE,33,FALSE,FALSE,5,black_male_high
100,Validation,3189,0,White,FALSE,36,FALSE,FALSE,5,black_male_high
4,Iterative Batch Phase: Max,3190,1,White,FALSE,39,FALSE,FALSE,5,black_male_high
100,Validation,3191,1,White,FALSE,37,FALSE,FALSE,5,black_male_high
3,Iterative Batch Phase: Max,3192,0,White,TRUE,55,FALSE,FALSE,5,black_male_high
100,Validation,3193,1,Black or African American,TRUE,29,FALSE,FALSE,5,black_male_high
100,Validation,3194,0,Black or African American,TRUE,31,FALSE,FALSE,5,black_male_high
100,Validation,3195,1,Asian,FALSE,37,FALSE,FALSE,5,black_male_high
2,Iterative Batch Phase: Max,3196,1,Asian,TRUE,48,FALSE,FALSE,5,black_male_high
4,Iterative Batch Phase: Min,3197,1,White,FALSE,34,FALSE,FALSE,3,black_female_high
100,Validation,3198,1,Asian,FALSE,22,FALSE,FALSE,5,black_male_high
100,Validation,3199,1,Two or More Races,FALSE,24,FALSE,FALSE,5,black_male_high
14,Iterative Batch Phase: Min,3200,1,White,TRUE,30,FALSE,FALSE,4,black_female_low
0,Warmup,3201,0,White,TRUE,24,FALSE,FALSE,7,white_male_high
0,Warmup,3202,1,Black or African American,TRUE,53,FALSE,FALSE,8,white_male_low
1,Iterative Batch Phase: Min,3203,1,White,TRUE,40,FALSE,FALSE,7,white_male_high
100,Validation,3204,1,White,FALSE,26,FALSE,FALSE,6,black_male_low
100,Validation,3205,1,Asian,TRUE,21,FALSE,FALSE,6,black_male_low
18,Iterative Batch Phase: Min,3206,1,White,TRUE,57,FALSE,FALSE,2,white_female_low
100,Validation,3207,1,White,TRUE,55,FALSE,FALSE,5,black_male_high
2,Iterative Batch Phase: Min,3208,0,White,FALSE,41,FALSE,FALSE,5,black_male_high
100,Validation,3209,1,White,FALSE,37,FALSE,FALSE,5,black_male_high
100,Validation,3210,1,Asian,FALSE,36,FALSE,FALSE,6,black_male_low
19,Iterative Batch Phase: Min,3211,1,Black or African American,TRUE,41,FALSE,FALSE,1,white_female_high
17,Iterative Batch Phase: Min,3212,0,Black or African American,TRUE,52,FALSE,FALSE,4,black_female_low
2,Iterative Batch Phase: Max,3213,1,White,FALSE,20,TRUE,FALSE,1,white_female_high
2,Iterative Batch Phase: Min,3214,1,White,FALSE,28,FALSE,FALSE,6,black_male_low
0,Warmup,3215,1,Other,TRUE,60,FALSE,FALSE,4,black_female_low
0,Warmup,3216,0,White,FALSE,45,FALSE,FALSE,8,white_male_low
5,Iterative Batch Phase: Min,3217,1,Two or More Races,TRUE,36,TRUE,FALSE,5,black_male_high
3,Iterative Batch Phase: Max,3218,1,White,TRUE,27,FALSE,FALSE,5,black_male_high
14,Iterative Batch Phase: Min,3219,1,White,TRUE,34,FALSE,FALSE,4,black_female_low
11,Iterative Batch Phase: Min,3220,1,Asian,FALSE,28,FALSE,FALSE,2,white_female_low
100,Validation,3221,1,White,TRUE,28,FALSE,FALSE,5,black_male_high
13,Iterative Batch Phase: Min,3222,1,Prefer not to disclose,TRUE,41,FALSE,TRUE,4,black_female_low
12,Iterative Batch Phase: Min,3223,1,White,FALSE,57,TRUE,FALSE,5,black_male_high
20,Iterative Batch Phase: Min,3224,1,Black or African American,TRUE,32,FALSE,FALSE,6,black_male_low
100,Validation,3225,0,White,FALSE,35,FALSE,FALSE,6,black_male_low
13,Iterative Batch Phase: Min,3226,1,White,FALSE,34,FALSE,FALSE,5,black_male_high
3,Iterative Batch Phase: Max,3227,1,White,FALSE,19,FALSE,FALSE,5,black_male_high
100,Validation,3228,0,White,TRUE,54,FALSE,FALSE,6,black_male_low
4,Iterative Batch Phase: Min,3229,1,White,TRUE,45,FALSE,FALSE,7,white_male_high
100,Validation,3230,1,White,TRUE,50,FALSE,FALSE,5,black_male_high
20,Iterative Batch Phase: Min,3231,1,White,TRUE,51,FALSE,FALSE,6,black_male_low
100,Validation,3232,1,White,TRUE,69,FALSE,FALSE,5,black_male_high
3,Iterative Batch Phase: Max,3233,1,White,FALSE,32,FALSE,FALSE,5,black_male_high
1,Iterative Batch Phase: Max,3234,1,White,FALSE,64,FALSE,FALSE,6,black_male_low
100,Validation,3235,0,White,TRUE,59,FALSE,FALSE,5,black_male_high
9,Iterative Batch Phase: Min,3236,1,White,TRUE,50,FALSE,FALSE,7,white_male_high
10,Iterative Batch Phase: Min,3237,1,White,TRUE,27,FALSE,FALSE,3,black_female_high
100,Validation,3238,1,White,TRUE,30,FALSE,FALSE,5,black_male_high
100,Validation,3239,1,American Indian or Alaska Native,FALSE,42,FALSE,FALSE,5,black_male_high
100,Validation,3240,1,Asian,FALSE,48,FALSE,FALSE,6,black_male_low
100,Validation,3241,0,White,TRUE,40,FALSE,FALSE,6,black_male_low
0,Warmup,3242,1,Asian,TRUE,34,FALSE,FALSE,7,white_male_high
100,Validation,3243,1,White,FALSE,21,FALSE,FALSE,5,black_male_high
100,Validation,3244,1,Black or African American,TRUE,22,FALSE,FALSE,6,black_male_low
0,Warmup,3245,1,White,FALSE,37,FALSE,FALSE,5,black_male_high
100,Validation,3246,1,White,FALSE,52,FALSE,FALSE,6,black_male_low
100,Validation,3247,1,White,FALSE,33,FALSE,FALSE,6,black_male_low
100,Validation,3248,1,White,TRUE,33,FALSE,FALSE,5,black_male_high
5,Iterative Batch Phase: Min,3249,1,White,FALSE,35,TRUE,FALSE,6,black_male_low
0,Warmup,3250,0,White,FALSE,60,FALSE,FALSE,7,white_male_high
19,Iterative Batch Phase: Min,3251,1,White,FALSE,24,FALSE,FALSE,4,black_female_low
100,Validation,3252,1,White,TRUE,51,FALSE,FALSE,6,black_male_low
100,Validation,3253,0,White,FALSE,49,FALSE,FALSE,5,black_male_high
100,Validation,3254,0,White,TRUE,63,FALSE,FALSE,5,black_male_high
3,Iterative Batch Phase: Min,3255,1,Asian,TRUE,42,FALSE,FALSE,3,black_female_high
100,Validation,3256,1,White,FALSE,55,FALSE,FALSE,6,black_male_low
5,Iterative Batch Phase: Min,3257,1,White,TRUE,23,FALSE,FALSE,6,black_male_low
100,Validation,3258,0,Two or More Races,FALSE,41,FALSE,FALSE,5,black_male_high
7,Iterative Batch Phase: Min,3259,1,White,FALSE,57,FALSE,FALSE,2,white_female_low
100,Validation,3260,1,White,FALSE,36,TRUE,FALSE,5,black_male_high
7,Iterative Batch Phase: Min,3261,1,White,FALSE,36,FALSE,FALSE,4,black_female_low
9,Iterative Batch Phase: Min,3262,1,White,TRUE,55,FALSE,FALSE,4,black_female_low
5,Iterative Batch Phase: Min,3263,1,White,TRUE,24,FALSE,FALSE,6,black_male_low
100,Validation,3264,1,White,TRUE,39,FALSE,FALSE,6,black_male_low
100,Validation,3265,1,White,TRUE,28,FALSE,FALSE,5,black_male_high
5,Iterative Batch Phase: Min,3266,0,White,FALSE,34,FALSE,FALSE,5,black_male_high
100,Validation,3267,1,White,FALSE,35,TRUE,FALSE,5,black_male_high
4,Iterative Batch Phase: Min,3268,1,White,FALSE,24,FALSE,FALSE,2,white_female_low
10,Iterative Batch Phase: Min,3269,0,White,FALSE,54,FALSE,FALSE,7,white_male_high
0,Warmup,3270,1,Asian,TRUE,31,FALSE,FALSE,4,black_female_low
100,Validation,3271,1,White,TRUE,21,FALSE,FALSE,5,black_male_high
1,Iterative Batch Phase: Max,3272,1,White,FALSE,34,FALSE,FALSE,4,black_female_low
11,Iterative Batch Phase: Min,3273,1,Black or African American,TRUE,26,TRUE,FALSE,4,black_female_low
4,Iterative Batch Phase: Max,3274,0,White,FALSE,43,FALSE,FALSE,5,black_male_high
19,Iterative Batch Phase: Min,3275,1,White,TRUE,52,FALSE,FALSE,6,black_male_low
18,Iterative Batch Phase: Min,3276,1,White,TRUE,39,FALSE,FALSE,4,black_female_low
18,Iterative Batch Phase: Min,3277,1,White,TRUE,72,FALSE,FALSE,7,white_male_high
100,Validation,3278,1,White,TRUE,20,FALSE,FALSE,5,black_male_high
100,Validation,3279,1,White,FALSE,42,FALSE,FALSE,5,black_male_high
100,Validation,3280,0,White,FALSE,24,FALSE,FALSE,6,black_male_low
100,Validation,3281,1,White,FALSE,33,FALSE,FALSE,5,black_male_high
20,Iterative Batch Phase: Min,3282,1,White,TRUE,25,FALSE,FALSE,4,black_female_low
16,Iterative Batch Phase: Min,3283,1,White,TRUE,42,FALSE,FALSE,6,black_male_low
5,Iterative Batch Phase: Min,3284,1,White,TRUE,35,FALSE,FALSE,8,white_male_low
100,Validation,3285,1,Asian,FALSE,52,FALSE,FALSE,6,black_male_low
100,Validation,3286,1,Black or African American,FALSE,60,FALSE,FALSE,5,black_male_high
100,Validation,3287,1,Black or African American,TRUE,42,FALSE,FALSE,6,black_male_low
3,Iterative Batch Phase: Max,3288,1,White,TRUE,76,FALSE,FALSE,3,black_female_high
3,Iterative Batch Phase: Max,3289,1,White,TRUE,40,FALSE,FALSE,5,black_male_high
6,Iterative Batch Phase: Min,3290,0,White,FALSE,49,FALSE,FALSE,4,black_female_low
0,Warmup,3291,1,White,FALSE,25,FALSE,FALSE,8,white_male_low
100,Validation,3292,1,Black or African American,TRUE,24,FALSE,FALSE,6,black_male_low
7,Iterative Batch Phase: Min,3293,1,White,TRUE,30,FALSE,FALSE,6,black_male_low
17,Iterative Batch Phase: Min,3294,1,White,FALSE,47,FALSE,FALSE,6,black_male_low
13,Iterative Batch Phase: Min,3295,0,White,FALSE,51,TRUE,FALSE,4,black_female_low
100,Validation,3296,1,Asian,FALSE,41,FALSE,FALSE,5,black_male_high
3,Iterative Batch Phase: Max,3297,1,White,FALSE,52,FALSE,FALSE,1,white_female_high
2,Iterative Batch Phase: Max,3298,1,White,FALSE,49,FALSE,FALSE,5,black_male_high
5,Iterative Batch Phase: Min,3299,1,White,TRUE,22,TRUE,FALSE,5,black_male_high
3,Iterative Batch Phase: Min,3300,1,Asian,FALSE,33,FALSE,FALSE,7,white_male_high
15,Iterative Batch Phase: Min,3301,0,White,FALSE,24,FALSE,FALSE,6,black_male_low
3,Iterative Batch Phase: Max,3302,1,White,FALSE,52,FALSE,FALSE,5,black_male_high
1,Iterative Batch Phase: Min,3303,1,White,FALSE,40,FALSE,FALSE,4,black_female_low
100,Validation,3304,1,Asian,TRUE,29,FALSE,FALSE,5,black_male_high
1,Iterative Batch Phase: Max,3305,0,Black or African American,TRUE,25,FALSE,FALSE,1,white_female_high
100,Validation,3306,1,White,TRUE,24,FALSE,FALSE,6,black_male_low
100,Validation,3307,1,White,TRUE,23,FALSE,FALSE,5,black_male_high
3,Iterative Batch Phase: Min,3308,1,Prefer not to disclose,FALSE,23,TRUE,TRUE,5,black_male_high
6,Iterative Batch Phase: Min,3309,1,White,TRUE,61,FALSE,FALSE,6,black_male_low
0,Warmup,3310,1,White,FALSE,21,FALSE,TRUE,6,black_male_low
100,Validation,3311,1,White,TRUE,37,FALSE,FALSE,5,black_male_high
17,Iterative Batch Phase: Min,3312,1,Asian,TRUE,27,FALSE,FALSE,6,black_male_low
19,Iterative Batch Phase: Min,3313,1,Black or African American,TRUE,42,FALSE,FALSE,5,black_male_high
100,Validation,3314,1,Two or More Races,FALSE,38,FALSE,FALSE,6,black_male_low
100,Validation,3315,1,White,FALSE,34,FALSE,FALSE,6,black_male_low
100,Validation,3316,1,White,FALSE,41,FALSE,FALSE,6,black_male_low
9,Iterative Batch Phase: Min,3317,1,Asian,FALSE,38,FALSE,FALSE,6,black_male_low
4,Iterative Batch Phase: Max,3318,1,Two or More Races,FALSE,27,FALSE,FALSE,5,black_male_high
100,Validation,3319,1,White,TRUE,38,FALSE,FALSE,6,black_male_low
0,Warmup,3320,0,White,FALSE,30,TRUE,FALSE,5,black_male_high
100,Validation,3321,1,White,TRUE,38,FALSE,FALSE,5,black_male_high
100,Validation,3322,1,Asian,TRUE,23,FALSE,FALSE,6,black_male_low
9,Iterative Batch Phase: Min,3323,1,White,FALSE,31,FALSE,FALSE,4,black_female_low
100,Validation,3324,0,Two or More Races,FALSE,34,FALSE,FALSE,6,black_male_low
3,Iterative Batch Phase: Min,3325,1,Two or More Races,FALSE,34,TRUE,FALSE,6,black_male_low
100,Validation,3326,1,White,TRUE,22,TRUE,FALSE,6,black_male_low
4,Iterative Batch Phase: Max,3327,1,White,FALSE,38,FALSE,FALSE,5,black_male_high
100,Validation,3328,1,White,FALSE,58,FALSE,FALSE,6,black_male_low
100,Validation,3329,0,White,TRUE,69,FALSE,FALSE,6,black_male_low
100,Validation,3330,1,White,FALSE,33,FALSE,FALSE,5,black_male_high
20,Iterative Batch Phase: Min,3331,0,White,FALSE,48,FALSE,FALSE,6,black_male_low
1,Iterative Batch Phase: Max,3332,1,White,TRUE,28,FALSE,FALSE,6,black_male_low
11,Iterative Batch Phase: Min,3333,1,White,TRUE,46,FALSE,FALSE,8,white_male_low
4,Iterative Batch Phase: Max,3334,1,Black or African American,TRUE,29,FALSE,FALSE,5,black_male_high
7,Iterative Batch Phase: Min,3335,0,White,FALSE,62,FALSE,FALSE,6,black_male_low
100,Validation,3336,1,White,TRUE,37,FALSE,FALSE,6,black_male_low
100,Validation,3337,1,White,TRUE,42,FALSE,FALSE,5,black_male_high
100,Validation,3338,1,White,TRUE,28,FALSE,FALSE,6,black_male_low
100,Validation,3339,0,White,FALSE,52,FALSE,FALSE,5,black_male_high
100,Validation,3340,1,White,TRUE,60,FALSE,FALSE,6,black_male_low
4,Iterative Batch Phase: Max,3341,1,White,FALSE,24,FALSE,FALSE,5,black_male_high
2,Iterative Batch Phase: Max,3342,1,White,TRUE,42,FALSE,FALSE,5,black_male_high
13,Iterative Batch Phase: Min,3343,1,White,FALSE,36,TRUE,FALSE,6,black_male_low
18,Iterative Batch Phase: Min,3344,0,White,FALSE,41,FALSE,FALSE,1,white_female_high
100,Validation,3345,0,American Indian or Alaska Native,TRUE,29,TRUE,FALSE,6,black_male_low
100,Validation,3346,0,Asian,FALSE,29,FALSE,FALSE,6,black_male_low
100,Validation,3347,1,White,TRUE,68,FALSE,FALSE,5,black_male_high
0,Warmup,3348,1,Black or African American,TRUE,22,FALSE,FALSE,8,white_male_low
17,Iterative Batch Phase: Min,3349,1,White,FALSE,39,FALSE,FALSE,6,black_male_low
100,Validation,3350,1,White,FALSE,24,TRUE,FALSE,6,black_male_low
100,Validation,3351,1,White,TRUE,39,FALSE,FALSE,5,black_male_high
17,Iterative Batch Phase: Min,3352,0,White,TRUE,29,FALSE,FALSE,4,black_female_low
20,Iterative Batch Phase: Min,3353,0,White,FALSE,39,FALSE,FALSE,6,black_male_low
100,Validation,3354,0,White,TRUE,51,FALSE,FALSE,5,black_male_high
18,Iterative Batch Phase: Min,3355,1,Asian,TRUE,33,FALSE,FALSE,6,black_male_low
100,Validation,3356,1,White,TRUE,33,FALSE,FALSE,6,black_male_low
100,Validation,3357,1,Asian,TRUE,30,FALSE,FALSE,5,black_male_high
100,Validation,3358,1,White,TRUE,41,FALSE,FALSE,6,black_male_low
3,Iterative Batch Phase: Max,3359,0,White,FALSE,30,FALSE,FALSE,5,black_male_high
7,Iterative Batch Phase: Min,3360,1,Prefer not to disclose,FALSE,,FALSE,TRUE,7,white_male_high
4,Iterative Batch Phase: Max,3361,1,White,FALSE,65,FALSE,FALSE,5,black_male_high
20,Iterative Batch Phase: Min,3362,1,White,TRUE,51,FALSE,FALSE,6,black_male_low
100,Validation,3363,1,Other,FALSE,34,TRUE,FALSE,6,black_male_low
16,Iterative Batch Phase: Min,3364,0,White,TRUE,51,FALSE,FALSE,4,black_female_low
4,Iterative Batch Phase: Max,3365,1,Black or African American,FALSE,56,FALSE,FALSE,5,black_male_high
100,Validation,3366,1,White,TRUE,19,FALSE,FALSE,6,black_male_low
11,Iterative Batch Phase: Min,3367,1,Black or African American,FALSE,26,FALSE,FALSE,6,black_male_low
12,Iterative Batch Phase: Min,3368,0,White,TRUE,67,FALSE,FALSE,5,black_male_high
9,Iterative Batch Phase: Min,3369,1,White,TRUE,29,FALSE,FALSE,4,black_female_low
100,Validation,3370,0,White,TRUE,52,FALSE,FALSE,5,black_male_high
100,Validation,3371,0,White,TRUE,36,FALSE,FALSE,5,black_male_high
9,Iterative Batch Phase: Min,3372,1,Black or African American,FALSE,40,FALSE,FALSE,2,white_female_low
19,Iterative Batch Phase: Min,3373,1,White,FALSE,49,FALSE,FALSE,8,white_male_low
100,Validation,3374,1,White,TRUE,55,FALSE,FALSE,5,black_male_high
100,Validation,3375,1,White,TRUE,26,FALSE,FALSE,6,black_male_low
100,Validation,3376,1,White,FALSE,47,FALSE,FALSE,6,black_male_low
15,Iterative Batch Phase: Min,3377,0,Black or African American,TRUE,49,FALSE,FALSE,4,black_female_low
17,Iterative Batch Phase: Min,3378,0,White,TRUE,44,FALSE,FALSE,6,black_male_low
1,Iterative Batch Phase: Max,3379,1,Two or More Races,TRUE,40,FALSE,FALSE,5,black_male_high
100,Validation,3380,0,Two or More Races,FALSE,34,FALSE,FALSE,6,black_male_low
1,Iterative Batch Phase: Max,3381,1,Native Hawaiian or Other Pacific Islander,FALSE,28,FALSE,FALSE,8,white_male_low
10,Iterative Batch Phase: Min,3382,1,White,TRUE,41,FALSE,FALSE,5,black_male_high
100,Validation,3383,1,White,TRUE,28,FALSE,FALSE,6,black_male_low
100,Validation,3384,0,White,FALSE,28,FALSE,FALSE,5,black_male_high
100,Validation,3385,1,White,TRUE,28,FALSE,FALSE,6,black_male_low
15,Iterative Batch Phase: Min,3386,0,White,TRUE,65,FALSE,FALSE,5,black_male_high
15,Iterative Batch Phase: Min,3387,1,Asian,TRUE,33,FALSE,FALSE,5,black_male_high
16,Iterative Batch Phase: Min,3388,0,Black or African American,FALSE,49,FALSE,FALSE,4,black_female_low
19,Iterative Batch Phase: Min,3389,0,White,TRUE,61,FALSE,FALSE,5,black_male_high
4,Iterative Batch Phase: Max,3390,1,White,FALSE,52,FALSE,FALSE,5,black_male_high
9,Iterative Batch Phase: Min,3391,1,White,FALSE,36,FALSE,FALSE,7,white_male_high
14,Iterative Batch Phase: Min,3392,1,White,FALSE,52,FALSE,FALSE,4,black_female_low
0,Warmup,3393,0,Prefer not to disclose,FALSE,26,TRUE,TRUE,5,black_male_high
100,Validation,3394,1,White,FALSE,42,FALSE,FALSE,5,black_male_high
100,Validation,3395,1,White,FALSE,31,FALSE,FALSE,6,black_male_low
20,Iterative Batch Phase: Min,3396,1,White,TRUE,76,FALSE,FALSE,6,black_male_low
4,Iterative Batch Phase: Min,3397,1,Black or African American,TRUE,20,FALSE,FALSE,2,white_female_low
100,Validation,3398,1,Black or African American,FALSE,41,FALSE,FALSE,6,black_male_low
100,Validation,3399,1,White,FALSE,27,FALSE,FALSE,6,black_male_low
100,Validation,3400,1,White,FALSE,33,FALSE,FALSE,5,black_male_high
18,Iterative Batch Phase: Min,3401,0,White,TRUE,42,FALSE,FALSE,6,black_male_low
100,Validation,3402,0,Two or More Races,TRUE,28,TRUE,FALSE,5,black_male_high
100,Validation,3403,1,Prefer not to disclose,FALSE,,FALSE,TRUE,6,black_male_low
20,Iterative Batch Phase: Min,3404,0,Two or More Races,FALSE,27,FALSE,FALSE,1,white_female_high
100,Validation,3405,0,Two or More Races,TRUE,31,FALSE,FALSE,5,black_male_high
0,Warmup,3406,1,Black or African American,TRUE,30,FALSE,FALSE,1,white_female_high
9,Iterative Batch Phase: Min,3407,1,Asian,TRUE,39,FALSE,FALSE,7,white_male_high
10,Iterative Batch Phase: Min,3408,1,White,FALSE,44,FALSE,FALSE,6,black_male_low
16,Iterative Batch Phase: Min,3409,0,White,TRUE,46,FALSE,FALSE,6,black_male_low
1,Iterative Batch Phase: Max,3410,1,White,FALSE,24,TRUE,FALSE,6,black_male_low
14,Iterative Batch Phase: Min,3411,0,Asian,TRUE,37,FALSE,FALSE,6,black_male_low
7,Iterative Batch Phase: Min,3412,1,White,TRUE,66,FALSE,FALSE,2,white_female_low
5,Iterative Batch Phase: Min,3413,1,White,TRUE,46,FALSE,FALSE,5,black_male_high
0,Warmup,3414,1,Black or African American,TRUE,22,FALSE,FALSE,1,white_female_high
100,Validation,3415,1,White,TRUE,38,FALSE,FALSE,6,black_male_low
18,Iterative Batch Phase: Min,3416,1,White,FALSE,51,FALSE,FALSE,6,black_male_low
100,Validation,3417,1,Two or More Races,TRUE,21,FALSE,FALSE,6,black_male_low
10,Iterative Batch Phase: Min,3418,1,White,FALSE,29,FALSE,FALSE,5,black_male_high
100,Validation,3419,0,White,FALSE,74,FALSE,FALSE,5,black_male_high
18,Iterative Batch Phase: Min,3420,0,Asian,TRUE,35,TRUE,FALSE,6,black_male_low
2,Iterative Batch Phase: Min,3421,1,Two or More Races,TRUE,24,FALSE,FALSE,7,white_male_high
11,Iterative Batch Phase: Min,3422,1,Black or African American,TRUE,71,FALSE,FALSE,4,black_female_low
100,Validation,3423,1,White,FALSE,29,TRUE,FALSE,6,black_male_low
100,Validation,3424,1,White,FALSE,31,FALSE,TRUE,6,black_male_low
0,Warmup,3425,0,Asian,TRUE,28,FALSE,FALSE,6,black_male_low
100,Validation,3426,1,White,FALSE,29,FALSE,FALSE,5,black_male_high
9,Iterative Batch Phase: Min,3427,1,White,FALSE,42,FALSE,FALSE,7,white_male_high
100,Validation,3428,1,White,FALSE,40,FALSE,FALSE,5,black_male_high
100,Validation,3429,1,White,FALSE,26,FALSE,FALSE,5,black_male_high
100,Validation,3430,1,Two or More Races,FALSE,26,FALSE,FALSE,5,black_male_high
100,Validation,3431,1,White,FALSE,32,TRUE,FALSE,5,black_male_high
100,Validation,3432,1,White,FALSE,38,TRUE,FALSE,5,black_male_high
100,Validation,3433,0,White,FALSE,58,FALSE,FALSE,6,black_male_low
4,Iterative Batch Phase: Max,3434,1,White,TRUE,49,FALSE,FALSE,5,black_male_high
6,Iterative Batch Phase: Min,3435,0,White,TRUE,50,FALSE,FALSE,3,black_female_high
100,Validation,3436,1,White,TRUE,27,FALSE,FALSE,5,black_male_high
100,Validation,3437,1,Asian,TRUE,21,FALSE,FALSE,5,black_male_high
100,Validation,3438,0,Asian,TRUE,27,FALSE,FALSE,6,black_male_low
3,Iterative Batch Phase: Min,3439,1,White,FALSE,23,TRUE,FALSE,7,white_male_high
12,Iterative Batch Phase: Min,3440,0,White,FALSE,39,FALSE,FALSE,6,black_male_low
100,Validation,3441,1,White,FALSE,29,FALSE,FALSE,5,black_male_high
10,Iterative Batch Phase: Min,3442,1,White,TRUE,26,FALSE,FALSE,6,black_male_low
100,Validation,3443,0,Black or African American,FALSE,56,FALSE,FALSE,6,black_male_low
9,Iterative Batch Phase: Min,3444,1,White,TRUE,27,FALSE,FALSE,7,white_male_high
100,Validation,3445,0,White,TRUE,35,FALSE,FALSE,6,black_male_low
14,Iterative Batch Phase: Min,3446,1,White,FALSE,25,FALSE,FALSE,6,black_male_low
100,Validation,3447,1,Asian,TRUE,43,FALSE,FALSE,6,black_male_low
100,Validation,3448,1,White,FALSE,65,FALSE,FALSE,5,black_male_high
12,Iterative Batch Phase: Min,3449,1,White,TRUE,27,FALSE,FALSE,4,black_female_low
100,Validation,3450,0,White,TRUE,46,FALSE,FALSE,6,black_male_low
16,Iterative Batch Phase: Min,3451,1,Asian,TRUE,29,FALSE,FALSE,4,black_female_low
100,Validation,3452,1,White,FALSE,41,FALSE,FALSE,6,black_male_low
12,Iterative Batch Phase: Min,3453,1,Black or African American,TRUE,30,FALSE,FALSE,6,black_male_low
100,Validation,3454,1,White,TRUE,43,FALSE,FALSE,5,black_male_high
9,Iterative Batch Phase: Min,3455,0,White,TRUE,77,FALSE,FALSE,2,white_female_low
17,Iterative Batch Phase: Min,3456,1,Asian,TRUE,30,FALSE,FALSE,4,black_female_low
100,Validation,3457,0,White,FALSE,82,FALSE,FALSE,6,black_male_low
2,Iterative Batch Phase: Max,3458,0,White,TRUE,48,FALSE,FALSE,2,white_female_low
100,Validation,3459,1,White,TRUE,26,FALSE,FALSE,5,black_male_high
5,Iterative Batch Phase: Min,3460,1,Two or More Races,TRUE,36,FALSE,FALSE,5,black_male_high
0,Warmup,3461,1,White,FALSE,39,FALSE,FALSE,4,black_female_low
1,Iterative Batch Phase: Min,3462,1,Asian,FALSE,32,FALSE,TRUE,7,white_male_high
6,Iterative Batch Phase: Min,3463,0,White,TRUE,30,FALSE,FALSE,6,black_male_low
18,Iterative Batch Phase: Min,3464,1,Black or African American,FALSE,24,TRUE,FALSE,6,black_male_low
100,Validation,3465,1,White,FALSE,49,FALSE,FALSE,6,black_male_low
9,Iterative Batch Phase: Min,3466,1,White,FALSE,54,TRUE,FALSE,3,black_female_high
100,Validation,3467,1,Other,TRUE,26,TRUE,FALSE,6,black_male_low
11,Iterative Batch Phase: Min,3468,1,White,TRUE,50,FALSE,FALSE,2,white_female_low
100,Validation,3469,1,White,TRUE,35,FALSE,FALSE,5,black_male_high
4,Iterative Batch Phase: Max,3470,0,Black or African American,TRUE,22,FALSE,FALSE,5,black_male_high
12,Iterative Batch Phase: Min,3471,1,White,TRUE,48,FALSE,FALSE,3,black_female_high
100,Validation,3472,1,White,TRUE,29,FALSE,FALSE,5,black_male_high
17,Iterative Batch Phase: Min,3473,1,Black or African American,FALSE,44,FALSE,FALSE,6,black_male_low
18,Iterative Batch Phase: Min,3474,0,Black or African American,FALSE,37,FALSE,FALSE,6,black_male_low
8,Iterative Batch Phase: Min,3475,1,White,TRUE,56,FALSE,FALSE,3,black_female_high
100,Validation,3476,1,White,FALSE,27,FALSE,FALSE,5,black_male_high
100,Validation,3477,1,Other,TRUE,36,TRUE,FALSE,5,black_male_high
100,Validation,3478,1,White,TRUE,36,FALSE,FALSE,6,black_male_low
6,Iterative Batch Phase: Min,3479,1,White,FALSE,46,FALSE,FALSE,6,black_male_low
3,Iterative Batch Phase: Max,3480,1,White,FALSE,34,FALSE,FALSE,5,black_male_high
1,Iterative Batch Phase: Min,3481,1,White,TRUE,39,FALSE,FALSE,7,white_male_high
16,Iterative Batch Phase: Min,3482,0,White,FALSE,25,FALSE,FALSE,6,black_male_low
19,Iterative Batch Phase: Min,3483,0,White,TRUE,69,FALSE,FALSE,5,black_male_high
100,Validation,3484,1,White,FALSE,57,FALSE,FALSE,6,black_male_low
16,Iterative Batch Phase: Min,3485,0,Two or More Races,FALSE,19,TRUE,FALSE,4,black_female_low
100,Validation,3486,1,White,TRUE,21,TRUE,FALSE,6,black_male_low
100,Validation,3487,1,Asian,TRUE,32,FALSE,FALSE,5,black_male_high
11,Iterative Batch Phase: Min,3488,1,White,TRUE,33,FALSE,FALSE,4,black_female_low
7,Iterative Batch Phase: Min,3489,1,Prefer not to disclose,FALSE,28,FALSE,TRUE,4,black_female_low
100,Validation,3490,1,White,FALSE,30,TRUE,FALSE,5,black_male_high
100,Validation,3491,1,White,TRUE,55,FALSE,FALSE,5,black_male_high
100,Validation,3492,1,White,FALSE,32,TRUE,FALSE,5,black_male_high
0,Warmup,3493,1,White,FALSE,28,TRUE,FALSE,7,white_male_high
7,Iterative Batch Phase: Min,3494,1,White,FALSE,39,FALSE,FALSE,4,black_female_low
100,Validation,3495,1,White,FALSE,49,FALSE,FALSE,6,black_male_low
100,Validation,3496,0,White,FALSE,33,FALSE,FALSE,5,black_male_high
100,Validation,3497,1,White,FALSE,50,FALSE,FALSE,6,black_male_low
10,Iterative Batch Phase: Min,3498,1,White,TRUE,54,FALSE,FALSE,6,black_male_low
100,Validation,3499,1,White,TRUE,50,FALSE,FALSE,5,black_male_high
100,Validation,3500,1,Asian,TRUE,33,FALSE,FALSE,6,black_male_low
100,Validation,3501,1,White,FALSE,56,FALSE,FALSE,6,black_male_low
5,Iterative Batch Phase: Min,3502,0,White,FALSE,63,FALSE,FALSE,6,black_male_low
100,Validation,3503,0,White,TRUE,54,FALSE,FALSE,5,black_male_high
13,Iterative Batch Phase: Min,3504,1,Asian,TRUE,31,FALSE,FALSE,6,black_male_low
100,Validation,3505,1,White,TRUE,24,FALSE,FALSE,6,black_male_low
100,Validation,3506,1,White,TRUE,34,FALSE,FALSE,6,black_male_low
100,Validation,3507,0,White,FALSE,51,FALSE,FALSE,5,black_male_high
2,Iterative Batch Phase: Min,3508,1,Asian,FALSE,28,FALSE,FALSE,4,black_female_low
19,Iterative Batch Phase: Min,3509,0,White,TRUE,53,FALSE,FALSE,6,black_male_low
100,Validation,3510,1,White,FALSE,40,FALSE,FALSE,5,black_male_high
100,Validation,3511,0,White,TRUE,47,FALSE,FALSE,5,black_male_high
100,Validation,3512,1,White,FALSE,35,FALSE,FALSE,6,black_male_low
100,Validation,3513,1,White,FALSE,38,FALSE,FALSE,5,black_male_high
0,Warmup,3514,1,White,FALSE,66,FALSE,FALSE,7,white_male_high
20,Iterative Batch Phase: Min,3515,1,White,TRUE,29,FALSE,FALSE,6,black_male_low
100,Validation,3516,1,Two or More Races,FALSE,23,FALSE,FALSE,6,black_male_low
100,Validation,3517,0,White,FALSE,62,FALSE,FALSE,6,black_male_low
3,Iterative Batch Phase: Max,3518,1,Asian,FALSE,31,FALSE,FALSE,5,black_male_high
3,Iterative Batch Phase: Min,3519,0,White,FALSE,43,FALSE,FALSE,7,white_male_high
13,Iterative Batch Phase: Min,3520,1,Asian,FALSE,23,FALSE,FALSE,6,black_male_low
100,Validation,3521,1,White,TRUE,29,FALSE,FALSE,5,black_male_high
10,Iterative Batch Phase: Min,3522,1,White,FALSE,26,FALSE,FALSE,8,white_male_low
13,Iterative Batch Phase: Min,3523,0,White,FALSE,23,FALSE,FALSE,6,black_male_low
19,Iterative Batch Phase: Min,3524,1,White,FALSE,27,FALSE,FALSE,3,black_female_high
7,Iterative Batch Phase: Min,3525,1,White,FALSE,61,FALSE,FALSE,1,white_female_high
7,Iterative Batch Phase: Min,3526,1,Two or More Races,FALSE,47,FALSE,FALSE,5,black_male_high
0,Warmup,3527,0,Black or African American,TRUE,50,FALSE,FALSE,7,white_male_high
17,Iterative Batch Phase: Min,3528,1,White,FALSE,26,FALSE,TRUE,2,white_female_low
3,Iterative Batch Phase: Max,3529,0,White,FALSE,26,FALSE,FALSE,6,black_male_low
1,Iterative Batch Phase: Max,3530,1,White,FALSE,50,FALSE,FALSE,5,black_male_high
7,Iterative Batch Phase: Min,3531,1,White,FALSE,35,FALSE,FALSE,4,black_female_low
100,Validation,3532,1,White,TRUE,72,FALSE,FALSE,5,black_male_high
18,Iterative Batch Phase: Min,3533,1,White,TRUE,25,FALSE,FALSE,4,black_female_low
2,Iterative Batch Phase: Min,3534,1,Two or More Races,FALSE,24,TRUE,TRUE,1,white_female_high
3,Iterative Batch Phase: Min,3535,1,White,FALSE,29,TRUE,FALSE,6,black_male_low
12,Iterative Batch Phase: Min,3536,1,White,TRUE,42,FALSE,FALSE,6,black_male_low
3,Iterative Batch Phase: Min,3537,1,Other,FALSE,38,TRUE,FALSE,2,white_female_low
14,Iterative Batch Phase: Min,3538,1,White,FALSE,50,FALSE,FALSE,4,black_female_low
100,Validation,3539,1,Prefer not to disclose,TRUE,40,FALSE,TRUE,6,black_male_low
1,Iterative Batch Phase: Min,3540,1,White,TRUE,39,TRUE,FALSE,4,black_female_low
6,Iterative Batch Phase: Min,3541,1,White,FALSE,50,FALSE,FALSE,6,black_male_low
4,Iterative Batch Phase: Max,3542,1,White,FALSE,52,FALSE,FALSE,3,black_female_high
5,Iterative Batch Phase: Min,3543,1,Black or African American,FALSE,35,FALSE,FALSE,3,black_female_high
9,Iterative Batch Phase: Min,3544,1,White,FALSE,34,FALSE,FALSE,8,white_male_low
100,Validation,3545,1,White,TRUE,43,FALSE,FALSE,6,black_male_low
100,Validation,3546,1,Asian,FALSE,23,FALSE,FALSE,6,black_male_low
100,Validation,3547,1,White,FALSE,29,FALSE,FALSE,6,black_male_low
0,Warmup,3548,0,White,TRUE,36,FALSE,FALSE,3,black_female_high
20,Iterative Batch Phase: Min,3549,0,Black or African American,FALSE,37,FALSE,FALSE,6,black_male_low
19,Iterative Batch Phase: Min,3550,1,White,FALSE,32,FALSE,FALSE,8,white_male_low
2,Iterative Batch Phase: Max,3551,1,Black or African American,FALSE,59,FALSE,FALSE,5,black_male_high
3,Iterative Batch Phase: Max,3552,1,White,TRUE,61,FALSE,FALSE,5,black_male_high
0,Warmup,3553,0,American Indian or Alaska Native,TRUE,33,TRUE,FALSE,3,black_female_high
7,Iterative Batch Phase: Min,3554,0,White,TRUE,36,FALSE,FALSE,6,black_male_low
8,Iterative Batch Phase: Min,3555,1,Black or African American,FALSE,36,FALSE,FALSE,6,black_male_low
100,Validation,3556,1,Black or African American,TRUE,40,FALSE,FALSE,5,black_male_high
0,Warmup,3557,0,White,TRUE,39,TRUE,FALSE,4,black_female_low
0,Warmup,3558,1,White,FALSE,29,FALSE,FALSE,5,black_male_high
0,Warmup,3559,1,White,TRUE,22,FALSE,FALSE,2,white_female_low
100,Validation,3560,0,White,TRUE,24,FALSE,FALSE,5,black_male_high
100,Validation,3561,1,White,TRUE,51,FALSE,FALSE,6,black_male_low
4,Iterative Batch Phase: Min,3562,1,White,TRUE,42,FALSE,FALSE,7,white_male_high
8,Iterative Batch Phase: Min,3563,0,White,FALSE,31,FALSE,FALSE,3,black_female_high
100,Validation,3564,1,White,FALSE,38,FALSE,FALSE,6,black_male_low
100,Validation,3565,1,White,TRUE,40,FALSE,FALSE,6,black_male_low
15,Iterative Batch Phase: Min,3566,0,White,FALSE,39,FALSE,FALSE,4,black_female_low
1,Iterative Batch Phase: Min,3567,1,White,FALSE,45,FALSE,FALSE,7,white_male_high
0,Warmup,3568,1,White,TRUE,28,FALSE,FALSE,5,black_male_high
100,Validation,3569,1,White,FALSE,53,FALSE,FALSE,5,black_male_high
100,Validation,3570,1,White,TRUE,46,FALSE,FALSE,6,black_male_low
100,Validation,3571,0,Two or More Races,TRUE,41,FALSE,FALSE,6,black_male_low
100,Validation,3572,1,White,TRUE,48,FALSE,FALSE,5,black_male_high
1,Iterative Batch Phase: Max,3573,1,White,FALSE,63,FALSE,FALSE,6,black_male_low
6,Iterative Batch Phase: Min,3574,1,White,FALSE,25,FALSE,FALSE,3,black_female_high
0,Warmup,3575,0,White,TRUE,46,FALSE,FALSE,7,white_male_high
100,Validation,3576,0,White,TRUE,37,FALSE,FALSE,6,black_male_low
100,Validation,3577,1,White,TRUE,24,FALSE,FALSE,6,black_male_low
0,Warmup,3578,1,White,TRUE,21,FALSE,FALSE,2,white_female_low
100,Validation,3579,1,White,FALSE,34,FALSE,FALSE,6,black_male_low
10,Iterative Batch Phase: Min,3580,1,White,TRUE,34,FALSE,FALSE,2,white_female_low
100,Validation,3581,1,White,FALSE,36,FALSE,FALSE,5,black_male_high
100,Validation,3582,1,White,FALSE,28,FALSE,FALSE,5,black_male_high
100,Validation,3583,1,White,TRUE,44,FALSE,FALSE,5,black_male_high
3,Iterative Batch Phase: Min,3584,1,White,TRUE,44,FALSE,FALSE,7,white_male_high
5,Iterative Batch Phase: Min,3585,0,White,TRUE,63,FALSE,FALSE,6,black_male_low
3,Iterative Batch Phase: Min,3586,0,American Indian or Alaska Native,TRUE,31,FALSE,FALSE,5,black_male_high
17,Iterative Batch Phase: Min,3587,0,White,FALSE,32,FALSE,FALSE,5,black_male_high
100,Validation,3588,1,White,TRUE,19,FALSE,FALSE,5,black_male_high
100,Validation,3589,1,Other,TRUE,40,TRUE,FALSE,6,black_male_low
0,Warmup,3590,1,White,TRUE,39,FALSE,FALSE,7,white_male_high
100,Validation,3591,1,Black or African American,TRUE,64,FALSE,FALSE,5,black_male_high
100,Validation,3592,0,White,TRUE,53,FALSE,FALSE,6,black_male_low
14,Iterative Batch Phase: Min,3593,0,White,FALSE,65,FALSE,FALSE,7,white_male_high
4,Iterative Batch Phase: Max,3594,1,White,TRUE,52,FALSE,FALSE,5,black_male_high
15,Iterative Batch Phase: Min,3595,1,White,TRUE,56,FALSE,FALSE,5,black_male_high
19,Iterative Batch Phase: Min,3596,0,White,FALSE,49,FALSE,FALSE,6,black_male_low
12,Iterative Batch Phase: Min,3597,1,Asian,FALSE,35,FALSE,FALSE,6,black_male_low
4,Iterative Batch Phase: Min,3598,1,White,TRUE,38,FALSE,FALSE,2,white_female_low
6,Iterative Batch Phase: Min,3599,1,Asian,FALSE,28,FALSE,FALSE,6,black_male_low
0,Warmup,3600,1,White,FALSE,29,TRUE,FALSE,1,white_female_high
15,Iterative Batch Phase: Min,3601,1,White,FALSE,36,FALSE,FALSE,4,black_female_low
100,Validation,3602,1,White,TRUE,50,FALSE,FALSE,6,black_male_low
100,Validation,3603,1,White,TRUE,26,FALSE,FALSE,6,black_male_low
100,Validation,3604,0,White,FALSE,51,FALSE,FALSE,6,black_male_low
100,Validation,3605,1,White,FALSE,53,TRUE,FALSE,5,black_male_high
100,Validation,3606,1,White,TRUE,33,FALSE,FALSE,5,black_male_high
19,Iterative Batch Phase: Min,3607,1,White,TRUE,33,FALSE,FALSE,6,black_male_low
1,Iterative Batch Phase: Min,3608,1,White,TRUE,46,FALSE,FALSE,3,black_female_high
17,Iterative Batch Phase: Min,3609,1,Black or African American,FALSE,50,FALSE,FALSE,6,black_male_low
15,Iterative Batch Phase: Min,3610,0,White,TRUE,26,FALSE,FALSE,4,black_female_low
0,Warmup,3611,0,White,TRUE,60,FALSE,FALSE,1,white_female_high
2,Iterative Batch Phase: Max,3612,1,Black or African American,FALSE,22,FALSE,FALSE,5,black_male_high
100,Validation,3613,1,White,TRUE,27,FALSE,FALSE,6,black_male_low
16,Iterative Batch Phase: Min,3614,1,Asian,FALSE,30,FALSE,FALSE,7,white_male_high
0,Warmup,3615,1,White,FALSE,62,FALSE,FALSE,2,white_female_low
100,Validation,3616,1,Black or African American,FALSE,42,FALSE,FALSE,5,black_male_high
9,Iterative Batch Phase: Min,3617,1,Black or African American,TRUE,33,FALSE,FALSE,2,white_female_low
0,Warmup,3618,1,White,FALSE,29,FALSE,TRUE,2,white_female_low
2,Iterative Batch Phase: Max,3619,1,White,FALSE,59,FALSE,FALSE,5,black_male_high
0,Warmup,3620,1,White,FALSE,20,FALSE,FALSE,1,white_female_high
9,Iterative Batch Phase: Min,3621,1,White,TRUE,79,FALSE,FALSE,4,black_female_low
100,Validation,3622,0,Other,TRUE,57,TRUE,FALSE,6,black_male_low
100,Validation,3623,1,White,TRUE,48,FALSE,FALSE,5,black_male_high
1,Iterative Batch Phase: Max,3624,1,White,FALSE,42,FALSE,FALSE,8,white_male_low
0,Warmup,3625,1,White,FALSE,24,FALSE,FALSE,8,white_male_low
16,Iterative Batch Phase: Min,3626,1,White,TRUE,40,FALSE,FALSE,4,black_female_low
100,Validation,3627,1,White,FALSE,28,FALSE,FALSE,5,black_male_high
11,Iterative Batch Phase: Min,3628,1,Black or African American,FALSE,26,FALSE,FALSE,5,black_male_high
13,Iterative Batch Phase: Min,3629,1,Black or African American,FALSE,43,FALSE,FALSE,4,black_female_low
100,Validation,3630,0,White,FALSE,41,FALSE,FALSE,6,black_male_low
1,Iterative Batch Phase: Min,3631,1,White,FALSE,26,FALSE,FALSE,4,black_female_low
3,Iterative Batch Phase: Max,3632,1,White,TRUE,53,FALSE,FALSE,5,black_male_high
100,Validation,3633,1,Asian,TRUE,40,FALSE,FALSE,6,black_male_low
13,Iterative Batch Phase: Min,3634,0,White,FALSE,32,FALSE,FALSE,3,black_female_high
8,Iterative Batch Phase: Min,3635,0,Two or More Races,FALSE,66,FALSE,FALSE,4,black_female_low
5,Iterative Batch Phase: Min,3636,1,White,FALSE,56,FALSE,FALSE,2,white_female_low
100,Validation,3637,1,White,TRUE,25,FALSE,FALSE,5,black_male_high
100,Validation,3638,1,Prefer not to disclose,FALSE,,FALSE,TRUE,6,black_male_low
100,Validation,3639,1,Asian,FALSE,34,FALSE,FALSE,6,black_male_low
100,Validation,3640,1,White,TRUE,22,FALSE,FALSE,6,black_male_low
17,Iterative Batch Phase: Min,3641,1,White,TRUE,27,FALSE,FALSE,7,white_male_high
100,Validation,3642,1,White,TRUE,30,FALSE,FALSE,5,black_male_high
100,Validation,3643,1,White,TRUE,32,FALSE,FALSE,6,black_male_low
3,Iterative Batch Phase: Max,3644,0,Black or African American,FALSE,42,FALSE,FALSE,6,black_male_low
100,Validation,3645,0,Asian,FALSE,21,FALSE,FALSE,6,black_male_low
20,Iterative Batch Phase: Min,3646,1,White,FALSE,35,FALSE,FALSE,1,white_female_high
10,Iterative Batch Phase: Min,3647,1,White,FALSE,23,FALSE,FALSE,4,black_female_low
100,Validation,3648,1,Asian,FALSE,21,FALSE,FALSE,5,black_male_high
20,Iterative Batch Phase: Min,3649,0,White,TRUE,33,TRUE,FALSE,6,black_male_low
4,Iterative Batch Phase: Min,3650,1,White,FALSE,35,TRUE,FALSE,8,white_male_low
10,Iterative Batch Phase: Min,3651,0,White,TRUE,53,TRUE,FALSE,6,black_male_low
100,Validation,3652,1,White,FALSE,34,TRUE,FALSE,6,black_male_low
100,Validation,3653,1,White,TRUE,30,FALSE,FALSE,5,black_male_high
100,Validation,3654,1,White,TRUE,28,FALSE,FALSE,5,black_male_high
100,Validation,3655,1,White,FALSE,41,FALSE,FALSE,5,black_male_high
100,Validation,3656,1,White,TRUE,30,FALSE,FALSE,5,black_male_high
100,Validation,3657,1,Asian,FALSE,26,FALSE,FALSE,6,black_male_low
15,Iterative Batch Phase: Min,3658,1,White,TRUE,39,FALSE,FALSE,4,black_female_low
6,Iterative Batch Phase: Min,3659,1,White,FALSE,32,TRUE,FALSE,2,white_female_low
100,Validation,3660,1,White,FALSE,34,FALSE,FALSE,5,black_male_high
100,Validation,3661,0,White,TRUE,60,TRUE,FALSE,5,black_male_high
100,Validation,3662,0,White,TRUE,53,FALSE,FALSE,6,black_male_low
100,Validation,3663,0,White,TRUE,30,FALSE,FALSE,6,black_male_low
2,Iterative Batch Phase: Min,3664,1,Black or African American,TRUE,37,FALSE,FALSE,2,white_female_low
11,Iterative Batch Phase: Min,3665,0,White,FALSE,19,FALSE,FALSE,4,black_female_low
2,Iterative Batch Phase: Min,3666,1,White,FALSE,37,FALSE,FALSE,1,white_female_high
100,Validation,3667,0,Asian,TRUE,26,FALSE,FALSE,6,black_male_low
100,Validation,3668,1,White,TRUE,36,FALSE,FALSE,6,black_male_low
14,Iterative Batch Phase: Min,3669,0,White,TRUE,44,TRUE,FALSE,4,black_female_low
19,Iterative Batch Phase: Min,3670,1,White,FALSE,46,FALSE,FALSE,4,black_female_low
100,Validation,3671,1,White,TRUE,48,FALSE,FALSE,6,black_male_low
100,Validation,3672,0,White,TRUE,51,FALSE,FALSE,6,black_male_low
18,Iterative Batch Phase: Min,3673,1,White,TRUE,61,FALSE,FALSE,8,white_male_low
20,Iterative Batch Phase: Min,3674,1,Asian,FALSE,50,FALSE,FALSE,4,black_female_low
4,Iterative Batch Phase: Min,3675,1,White,FALSE,38,FALSE,FALSE,7,white_male_high
18,Iterative Batch Phase: Min,3676,1,Asian,TRUE,26,FALSE,FALSE,1,white_female_high
16,Iterative Batch Phase: Min,3677,0,Two or More Races,FALSE,24,FALSE,FALSE,6,black_male_low
100,Validation,3678,0,Black or African American,FALSE,40,FALSE,FALSE,5,black_male_high
4,Iterative Batch Phase: Max,3679,0,Two or More Races,TRUE,61,FALSE,FALSE,5,black_male_high
14,Iterative Batch Phase: Min,3680,0,White,TRUE,60,FALSE,FALSE,4,black_female_low
100,Validation,3681,1,White,TRUE,28,FALSE,FALSE,5,black_male_high
100,Validation,3682,0,White,FALSE,21,FALSE,FALSE,5,black_male_high
100,Validation,3683,1,Asian,FALSE,41,FALSE,FALSE,5,black_male_high
16,Iterative Batch Phase: Min,3684,0,White,TRUE,61,FALSE,FALSE,6,black_male_low
100,Validation,3685,1,White,TRUE,36,FALSE,FALSE,5,black_male_high
100,Validation,3686,1,White,FALSE,26,FALSE,FALSE,5,black_male_high
100,Validation,3687,1,White,FALSE,33,FALSE,FALSE,6,black_male_low
16,Iterative Batch Phase: Min,3688,1,White,TRUE,39,FALSE,FALSE,2,white_female_low
6,Iterative Batch Phase: Min,3689,0,White,TRUE,35,FALSE,FALSE,4,black_female_low
100,Validation,3690,1,White,FALSE,29,FALSE,FALSE,5,black_male_high
100,Validation,3691,1,White,FALSE,23,TRUE,FALSE,6,black_male_low
100,Validation,3692,1,White,TRUE,24,FALSE,FALSE,6,black_male_low
100,Validation,3693,1,Black or African American,TRUE,21,TRUE,FALSE,5,black_male_high
1,Iterative Batch Phase: Min,3694,0,White,FALSE,42,FALSE,FALSE,3,black_female_high
6,Iterative Batch Phase: Min,3695,0,White,FALSE,33,FALSE,FALSE,3,black_female_high
2,Iterative Batch Phase: Min,3696,1,White,TRUE,23,TRUE,FALSE,7,white_male_high
3,Iterative Batch Phase: Max,3697,0,White,TRUE,62,FALSE,FALSE,7,white_male_high
0,Warmup,3698,0,White,FALSE,60,FALSE,FALSE,8,white_male_low
0,Warmup,3699,1,White,TRUE,34,TRUE,FALSE,4,black_female_low
5,Iterative Batch Phase: Min,3700,1,Prefer not to disclose,TRUE,39,TRUE,TRUE,5,black_male_high
0,Warmup,3701,0,White,TRUE,53,FALSE,FALSE,5,black_male_high
20,Iterative Batch Phase: Min,3702,1,Other,FALSE,29,TRUE,FALSE,5,black_male_high
1,Iterative Batch Phase: Max,3703,0,White,FALSE,22,FALSE,FALSE,8,white_male_low
1,Iterative Batch Phase: Min,3704,0,Asian,TRUE,27,FALSE,FALSE,1,white_female_high
100,Validation,3705,1,Black or African American,TRUE,29,FALSE,FALSE,6,black_male_low
8,Iterative Batch Phase: Min,3706,1,Asian,TRUE,24,FALSE,FALSE,6,black_male_low
20,Iterative Batch Phase: Min,3707,1,White,FALSE,22,TRUE,FALSE,1,white_female_high
100,Validation,3708,1,White,FALSE,58,FALSE,FALSE,6,black_male_low
0,Warmup,3709,1,Two or More Races,TRUE,43,TRUE,FALSE,8,white_male_low
2,Iterative Batch Phase: Min,3710,0,Black or African American,FALSE,35,FALSE,FALSE,1,white_female_high
3,Iterative Batch Phase: Max,3711,1,White,FALSE,44,FALSE,FALSE,5,black_male_high
8,Iterative Batch Phase: Min,3712,0,White,TRUE,58,FALSE,FALSE,7,white_male_high
100,Validation,3713,1,White,FALSE,35,FALSE,FALSE,5,black_male_high
100,Validation,3714,1,White,TRUE,30,FALSE,FALSE,5,black_male_high
14,Iterative Batch Phase: Min,3715,1,Black or African American,FALSE,30,FALSE,FALSE,5,black_male_high
4,Iterative Batch Phase: Min,3716,1,White,FALSE,31,FALSE,FALSE,4,black_female_low
1,Iterative Batch Phase: Max,3717,0,Black or African American,TRUE,38,FALSE,FALSE,5,black_male_high
0,Warmup,3718,1,White,FALSE,19,FALSE,FALSE,8,white_male_low
100,Validation,3719,1,Other,FALSE,28,TRUE,FALSE,5,black_male_high
1,Iterative Batch Phase: Max,3720,0,American Indian or Alaska Native,FALSE,38,TRUE,FALSE,8,white_male_low
12,Iterative Batch Phase: Min,3721,1,White,TRUE,21,TRUE,FALSE,5,black_male_high
15,Iterative Batch Phase: Min,3722,0,White,TRUE,63,FALSE,FALSE,6,black_male_low
15,Iterative Batch Phase: Min,3723,1,White,FALSE,21,FALSE,FALSE,8,white_male_low
3,Iterative Batch Phase: Min,3724,1,White,FALSE,37,FALSE,FALSE,8,white_male_low
4,Iterative Batch Phase: Min,3725,1,White,FALSE,36,FALSE,FALSE,6,black_male_low
100,Validation,3726,1,White,FALSE,66,FALSE,FALSE,6,black_male_low
100,Validation,3727,1,White,TRUE,36,FALSE,FALSE,6,black_male_low
11,Iterative Batch Phase: Min,3728,1,White,TRUE,50,FALSE,FALSE,4,black_female_low
100,Validation,3729,1,White,TRUE,21,FALSE,FALSE,6,black_male_low
8,Iterative Batch Phase: Min,3730,0,White,FALSE,23,FALSE,FALSE,2,white_female_low
100,Validation,3731,1,Two or More Races,FALSE,22,FALSE,FALSE,5,black_male_high
1,Iterative Batch Phase: Max,3732,1,White,TRUE,24,FALSE,FALSE,5,black_male_high
100,Validation,3733,1,Other,FALSE,29,TRUE,FALSE,6,black_male_low
10,Iterative Batch Phase: Min,3734,1,White,TRUE,31,FALSE,FALSE,5,black_male_high
0,Warmup,3735,1,White,TRUE,26,TRUE,FALSE,4,black_female_low
1,Iterative Batch Phase: Max,3736,0,White,FALSE,41,FALSE,FALSE,5,black_male_high
100,Validation,3737,1,Black or African American,TRUE,27,TRUE,FALSE,5,black_male_high
8,Iterative Batch Phase: Min,3738,0,White,TRUE,50,FALSE,FALSE,3,black_female_high
14,Iterative Batch Phase: Min,3739,1,White,FALSE,41,FALSE,FALSE,4,black_female_low
6,Iterative Batch Phase: Min,3740,1,White,TRUE,32,FALSE,FALSE,6,black_male_low
100,Validation,3741,0,Two or More Races,TRUE,22,FALSE,FALSE,6,black_male_low
100,Validation,3742,1,White,TRUE,54,FALSE,FALSE,5,black_male_high
6,Iterative Batch Phase: Min,3743,1,White,TRUE,42,FALSE,FALSE,3,black_female_high
100,Validation,3744,0,White,TRUE,36,FALSE,FALSE,5,black_male_high
20,Iterative Batch Phase: Min,3745,1,White,TRUE,59,FALSE,FALSE,6,black_male_low
100,Validation,3746,1,White,FALSE,36,FALSE,FALSE,5,black_male_high
3,Iterative Batch Phase: Min,3747,1,White,FALSE,42,FALSE,FALSE,3,black_female_high
10,Iterative Batch Phase: Min,3748,1,White,FALSE,54,FALSE,FALSE,4,black_female_low
14,Iterative Batch Phase: Min,3749,1,White,FALSE,56,FALSE,FALSE,1,white_female_high
14,Iterative Batch Phase: Min,3750,1,White,FALSE,27,FALSE,TRUE,4,black_female_low
13,Iterative Batch Phase: Min,3751,1,White,FALSE,53,FALSE,FALSE,6,black_male_low
100,Validation,3752,1,White,TRUE,67,FALSE,FALSE,5,black_male_high
100,Validation,3753,1,White,TRUE,21,FALSE,FALSE,5,black_male_high
3,Iterative Batch Phase: Min,3754,1,Black or African American,FALSE,42,FALSE,FALSE,2,white_female_low
100,Validation,3755,1,White,TRUE,25,FALSE,FALSE,6,black_male_low
100,Validation,3756,0,White,TRUE,33,FALSE,FALSE,6,black_male_low
100,Validation,3757,1,White,TRUE,54,FALSE,FALSE,5,black_male_high
10,Iterative Batch Phase: Min,3758,0,White,TRUE,38,FALSE,FALSE,6,black_male_low
1,Iterative Batch Phase: Max,3759,0,White,FALSE,46,FALSE,FALSE,8,white_male_low
100,Validation,3760,1,White,FALSE,38,TRUE,FALSE,6,black_male_low
100,Validation,3761,0,White,FALSE,24,FALSE,FALSE,6,black_male_low
19,Iterative Batch Phase: Min,3762,1,Two or More Races,TRUE,31,FALSE,FALSE,5,black_male_high
100,Validation,3763,1,White,TRUE,49,FALSE,FALSE,6,black_male_low
100,Validation,3764,1,White,TRUE,36,FALSE,FALSE,6,black_male_low
100,Validation,3765,1,White,FALSE,38,FALSE,FALSE,5,black_male_high
18,Iterative Batch Phase: Min,3766,0,White,TRUE,26,FALSE,FALSE,6,black_male_low
100,Validation,3767,1,White,FALSE,36,FALSE,FALSE,5,black_male_high
100,Validation,3768,1,White,TRUE,34,FALSE,FALSE,6,black_male_low
100,Validation,3769,0,White,FALSE,62,FALSE,FALSE,6,black_male_low
100,Validation,3770,0,Black or African American,TRUE,31,FALSE,FALSE,6,black_male_low
2,Iterative Batch Phase: Min,3771,0,White,FALSE,47,FALSE,FALSE,2,white_female_low
20,Iterative Batch Phase: Min,3772,1,White,FALSE,27,FALSE,FALSE,6,black_male_low
5,Iterative Batch Phase: Min,3773,0,White,TRUE,49,FALSE,FALSE,6,black_male_low
17,Iterative Batch Phase: Min,3774,0,White,FALSE,42,FALSE,FALSE,6,black_male_low
100,Validation,3775,0,White,TRUE,22,FALSE,FALSE,5,black_male_high
100,Validation,3776,0,Two or More Races,TRUE,59,FALSE,FALSE,6,black_male_low
7,Iterative Batch Phase: Min,3777,1,White,FALSE,24,FALSE,FALSE,3,black_female_high
3,Iterative Batch Phase: Max,3778,1,White,TRUE,32,FALSE,FALSE,8,white_male_low
100,Validation,3779,1,Two or More Races,TRUE,26,TRUE,FALSE,5,black_male_high
14,Iterative Batch Phase: Min,3780,0,Black or African American,FALSE,30,FALSE,FALSE,4,black_female_low
15,Iterative Batch Phase: Min,3781,0,White,FALSE,42,FALSE,FALSE,4,black_female_low
100,Validation,3782,1,Asian,TRUE,36,TRUE,FALSE,5,black_male_high
4,Iterative Batch Phase: Max,3783,1,White,TRUE,60,FALSE,FALSE,5,black_male_high
15,Iterative Batch Phase: Min,3784,1,White,TRUE,41,FALSE,FALSE,4,black_female_low
100,Validation,3785,1,White,TRUE,25,FALSE,FALSE,5,black_male_high
100,Validation,3786,0,White,FALSE,47,FALSE,FALSE,5,black_male_high
4,Iterative Batch Phase: Min,3787,0,White,FALSE,27,TRUE,FALSE,2,white_female_low
3,Iterative Batch Phase: Max,3788,1,White,FALSE,35,FALSE,FALSE,5,black_male_high
13,Iterative Batch Phase: Min,3789,1,White,FALSE,,FALSE,FALSE,5,black_male_high
100,Validation,3790,0,White,TRUE,60,FALSE,FALSE,5,black_male_high
10,Iterative Batch Phase: Min,3791,1,White,FALSE,54,FALSE,FALSE,5,black_male_high
19,Iterative Batch Phase: Min,3792,1,White,FALSE,61,FALSE,FALSE,5,black_male_high
16,Iterative Batch Phase: Min,3793,0,White,FALSE,33,FALSE,FALSE,4,black_female_low
1,Iterative Batch Phase: Min,3794,1,White,TRUE,30,FALSE,FALSE,4,black_female_low
17,Iterative Batch Phase: Min,3795,0,White,TRUE,,FALSE,TRUE,5,black_male_high
100,Validation,3796,1,White,FALSE,37,FALSE,FALSE,6,black_male_low
100,Validation,3797,1,White,TRUE,34,FALSE,FALSE,6,black_male_low
100,Validation,3798,1,Two or More Races,TRUE,29,FALSE,FALSE,5,black_male_high
100,Validation,3799,0,American Indian or Alaska Native,FALSE,35,FALSE,FALSE,5,black_male_high
9,Iterative Batch Phase: Min,3800,1,White,FALSE,28,FALSE,FALSE,3,black_female_high
100,Validation,3801,1,White,TRUE,33,FALSE,FALSE,5,black_male_high
4,Iterative Batch Phase: Min,3802,1,White,TRUE,57,FALSE,FALSE,6,black_male_low
100,Validation,3803,1,Black or African American,FALSE,54,FALSE,FALSE,6,black_male_low
2,Iterative Batch Phase: Min,3804,1,White,TRUE,37,FALSE,FALSE,8,white_male_low
100,Validation,3805,1,White,TRUE,54,FALSE,FALSE,5,black_male_high
100,Validation,3806,1,White,FALSE,,FALSE,FALSE,5,black_male_high
100,Validation,3807,1,White,FALSE,76,FALSE,FALSE,5,black_male_high
100,Validation,3808,0,Two or More Races,TRUE,22,FALSE,FALSE,6,black_male_low
8,Iterative Batch Phase: Min,3809,1,Two or More Races,FALSE,24,FALSE,FALSE,6,black_male_low
3,Iterative Batch Phase: Min,3810,1,White,TRUE,39,FALSE,FALSE,5,black_male_high
100,Validation,3811,0,White,TRUE,36,FALSE,FALSE,6,black_male_low
100,Validation,3812,1,White,TRUE,26,TRUE,FALSE,6,black_male_low
100,Validation,3813,1,White,TRUE,41,FALSE,FALSE,6,black_male_low
1,Iterative Batch Phase: Min,3814,1,White,FALSE,30,FALSE,FALSE,3,black_female_high
100,Validation,3815,1,White,FALSE,47,FALSE,FALSE,5,black_male_high
100,Validation,3816,1,White,TRUE,47,FALSE,FALSE,5,black_male_high
100,Validation,3817,0,White,TRUE,39,FALSE,FALSE,6,black_male_low
20,Iterative Batch Phase: Min,3818,1,White,TRUE,51,FALSE,FALSE,6,black_male_low
0,Warmup,3819,1,White,TRUE,44,FALSE,FALSE,6,black_male_low
17,Iterative Batch Phase: Min,3820,1,White,FALSE,40,FALSE,FALSE,4,black_female_low
100,Validation,3821,1,White,TRUE,38,FALSE,FALSE,6,black_male_low
0,Warmup,3822,1,White,TRUE,23,TRUE,FALSE,2,white_female_low
10,Iterative Batch Phase: Min,3823,1,White,FALSE,35,FALSE,TRUE,7,white_male_high
100,Validation,3824,1,Black or African American,FALSE,42,FALSE,FALSE,6,black_male_low
100,Validation,3825,1,White,FALSE,38,FALSE,FALSE,6,black_male_low
19,Iterative Batch Phase: Min,3826,1,Asian,TRUE,31,FALSE,FALSE,7,white_male_high
100,Validation,3827,1,White,FALSE,38,FALSE,FALSE,5,black_male_high
100,Validation,3828,1,Black or African American,FALSE,23,FALSE,FALSE,6,black_male_low
100,Validation,3829,1,White,FALSE,38,FALSE,FALSE,5,black_male_high
16,Iterative Batch Phase: Min,3830,1,White,FALSE,51,FALSE,FALSE,8,white_male_low
8,Iterative Batch Phase: Min,3831,1,White,FALSE,28,FALSE,FALSE,6,black_male_low
100,Validation,3832,1,White,TRUE,23,FALSE,FALSE,6,black_male_low
13,Iterative Batch Phase: Min,3833,1,White,TRUE,35,FALSE,FALSE,6,black_male_low
100,Validation,3834,1,White,TRUE,47,FALSE,FALSE,5,black_male_high
100,Validation,3835,1,White,TRUE,37,FALSE,FALSE,6,black_male_low
16,Iterative Batch Phase: Min,3836,1,White,FALSE,36,FALSE,FALSE,4,black_female_low
5,Iterative Batch Phase: Min,3837,1,White,FALSE,32,TRUE,FALSE,6,black_male_low
11,Iterative Batch Phase: Min,3838,0,White,TRUE,57,TRUE,FALSE,4,black_female_low
9,Iterative Batch Phase: Min,3839,1,White,TRUE,35,FALSE,FALSE,4,black_female_low
100,Validation,3840,1,Asian,FALSE,43,FALSE,FALSE,6,black_male_low
9,Iterative Batch Phase: Min,3841,0,Native Hawaiian or Other Pacific Islander,FALSE,32,TRUE,FALSE,4,black_female_low
100,Validation,3842,1,Other,FALSE,24,TRUE,FALSE,5,black_male_high
100,Validation,3843,1,White,FALSE,35,TRUE,FALSE,6,black_male_low
13,Iterative Batch Phase: Min,3844,1,Black or African American,TRUE,23,FALSE,FALSE,3,black_female_high
19,Iterative Batch Phase: Min,3845,0,Black or African American,FALSE,28,FALSE,FALSE,1,white_female_high
100,Validation,3846,1,Two or More Races,TRUE,40,FALSE,FALSE,5,black_male_high
0,Warmup,3847,1,White,FALSE,32,FALSE,FALSE,5,black_male_high
100,Validation,3848,1,White,FALSE,46,FALSE,FALSE,6,black_male_low
13,Iterative Batch Phase: Min,3849,0,White,FALSE,35,FALSE,FALSE,4,black_female_low
4,Iterative Batch Phase: Max,3850,1,Asian,FALSE,27,FALSE,FALSE,5,black_male_high
100,Validation,3851,1,Black or African American,TRUE,55,FALSE,FALSE,6,black_male_low
16,Iterative Batch Phase: Min,3852,0,White,TRUE,59,FALSE,FALSE,4,black_female_low
100,Validation,3853,1,White,TRUE,25,FALSE,FALSE,5,black_male_high
100,Validation,3854,0,White,FALSE,34,FALSE,FALSE,6,black_male_low
17,Iterative Batch Phase: Min,3855,1,Asian,TRUE,50,FALSE,FALSE,4,black_female_low
5,Iterative Batch Phase: Min,3856,1,Other,FALSE,60,FALSE,FALSE,3,black_female_high
100,Validation,3857,0,White,FALSE,31,FALSE,FALSE,6,black_male_low
11,Iterative Batch Phase: Min,3858,1,White,TRUE,29,FALSE,FALSE,6,black_male_low
3,Iterative Batch Phase: Min,3859,0,White,FALSE,32,FALSE,FALSE,2,white_female_low
100,Validation,3860,1,White,TRUE,40,FALSE,FALSE,5,black_male_high
100,Validation,3861,1,White,TRUE,67,FALSE,FALSE,6,black_male_low
100,Validation,3862,1,White,TRUE,23,FALSE,FALSE,6,black_male_low
18,Iterative Batch Phase: Min,3863,1,Asian,TRUE,29,FALSE,FALSE,6,black_male_low
3,Iterative Batch Phase: Min,3864,1,White,TRUE,55,FALSE,FALSE,3,black_female_high
100,Validation,3865,1,Asian,TRUE,34,FALSE,FALSE,6,black_male_low
14,Iterative Batch Phase: Min,3866,0,Two or More Races,TRUE,28,TRUE,FALSE,5,black_male_high
100,Validation,3867,1,Black or African American,TRUE,24,FALSE,FALSE,5,black_male_high
100,Validation,3868,1,Two or More Races,FALSE,22,FALSE,FALSE,5,black_male_high
17,Iterative Batch Phase: Min,3869,0,White,FALSE,33,FALSE,FALSE,7,white_male_high
100,Validation,3870,1,Black or African American,TRUE,34,FALSE,FALSE,5,black_male_high
12,Iterative Batch Phase: Min,3871,1,White,FALSE,56,FALSE,FALSE,4,black_female_low
6,Iterative Batch Phase: Min,3872,0,Two or More Races,TRUE,35,FALSE,FALSE,4,black_female_low
100,Validation,3873,0,White,TRUE,32,FALSE,FALSE,5,black_male_high
100,Validation,3874,1,White,FALSE,56,FALSE,FALSE,6,black_male_low
12,Iterative Batch Phase: Min,3875,1,White,TRUE,31,TRUE,FALSE,6,black_male_low
6,Iterative Batch Phase: Min,3876,1,White,FALSE,67,FALSE,FALSE,6,black_male_low
19,Iterative Batch Phase: Min,3877,1,White,TRUE,49,FALSE,FALSE,6,black_male_low
3,Iterative Batch Phase: Min,3878,1,White,FALSE,41,FALSE,FALSE,5,black_male_high
2,Iterative Batch Phase: Min,3879,1,White,FALSE,39,FALSE,FALSE,3,black_female_high
100,Validation,3880,1,White,TRUE,51,FALSE,FALSE,6,black_male_low
4,Iterative Batch Phase: Min,3881,0,White,TRUE,30,FALSE,FALSE,6,black_male_low
0,Warmup,3882,1,White,FALSE,32,FALSE,FALSE,3,black_female_high
10,Iterative Batch Phase: Min,3883,1,White,TRUE,29,FALSE,FALSE,3,black_female_high
3,Iterative Batch Phase: Max,3884,1,White,TRUE,33,TRUE,FALSE,5,black_male_high
16,Iterative Batch Phase: Min,3885,1,White,TRUE,52,FALSE,FALSE,8,white_male_low
18,Iterative Batch Phase: Min,3886,0,White,FALSE,29,FALSE,FALSE,4,black_female_low
100,Validation,3887,1,White,TRUE,48,FALSE,FALSE,6,black_male_low
100,Validation,3888,0,Asian,TRUE,21,TRUE,FALSE,6,black_male_low
100,Validation,3889,0,Other,FALSE,57,TRUE,FALSE,6,black_male_low
100,Validation,3890,1,White,TRUE,27,FALSE,FALSE,5,black_male_high
12,Iterative Batch Phase: Min,3891,0,White,FALSE,48,FALSE,FALSE,6,black_male_low
100,Validation,3892,0,White,TRUE,,FALSE,FALSE,6,black_male_low
19,Iterative Batch Phase: Min,3893,1,White,FALSE,49,FALSE,FALSE,4,black_female_low
100,Validation,3894,1,Asian,FALSE,23,FALSE,FALSE,5,black_male_high
100,Validation,3895,1,White,TRUE,52,FALSE,FALSE,5,black_male_high
2,Iterative Batch Phase: Max,3896,1,Asian,FALSE,20,FALSE,FALSE,5,black_male_high
0,Warmup,3897,1,White,FALSE,25,FALSE,FALSE,3,black_female_high
20,Iterative Batch Phase: Min,3898,1,Black or African American,FALSE,30,FALSE,FALSE,5,black_male_high
0,Warmup,3899,1,Black or African American,FALSE,41,FALSE,FALSE,6,black_male_low
100,Validation,3900,1,White,TRUE,37,FALSE,FALSE,6,black_male_low
8,Iterative Batch Phase: Min,3901,1,White,FALSE,24,FALSE,FALSE,6,black_male_low
12,Iterative Batch Phase: Min,3902,0,White,TRUE,32,FALSE,FALSE,4,black_female_low
3,Iterative Batch Phase: Min,3903,0,Black or African American,FALSE,34,FALSE,FALSE,6,black_male_low
5,Iterative Batch Phase: Min,3904,1,White,FALSE,61,FALSE,FALSE,3,black_female_high
100,Validation,3905,1,Two or More Races,TRUE,33,FALSE,FALSE,5,black_male_high
0,Warmup,3906,1,White,TRUE,57,FALSE,FALSE,8,white_male_low
10,Iterative Batch Phase: Min,3907,0,White,TRUE,31,FALSE,FALSE,3,black_female_high
100,Validation,3908,1,White,FALSE,31,FALSE,FALSE,5,black_male_high
6,Iterative Batch Phase: Min,3909,0,White,FALSE,50,FALSE,FALSE,4,black_female_low
100,Validation,3910,0,White,FALSE,55,FALSE,FALSE,6,black_male_low
100,Validation,3911,1,White,TRUE,51,FALSE,FALSE,5,black_male_high
100,Validation,3912,1,White,FALSE,60,FALSE,FALSE,5,black_male_high
19,Iterative Batch Phase: Min,3913,0,White,FALSE,25,FALSE,FALSE,6,black_male_low
18,Iterative Batch Phase: Min,3914,1,White,TRUE,27,FALSE,FALSE,6,black_male_low
100,Validation,3915,1,Asian,FALSE,31,FALSE,FALSE,5,black_male_high
17,Iterative Batch Phase: Min,3916,1,White,FALSE,53,FALSE,FALSE,6,black_male_low
100,Validation,3917,1,White,TRUE,61,FALSE,FALSE,5,black_male_high
19,Iterative Batch Phase: Min,3918,0,Two or More Races,TRUE,50,TRUE,FALSE,4,black_female_low
15,Iterative Batch Phase: Min,3919,1,White,FALSE,21,FALSE,FALSE,8,white_male_low
100,Validation,3920,1,White,TRUE,23,FALSE,FALSE,5,black_male_high
100,Validation,3921,1,White,TRUE,48,FALSE,FALSE,5,black_male_high
20,Iterative Batch Phase: Min,3922,1,White,FALSE,34,FALSE,FALSE,1,white_female_high
5,Iterative Batch Phase: Min,3923,0,White,FALSE,28,FALSE,FALSE,2,white_female_low
100,Validation,3924,0,White,TRUE,58,FALSE,FALSE,6,black_male_low
9,Iterative Batch Phase: Min,3925,1,White,TRUE,23,FALSE,FALSE,3,black_female_high
4,Iterative Batch Phase: Min,3926,1,White,FALSE,42,FALSE,FALSE,7,white_male_high
7,Iterative Batch Phase: Min,3927,0,White,TRUE,70,FALSE,FALSE,6,black_male_low
100,Validation,3928,1,White,TRUE,29,FALSE,FALSE,5,black_male_high
100,Validation,3929,1,Black or African American,FALSE,38,FALSE,FALSE,5,black_male_high
0,Warmup,3930,0,Asian,TRUE,30,FALSE,FALSE,1,white_female_high
15,Iterative Batch Phase: Min,3931,1,White,TRUE,50,FALSE,FALSE,4,black_female_low
18,Iterative Batch Phase: Min,3932,1,White,TRUE,37,FALSE,FALSE,4,black_female_low
0,Warmup,3933,1,White,TRUE,33,FALSE,FALSE,8,white_male_low
3,Iterative Batch Phase: Max,3934,1,White,FALSE,33,FALSE,FALSE,5,black_male_high
0,Warmup,3935,1,White,TRUE,46,FALSE,FALSE,1,white_female_high
0,Warmup,3936,1,White,FALSE,42,FALSE,FALSE,6,black_male_low
100,Validation,3937,0,Black or African American,TRUE,32,FALSE,FALSE,6,black_male_low
10,Iterative Batch Phase: Min,3938,0,White,TRUE,21,TRUE,FALSE,6,black_male_low
4,Iterative Batch Phase: Max,3939,1,Black or African American,TRUE,44,FALSE,FALSE,7,white_male_high
0,Warmup,3940,0,Two or More Races,TRUE,41,FALSE,FALSE,3,black_female_high
100,Validation,3941,1,White,FALSE,28,FALSE,FALSE,6,black_male_low
100,Validation,3942,1,Black or African American,TRUE,19,FALSE,FALSE,6,black_male_low
100,Validation,3943,0,White,TRUE,22,FALSE,FALSE,5,black_male_high
100,Validation,3944,1,Asian,FALSE,35,FALSE,FALSE,6,black_male_low
13,Iterative Batch Phase: Min,3945,1,Asian,TRUE,27,FALSE,FALSE,1,white_female_high
100,Validation,3946,1,White,TRUE,40,FALSE,FALSE,5,black_male_high
0,Warmup,3947,0,White,TRUE,51,FALSE,FALSE,2,white_female_low
0,Warmup,3948,1,White,TRUE,30,TRUE,FALSE,2,white_female_low
0,Warmup,3949,0,White,FALSE,50,FALSE,FALSE,8,white_male_low
100,Validation,3950,1,White,FALSE,37,FALSE,FALSE,5,black_male_high
4,Iterative Batch Phase: Min,3951,0,White,TRUE,23,FALSE,FALSE,7,white_male_high
0,Warmup,3952,0,Black or African American,FALSE,29,FALSE,FALSE,2,white_female_low
1,Iterative Batch Phase: Min,3953,1,Black or African American,TRUE,32,FALSE,FALSE,2,white_female_low
100,Validation,3954,1,White,FALSE,27,FALSE,FALSE,6,black_male_low
100,Validation,3955,1,White,FALSE,46,FALSE,FALSE,5,black_male_high
1,Iterative Batch Phase: Min,3956,1,White,FALSE,39,FALSE,FALSE,4,black_female_low
12,Iterative Batch Phase: Min,3957,1,Asian,TRUE,61,FALSE,FALSE,7,white_male_high
100,Validation,3958,1,White,TRUE,44,TRUE,FALSE,5,black_male_high
100,Validation,3959,1,White,TRUE,25,FALSE,FALSE,6,black_male_low
100,Validation,3960,1,White,TRUE,28,FALSE,FALSE,6,black_male_low
4,Iterative Batch Phase: Max,3961,0,White,TRUE,41,FALSE,FALSE,8,white_male_low
11,Iterative Batch Phase: Min,3962,1,Two or More Races,FALSE,23,FALSE,TRUE,4,black_female_low
100,Validation,3963,1,Two or More Races,FALSE,19,FALSE,FALSE,6,black_male_low
0,Warmup,3964,1,Asian,FALSE,34,FALSE,FALSE,1,white_female_high
100,Validation,3965,0,White,TRUE,33,FALSE,FALSE,6,black_male_low
0,Warmup,3966,1,Black or African American,TRUE,32,FALSE,FALSE,6,black_male_low
7,Iterative Batch Phase: Min,3967,1,White,FALSE,30,FALSE,FALSE,2,white_female_low
100,Validation,3968,1,Asian,FALSE,25,FALSE,FALSE,6,black_male_low
1,Iterative Batch Phase: Max,3969,1,White,TRUE,44,FALSE,FALSE,5,black_male_high
19,Iterative Batch Phase: Min,3970,0,White,TRUE,37,FALSE,FALSE,4,black_female_low
4,Iterative Batch Phase: Min,3971,1,Prefer not to disclose,TRUE,42,FALSE,TRUE,2,white_female_low
3,Iterative Batch Phase: Min,3972,0,White,FALSE,29,FALSE,FALSE,2,white_female_low
0,Warmup,3973,0,White,TRUE,64,FALSE,FALSE,1,white_female_high
100,Validation,3974,1,White,FALSE,32,FALSE,FALSE,6,black_male_low
100,Validation,3975,0,White,FALSE,67,FALSE,FALSE,6,black_male_low
2,Iterative Batch Phase: Min,3976,1,Black or African American,TRUE,53,FALSE,FALSE,3,black_female_high
18,Iterative Batch Phase: Min,3977,1,White,FALSE,26,FALSE,FALSE,5,black_male_high
9,Iterative Batch Phase: Min,3978,1,White,FALSE,30,FALSE,TRUE,7,white_male_high
100,Validation,3979,1,Black or African American,FALSE,49,FALSE,FALSE,5,black_male_high
1,Iterative Batch Phase: Max,3980,1,White,TRUE,77,FALSE,FALSE,2,white_female_low
8,Iterative Batch Phase: Min,3981,1,White,TRUE,24,FALSE,FALSE,6,black_male_low
100,Validation,3982,1,White,FALSE,26,FALSE,TRUE,5,black_male_high
15,Iterative Batch Phase: Min,3983,1,White,FALSE,35,FALSE,FALSE,4,black_female_low
12,Iterative Batch Phase: Min,3984,1,White,TRUE,35,FALSE,FALSE,4,black_female_low
20,Iterative Batch Phase: Min,3985,0,White,FALSE,80,FALSE,FALSE,1,white_female_high
100,Validation,3986,1,Black or African American,FALSE,35,FALSE,FALSE,6,black_male_low
10,Iterative Batch Phase: Min,3987,1,White,FALSE,30,FALSE,FALSE,6,black_male_low
100,Validation,3988,0,Asian,TRUE,36,FALSE,FALSE,6,black_male_low
100,Validation,3989,1,White,FALSE,37,FALSE,FALSE,5,black_male_high
16,Iterative Batch Phase: Min,3990,0,Asian,FALSE,32,FALSE,FALSE,5,black_male_high
100,Validation,3991,1,White,TRUE,29,FALSE,FALSE,6,black_male_low
17,Iterative Batch Phase: Min,3992,1,Asian,FALSE,27,FALSE,FALSE,7,white_male_high
0,Warmup,3993,1,White,TRUE,43,FALSE,FALSE,1,white_female_high
4,Iterative Batch Phase: Max,3994,1,White,FALSE,35,TRUE,FALSE,5,black_male_high
0,Warmup,3995,0,Black or African American,TRUE,44,FALSE,FALSE,3,black_female_high
10,Iterative Batch Phase: Min,3996,1,Asian,TRUE,25,FALSE,FALSE,4,black_female_low
0,Warmup,3997,1,White,FALSE,37,FALSE,FALSE,7,white_male_high
19,Iterative Batch Phase: Min,3998,1,White,TRUE,42,FALSE,FALSE,6,black_male_low
100,Validation,3999,0,White,TRUE,61,TRUE,FALSE,6,black_male_low
100,Validation,4000,1,Black or African American,TRUE,61,FALSE,FALSE,5,black_male_high
100,Validation,4001,0,Asian,TRUE,28,FALSE,FALSE,5,black_male_high
100,Validation,4002,0,Asian,FALSE,34,FALSE,FALSE,6,black_male_low
14,Iterative Batch Phase: Min,4003,1,White,FALSE,28,FALSE,FALSE,3,black_female_high
17,Iterative Batch Phase: Min,4004,1,White,TRUE,55,FALSE,FALSE,2,white_female_low
100,Validation,4005,1,White,TRUE,41,FALSE,FALSE,6,black_male_low
100,Validation,4006,1,White,FALSE,33,FALSE,FALSE,6,black_male_low
19,Iterative Batch Phase: Min,4007,0,White,TRUE,45,FALSE,FALSE,1,white_female_high
17,Iterative Batch Phase: Min,4008,0,White,FALSE,53,FALSE,FALSE,4,black_female_low
2,Iterative Batch Phase: Min,4009,1,White,FALSE,41,FALSE,FALSE,7,white_male_high
2,Iterative Batch Phase: Max,4010,1,White,FALSE,29,FALSE,TRUE,5,black_male_high
4,Iterative Batch Phase: Min,4011,1,White,FALSE,57,FALSE,FALSE,7,white_male_high
0,Warmup,4012,1,Other,FALSE,60,FALSE,TRUE,2,white_female_low
19,Iterative Batch Phase: Min,4013,1,White,TRUE,40,TRUE,FALSE,6,black_male_low
100,Validation,4014,1,Two or More Races,TRUE,21,FALSE,FALSE,6,black_male_low
11,Iterative Batch Phase: Min,4015,1,White,FALSE,52,FALSE,FALSE,6,black_male_low
20,Iterative Batch Phase: Min,4016,1,White,TRUE,20,FALSE,FALSE,4,black_female_low
14,Iterative Batch Phase: Min,4017,0,White,TRUE,22,FALSE,FALSE,5,black_male_high
100,Validation,4018,1,White,FALSE,43,FALSE,FALSE,6,black_male_low
4,Iterative Batch Phase: Max,4019,1,White,TRUE,43,FALSE,FALSE,5,black_male_high
20,Iterative Batch Phase: Min,4020,1,Asian,FALSE,36,FALSE,FALSE,6,black_male_low
100,Validation,4021,1,Black or African American,TRUE,26,TRUE,FALSE,5,black_male_high
6,Iterative Batch Phase: Min,4022,1,White,FALSE,32,FALSE,FALSE,7,white_male_high
0,Warmup,4023,0,White,TRUE,63,FALSE,FALSE,3,black_female_high
100,Validation,4024,1,Two or More Races,TRUE,27,FALSE,FALSE,5,black_male_high
2,Iterative Batch Phase: Max,4025,1,White,TRUE,54,FALSE,FALSE,5,black_male_high
5,Iterative Batch Phase: Min,4026,0,White,FALSE,72,FALSE,FALSE,3,black_female_high
100,Validation,4027,0,White,FALSE,40,FALSE,FALSE,6,black_male_low
20,Iterative Batch Phase: Min,4028,1,White,TRUE,68,FALSE,FALSE,6,black_male_low
100,Validation,4029,1,Prefer not to disclose,TRUE,33,FALSE,TRUE,6,black_male_low
100,Validation,4030,1,Other,TRUE,20,TRUE,FALSE,6,black_male_low
4,Iterative Batch Phase: Min,4031,1,White,TRUE,69,FALSE,FALSE,3,black_female_high
0,Warmup,4032,1,White,FALSE,27,FALSE,FALSE,3,black_female_high
2,Iterative Batch Phase: Max,4033,1,White,TRUE,21,FALSE,FALSE,5,black_male_high
18,Iterative Batch Phase: Min,4034,1,White,TRUE,62,FALSE,FALSE,4,black_female_low
14,Iterative Batch Phase: Min,4035,1,White,FALSE,30,FALSE,FALSE,4,black_female_low
100,Validation,4036,1,Two or More Races,TRUE,50,FALSE,FALSE,6,black_male_low
9,Iterative Batch Phase: Min,4037,0,White,TRUE,41,FALSE,FALSE,4,black_female_low
100,Validation,4038,0,Asian,FALSE,34,FALSE,FALSE,5,black_male_high
100,Validation,4039,1,Black or African American,FALSE,37,TRUE,FALSE,5,black_male_high
1,Iterative Batch Phase: Max,4040,1,White,TRUE,54,FALSE,FALSE,5,black_male_high
100,Validation,4041,1,White,FALSE,39,FALSE,FALSE,6,black_male_low
100,Validation,4042,1,White,FALSE,57,FALSE,FALSE,5,black_male_high
100,Validation,4043,1,White,FALSE,26,FALSE,FALSE,6,black_male_low
15,Iterative Batch Phase: Min,4044,1,Prefer not to disclose,FALSE,,TRUE,TRUE,7,white_male_high
15,Iterative Batch Phase: Min,4045,1,White,FALSE,38,FALSE,FALSE,6,black_male_low
17,Iterative Batch Phase: Min,4046,1,White,FALSE,36,FALSE,FALSE,6,black_male_low
16,Iterative Batch Phase: Min,4047,1,Black or African American,TRUE,56,FALSE,FALSE,6,black_male_low
5,Iterative Batch Phase: Min,4048,1,White,FALSE,36,FALSE,FALSE,6,black_male_low
17,Iterative Batch Phase: Min,4049,1,White,FALSE,,FALSE,FALSE,6,black_male_low
100,Validation,4050,1,White,TRUE,25,FALSE,FALSE,5,black_male_high
100,Validation,4051,1,White,TRUE,22,FALSE,FALSE,5,black_male_high
8,Iterative Batch Phase: Min,4052,0,White,FALSE,52,FALSE,FALSE,5,black_male_high
4,Iterative Batch Phase: Max,4053,0,Black or African American,TRUE,48,FALSE,FALSE,5,black_male_high
3,Iterative Batch Phase: Max,4054,0,White,TRUE,48,FALSE,FALSE,2,white_female_low
7,Iterative Batch Phase: Min,4055,0,White,TRUE,33,FALSE,FALSE,4,black_female_low
100,Validation,4056,0,Two or More Races,FALSE,21,TRUE,FALSE,5,black_male_high
100,Validation,4057,1,White,TRUE,23,FALSE,FALSE,6,black_male_low
4,Iterative Batch Phase: Min,4058,1,American Indian or Alaska Native,TRUE,38,FALSE,FALSE,7,white_male_high
19,Iterative Batch Phase: Min,4059,0,Black or African American,TRUE,39,FALSE,FALSE,4,black_female_low
14,Iterative Batch Phase: Min,4060,1,White,FALSE,35,FALSE,FALSE,4,black_female_low
20,Iterative Batch Phase: Min,4061,1,White,FALSE,38,FALSE,FALSE,4,black_female_low
9,Iterative Batch Phase: Min,4062,0,White,FALSE,61,FALSE,FALSE,6,black_male_low
16,Iterative Batch Phase: Min,4063,1,White,TRUE,47,FALSE,FALSE,4,black_female_low
100,Validation,4064,1,White,TRUE,28,FALSE,FALSE,5,black_male_high
100,Validation,4065,0,White,TRUE,33,FALSE,FALSE,5,black_male_high
18,Iterative Batch Phase: Min,4066,1,White,TRUE,32,FALSE,FALSE,4,black_female_low
16,Iterative Batch Phase: Min,4067,0,White,FALSE,38,FALSE,FALSE,6,black_male_low
100,Validation,4068,1,White,FALSE,30,TRUE,FALSE,5,black_male_high
0,Warmup,4069,1,White,FALSE,44,FALSE,FALSE,4,black_female_low
100,Validation,4070,1,Asian,FALSE,24,FALSE,FALSE,5,black_male_high
100,Validation,4071,1,White,FALSE,35,FALSE,FALSE,5,black_male_high
100,Validation,4072,0,White,TRUE,29,FALSE,FALSE,6,black_male_low
19,Iterative Batch Phase: Min,4073,1,White,FALSE,46,TRUE,FALSE,8,white_male_low
100,Validation,4074,1,Black or African American,TRUE,27,FALSE,TRUE,5,black_male_high
100,Validation,4075,1,White,TRUE,31,FALSE,FALSE,6,black_male_low
100,Validation,4076,1,White,FALSE,24,FALSE,FALSE,6,black_male_low
15,Iterative Batch Phase: Min,4077,1,White,FALSE,44,FALSE,FALSE,4,black_female_low
0,Warmup,4078,1,White,TRUE,26,FALSE,FALSE,7,white_male_high
9,Iterative Batch Phase: Min,4079,1,White,TRUE,21,FALSE,FALSE,4,black_female_low
100,Validation,4080,1,White,FALSE,54,FALSE,FALSE,6,black_male_low
4,Iterative Batch Phase: Max,4081,0,White,TRUE,23,FALSE,FALSE,5,black_male_high
0,Warmup,4082,1,White,FALSE,27,FALSE,TRUE,2,white_female_low
4,Iterative Batch Phase: Min,4083,1,White,FALSE,29,FALSE,TRUE,8,white_male_low
0,Warmup,4084,1,White,TRUE,27,TRUE,FALSE,5,black_male_high
5,Iterative Batch Phase: Min,4085,0,White,FALSE,32,FALSE,FALSE,6,black_male_low
100,Validation,4086,1,White,FALSE,41,FALSE,FALSE,6,black_male_low
100,Validation,4087,0,Asian,TRUE,24,FALSE,FALSE,6,black_male_low
8,Iterative Batch Phase: Min,4088,1,White,TRUE,44,FALSE,FALSE,6,black_male_low
100,Validation,4089,1,White,FALSE,52,FALSE,FALSE,6,black_male_low
11,Iterative Batch Phase: Min,4090,1,White,TRUE,32,FALSE,FALSE,5,black_male_high
100,Validation,4091,1,White,TRUE,72,FALSE,FALSE,5,black_male_high
100,Validation,4092,1,White,FALSE,25,TRUE,FALSE,6,black_male_low
7,Iterative Batch Phase: Min,4093,1,Asian,TRUE,43,FALSE,FALSE,4,black_female_low
20,Iterative Batch Phase: Min,4094,1,White,FALSE,26,FALSE,FALSE,6,black_male_low
5,Iterative Batch Phase: Min,4095,1,White,TRUE,24,FALSE,FALSE,6,black_male_low
100,Validation,4096,1,Asian,FALSE,42,FALSE,FALSE,6,black_male_low
9,Iterative Batch Phase: Min,4097,1,White,TRUE,52,FALSE,FALSE,7,white_male_high
100,Validation,4098,1,White,TRUE,26,FALSE,FALSE,6,black_male_low
20,Iterative Batch Phase: Min,4099,1,Two or More Races,TRUE,38,FALSE,FALSE,6,black_male_low
100,Validation,4100,0,White,FALSE,28,FALSE,FALSE,5,black_male_high
16,Iterative Batch Phase: Min,4101,1,White,TRUE,23,FALSE,FALSE,4,black_female_low
1,Iterative Batch Phase: Min,4102,0,White,TRUE,71,FALSE,FALSE,3,black_female_high
7,Iterative Batch Phase: Min,4103,1,White,TRUE,41,FALSE,FALSE,3,black_female_high
100,Validation,4104,1,Other,TRUE,24,TRUE,FALSE,6,black_male_low
3,Iterative Batch Phase: Max,4105,1,Asian,FALSE,31,FALSE,FALSE,5,black_male_high
8,Iterative Batch Phase: Min,4106,0,White,TRUE,62,FALSE,FALSE,6,black_male_low
13,Iterative Batch Phase: Min,4107,0,Two or More Races,FALSE,20,TRUE,FALSE,8,white_male_low
100,Validation,4108,1,Two or More Races,TRUE,19,FALSE,FALSE,5,black_male_high
100,Validation,4109,0,White,TRUE,40,TRUE,FALSE,6,black_male_low
3,Iterative Batch Phase: Max,4110,1,White,TRUE,42,FALSE,FALSE,6,black_male_low
100,Validation,4111,1,Black or African American,TRUE,26,TRUE,FALSE,5,black_male_high
100,Validation,4112,1,White,TRUE,37,FALSE,FALSE,6,black_male_low
4,Iterative Batch Phase: Max,4113,1,Asian,TRUE,47,FALSE,FALSE,5,black_male_high
0,Warmup,4114,1,American Indian or Alaska Native,FALSE,34,FALSE,FALSE,6,black_male_low
5,Iterative Batch Phase: Min,4115,1,Other,FALSE,22,TRUE,FALSE,6,black_male_low
100,Validation,4116,1,White,TRUE,29,FALSE,FALSE,6,black_male_low
100,Validation,4117,1,White,FALSE,37,FALSE,FALSE,6,black_male_low
100,Validation,4118,1,Asian,FALSE,27,FALSE,FALSE,5,black_male_high
100,Validation,4119,0,White,TRUE,38,FALSE,FALSE,5,black_male_high
1,Iterative Batch Phase: Min,4120,1,Two or More Races,TRUE,35,FALSE,FALSE,7,white_male_high
100,Validation,4121,1,White,FALSE,29,FALSE,FALSE,5,black_male_high
100,Validation,4122,1,White,FALSE,58,FALSE,FALSE,5,black_male_high
7,Iterative Batch Phase: Min,4123,1,White,TRUE,38,FALSE,FALSE,4,black_female_low
12,Iterative Batch Phase: Min,4124,1,White,FALSE,26,TRUE,FALSE,1,white_female_high
6,Iterative Batch Phase: Min,4125,0,White,FALSE,52,FALSE,FALSE,4,black_female_low
5,Iterative Batch Phase: Min,4126,1,White,FALSE,36,FALSE,FALSE,7,white_male_high
0,Warmup,4127,1,Other,FALSE,32,TRUE,FALSE,2,white_female_low
100,Validation,4128,1,Other,TRUE,21,TRUE,FALSE,6,black_male_low
100,Validation,4129,0,Asian,TRUE,26,FALSE,FALSE,6,black_male_low
2,Iterative Batch Phase: Max,4130,0,White,FALSE,36,FALSE,FALSE,5,black_male_high
6,Iterative Batch Phase: Min,4131,1,Black or African American,FALSE,32,FALSE,FALSE,4,black_female_low
19,Iterative Batch Phase: Min,4132,0,White,FALSE,27,FALSE,FALSE,6,black_male_low
100,Validation,4133,1,White,TRUE,46,FALSE,FALSE,5,black_male_high
8,Iterative Batch Phase: Min,4134,0,White,TRUE,26,FALSE,FALSE,4,black_female_low
3,Iterative Batch Phase: Max,4135,0,White,TRUE,68,FALSE,FALSE,5,black_male_high
0,Warmup,4136,1,Asian,FALSE,32,FALSE,FALSE,5,black_male_high
1,Iterative Batch Phase: Min,4137,1,White,FALSE,30,FALSE,FALSE,4,black_female_low
2,Iterative Batch Phase: Max,4138,1,White,FALSE,36,FALSE,FALSE,8,white_male_low
1,Iterative Batch Phase: Max,4139,1,Prefer not to disclose,TRUE,47,TRUE,TRUE,2,white_female_low
17,Iterative Batch Phase: Min,4140,1,Black or African American,FALSE,44,FALSE,FALSE,5,black_male_high
100,Validation,4141,1,White,TRUE,22,FALSE,FALSE,5,black_male_high
3,Iterative Batch Phase: Min,4142,1,White,FALSE,36,FALSE,FALSE,5,black_male_high
10,Iterative Batch Phase: Min,4143,0,White,FALSE,,FALSE,FALSE,6,black_male_low
10,Iterative Batch Phase: Min,4144,1,White,FALSE,40,FALSE,FALSE,2,white_female_low
100,Validation,4145,1,Two or More Races,TRUE,33,FALSE,FALSE,5,black_male_high
100,Validation,4146,1,White,FALSE,26,FALSE,FALSE,5,black_male_high
13,Iterative Batch Phase: Min,4147,0,Asian,FALSE,44,FALSE,FALSE,4,black_female_low
0,Warmup,4148,0,White,FALSE,47,FALSE,FALSE,6,black_male_low
6,Iterative Batch Phase: Min,4149,1,Black or African American,TRUE,40,FALSE,FALSE,8,white_male_low
100,Validation,4150,1,White,FALSE,24,FALSE,FALSE,5,black_male_high
100,Validation,4151,0,White,TRUE,60,FALSE,FALSE,6,black_male_low
1,Iterative Batch Phase: Min,4152,1,White,TRUE,24,FALSE,FALSE,7,white_male_high
100,Validation,4153,1,Black or African American,FALSE,28,FALSE,FALSE,6,black_male_low
9,Iterative Batch Phase: Min,4154,1,White,TRUE,64,TRUE,FALSE,3,black_female_high
100,Validation,4155,1,Two or More Races,TRUE,29,TRUE,FALSE,5,black_male_high
100,Validation,4156,1,White,TRUE,22,FALSE,FALSE,5,black_male_high
14,Iterative Batch Phase: Min,4157,1,White,FALSE,39,FALSE,FALSE,5,black_male_high
100,Validation,4158,1,Asian,FALSE,33,FALSE,FALSE,6,black_male_low
100,Validation,4159,1,Prefer not to disclose,FALSE,,FALSE,TRUE,6,black_male_low
100,Validation,4160,1,Two or More Races,FALSE,52,FALSE,FALSE,6,black_male_low
2,Iterative Batch Phase: Max,4161,1,White,FALSE,45,TRUE,FALSE,5,black_male_high
18,Iterative Batch Phase: Min,4162,0,White,FALSE,44,FALSE,FALSE,6,black_male_low
6,Iterative Batch Phase: Min,4163,1,White,FALSE,35,FALSE,FALSE,5,black_male_high
100,Validation,4164,1,White,FALSE,35,FALSE,FALSE,5,black_male_high
3,Iterative Batch Phase: Max,4165,0,White,TRUE,40,FALSE,FALSE,6,black_male_low
4,Iterative Batch Phase: Min,4166,1,White,FALSE,24,FALSE,FALSE,2,white_female_low
100,Validation,4167,1,White,FALSE,38,FALSE,FALSE,5,black_male_high
100,Validation,4168,1,White,TRUE,26,FALSE,FALSE,5,black_male_high
0,Warmup,4169,1,White,FALSE,38,FALSE,FALSE,1,white_female_high
15,Iterative Batch Phase: Min,4170,1,White,TRUE,79,FALSE,FALSE,6,black_male_low
17,Iterative Batch Phase: Min,4171,1,Black or African American,TRUE,49,FALSE,FALSE,5,black_male_high
100,Validation,4172,1,White,FALSE,38,FALSE,FALSE,5,black_male_high
100,Validation,4173,1,White,TRUE,43,TRUE,FALSE,5,black_male_high
9,Iterative Batch Phase: Min,4174,0,White,TRUE,76,FALSE,FALSE,6,black_male_low
9,Iterative Batch Phase: Min,4175,1,White,FALSE,36,FALSE,FALSE,7,white_male_high
100,Validation,4176,1,White,TRUE,39,TRUE,FALSE,6,black_male_low
13,Iterative Batch Phase: Min,4177,1,Black or African American,TRUE,40,FALSE,FALSE,4,black_female_low
0,Warmup,4178,1,White,FALSE,27,FALSE,FALSE,2,white_female_low
17,Iterative Batch Phase: Min,4179,1,Black or African American,FALSE,42,FALSE,FALSE,4,black_female_low
100,Validation,4180,0,White,FALSE,23,FALSE,FALSE,6,black_male_low
1,Iterative Batch Phase: Max,4181,1,White,TRUE,38,TRUE,FALSE,6,black_male_low
100,Validation,4182,1,White,FALSE,59,FALSE,FALSE,5,black_male_high
100,Validation,4183,1,White,TRUE,21,FALSE,FALSE,6,black_male_low
12,Iterative Batch Phase: Min,4184,1,White,FALSE,29,FALSE,FALSE,6,black_male_low
3,Iterative Batch Phase: Min,4185,0,White,TRUE,29,FALSE,FALSE,2,white_female_low
10,Iterative Batch Phase: Min,4186,0,White,TRUE,31,FALSE,FALSE,6,black_male_low
100,Validation,4187,1,White,TRUE,32,FALSE,FALSE,6,black_male_low
100,Validation,4188,0,White,TRUE,22,FALSE,FALSE,6,black_male_low
100,Validation,4189,0,White,TRUE,51,FALSE,FALSE,5,black_male_high
100,Validation,4190,1,White,FALSE,57,FALSE,FALSE,6,black_male_low
9,Iterative Batch Phase: Min,4191,1,White,TRUE,42,FALSE,FALSE,7,white_male_high
100,Validation,4192,1,White,TRUE,29,FALSE,FALSE,5,black_male_high
100,Validation,4193,0,White,FALSE,35,FALSE,FALSE,6,black_male_low
8,Iterative Batch Phase: Min,4194,1,White,TRUE,32,FALSE,FALSE,4,black_female_low
17,Iterative Batch Phase: Min,4195,1,White,TRUE,57,FALSE,FALSE,8,white_male_low
0,Warmup,4196,1,White,TRUE,39,FALSE,FALSE,5,black_male_high
11,Iterative Batch Phase: Min,4197,1,White,TRUE,66,TRUE,FALSE,4,black_female_low
100,Validation,4198,0,White,FALSE,78,FALSE,FALSE,6,black_male_low
100,Validation,4199,0,White,TRUE,49,FALSE,FALSE,6,black_male_low
7,Iterative Batch Phase: Min,4200,1,White,TRUE,31,FALSE,FALSE,6,black_male_low
1,Iterative Batch Phase: Max,4201,1,Two or More Races,FALSE,29,FALSE,FALSE,5,black_male_high
1,Iterative Batch Phase: Max,4202,0,Asian,FALSE,23,FALSE,FALSE,8,white_male_low
0,Warmup,4203,1,White,FALSE,41,FALSE,FALSE,4,black_female_low
5,Iterative Batch Phase: Min,4204,0,White,TRUE,28,FALSE,FALSE,3,black_female_high
100,Validation,4205,1,White,TRUE,34,FALSE,FALSE,6,black_male_low
100,Validation,4206,0,White,TRUE,36,FALSE,FALSE,6,black_male_low
100,Validation,4207,1,White,FALSE,80,FALSE,FALSE,6,black_male_low
100,Validation,4208,0,White,FALSE,,FALSE,FALSE,5,black_male_high
3,Iterative Batch Phase: Min,4209,1,White,TRUE,76,FALSE,FALSE,5,black_male_high
18,Iterative Batch Phase: Min,4210,1,White,TRUE,64,FALSE,FALSE,4,black_female_low
0,Warmup,4211,1,Black or African American,FALSE,57,FALSE,FALSE,6,black_male_low
0,Warmup,4212,1,White,FALSE,35,FALSE,FALSE,8,white_male_low
18,Iterative Batch Phase: Min,4213,1,Asian,TRUE,18,FALSE,FALSE,6,black_male_low
15,Iterative Batch Phase: Min,4214,1,Other,FALSE,45,TRUE,FALSE,3,black_female_high
10,Iterative Batch Phase: Min,4215,1,White,TRUE,32,FALSE,FALSE,1,white_female_high
16,Iterative Batch Phase: Min,4216,1,White,TRUE,26,FALSE,FALSE,3,black_female_high
100,Validation,4217,1,White,TRUE,54,FALSE,FALSE,6,black_male_low
5,Iterative Batch Phase: Min,4218,1,Two or More Races,TRUE,32,FALSE,FALSE,2,white_female_low
2,Iterative Batch Phase: Max,4219,1,White,TRUE,54,FALSE,FALSE,5,black_male_high
100,Validation,4220,1,White,TRUE,26,TRUE,FALSE,5,black_male_high
100,Validation,4221,0,White,TRUE,31,FALSE,FALSE,5,black_male_high
100,Validation,4222,1,White,TRUE,21,FALSE,FALSE,5,black_male_high
100,Validation,4223,1,White,FALSE,35,FALSE,FALSE,5,black_male_high
14,Iterative Batch Phase: Min,4224,1,White,TRUE,38,FALSE,FALSE,4,black_female_low
100,Validation,4225,1,White,TRUE,24,FALSE,FALSE,5,black_male_high
10,Iterative Batch Phase: Min,4226,1,White,TRUE,34,FALSE,FALSE,3,black_female_high
3,Iterative Batch Phase: Min,4227,1,White,FALSE,32,FALSE,FALSE,6,black_male_low
100,Validation,4228,0,White,TRUE,43,FALSE,FALSE,6,black_male_low
5,Iterative Batch Phase: Min,4229,1,White,TRUE,65,FALSE,FALSE,2,white_female_low
0,Warmup,4230,1,White,FALSE,58,FALSE,FALSE,5,black_male_high
100,Validation,4231,0,Black or African American,TRUE,28,FALSE,FALSE,5,black_male_high
8,Iterative Batch Phase: Min,4232,1,Asian,FALSE,26,FALSE,FALSE,5,black_male_high
100,Validation,4233,0,Other,TRUE,24,TRUE,FALSE,5,black_male_high
100,Validation,4234,0,White,FALSE,59,TRUE,FALSE,6,black_male_low
1,Iterative Batch Phase: Min,4235,1,White,TRUE,30,FALSE,FALSE,3,black_female_high
2,Iterative Batch Phase: Max,4236,0,White,TRUE,34,FALSE,FALSE,8,white_male_low
100,Validation,4237,0,White,TRUE,53,FALSE,FALSE,6,black_male_low
5,Iterative Batch Phase: Min,4238,1,White,TRUE,,FALSE,FALSE,2,white_female_low
3,Iterative Batch Phase: Min,4239,1,White,FALSE,51,FALSE,FALSE,3,black_female_high
3,Iterative Batch Phase: Max,4240,1,White,FALSE,29,TRUE,FALSE,5,black_male_high
100,Validation,4241,1,Black or African American,TRUE,29,FALSE,FALSE,5,black_male_high
6,Iterative Batch Phase: Min,4242,0,White,FALSE,46,FALSE,FALSE,6,black_male_low
0,Warmup,4243,1,Black or African American,TRUE,39,FALSE,FALSE,8,white_male_low
2,Iterative Batch Phase: Max,4244,0,White,TRUE,38,FALSE,FALSE,5,black_male_high
4,Iterative Batch Phase: Max,4245,1,White,TRUE,36,TRUE,FALSE,5,black_male_high
2,Iterative Batch Phase: Min,4246,1,White,FALSE,33,FALSE,FALSE,3,black_female_high
100,Validation,4247,1,White,TRUE,42,FALSE,FALSE,5,black_male_high
100,Validation,4248,0,White,TRUE,47,TRUE,FALSE,6,black_male_low
100,Validation,4249,0,White,TRUE,34,FALSE,FALSE,6,black_male_low
100,Validation,4250,1,White,FALSE,22,FALSE,FALSE,5,black_male_high
100,Validation,4251,1,White,TRUE,23,FALSE,FALSE,5,black_male_high
100,Validation,4252,1,White,FALSE,32,TRUE,FALSE,5,black_male_high
0,Warmup,4253,1,White,TRUE,25,FALSE,FALSE,8,white_male_low
100,Validation,4254,0,White,TRUE,38,FALSE,FALSE,6,black_male_low
100,Validation,4255,0,White,TRUE,53,FALSE,FALSE,5,black_male_high
2,Iterative Batch Phase: Max,4256,1,White,FALSE,40,FALSE,FALSE,5,black_male_high
100,Validation,4257,0,White,TRUE,65,FALSE,FALSE,6,black_male_low
0,Warmup,4258,1,Other,TRUE,33,FALSE,FALSE,3,black_female_high
100,Validation,4259,1,White,FALSE,26,TRUE,FALSE,5,black_male_high
100,Validation,4260,1,White,TRUE,28,FALSE,FALSE,5,black_male_high
7,Iterative Batch Phase: Min,4261,0,Two or More Races,FALSE,57,FALSE,FALSE,4,black_female_low
2,Iterative Batch Phase: Min,4262,1,Black or African American,FALSE,31,FALSE,FALSE,1,white_female_high
18,Iterative Batch Phase: Min,4263,0,White,FALSE,36,FALSE,TRUE,6,black_male_low
1,Iterative Batch Phase: Min,4264,1,White,FALSE,47,FALSE,FALSE,4,black_female_low
1,Iterative Batch Phase: Max,4265,1,White,TRUE,52,FALSE,FALSE,2,white_female_low
100,Validation,4266,1,Asian,FALSE,34,FALSE,FALSE,5,black_male_high
2,Iterative Batch Phase: Min,4267,1,White,TRUE,41,FALSE,FALSE,1,white_female_high
100,Validation,4268,1,White,FALSE,35,FALSE,FALSE,5,black_male_high
100,Validation,4269,1,Black or African American,TRUE,20,FALSE,FALSE,5,black_male_high
100,Validation,4270,0,White,FALSE,63,FALSE,FALSE,6,black_male_low
0,Warmup,4271,1,White,FALSE,23,FALSE,FALSE,6,black_male_low
2,Iterative Batch Phase: Min,4272,1,White,FALSE,44,FALSE,FALSE,3,black_female_high
100,Validation,4273,0,Two or More Races,TRUE,31,FALSE,FALSE,6,black_male_low
100,Validation,4274,1,White,TRUE,41,FALSE,FALSE,6,black_male_low
16,Iterative Batch Phase: Min,4275,0,Two or More Races,TRUE,40,FALSE,FALSE,6,black_male_low
100,Validation,4276,0,Black or African American,TRUE,56,FALSE,FALSE,6,black_male_low
100,Validation,4277,1,Two or More Races,FALSE,39,FALSE,FALSE,5,black_male_high
2,Iterative Batch Phase: Min,4278,1,White,TRUE,26,FALSE,FALSE,4,black_female_low
14,Iterative Batch Phase: Min,4279,1,Asian,TRUE,26,FALSE,FALSE,4,black_female_low
18,Iterative Batch Phase: Min,4280,0,White,FALSE,70,FALSE,FALSE,4,black_female_low
0,Warmup,4281,0,White,TRUE,45,FALSE,FALSE,7,white_male_high
100,Validation,4282,1,White,TRUE,30,FALSE,FALSE,6,black_male_low
100,Validation,4283,1,White,FALSE,49,FALSE,FALSE,6,black_male_low
16,Iterative Batch Phase: Min,4284,0,White,TRUE,50,FALSE,FALSE,4,black_female_low
2,Iterative Batch Phase: Min,4285,1,White,FALSE,28,FALSE,FALSE,7,white_male_high
12,Iterative Batch Phase: Min,4286,0,Two or More Races,TRUE,42,FALSE,FALSE,6,black_male_low
12,Iterative Batch Phase: Min,4287,1,White,TRUE,52,FALSE,FALSE,6,black_male_low
100,Validation,4288,1,White,FALSE,29,FALSE,FALSE,5,black_male_high
100,Validation,4289,0,White,TRUE,62,TRUE,FALSE,5,black_male_high
20,Iterative Batch Phase: Min,4290,1,White,TRUE,44,FALSE,FALSE,6,black_male_low
11,Iterative Batch Phase: Min,4291,1,White,FALSE,33,FALSE,FALSE,4,black_female_low
100,Validation,4292,1,White,FALSE,34,TRUE,FALSE,5,black_male_high
6,Iterative Batch Phase: Min,4293,1,White,FALSE,53,FALSE,FALSE,6,black_male_low
4,Iterative Batch Phase: Min,4294,1,White,TRUE,25,FALSE,FALSE,2,white_female_low
100,Validation,4295,1,American Indian or Alaska Native,TRUE,73,FALSE,FALSE,6,black_male_low
16,Iterative Batch Phase: Min,4296,1,Two or More Races,FALSE,26,TRUE,FALSE,4,black_female_low
100,Validation,4297,1,White,TRUE,28,FALSE,FALSE,5,black_male_high
100,Validation,4298,1,White,FALSE,34,FALSE,FALSE,6,black_male_low
100,Validation,4299,1,White,FALSE,23,FALSE,FALSE,5,black_male_high
12,Iterative Batch Phase: Min,4300,1,White,TRUE,29,FALSE,FALSE,6,black_male_low
100,Validation,4301,1,White,FALSE,71,FALSE,FALSE,6,black_male_low
0,Warmup,4302,1,Asian,FALSE,19,FALSE,FALSE,8,white_male_low
6,Iterative Batch Phase: Min,4303,0,White,TRUE,50,FALSE,FALSE,8,white_male_low
100,Validation,4304,0,White,FALSE,51,FALSE,FALSE,5,black_male_high
18,Iterative Batch Phase: Min,4305,1,White,FALSE,34,FALSE,FALSE,4,black_female_low
20,Iterative Batch Phase: Min,4306,0,White,TRUE,58,FALSE,FALSE,4,black_female_low
100,Validation,4307,1,White,TRUE,29,TRUE,FALSE,5,black_male_high
20,Iterative Batch Phase: Min,4308,1,Two or More Races,TRUE,31,TRUE,FALSE,6,black_male_low
11,Iterative Batch Phase: Min,4309,1,White,FALSE,29,FALSE,FALSE,4,black_female_low
12,Iterative Batch Phase: Min,4310,1,White,TRUE,25,FALSE,FALSE,6,black_male_low
16,Iterative Batch Phase: Min,4311,1,White,TRUE,57,FALSE,FALSE,6,black_male_low
13,Iterative Batch Phase: Min,4312,1,Black or African American,TRUE,25,FALSE,FALSE,1,white_female_high
1,Iterative Batch Phase: Min,4313,0,White,TRUE,28,FALSE,FALSE,4,black_female_low
4,Iterative Batch Phase: Max,4314,1,Two or More Races,TRUE,35,FALSE,FALSE,5,black_male_high
100,Validation,4315,1,Asian,FALSE,46,FALSE,FALSE,6,black_male_low
7,Iterative Batch Phase: Min,4316,1,White,FALSE,23,FALSE,FALSE,6,black_male_low
7,Iterative Batch Phase: Min,4317,1,White,TRUE,38,FALSE,FALSE,2,white_female_low
16,Iterative Batch Phase: Min,4318,1,Black or African American,TRUE,44,FALSE,FALSE,6,black_male_low
2,Iterative Batch Phase: Max,4319,1,Asian,FALSE,23,FALSE,FALSE,5,black_male_high
9,Iterative Batch Phase: Min,4320,1,White,TRUE,26,TRUE,FALSE,3,black_female_high
0,Warmup,4321,1,Two or More Races,TRUE,23,FALSE,FALSE,2,white_female_low
16,Iterative Batch Phase: Min,4322,0,Two or More Races,FALSE,30,FALSE,FALSE,6,black_male_low
14,Iterative Batch Phase: Min,4323,0,Black or African American,FALSE,26,FALSE,FALSE,4,black_female_low
100,Validation,4324,1,White,FALSE,5,FALSE,FALSE,5,black_male_high
12,Iterative Batch Phase: Min,4325,1,White,TRUE,27,FALSE,FALSE,6,black_male_low
0,Warmup,4326,1,White,TRUE,60,FALSE,FALSE,6,black_male_low
8,Iterative Batch Phase: Min,4327,1,White,TRUE,30,FALSE,FALSE,3,black_female_high
0,Warmup,4328,0,White,FALSE,33,TRUE,FALSE,3,black_female_high
100,Validation,4329,1,White,TRUE,37,FALSE,FALSE,5,black_male_high
100,Validation,4330,0,Black or African American,FALSE,38,FALSE,FALSE,6,black_male_low
100,Validation,4331,0,Other,FALSE,22,TRUE,FALSE,6,black_male_low
4,Iterative Batch Phase: Max,4332,1,Black or African American,TRUE,34,FALSE,FALSE,5,black_male_high
10,Iterative Batch Phase: Min,4333,1,White,FALSE,38,FALSE,FALSE,7,white_male_high
100,Validation,4334,1,White,TRUE,36,FALSE,FALSE,5,black_male_high
9,Iterative Batch Phase: Min,4335,1,White,FALSE,32,FALSE,FALSE,6,black_male_low
6,Iterative Batch Phase: Min,4336,1,Black or African American,TRUE,62,FALSE,FALSE,4,black_female_low
100,Validation,4337,1,White,TRUE,51,FALSE,FALSE,6,black_male_low
16,Iterative Batch Phase: Min,4338,1,White,FALSE,40,FALSE,FALSE,4,black_female_low
100,Validation,4339,1,Black or African American,FALSE,38,TRUE,FALSE,5,black_male_high
100,Validation,4340,0,White,TRUE,38,FALSE,FALSE,5,black_male_high
100,Validation,4341,0,White,TRUE,48,FALSE,FALSE,5,black_male_high
100,Validation,4342,1,White,TRUE,28,FALSE,FALSE,5,black_male_high
12,Iterative Batch Phase: Min,4343,1,Two or More Races,TRUE,29,FALSE,FALSE,1,white_female_high
100,Validation,4344,1,Asian,TRUE,29,FALSE,FALSE,6,black_male_low
100,Validation,4345,1,White,FALSE,31,TRUE,FALSE,6,black_male_low
6,Iterative Batch Phase: Min,4346,1,Asian,FALSE,28,FALSE,FALSE,5,black_male_high
100,Validation,4347,0,Black or African American,FALSE,26,FALSE,FALSE,6,black_male_low
19,Iterative Batch Phase: Min,4348,1,White,TRUE,69,FALSE,FALSE,6,black_male_low
100,Validation,4349,0,Asian,TRUE,26,FALSE,FALSE,5,black_male_high
18,Iterative Batch Phase: Min,4350,1,White,TRUE,29,FALSE,FALSE,7,white_male_high
13,Iterative Batch Phase: Min,4351,1,White,FALSE,34,FALSE,FALSE,5,black_male_high
100,Validation,4352,1,White,FALSE,,FALSE,TRUE,5,black_male_high
100,Validation,4353,1,White,TRUE,38,FALSE,FALSE,5,black_male_high
100,Validation,4354,1,White,TRUE,28,FALSE,FALSE,6,black_male_low
100,Validation,4355,1,Black or African American,TRUE,21,FALSE,FALSE,5,black_male_high
100,Validation,4356,1,White,TRUE,28,FALSE,FALSE,6,black_male_low
100,Validation,4357,0,White,FALSE,21,FALSE,FALSE,5,black_male_high
100,Validation,4358,1,Asian,TRUE,22,FALSE,FALSE,6,black_male_low
12,Iterative Batch Phase: Min,4359,0,White,TRUE,58,FALSE,FALSE,4,black_female_low
100,Validation,4360,0,Asian,TRUE,26,FALSE,FALSE,5,black_male_high
100,Validation,4361,1,Asian,TRUE,38,FALSE,FALSE,5,black_male_high
100,Validation,4362,1,White,TRUE,31,FALSE,FALSE,6,black_male_low
10,Iterative Batch Phase: Min,4363,0,White,TRUE,68,FALSE,FALSE,4,black_female_low
6,Iterative Batch Phase: Min,4364,1,White,FALSE,50,FALSE,FALSE,2,white_female_low
100,Validation,4365,1,White,TRUE,52,FALSE,FALSE,5,black_male_high
100,Validation,4366,1,White,FALSE,33,FALSE,FALSE,6,black_male_low
1,Iterative Batch Phase: Max,4367,1,Asian,FALSE,20,FALSE,FALSE,1,white_female_high
100,Validation,4368,1,White,FALSE,23,FALSE,FALSE,6,black_male_low
4,Iterative Batch Phase: Min,4369,0,White,TRUE,56,FALSE,FALSE,8,white_male_low
4,Iterative Batch Phase: Min,4370,1,White,FALSE,27,FALSE,FALSE,2,white_female_low
19,Iterative Batch Phase: Min,4371,0,Two or More Races,TRUE,52,FALSE,FALSE,6,black_male_low
5,Iterative Batch Phase: Min,4372,1,Other,FALSE,30,TRUE,FALSE,6,black_male_low
3,Iterative Batch Phase: Max,4373,1,White,FALSE,43,FALSE,FALSE,5,black_male_high
100,Validation,4374,1,White,TRUE,42,FALSE,FALSE,5,black_male_high
18,Iterative Batch Phase: Min,4375,1,White,FALSE,33,TRUE,FALSE,6,black_male_low
9,Iterative Batch Phase: Min,4376,1,White,FALSE,25,TRUE,FALSE,7,white_male_high
18,Iterative Batch Phase: Min,4377,1,White,FALSE,30,FALSE,FALSE,6,black_male_low
100,Validation,4378,0,White,FALSE,31,FALSE,FALSE,6,black_male_low
9,Iterative Batch Phase: Min,4379,1,White,FALSE,40,FALSE,FALSE,6,black_male_low
0,Warmup,4380,0,Black or African American,FALSE,29,FALSE,FALSE,2,white_female_low
5,Iterative Batch Phase: Min,4381,1,White,TRUE,28,FALSE,FALSE,6,black_male_low
100,Validation,4382,1,White,TRUE,72,FALSE,FALSE,6,black_male_low
17,Iterative Batch Phase: Min,4383,0,White,TRUE,42,FALSE,FALSE,4,black_female_low
4,Iterative Batch Phase: Min,4384,0,White,FALSE,21,FALSE,FALSE,2,white_female_low
18,Iterative Batch Phase: Min,4385,1,White,TRUE,36,FALSE,FALSE,4,black_female_low
2,Iterative Batch Phase: Min,4386,1,White,FALSE,65,FALSE,FALSE,2,white_female_low
7,Iterative Batch Phase: Min,4387,0,White,FALSE,34,FALSE,FALSE,6,black_male_low
100,Validation,4388,1,Other,TRUE,21,FALSE,FALSE,6,black_male_low
100,Validation,4389,0,White,TRUE,60,FALSE,FALSE,6,black_male_low
13,Iterative Batch Phase: Min,4390,1,White,FALSE,57,FALSE,FALSE,6,black_male_low
4,Iterative Batch Phase: Min,4391,0,Prefer not to disclose,FALSE,43,FALSE,TRUE,4,black_female_low
4,Iterative Batch Phase: Min,4392,0,Black or African American,FALSE,54,FALSE,FALSE,6,black_male_low
8,Iterative Batch Phase: Min,4393,1,White,TRUE,22,FALSE,FALSE,3,black_female_high
100,Validation,4394,0,White,FALSE,48,FALSE,FALSE,5,black_male_high
100,Validation,4395,0,Black or African American,FALSE,32,FALSE,FALSE,5,black_male_high
100,Validation,4396,1,White,TRUE,45,FALSE,FALSE,5,black_male_high
18,Iterative Batch Phase: Min,4397,1,White,TRUE,32,FALSE,FALSE,7,white_male_high
4,Iterative Batch Phase: Min,4398,1,White,TRUE,41,FALSE,FALSE,2,white_female_low
17,Iterative Batch Phase: Min,4399,0,White,FALSE,34,FALSE,FALSE,1,white_female_high
100,Validation,4400,1,White,TRUE,22,FALSE,FALSE,6,black_male_low
2,Iterative Batch Phase: Max,4401,0,White,FALSE,38,FALSE,FALSE,2,white_female_low
100,Validation,4402,0,White,TRUE,62,FALSE,FALSE,5,black_male_high
11,Iterative Batch Phase: Min,4403,1,White,FALSE,24,FALSE,FALSE,6,black_male_low
0,Warmup,4404,1,Other,FALSE,34,TRUE,FALSE,5,black_male_high
0,Warmup,4405,0,White,FALSE,23,TRUE,FALSE,5,black_male_high
1,Iterative Batch Phase: Min,4406,1,Black or African American,TRUE,26,FALSE,FALSE,4,black_female_low
1,Iterative Batch Phase: Min,4407,1,White,TRUE,33,TRUE,FALSE,4,black_female_low
100,Validation,4408,1,White,FALSE,48,FALSE,FALSE,5,black_male_high
0,Warmup,4409,0,White,TRUE,23,FALSE,FALSE,2,white_female_low
3,Iterative Batch Phase: Min,4410,0,White,TRUE,34,TRUE,FALSE,6,black_male_low
1,Iterative Batch Phase: Max,4411,1,White,TRUE,38,FALSE,FALSE,5,black_male_high
4,Iterative Batch Phase: Max,4412,1,White,FALSE,29,TRUE,FALSE,5,black_male_high
1,Iterative Batch Phase: Min,4413,1,Two or More Races,FALSE,40,FALSE,FALSE,7,white_male_high
9,Iterative Batch Phase: Min,4414,1,White,TRUE,48,FALSE,FALSE,7,white_male_high
100,Validation,4415,1,Black or African American,TRUE,65,FALSE,FALSE,6,black_male_low
100,Validation,4416,1,White,FALSE,44,FALSE,FALSE,5,black_male_high
20,Iterative Batch Phase: Min,4417,1,White,TRUE,35,TRUE,FALSE,4,black_female_low
3,Iterative Batch Phase: Min,4418,1,Asian,TRUE,30,FALSE,FALSE,6,black_male_low
20,Iterative Batch Phase: Min,4419,1,White,TRUE,41,FALSE,FALSE,5,black_male_high
13,Iterative Batch Phase: Min,4420,1,White,FALSE,37,FALSE,FALSE,1,white_female_high
17,Iterative Batch Phase: Min,4421,1,White,TRUE,52,FALSE,FALSE,6,black_male_low
3,Iterative Batch Phase: Min,4422,1,White,FALSE,32,FALSE,FALSE,4,black_female_low
16,Iterative Batch Phase: Min,4423,1,White,TRUE,53,FALSE,FALSE,3,black_female_high
0,Warmup,4424,1,Asian,TRUE,44,FALSE,FALSE,7,white_male_high
100,Validation,4425,1,White,TRUE,32,FALSE,FALSE,5,black_male_high
5,Iterative Batch Phase: Min,4426,1,White,TRUE,43,FALSE,FALSE,5,black_male_high
100,Validation,4427,1,White,TRUE,37,TRUE,FALSE,6,black_male_low
4,Iterative Batch Phase: Min,4428,1,White,FALSE,34,FALSE,FALSE,6,black_male_low
4,Iterative Batch Phase: Min,4429,1,White,TRUE,57,FALSE,FALSE,2,white_female_low
15,Iterative Batch Phase: Min,4430,1,White,TRUE,45,FALSE,FALSE,4,black_female_low
100,Validation,4431,1,Black or African American,TRUE,50,FALSE,FALSE,5,black_male_high
0,Warmup,4432,1,Asian,FALSE,26,FALSE,FALSE,5,black_male_high
2,Iterative Batch Phase: Min,4433,1,White,TRUE,26,FALSE,FALSE,2,white_female_low
0,Warmup,4434,1,White,FALSE,32,FALSE,FALSE,5,black_male_high
5,Iterative Batch Phase: Min,4435,1,Prefer not to disclose,FALSE,,FALSE,TRUE,2,white_female_low
100,Validation,4436,1,White,FALSE,38,FALSE,FALSE,6,black_male_low
100,Validation,4437,1,White,TRUE,50,FALSE,FALSE,6,black_male_low
100,Validation,4438,1,White,TRUE,32,FALSE,FALSE,5,black_male_high
2,Iterative Batch Phase: Min,4439,1,White,TRUE,20,FALSE,FALSE,7,white_male_high
14,Iterative Batch Phase: Min,4440,1,White,TRUE,26,TRUE,FALSE,6,black_male_low
4,Iterative Batch Phase: Max,4441,1,Asian,FALSE,43,FALSE,FALSE,5,black_male_high
11,Iterative Batch Phase: Min,4442,1,Two or More Races,TRUE,27,FALSE,FALSE,3,black_female_high
100,Validation,4443,1,White,TRUE,33,FALSE,FALSE,6,black_male_low
100,Validation,4444,0,White,TRUE,35,TRUE,FALSE,6,black_male_low
15,Iterative Batch Phase: Min,4445,1,White,TRUE,33,FALSE,FALSE,5,black_male_high
18,Iterative Batch Phase: Min,4446,1,White,FALSE,35,FALSE,FALSE,1,white_female_high
100,Validation,4447,0,Asian,TRUE,31,FALSE,FALSE,5,black_male_high
100,Validation,4448,1,White,FALSE,53,FALSE,FALSE,5,black_male_high
3,Iterative Batch Phase: Min,4449,1,White,FALSE,25,FALSE,FALSE,3,black_female_high
15,Iterative Batch Phase: Min,4450,1,White,FALSE,31,FALSE,FALSE,4,black_female_low
0,Warmup,4451,1,White,FALSE,41,FALSE,FALSE,7,white_male_high
100,Validation,4452,1,Black or African American,TRUE,36,FALSE,FALSE,6,black_male_low
100,Validation,4453,1,White,TRUE,54,FALSE,FALSE,6,black_male_low
16,Iterative Batch Phase: Min,4454,1,White,TRUE,56,FALSE,FALSE,6,black_male_low
15,Iterative Batch Phase: Min,4455,1,White,TRUE,28,FALSE,FALSE,4,black_female_low
19,Iterative Batch Phase: Min,4456,0,Two or More Races,TRUE,56,FALSE,FALSE,6,black_male_low
12,Iterative Batch Phase: Min,4457,1,White,FALSE,31,FALSE,FALSE,4,black_female_low
0,Warmup,4458,1,Asian,FALSE,23,FALSE,FALSE,6,black_male_low
100,Validation,4459,1,White,TRUE,41,FALSE,FALSE,6,black_male_low
100,Validation,4460,1,White,TRUE,40,FALSE,FALSE,5,black_male_high
1,Iterative Batch Phase: Max,4461,1,White,FALSE,49,FALSE,FALSE,5,black_male_high
100,Validation,4462,1,White,TRUE,28,FALSE,FALSE,5,black_male_high
7,Iterative Batch Phase: Min,4463,1,White,FALSE,29,FALSE,FALSE,4,black_female_low
15,Iterative Batch Phase: Min,4464,1,Two or More Races,TRUE,55,FALSE,FALSE,6,black_male_low
7,Iterative Batch Phase: Min,4465,1,Asian,FALSE,27,FALSE,FALSE,5,black_male_high
100,Validation,4466,1,White,TRUE,31,FALSE,FALSE,6,black_male_low
16,Iterative Batch Phase: Min,4467,1,White,TRUE,40,FALSE,FALSE,6,black_male_low
15,Iterative Batch Phase: Min,4468,0,Black or African American,FALSE,29,FALSE,FALSE,6,black_male_low
19,Iterative Batch Phase: Min,4469,1,White,TRUE,50,FALSE,FALSE,6,black_male_low
100,Validation,4470,0,White,TRUE,62,FALSE,FALSE,5,black_male_high
100,Validation,4471,0,White,TRUE,58,FALSE,FALSE,5,black_male_high
7,Iterative Batch Phase: Min,4472,0,White,FALSE,40,TRUE,FALSE,6,black_male_low
3,Iterative Batch Phase: Min,4473,0,American Indian or Alaska Native,FALSE,27,TRUE,FALSE,2,white_female_low
100,Validation,4474,1,White,TRUE,31,FALSE,FALSE,6,black_male_low
1,Iterative Batch Phase: Max,4475,1,White,FALSE,40,FALSE,FALSE,8,white_male_low
100,Validation,4476,1,White,TRUE,73,FALSE,FALSE,5,black_male_high
100,Validation,4477,1,White,TRUE,50,FALSE,FALSE,6,black_male_low
6,Iterative Batch Phase: Min,4478,0,White,TRUE,33,FALSE,FALSE,6,black_male_low
100,Validation,4479,1,White,TRUE,26,FALSE,FALSE,5,black_male_high
100,Validation,4480,1,Black or African American,TRUE,30,FALSE,FALSE,5,black_male_high
12,Iterative Batch Phase: Min,4481,0,Black or African American,FALSE,31,FALSE,FALSE,5,black_male_high
1,Iterative Batch Phase: Min,4482,1,Asian,FALSE,44,FALSE,FALSE,3,black_female_high
4,Iterative Batch Phase: Max,4483,1,White,FALSE,38,FALSE,FALSE,5,black_male_high
100,Validation,4484,1,White,TRUE,23,FALSE,FALSE,5,black_male_high
100,Validation,4485,0,White,TRUE,19,FALSE,FALSE,5,black_male_high
100,Validation,4486,1,White,FALSE,36,FALSE,FALSE,6,black_male_low
8,Iterative Batch Phase: Min,4487,1,Black or African American,FALSE,40,FALSE,FALSE,6,black_male_low
100,Validation,4488,0,White,TRUE,48,FALSE,FALSE,5,black_male_high
100,Validation,4489,0,White,FALSE,48,FALSE,FALSE,5,black_male_high
100,Validation,4490,1,Asian,FALSE,30,FALSE,FALSE,6,black_male_low
100,Validation,4491,1,White,FALSE,26,TRUE,FALSE,5,black_male_high
0,Warmup,4492,0,White,FALSE,32,FALSE,FALSE,6,black_male_low
100,Validation,4493,1,White,FALSE,44,FALSE,FALSE,6,black_male_low
100,Validation,4494,1,White,FALSE,24,FALSE,FALSE,5,black_male_high
100,Validation,4495,1,Black or African American,FALSE,28,FALSE,FALSE,6,black_male_low
100,Validation,4496,1,White,TRUE,21,FALSE,FALSE,5,black_male_high
1,Iterative Batch Phase: Max,4497,0,Two or More Races,TRUE,27,TRUE,FALSE,2,white_female_low
100,Validation,4498,1,White,TRUE,63,FALSE,FALSE,5,black_male_high
100,Validation,4499,1,White,FALSE,20,FALSE,FALSE,5,black_male_high
100,Validation,4500,1,Black or African American,FALSE,31,FALSE,FALSE,5,black_male_high
12,Iterative Batch Phase: Min,4501,0,White,FALSE,66,FALSE,FALSE,4,black_female_low
100,Validation,4502,1,White,FALSE,31,TRUE,FALSE,5,black_male_high
20,Iterative Batch Phase: Min,4503,0,Prefer not to disclose,FALSE,,FALSE,TRUE,4,black_female_low
100,Validation,4504,1,White,TRUE,42,FALSE,FALSE,6,black_male_low
100,Validation,4505,1,White,TRUE,26,FALSE,FALSE,6,black_male_low
100,Validation,4506,1,White,FALSE,37,FALSE,FALSE,6,black_male_low
16,Iterative Batch Phase: Min,4507,1,White,FALSE,51,FALSE,FALSE,6,black_male_low
100,Validation,4508,1,White,TRUE,42,FALSE,FALSE,6,black_male_low
100,Validation,4509,1,Asian,FALSE,45,FALSE,FALSE,5,black_male_high
2,Iterative Batch Phase: Min,4510,1,White,TRUE,51,TRUE,FALSE,1,white_female_high
100,Validation,4511,0,White,TRUE,53,FALSE,FALSE,5,black_male_high
18,Iterative Batch Phase: Min,4512,1,Asian,TRUE,30,FALSE,FALSE,2,white_female_low
100,Validation,4513,1,Other,TRUE,25,TRUE,FALSE,5,black_male_high
100,Validation,4514,1,White,FALSE,60,FALSE,FALSE,5,black_male_high
10,Iterative Batch Phase: Min,4515,1,White,FALSE,31,FALSE,FALSE,6,black_male_low
100,Validation,4516,1,Asian,TRUE,47,FALSE,FALSE,6,black_male_low
19,Iterative Batch Phase: Min,4517,1,Asian,TRUE,31,FALSE,FALSE,3,black_female_high
100,Validation,4518,1,Other,FALSE,33,TRUE,FALSE,6,black_male_low
1,Iterative Batch Phase: Min,4519,0,White,TRUE,66,FALSE,FALSE,4,black_female_low
100,Validation,4520,1,Two or More Races,FALSE,40,FALSE,FALSE,6,black_male_low
8,Iterative Batch Phase: Min,4521,1,Asian,TRUE,55,FALSE,FALSE,6,black_male_low
100,Validation,4522,1,White,TRUE,34,FALSE,FALSE,6,black_male_low
100,Validation,4523,1,White,TRUE,42,FALSE,FALSE,5,black_male_high
100,Validation,4524,0,White,FALSE,21,TRUE,FALSE,6,black_male_low
6,Iterative Batch Phase: Min,4525,1,White,TRUE,39,FALSE,FALSE,6,black_male_low
18,Iterative Batch Phase: Min,4526,1,Other,FALSE,36,TRUE,FALSE,1,white_female_high
100,Validation,4527,1,White,FALSE,40,FALSE,FALSE,5,black_male_high
100,Validation,4528,1,White,TRUE,41,FALSE,FALSE,5,black_male_high
100,Validation,4529,0,White,FALSE,58,TRUE,FALSE,6,black_male_low
100,Validation,4530,0,White,TRUE,59,FALSE,FALSE,6,black_male_low
100,Validation,4531,0,White,FALSE,58,FALSE,FALSE,5,black_male_high
100,Validation,4532,1,White,TRUE,24,FALSE,FALSE,5,black_male_high
4,Iterative Batch Phase: Max,4533,1,White,FALSE,47,FALSE,FALSE,5,black_male_high
10,Iterative Batch Phase: Min,4534,1,Black or African American,FALSE,36,FALSE,FALSE,3,black_female_high
16,Iterative Batch Phase: Min,4535,0,White,FALSE,67,FALSE,FALSE,4,black_female_low
100,Validation,4536,1,White,TRUE,66,FALSE,FALSE,6,black_male_low
14,Iterative Batch Phase: Min,4537,0,White,FALSE,53,FALSE,FALSE,6,black_male_low
100,Validation,4538,1,Other,TRUE,27,TRUE,FALSE,6,black_male_low
100,Validation,4539,1,White,FALSE,75,FALSE,FALSE,5,black_male_high
2,Iterative Batch Phase: Max,4540,1,Asian,FALSE,,FALSE,FALSE,8,white_male_low
8,Iterative Batch Phase: Min,4541,0,White,FALSE,44,FALSE,FALSE,5,black_male_high
16,Iterative Batch Phase: Min,4542,1,White,TRUE,47,FALSE,FALSE,6,black_male_low
100,Validation,4543,1,White,FALSE,42,FALSE,FALSE,5,black_male_high
15,Iterative Batch Phase: Min,4544,0,White,FALSE,31,FALSE,FALSE,6,black_male_low
100,Validation,4545,0,Asian,FALSE,27,FALSE,FALSE,5,black_male_high
17,Iterative Batch Phase: Min,4546,1,Other,TRUE,27,TRUE,FALSE,4,black_female_low
18,Iterative Batch Phase: Min,4547,1,White,TRUE,22,FALSE,FALSE,6,black_male_low
7,Iterative Batch Phase: Min,4548,0,White,TRUE,65,FALSE,FALSE,3,black_female_high
100,Validation,4549,0,White,TRUE,22,FALSE,FALSE,6,black_male_low
10,Iterative Batch Phase: Min,4550,1,White,TRUE,31,TRUE,FALSE,1,white_female_high
100,Validation,4551,0,White,FALSE,53,FALSE,FALSE,5,black_male_high
16,Iterative Batch Phase: Min,4552,1,White,TRUE,37,FALSE,FALSE,6,black_male_low
1,Iterative Batch Phase: Max,4553,1,White,FALSE,46,FALSE,FALSE,8,white_male_low
100,Validation,4554,0,White,TRUE,26,FALSE,FALSE,5,black_male_high
1,Iterative Batch Phase: Min,4555,0,Black or African American,TRUE,23,FALSE,FALSE,7,white_male_high
9,Iterative Batch Phase: Min,4556,1,Asian,TRUE,31,FALSE,FALSE,4,black_female_low
7,Iterative Batch Phase: Min,4557,1,White,FALSE,34,FALSE,FALSE,3,black_female_high
0,Warmup,4558,1,White,TRUE,71,FALSE,FALSE,8,white_male_low
100,Validation,4559,1,Asian,TRUE,24,FALSE,FALSE,5,black_male_high
0,Warmup,4560,1,White,FALSE,54,FALSE,FALSE,4,black_female_low
4,Iterative Batch Phase: Min,4561,1,White,FALSE,57,FALSE,FALSE,7,white_male_high
13,Iterative Batch Phase: Min,4562,0,White,TRUE,38,FALSE,FALSE,5,black_male_high
18,Iterative Batch Phase: Min,4563,1,White,FALSE,35,FALSE,FALSE,5,black_male_high
13,Iterative Batch Phase: Min,4564,0,Two or More Races,TRUE,42,FALSE,FALSE,4,black_female_low
100,Validation,4565,1,White,FALSE,48,FALSE,FALSE,5,black_male_high
100,Validation,4566,1,White,TRUE,69,FALSE,FALSE,6,black_male_low
100,Validation,4567,1,White,TRUE,69,FALSE,FALSE,6,black_male_low
4,Iterative Batch Phase: Min,4568,1,White,FALSE,49,FALSE,FALSE,8,white_male_low
100,Validation,4569,0,White,FALSE,41,FALSE,FALSE,5,black_male_high
8,Iterative Batch Phase: Min,4570,0,White,TRUE,45,TRUE,FALSE,6,black_male_low
1,Iterative Batch Phase: Max,4571,1,Black or African American,TRUE,26,FALSE,FALSE,8,white_male_low
100,Validation,4572,0,Black or African American,TRUE,52,FALSE,FALSE,5,black_male_high
9,Iterative Batch Phase: Min,4573,1,White,TRUE,60,FALSE,FALSE,6,black_male_low
100,Validation,4574,0,Asian,FALSE,36,FALSE,FALSE,5,black_male_high
100,Validation,4575,0,White,TRUE,57,FALSE,FALSE,6,black_male_low
17,Iterative Batch Phase: Min,4576,1,White,FALSE,24,FALSE,FALSE,6,black_male_low
10,Iterative Batch Phase: Min,4577,0,White,TRUE,59,FALSE,FALSE,4,black_female_low
8,Iterative Batch Phase: Min,4578,1,White,FALSE,64,FALSE,FALSE,7,white_male_high
100,Validation,4579,1,Black or African American,FALSE,26,FALSE,FALSE,6,black_male_low
100,Validation,4580,1,White,FALSE,22,FALSE,FALSE,6,black_male_low
19,Iterative Batch Phase: Min,4581,1,White,TRUE,32,FALSE,FALSE,6,black_male_low
100,Validation,4582,1,White,FALSE,33,FALSE,FALSE,5,black_male_high
100,Validation,4583,1,Black or African American,TRUE,35,FALSE,FALSE,6,black_male_low
100,Validation,4584,1,White,FALSE,24,FALSE,FALSE,5,black_male_high
100,Validation,4585,0,White,TRUE,54,FALSE,FALSE,5,black_male_high
17,Iterative Batch Phase: Min,4586,1,White,FALSE,34,FALSE,FALSE,5,black_male_high
100,Validation,4587,0,Asian,FALSE,20,FALSE,FALSE,6,black_male_low
100,Validation,4588,1,White,TRUE,43,FALSE,FALSE,5,black_male_high
100,Validation,4589,1,Asian,TRUE,33,FALSE,FALSE,6,black_male_low
100,Validation,4590,0,White,FALSE,31,FALSE,FALSE,5,black_male_high
100,Validation,4591,1,White,FALSE,43,FALSE,FALSE,6,black_male_low
2,Iterative Batch Phase: Min,4592,1,White,TRUE,46,FALSE,FALSE,1,white_female_high
10,Iterative Batch Phase: Min,4593,0,White,FALSE,23,FALSE,FALSE,4,black_female_low
100,Validation,4594,1,Asian,FALSE,26,FALSE,FALSE,5,black_male_high
100,Validation,4595,0,White,TRUE,55,FALSE,FALSE,5,black_male_high
8,Iterative Batch Phase: Min,4596,1,White,FALSE,38,FALSE,FALSE,5,black_male_high
13,Iterative Batch Phase: Min,4597,1,Black or African American,TRUE,26,FALSE,FALSE,4,black_female_low
100,Validation,4598,1,White,TRUE,39,FALSE,FALSE,5,black_male_high
9,Iterative Batch Phase: Min,4599,1,White,FALSE,26,FALSE,FALSE,1,white_female_high
3,Iterative Batch Phase: Max,4600,0,Two or More Races,TRUE,39,FALSE,FALSE,5,black_male_high
1,Iterative Batch Phase: Min,4601,1,Asian,FALSE,28,FALSE,FALSE,4,black_female_low
0,Warmup,4602,1,Two or More Races,TRUE,27,FALSE,FALSE,1,white_female_high
3,Iterative Batch Phase: Min,4603,1,Two or More Races,TRUE,22,FALSE,FALSE,5,black_male_high
100,Validation,4604,1,White,TRUE,24,FALSE,FALSE,6,black_male_low
4,Iterative Batch Phase: Max,4605,1,White,TRUE,58,FALSE,FALSE,5,black_male_high
7,Iterative Batch Phase: Min,4606,1,Asian,TRUE,51,FALSE,FALSE,4,black_female_low
3,Iterative Batch Phase: Max,4607,1,Asian,FALSE,32,FALSE,FALSE,5,black_male_high
3,Iterative Batch Phase: Min,4608,1,Asian,TRUE,20,FALSE,FALSE,3,black_female_high
8,Iterative Batch Phase: Min,4609,1,Black or African American,TRUE,47,FALSE,FALSE,6,black_male_low
13,Iterative Batch Phase: Min,4610,1,Asian,TRUE,48,FALSE,FALSE,4,black_female_low
7,Iterative Batch Phase: Min,4611,1,White,FALSE,47,FALSE,FALSE,3,black_female_high
0,Warmup,4612,1,Black or African American,FALSE,24,FALSE,FALSE,6,black_male_low
13,Iterative Batch Phase: Min,4613,0,White,TRUE,60,FALSE,FALSE,4,black_female_low
100,Validation,4614,1,White,FALSE,27,FALSE,FALSE,6,black_male_low
14,Iterative Batch Phase: Min,4615,1,Black or African American,TRUE,33,FALSE,FALSE,4,black_female_low
9,Iterative Batch Phase: Min,4616,1,Black or African American,TRUE,33,TRUE,FALSE,7,white_male_high
100,Validation,4617,1,White,FALSE,43,FALSE,FALSE,6,black_male_low
6,Iterative Batch Phase: Min,4618,0,White,FALSE,64,FALSE,FALSE,6,black_male_low
16,Iterative Batch Phase: Min,4619,1,White,TRUE,30,FALSE,FALSE,6,black_male_low
1,Iterative Batch Phase: Max,4620,0,White,TRUE,37,FALSE,FALSE,2,white_female_low
100,Validation,4621,1,White,TRUE,44,FALSE,FALSE,6,black_male_low
100,Validation,4622,0,Other,FALSE,24,TRUE,FALSE,6,black_male_low
100,Validation,4623,0,White,TRUE,30,TRUE,FALSE,5,black_male_high
0,Warmup,4624,0,White,FALSE,31,FALSE,FALSE,3,black_female_high
100,Validation,4625,1,White,FALSE,20,FALSE,FALSE,5,black_male_high
100,Validation,4626,1,White,TRUE,29,FALSE,FALSE,6,black_male_low
18,Iterative Batch Phase: Min,4627,1,White,FALSE,37,FALSE,FALSE,6,black_male_low
100,Validation,4628,0,Black or African American,TRUE,35,FALSE,FALSE,5,black_male_high
1,Iterative Batch Phase: Min,4629,1,White,TRUE,35,FALSE,FALSE,1,white_female_high
1,Iterative Batch Phase: Max,4630,1,White,TRUE,38,FALSE,FALSE,6,black_male_low
15,Iterative Batch Phase: Min,4631,0,White,FALSE,50,FALSE,FALSE,6,black_male_low
16,Iterative Batch Phase: Min,4632,1,White,FALSE,63,FALSE,FALSE,4,black_female_low
100,Validation,4633,1,White,FALSE,31,FALSE,FALSE,5,black_male_high
0,Warmup,4634,1,White,FALSE,72,FALSE,FALSE,3,black_female_high
16,Iterative Batch Phase: Min,4635,1,White,FALSE,45,FALSE,FALSE,1,white_female_high
100,Validation,4636,0,White,FALSE,23,TRUE,FALSE,5,black_male_high
10,Iterative Batch Phase: Min,4637,1,White,FALSE,34,FALSE,FALSE,1,white_female_high
10,Iterative Batch Phase: Min,4638,1,White,FALSE,41,FALSE,FALSE,4,black_female_low
100,Validation,4639,1,White,TRUE,55,FALSE,FALSE,6,black_male_low
100,Validation,4640,0,Asian,TRUE,,FALSE,TRUE,6,black_male_low
11,Iterative Batch Phase: Min,4641,0,White,FALSE,23,TRUE,FALSE,4,black_female_low
100,Validation,4642,1,White,TRUE,26,FALSE,FALSE,5,black_male_high
11,Iterative Batch Phase: Min,4643,1,White,TRUE,57,FALSE,FALSE,6,black_male_low
100,Validation,4644,1,Asian,TRUE,42,FALSE,FALSE,6,black_male_low
17,Iterative Batch Phase: Min,4645,1,White,TRUE,37,FALSE,FALSE,5,black_male_high
20,Iterative Batch Phase: Min,4646,1,Prefer not to disclose,TRUE,32,TRUE,TRUE,6,black_male_low
2,Iterative Batch Phase: Min,4647,1,White,FALSE,48,FALSE,FALSE,1,white_female_high
10,Iterative Batch Phase: Min,4648,1,Prefer not to disclose,FALSE,,FALSE,TRUE,3,black_female_high
9,Iterative Batch Phase: Min,4649,1,White,FALSE,47,FALSE,FALSE,3,black_female_high
5,Iterative Batch Phase: Min,4650,0,Black or African American,FALSE,24,FALSE,FALSE,6,black_male_low
17,Iterative Batch Phase: Min,4651,0,White,FALSE,38,FALSE,FALSE,6,black_male_low
14,Iterative Batch Phase: Min,4652,0,White,FALSE,43,FALSE,FALSE,6,black_male_low
20,Iterative Batch Phase: Min,4653,1,White,TRUE,42,FALSE,FALSE,4,black_female_low
100,Validation,4654,1,White,FALSE,40,FALSE,FALSE,5,black_male_high
0,Warmup,4655,1,White,TRUE,48,FALSE,FALSE,8,white_male_low
100,Validation,4656,1,White,FALSE,28,FALSE,FALSE,6,black_male_low
0,Warmup,4657,1,White,FALSE,42,FALSE,FALSE,1,white_female_high
2,Iterative Batch Phase: Max,4658,1,White,TRUE,52,FALSE,FALSE,2,white_female_low
3,Iterative Batch Phase: Min,4659,1,White,FALSE,40,FALSE,FALSE,6,black_male_low
100,Validation,4660,1,White,FALSE,48,TRUE,FALSE,6,black_male_low
100,Validation,4661,1,Prefer not to disclose,FALSE,33,FALSE,TRUE,6,black_male_low
8,Iterative Batch Phase: Min,4662,1,White,TRUE,20,FALSE,FALSE,2,white_female_low
15,Iterative Batch Phase: Min,4663,0,White,FALSE,33,FALSE,FALSE,4,black_female_low
0,Warmup,4664,1,White,FALSE,32,FALSE,FALSE,5,black_male_high
0,Warmup,4665,1,White,TRUE,41,FALSE,FALSE,1,white_female_high
100,Validation,4666,1,White,TRUE,24,FALSE,FALSE,6,black_male_low
8,Iterative Batch Phase: Min,4667,1,White,FALSE,40,FALSE,FALSE,6,black_male_low
1,Iterative Batch Phase: Max,4668,1,Black or African American,TRUE,43,FALSE,FALSE,5,black_male_high
17,Iterative Batch Phase: Min,4669,1,White,TRUE,65,FALSE,FALSE,4,black_female_low
100,Validation,4670,1,White,FALSE,24,FALSE,FALSE,6,black_male_low
4,Iterative Batch Phase: Min,4671,1,White,TRUE,36,FALSE,FALSE,3,black_female_high
100,Validation,4672,1,White,TRUE,35,FALSE,FALSE,5,black_male_high
100,Validation,4673,1,White,FALSE,32,FALSE,FALSE,5,black_male_high
1,Iterative Batch Phase: Max,4674,1,White,TRUE,32,FALSE,FALSE,2,white_female_low
100,Validation,4675,1,Other,FALSE,31,TRUE,FALSE,6,black_male_low
0,Warmup,4676,1,White,TRUE,32,FALSE,FALSE,1,white_female_high
0,Warmup,4677,1,White,FALSE,21,FALSE,FALSE,7,white_male_high
6,Iterative Batch Phase: Min,4678,0,White,FALSE,73,FALSE,FALSE,7,white_male_high
3,Iterative Batch Phase: Min,4679,1,Asian,FALSE,35,FALSE,FALSE,6,black_male_low
3,Iterative Batch Phase: Max,4680,0,White,TRUE,54,FALSE,FALSE,5,black_male_high
5,Iterative Batch Phase: Min,4681,0,White,FALSE,34,FALSE,FALSE,5,black_male_high
100,Validation,4682,1,White,TRUE,39,FALSE,FALSE,6,black_male_low
100,Validation,4683,0,Two or More Races,FALSE,23,FALSE,TRUE,5,black_male_high
1,Iterative Batch Phase: Min,4684,1,White,TRUE,34,FALSE,FALSE,7,white_male_high
13,Iterative Batch Phase: Min,4685,1,White,TRUE,24,TRUE,FALSE,5,black_male_high
5,Iterative Batch Phase: Min,4686,0,White,TRUE,49,FALSE,FALSE,1,white_female_high
100,Validation,4687,1,White,FALSE,30,FALSE,FALSE,6,black_male_low
100,Validation,4688,1,White,TRUE,46,FALSE,FALSE,6,black_male_low
100,Validation,4689,1,White,TRUE,45,FALSE,FALSE,5,black_male_high
9,Iterative Batch Phase: Min,4690,1,Black or African American,FALSE,38,FALSE,FALSE,4,black_female_low
100,Validation,4691,1,White,FALSE,31,FALSE,FALSE,5,black_male_high
0,Warmup,4692,1,White,FALSE,41,FALSE,FALSE,4,black_female_low
11,Iterative Batch Phase: Min,4693,0,White,FALSE,32,FALSE,FALSE,5,black_male_high
100,Validation,4694,1,Asian,TRUE,42,FALSE,FALSE,5,black_male_high
100,Validation,4695,1,Asian,TRUE,29,FALSE,FALSE,6,black_male_low
9,Iterative Batch Phase: Min,4696,0,Black or African American,TRUE,26,FALSE,FALSE,6,black_male_low
100,Validation,4697,1,White,TRUE,42,FALSE,FALSE,5,black_male_high
18,Iterative Batch Phase: Min,4698,1,White,TRUE,69,FALSE,FALSE,5,black_male_high
1,Iterative Batch Phase: Min,4699,1,Other,FALSE,55,FALSE,FALSE,7,white_male_high
100,Validation,4700,1,White,FALSE,59,FALSE,FALSE,5,black_male_high
100,Validation,4701,0,White,TRUE,23,TRUE,FALSE,6,black_male_low
0,Warmup,4702,1,White,TRUE,63,FALSE,FALSE,7,white_male_high
19,Iterative Batch Phase: Min,4703,1,White,FALSE,21,FALSE,FALSE,7,white_male_high
18,Iterative Batch Phase: Min,4704,1,Black or African American,TRUE,42,FALSE,FALSE,4,black_female_low
0,Warmup,4705,0,White,TRUE,41,FALSE,FALSE,6,black_male_low
100,Validation,4706,1,White,FALSE,28,FALSE,TRUE,5,black_male_high
4,Iterative Batch Phase: Min,4707,1,Asian,TRUE,23,FALSE,FALSE,2,white_female_low
19,Iterative Batch Phase: Min,4708,1,White,TRUE,22,FALSE,FALSE,1,white_female_high
100,Validation,4709,0,White,TRUE,20,FALSE,FALSE,5,black_male_high
100,Validation,4710,1,White,FALSE,37,FALSE,FALSE,6,black_male_low
10,Iterative Batch Phase: Min,4711,1,White,TRUE,50,FALSE,FALSE,7,white_male_high
100,Validation,4712,1,White,TRUE,41,FALSE,FALSE,5,black_male_high
100,Validation,4713,1,Two or More Races,FALSE,52,FALSE,FALSE,6,black_male_low
1,Iterative Batch Phase: Min,4714,1,White,FALSE,31,FALSE,FALSE,3,black_female_high
13,Iterative Batch Phase: Min,4715,1,White,TRUE,66,FALSE,FALSE,4,black_female_low
0,Warmup,4716,1,White,FALSE,31,FALSE,FALSE,7,white_male_high
100,Validation,4717,1,Two or More Races,TRUE,25,FALSE,FALSE,6,black_male_low
100,Validation,4718,0,White,TRUE,35,FALSE,FALSE,5,black_male_high
100,Validation,4719,1,Black or African American,FALSE,65,FALSE,FALSE,5,black_male_high
100,Validation,4720,1,White,TRUE,21,FALSE,FALSE,5,black_male_high
3,Iterative Batch Phase: Max,4721,0,White,FALSE,39,FALSE,FALSE,5,black_male_high
