id,in_usa,race,arm_id,context_batch_id,commitment,ethnicity,captcha,sex,option_preference,discriminated,option_attention,garbage,option_attention_truth,consent,age,batch_id,prolific_id
1,True,"race_aian, race_white",1,1,yes,hisp_latin_spanish_no,purple,female,1,True,1,False,1,True,35.0,1,6598343e661728c79746847c
2,True,race_white,1,1,yes,hisp_latin_spanish_no,purple,male,0,True,0,False,0,True,21.0,1,668c4eeb35b48e50062b753e
3,True,race_white,1,1,yes,hisp_latin_spanish_no,purple,male,1,True,1,False,1,True,31.0,1,62bdb128c44ae382e36dc883
4,True,race_white,1,1,yes,hisp_latin_spanish_no,purple,female,0,True,0,False,0,True,74.0,1,65a6f9cae7634b05c34055b7
5,True,race_white,1,1,yes,hisp_latin_spanish_no,purple,male,1,True,1,False,1,True,29.0,1,5c3fb96ec21f060001c47e3e
6,True,race_white,1,1,yes,hisp_latin_spanish_no,purple,female,1,False,0,False,0,True,29.0,1,663e7a528b37110f9d167d65
7,True,race_white,1,1,yes,hisp_latin_spanish_no,purple,male,1,True,1,False,1,True,51.0,1,66140da17c59d1ab9459158d
8,True,"race_aian, race_black",1,1,yes,hisp_latin_spanish_no,purple,female,0,True,0,False,0,True,29.0,1,667a24ecf0733c5daadb88d5
9,True,race_white,1,1,yes,hisp_latin_spanish_no,purple,male,0,True,0,False,0,True,30.0,1,662d1a6a1e4a48245b3f576e
10,True,race_black,1,1,yes,hisp_latin_spanish_no,purple,female,0,True,0,False,0,True,33.0,1,65c175812725b7aa17d9595a
11,True,race_white,1,1,yes,hisp_latin_spanish_no,purple,female,1,True,1,False,1,True,57.0,1,63b744d6c92e283f8b15993a
12,True,race_white,1,1,yes,hisp_latin_spanish_no,purple,male,0,False,1,False,1,True,38.0,1,6113c68f6b89306b35fb512b
13,True,"race_aian, race_white",1,1,yes,hisp_latin_spanish_no,purple,female,0,True,0,False,0,True,38.0,1,6658d49af0f0787f8c8132b9
14,True,race_white,1,1,yes,hisp_latin_spanish_no,purple,,0,True,0,False,0,True,30.0,1,66497704c55b6a0ac500cb61
15,True,race_aian,1,1,yes,hisp_latin_spanish_no,purple,female,0,True,0,False,0,True,44.0,1,5ed0539cc810201300401301
16,True,race_white,1,1,yes,hisp_latin_spanish_no,purple,female,0,False,1,False,1,True,31.0,1,6647e47c0e8f4c4cc2b8bcfd
17,True,race_black,1,1,yes,hisp_latin_spanish_no,purple,male,0,True,2,True,0,True,54.0,1,643a2952413aace3f4e6d61b
18,True,race_black,1,1,yes,hisp_latin_spanish_no,purple,male,1,True,1,False,1,True,19.0,1,65f29ea693beb1fccff50fad
19,True,race_white,1,1,yes,hisp_latin_spanish_yes,Purple,female,1,False,0,False,0,True,41.0,1,668942870be8f04729bcf1ca
20,True,race_white,1,1,yes,hisp_latin_spanish_no,purple,male,1,True,1,False,1,True,27.0,1,5da4e196e93f3600179efac0
21,True,race_white,1,1,yes,hisp_latin_spanish_no,purple,female,1,False,1,True,0,True,30.0,1,6679878ac9038446faa264a3
22,True,race_white,1,1,yes,hisp_latin_spanish_yes,purple,male,0,True,0,False,0,True,22.0,1,6103420d5147efb55f890c8c
23,True,race_other,1,1,yes,hisp_latin_spanish_yes,Purple,female,1,True,1,False,1,True,28.0,1,668c1df6c78f0c1b5de0ade7
24,True,"race_asian, race_white",1,1,yes,hisp_latin_spanish_no,purple,female,1,True,1,False,1,True,37.0,1,667cb31fb40cdd26ad0dde4f
25,True,race_white,1,1,yes,hisp_latin_spanish_no,purple,male,0,True,0,False,0,True,28.0,1,60fc306ac91659ba08cdb5b5
26,True,race_white,1,1,yes,hisp_latin_spanish_no,purple,female,1,True,1,False,1,True,43.0,1,55bd254efdf99b374ec07161
27,True,race_white,1,1,yes,hisp_latin_spanish_no,Purple,female,1,True,2,True,1,True,31.0,1,668be3a53e958f71a71a2f07
28,True,race_white,1,1,yes,hisp_latin_spanish_no,purple,female,1,True,1,False,1,True,38.0,1,5a8e3a33000dab00018cf318
29,True,race_asian,1,1,yes,hisp_latin_spanish_no,purple,male,0,True,0,False,0,True,19.0,1,668b48e1d3b6830e2063f38f
30,True,"race_asian, race_black",1,1,yes,hisp_latin_spanish_no,purple,male,0,True,0,False,0,True,31.0,1,668c3e0bcd20a4a22d1c47ca
31,True,race_other,1,1,yes,hisp_latin_spanish_yes,purple,female,0,False,1,False,1,True,24.0,1,61077af9c25a64865de6ef41
32,True,race_asian,1,1,yes,hisp_latin_spanish_no,purple,male,1,True,1,False,1,True,22.0,1,6111be92d4a6f91a2f5861ec
33,True,race_white,1,1,yes,hisp_latin_spanish_no,purple,male,0,True,0,False,0,True,35.0,1,5bfe4d9cc83f04000142b693
34,True,race_black,1,1,yes,hisp_latin_spanish_no,purple,female,0,True,0,False,0,True,24.0,1,60fe30ae0befaefd35dda01b
35,True,race_asian,1,1,yes,hisp_latin_spanish_no,purple,,1,True,1,False,1,True,,1,5a553e07e0cf3d0001261df6
36,True,race_white,1,1,yes,hisp_latin_spanish_no,purple,male,1,True,1,False,1,True,25.0,1,6689870da1139f6fd4154d78
37,True,race_white,1,1,yes,hisp_latin_spanish_no,purple,male,1,False,0,False,0,True,48.0,1,63d8508a802eb87c7074f35c
38,True,race_white,1,1,yes,hisp_latin_spanish_no,purple,male,1,True,1,False,1,True,41.0,1,668c3c8f766286ffd8b50097
39,True,race_white,1,1,yes,hisp_latin_spanish_no,purple,male,0,True,0,False,0,True,23.0,1,668c22a8f449bd6138dd387f
40,True,race_white,1,1,yes,hisp_latin_spanish_no,purple,male,1,True,1,False,1,True,21.0,1,668c37f06e1da1ca2602ba19
41,True,race_other,1,1,yes,hisp_latin_spanish_yes,purple,female,0,True,0,False,0,True,38.0,1,65f9e29b46a1be44327bb3a1
42,True,race_white,1,1,yes,hisp_latin_spanish_no,PURPLE,male,0,True,0,False,0,True,43.0,1,668b4d070be8f04729bd5fb7
43,True,race_white,1,1,yes,hisp_latin_spanish_no,purple,male,1,True,1,False,1,True,28.0,1,644149a38a0d3ec2b79996e6
44,True,race_other,1,1,yes,hisp_latin_spanish_yes,purple,male,0,False,1,False,1,True,41.0,1,668c499dffcdb2ecd7127d5f
45,True,race_white,1,1,yes,hisp_latin_spanish_no,purple,female,1,False,1,True,0,True,22.0,1,5f5328104f8d2d6363b0e4ee
46,True,race_white,1,1,yes,hisp_latin_spanish_no,purple,female,1,True,1,False,1,True,36.0,1,667dc345297b040fa844727a
47,True,race_black,1,1,yes,hisp_latin_spanish_no,purple,female,0,True,0,False,0,True,30.0,1,65294744e690d55358e8b1fa
48,True,race_black,1,1,yes,hisp_latin_spanish_no,purple,female,0,True,0,False,0,True,34.0,1,668bf2f5dfd0a6bf4125f1aa
49,True,race_white,1,1,yes,hisp_latin_spanish_no,purple,male,1,True,1,False,1,True,39.0,1,61074cf49372b754ac5cf8e6
50,True,race_white,1,1,yes,hisp_latin_spanish_no,purple,male,1,True,1,False,1,True,54.0,1,63cc4ca8aa8ed478722c8a7c
51,True,"race_asian, race_white",1,1,yes,hisp_latin_spanish_no,purple,male,1,True,1,False,1,True,40.0,1,656b651a848e68e0b05432fd
52,True,"race_asian, race_white",1,1,yes,hisp_latin_spanish_no,purple,female,0,True,0,False,0,True,26.0,1,5ee509a09776d122a88d2ca4
53,True,race_white,1,1,yes,hisp_latin_spanish_no,purple,female,0,False,1,False,1,True,30.0,1,5bb0c112a1c73d0001b9ce9e
54,True,race_black,1,1,yes,hisp_latin_spanish_no,purple,male,1,True,1,False,1,True,30.0,1,664667f6a0697e6fa5a5447a
55,True,race_white,1,1,yes,hisp_latin_spanish_yes,purple,male,0,True,0,False,0,True,23.0,1,5f18c2af2946e80f3192e21a
56,True,race_asian,1,1,yes,hisp_latin_spanish_no,purple,male,1,True,1,False,1,True,38.0,1,657f44240381878917c7370b
57,True,race_white,1,1,yes,hisp_latin_spanish_no,purple,female,0,False,2,True,1,True,34.0,1,6170c5f5477bfe39fc9e8718
58,True,race_asian,1,1,yes,hisp_latin_spanish_no,purple,male,0,True,0,False,0,True,23.0,1,5c1da8960091e40001c848d8
59,True,race_white,1,1,yes,hisp_latin_spanish_no,purple,male,1,True,1,False,1,True,25.0,1,614e9a214fb1b9299ad7b75f
60,True,race_white,1,1,yes,hisp_latin_spanish_no,purple,male,0,True,0,False,0,True,35.0,1,654147fc6232a5b9c9d09526
61,True,race_white,1,1,yes,hisp_latin_spanish_no,Purple,female,1,True,1,False,1,True,34.0,1,667058a077727da4e99ddb0b
62,True,race_white,1,1,yes,hisp_latin_spanish_no,purple,male,1,True,1,False,1,True,37.0,1,6339d248a31798529a8cf2e4
63,True,race_white,1,1,yes,hisp_latin_spanish_no,purple,male,0,False,1,False,1,True,48.0,1,5ea89a8b6b6ee52ee578a90a
64,True,race_white,1,1,yes,hisp_latin_spanish_no,purple,female,1,False,0,False,0,True,33.0,1,5fec281aeae543d80d09fbc0
65,True,race_asian,1,1,yes,hisp_latin_spanish_yes,purple,male,0,True,0,False,0,True,28.0,1,6667efcb8f738fa4f10c8b2b
66,True,race_white,1,1,yes,hisp_latin_spanish_no,Purple,female,1,False,0,False,0,True,35.0,1,668ac2d21e1c6db3449f0be8
67,True,,1,1,yes,hisp_latin_spanish_no,purple,female,0,False,1,False,1,True,31.0,1,5c7a33cf0b94ca000141292e
68,True,race_asian,1,1,yes,hisp_latin_spanish_no,purple,male,1,True,1,False,1,True,32.0,1,6679be06905e63d240cfbdbc
69,True,race_white,1,1,yes,hisp_latin_spanish_no,purple,male,1,True,1,False,1,True,21.0,1,60a2a07ce40bc46a1987457c
70,True,race_black,1,1,yes,hisp_latin_spanish_no,purple,female,1,True,1,False,1,True,20.0,1,6689a99286c2cd5f71baa948
71,True,race_white,1,1,yes,hisp_latin_spanish_no,purple,male,1,False,0,False,0,True,34.0,1,5ecff62cb1b0dc08775b33f4
72,True,race_white,1,1,yes,hisp_latin_spanish_no,purple,female,1,True,1,False,1,True,29.0,1,60f6fc076c2dbdf1cd3a35c9
73,True,race_white,1,1,yes,hisp_latin_spanish_no,purple,female,0,False,1,False,1,True,34.0,1,56bfba439f7a1e000afdcba9
74,True,"race_black, race_white",1,1,yes,hisp_latin_spanish_yes,purple,female,1,True,1,False,1,True,21.0,1,63d74e3aaea629a6c433f4c8
75,True,race_black,1,1,yes,hisp_latin_spanish_no,purple,male,1,True,1,False,1,True,19.0,1,65bcf6293c40bd567b7b4a21
76,True,race_black,1,1,yes,hisp_latin_spanish_no,purple,female,1,True,1,False,1,True,36.0,1,668b60bc0b9a2cfcdfa56eba
77,True,race_white,1,1,yes,hisp_latin_spanish_no,purple,male,0,True,0,False,0,True,47.0,1,5d30d94d6c17550001d3ba17
78,True,race_white,1,1,yes,hisp_latin_spanish_no,purple,female,0,True,0,False,0,True,48.0,1,6656599632102ab05c648640
79,True,race_asian,1,1,yes,hisp_latin_spanish_no,purple,male,0,True,0,False,0,True,42.0,1,664fca1b80c40e812c41b889
80,True,"race_asian, race_white",1,1,yes,hisp_latin_spanish_no,purple,female,1,False,0,False,0,True,50.0,1,6605ba2377b3e0cd30992bce
81,True,race_white,1,1,yes,hisp_latin_spanish_yes,purple,female,0,False,1,False,1,True,43.0,1,63e5479f65b4fd95db6a9cd8
82,True,race_white,1,1,yes,hisp_latin_spanish_no,purple,female,1,True,1,False,1,True,48.0,1,662945728093113a43ab8077
83,True,race_white,1,1,yes,hisp_latin_spanish_no,purple,male,1,True,1,False,1,True,40.0,1,665f902e572a7d68c602f86d
84,True,race_white,1,1,yes,hisp_latin_spanish_no,purple,male,0,True,0,False,0,True,25.0,1,63d250bd856656b62ed7fb74
85,True,race_white,1,1,yes,hisp_latin_spanish_no,purple,female,1,False,0,False,0,True,53.0,1,65da4f25e6aead13f1542f60
86,True,race_white,1,1,yes,hisp_latin_spanish_no,purple,male,1,True,1,False,1,True,20.0,1,666757bc4238753a8959185b
87,True,race_white,1,1,yes,hisp_latin_spanish_no,purple,male,1,True,1,False,1,True,19.0,1,668be3dee373b5f7a21a2f05
88,True,race_white,1,1,yes,hisp_latin_spanish_no,purple,female,0,False,1,False,1,True,45.0,1,62b1ddb9b98b2132e0843d26
89,True,race_asian,1,1,yes,hisp_latin_spanish_no,purple,male,1,True,1,False,1,True,20.0,1,5f16ff89ea30c001ece617bc
90,True,race_white,1,1,yes,hisp_latin_spanish_yes,purple,male,1,True,1,False,1,True,23.0,1,5e8d2a15babca60ec0af3f49
91,True,race_white,1,1,yes,hisp_latin_spanish_no,purple,female,1,True,1,False,1,True,21.0,1,611132b18e9901b4cf5d24a6
92,True,"race_black, race_white",1,1,yes,hisp_latin_spanish_no,purple,,1,True,1,False,1,True,48.0,1,60451e0f0d94f161286383d9
93,True,race_white,1,1,yes,hisp_latin_spanish_no,purple,male,0,False,1,False,1,True,23.0,1,5f9e394bfc6fc63e6317cf9f
94,True,race_white,1,1,yes,hisp_latin_spanish_no,purple,female,1,True,1,False,1,True,32.0,1,6634676e7e1382ed37e18942
95,True,race_white,1,1,yes,hisp_latin_spanish_no,purple,female,1,True,1,False,1,True,31.0,1,5faeb0771929e6000941ecc5
96,True,race_white,1,1,yes,hisp_latin_spanish_no,purple,female,0,True,0,False,0,True,34.0,1,5ee7ef91dfec0f0e13b35bd7
97,True,race_white,1,1,yes,hisp_latin_spanish_no,purple,male,1,True,1,False,1,True,27.0,1,6245c8c532cdc22633ecbf3f
98,True,race_white,1,1,yes,hisp_latin_spanish_no,purple,female,1,False,0,False,0,True,60.0,1,60e4fb1c1f2200f3304c945d
99,True,race_white,1,1,yes,hisp_latin_spanish_no,purple,male,0,True,0,False,0,True,25.0,1,667c402de1bc9de83a79bada
100,True,race_white,1,1,yes,hisp_latin_spanish_no,purple,female,0,False,1,False,1,True,49.0,1,59f21fe8cc514a00011a66cf
101,True,race_white,1,1,yes,hisp_latin_spanish_no,Purple,male,0,True,0,False,0,True,23.0,1,65627f46dac1c6f8a0ea13a4
102,True,race_white,1,1,yes,hisp_latin_spanish_no,purple,male,0,False,1,False,1,True,69.0,1,614e26c35cd6b957428a1b4c
103,True,race_white,1,1,yes,hisp_latin_spanish_no,purple,male,1,True,1,False,1,True,33.0,1,5bd7ef36e4d5b00001a9b99e
104,True,race_white,1,1,yes,hisp_latin_spanish_no,purple,female,1,True,1,False,1,True,47.0,1,5b6f73c4086b4600018c0636
105,True,race_white,1,1,yes,hisp_latin_spanish_no,purple,male,0,True,0,False,0,True,58.0,1,65b537602cf1fbd4f77c7909
106,True,race_white,1,1,yes,hisp_latin_spanish_no,purple,male,1,True,1,False,1,True,30.0,1,5d754511abfec00001d24e13
107,True,race_white,1,1,yes,hisp_latin_spanish_no,purple,female,0,True,0,False,0,True,54.0,1,663d58381df2a0d308867447
108,True,race_white,1,1,yes,hisp_latin_spanish_no,purple,male,0,True,0,False,0,True,58.0,1,668753bdb8d6ff7b0c6d348e
109,True,race_white,1,1,yes,hisp_latin_spanish_no,purple,male,0,True,0,False,0,True,58.0,1,662af5d8a62b61fcf18e1acc
110,True,race_white,1,1,yes,hisp_latin_spanish_no,purple,female,1,True,1,False,1,True,61.0,1,65e45ae4948a569d84ef3599
111,True,race_white,1,1,yes,hisp_latin_spanish_no,purple,male,1,True,1,False,1,True,69.0,1,6665e60f1e2f8d963f8c393c
112,True,race_asian,1,1,yes,hisp_latin_spanish_no,purple,male,1,True,1,False,1,True,20.0,1,63e6c2ad4d7fff41cb9670a2
113,True,race_white,1,1,yes,hisp_latin_spanish_no,purple,male,1,False,0,False,0,True,29.0,1,6688915859b968386fbccc69
114,True,race_white,1,1,yes,hisp_latin_spanish_no,purple,female,1,False,0,False,0,True,34.0,1,664666b9b8f9edf96e1883ab
115,True,race_white,1,1,yes,hisp_latin_spanish_no,purple,female,0,False,1,False,1,True,36.0,1,60fe16e4ceea06b4799435c8
116,True,race_black,1,1,yes,hisp_latin_spanish_no,purple,male,0,False,1,False,1,True,19.0,1,63d43839677cd9a315302808
117,True,race_white,1,1,yes,hisp_latin_spanish_no,purple,male,1,False,0,False,0,True,29.0,1,6680421f34b04afaf3dba2b1
118,True,race_white,1,1,yes,hisp_latin_spanish_no,purple,female,0,True,0,False,0,True,66.0,1,642ae58a4893939dd32fd402
119,True,race_asian,1,1,yes,hisp_latin_spanish_no,purple,female,1,True,1,False,1,True,28.0,1,583d5dd49c5f2a0001b85f40
120,True,race_white,1,1,yes,hisp_latin_spanish_no,purple,female,0,False,1,False,1,True,63.0,1,5a5a507d76d1c60001ab2ac7
121,True,race_white,1,1,yes,hisp_latin_spanish_no,purple,female,1,True,1,False,1,True,49.0,1,66514573b9a70d7b816ef18f
122,True,,1,1,yes,hisp_latin_spanish_no,purple,male,1,True,1,False,1,True,27.0,1,6507138418738783463b1ec0
123,True,race_white,1,1,yes,hisp_latin_spanish_no,purple,female,0,False,1,False,1,True,30.0,1,601ef852d1b8f23d0d9a3599
124,True,race_white,1,1,yes,hisp_latin_spanish_no,purple,female,0,True,0,False,0,True,44.0,1,5f5bc08f1181c5355385f4e6
125,True,race_asian,1,1,yes,hisp_latin_spanish_no,purple,female,0,False,1,False,1,True,21.0,1,610075f64592c2cdf34f55d7
126,True,race_white,1,1,yes,hisp_latin_spanish_no,purple,female,1,True,1,False,1,True,62.0,1,60771cdcd1db34efd14d99f9
127,True,race_white,1,1,yes,hisp_latin_spanish_no,purple,female,0,True,0,False,0,True,26.0,1,668c2f7cd5fe655bd1f228b4
128,True,race_asian,1,1,yes,hisp_latin_spanish_no,purple,male,1,True,1,False,1,True,28.0,1,6113aa1a4874aefe7be5ef75
129,True,race_white,1,1,yes,hisp_latin_spanish_no,purple,male,0,True,0,False,0,True,46.0,1,63bd8d4ca46f8313570e6fa4
130,True,race_white,1,1,yes,hisp_latin_spanish_no,purple,female,1,True,1,False,1,True,43.0,1,6563eccd175724ea7f187645
131,True,race_white,1,1,yes,hisp_latin_spanish_no,purple,female,0,True,0,False,0,True,23.0,1,6100d28f1e251a6dff92f0df
132,True,race_white,1,1,yes,hisp_latin_spanish_no,purple,male,1,True,1,False,1,True,29.0,1,5f5561166d9ce792e07134e2
133,True,race_black,1,1,yes,hisp_latin_spanish_no,purple,female,0,False,1,False,1,True,52.0,1,5565e1e0fdf99b5a0e22d11a
134,True,race_white,1,1,yes,hisp_latin_spanish_no,purple,male,1,False,0,False,0,True,38.0,1,63d837ea31c724120707fc22
135,True,race_other,1,1,yes,hisp_latin_spanish_no,purple,female,0,False,1,False,1,True,22.0,1,611fd5c03b9654834bd4af0e
136,True,"race_asian, race_nhpi",1,1,yes,hisp_latin_spanish_no,purple,male,0,True,0,False,0,True,42.0,1,5efe907ba8384039f55a9625
137,True,race_white,1,1,yes,hisp_latin_spanish_no,purple,male,0,True,0,False,0,True,66.0,1,5de91f07c04503000a6922ee
138,True,race_white,1,1,yes,hisp_latin_spanish_no,purple,female,0,True,0,False,0,True,48.0,1,5a68f15b31b87a0001c75c00
139,True,race_white,1,1,yes,hisp_latin_spanish_no,purple,female,1,True,1,False,1,True,51.0,1,6655758a754c61f7caff2c9c
140,True,race_white,1,1,yes,hisp_latin_spanish_no,purple,male,1,True,1,False,1,True,61.0,1,5ff37a5efef4d1949c2472be
141,True,race_black,1,1,yes,hisp_latin_spanish_no,purple,female,1,True,1,False,1,True,26.0,1,655fa0d4e8fa618206e98d4d
142,True,race_asian,1,1,yes,hisp_latin_spanish_no,purple,female,0,True,0,False,0,True,32.0,1,5f710cf8423f15749e53499b
143,True,race_asian,1,1,yes,hisp_latin_spanish_no,purple,male,1,False,0,False,0,True,29.0,1,6676f46761b626d33b48d89a
144,True,race_white,1,1,yes,hisp_latin_spanish_no,purple,male,0,False,1,False,1,True,22.0,1,6083184eb3661eb3b787a1a8
145,True,race_white,1,1,yes,hisp_latin_spanish_no,purple,male,1,False,0,False,0,True,40.0,1,5a22d662d6fdbc00011c92ce
146,True,race_black,1,1,yes,hisp_latin_spanish_no,purple,male,0,False,1,False,1,True,33.0,1,5d1aa9db716058001a060031
147,True,race_white,1,1,yes,hisp_latin_spanish_yes,purple,female,0,True,0,False,0,True,32.0,1,666096aa3e8745239c08f8b1
148,True,race_black,1,1,yes,hisp_latin_spanish_no,purple,male,1,True,1,False,1,True,21.0,1,663e4438754ce64c6816c698
149,True,race_white,1,1,yes,hisp_latin_spanish_no,purple,female,1,True,1,False,1,True,26.0,1,663e43e8f610c4c7e9612447
150,True,race_white,1,1,yes,hisp_latin_spanish_no,purple,male,1,True,1,False,1,True,44.0,1,66896683646697a90b5e5bbe
151,True,race_white,1,1,yes,hisp_latin_spanish_yes,purple,female,0,True,0,False,0,True,49.0,1,63a7c3808990808d9d6f2a14
152,True,race_white,1,1,yes,hisp_latin_spanish_no,purple,male,1,True,1,False,1,True,23.0,1,668556a4dc0c26ee6d832f7d
153,True,"race_white, race_other",1,1,yes,hisp_latin_spanish_yes,purple,male,0,True,0,False,0,True,33.0,1,5fdf213eeae543727a6624e3
154,True,race_black,1,1,yes,hisp_latin_spanish_no,purple,female,0,True,0,False,0,True,33.0,1,657f437d4d626c5f83d1adaa
155,True,race_white,1,1,yes,hisp_latin_spanish_no,purple,,0,True,0,False,0,True,36.0,1,5c4715cd259d2d0001875b78
156,True,race_white,1,1,yes,hisp_latin_spanish_no,purple,male,1,True,1,False,1,True,30.0,1,66881478c2ed5733c502b9b5
157,True,race_asian,1,1,yes,hisp_latin_spanish_no,purple,male,0,True,0,False,0,True,31.0,1,665f1457cb7b496182e79217
158,True,race_white,1,1,yes,hisp_latin_spanish_no,purple,female,0,True,0,False,0,True,41.0,1,63eeb8307336840f14b9330e
159,True,race_white,1,1,yes,hisp_latin_spanish_no,purple,female,0,True,0,False,0,True,27.0,1,663a5eca2a88610025bc7e8a
160,True,race_white,1,1,yes,hisp_latin_spanish_yes,purple,female,1,True,1,False,1,True,43.0,1,5afdb563c7b67200016060ee
161,True,race_white,1,1,yes,hisp_latin_spanish_no,purple,male,0,True,0,False,0,True,35.0,1,650a2466738bb786a6c7849b
162,True,race_black,1,1,yes,hisp_latin_spanish_yes,purple,female,0,False,1,False,1,True,41.0,1,5d8c34d571fe8b00196fd24a
163,True,race_white,1,1,yes,hisp_latin_spanish_no,purple ,female,0,False,1,True,1,True,63.0,1,6660f49d0e4ea1b1aa324bf1
164,True,race_other,1,1,yes,hisp_latin_spanish_yes,purple,female,0,True,0,False,0,True,29.0,1,63279085ec65a992cc521187
165,True,race_white,1,1,yes,hisp_latin_spanish_no,Purple,male,1,True,1,False,1,True,36.0,1,668b35eca7254e992fe0cd29
166,True,race_white,1,1,yes,hisp_latin_spanish_no,purple,female,1,True,1,False,1,True,30.0,1,664665cfc1f4fd7bddecec15
167,True,race_white,1,1,yes,hisp_latin_spanish_no,Purple ,female,0,True,0,True,0,True,31.0,1,66356eb149be5e33b14caa54
168,True,race_black,1,1,yes,hisp_latin_spanish_no,purple,female,0,False,1,False,1,True,30.0,1,6684058a1289e2de76a8ea3a
169,True,race_white,1,1,yes,hisp_latin_spanish_no,purple,female,1,True,1,False,1,True,42.0,1,6684a9b491cb2d5ca31afbb0
170,True,race_asian,1,1,yes,hisp_latin_spanish_no,purple,male,1,True,1,False,1,True,28.0,1,5f3720ac601a361a586e3aa2
172,True,race_white,1,1,yes,hisp_latin_spanish_no,purple,female,1,True,1,False,1,True,34.0,1,5ea0ca5455a2bd0bd53dbacc
173,True,race_asian,1,1,yes,hisp_latin_spanish_no,purple,female,0,True,0,False,0,True,31.0,1,667ec9850425d9b0d8af8ccd
174,True,race_white,1,1,yes,hisp_latin_spanish_no,purple,female,0,False,1,False,1,True,44.0,1,609e416f2662bd18ea7dcd4c
175,True,race_white,1,1,yes,hisp_latin_spanish_no,purple,female,0,False,1,False,1,True,27.0,1,609c5565b5087bddf91589a9
176,True,,1,1,yes,,purple,female,0,True,0,False,0,True,24.0,1,60da8c7e85ec8877f716b3e1
177,True,race_white,1,1,yes,hisp_latin_spanish_no,purple,male,0,True,0,False,0,True,25.0,1,668b0aa60b9a2cfcdfa55ead
178,True,race_white,1,1,yes,hisp_latin_spanish_no,purple,female,0,True,0,False,0,True,23.0,1,6277d6ac2004cea3140ca4ff
179,True,race_white,1,1,yes,hisp_latin_spanish_no,purple,male,1,False,0,False,0,True,28.0,1,5ced2e280b20970017acee91
180,True,race_white,1,1,yes,hisp_latin_spanish_no,purple,female,1,True,1,False,1,True,22.0,1,668c2c3b1c453af22c1e1e31
181,True,race_white,1,1,yes,hisp_latin_spanish_no,purple,female,0,True,0,False,0,True,66.0,1,5e5c03ab6a255b3ece760715
182,True,race_black,1,1,yes,hisp_latin_spanish_no,purple,female,0,True,0,False,0,True,23.0,1,610369052748ee032748d75a
183,True,race_white,1,1,yes,hisp_latin_spanish_no,purple,female,0,False,1,False,1,True,41.0,1,569c0c9a9e836300052ffa4a
171,True,race_white,1,1,yes,hisp_latin_spanish_no,purple,female,1,True,1,False,1,True,29.0,1,60a55d4bb6bd9be6c95b89eb
184,True,race_white,1,1,yes,hisp_latin_spanish_no,purple,male,1,True,1,False,1,True,22.0,1,6689ea627c15ef8634f1d3af
185,True,race_white,1,1,yes,hisp_latin_spanish_no,purple,female,0,False,1,False,1,True,40.0,1,5f171b6978c6ae032e458f06
186,True,race_white,1,1,yes,hisp_latin_spanish_no,purple,female,0,True,0,False,0,True,31.0,1,5c4689c8b05faa0001d63608
187,True,race_white,1,1,yes,hisp_latin_spanish_no,purple,,0,True,0,False,0,True,21.0,1,60db3eeb564183360082d3a7
188,True,race_white,1,1,yes,hisp_latin_spanish_yes,purple,male,0,False,0,True,1,True,24.0,1,6689408630ac864c8da58e9b
189,True,race_white,1,1,yes,hisp_latin_spanish_no,purple,female,0,True,0,False,0,True,23.0,1,60ff1539d9a91f7b81bb2806
190,True,race_white,1,1,yes,hisp_latin_spanish_no,purple,male,1,False,0,False,0,True,36.0,1,65366fac14a02ad857b2b94e
191,True,race_white,1,1,yes,hisp_latin_spanish_no,purple,,1,False,0,False,0,True,43.0,1,6293930a73a8649bd00fc052
192,True,race_white,1,1,yes,hisp_latin_spanish_yes,purple,male,1,True,1,False,1,True,32.0,1,664d1d1ea354afdb587d4055
193,True,race_white,1,1,yes,hisp_latin_spanish_no,Purple ,female,1,True,1,True,1,True,47.0,1,6688948b8b59abf8d73e1276
194,True,race_white,1,1,yes,hisp_latin_spanish_no,purple,male,0,False,1,False,1,True,31.0,1,5bef87523d79ff0001275154
195,True,race_black,1,1,yes,hisp_latin_spanish_no,purple,female,0,False,1,False,1,True,33.0,1,66786fd4594ab649c244de43
196,True,"race_asian, race_white",1,1,yes,hisp_latin_spanish_no,purple,male,1,True,1,False,1,True,42.0,1,6688479da462d552794dbd46
197,True,race_aian,1,1,yes,hisp_latin_spanish_no,purple,male,1,True,1,False,1,True,28.0,1,5adbc051f6b58c0001fa3bbe
198,True,race_black,1,1,yes,hisp_latin_spanish_no,purple,female,0,True,0,False,0,True,58.0,1,668c55226ad7e715b7944227
199,True,race_white,1,1,yes,hisp_latin_spanish_no,purple,male,1,True,1,False,1,True,53.0,1,6689465fc8d3a43fd880a840
200,True,race_black,1,1,yes,hisp_latin_spanish_no,purple,male,0,True,0,False,0,True,32.0,1,6676d1aa15fb7acb6c5eb7a3
201,True,race_white,1,1,yes,hisp_latin_spanish_no,purple,male,0,True,0,False,0,True,25.0,1,5e48f4f7250a723762326141
202,True,race_white,1,1,yes,hisp_latin_spanish_no,purple,female,1,False,0,False,0,True,37.0,1,5f45c6417f545e201ff6da76
203,True,"race_aian, race_white",1,1,yes,hisp_latin_spanish_yes,purple,male,1,True,1,False,1,True,20.0,1,63178c538ada3185c1cb6278
204,True,race_white,1,1,yes,hisp_latin_spanish_no,purple,male,0,True,0,False,0,True,27.0,1,56a3e69d582971000b7b0f4a
205,True,race_white,1,1,yes,hisp_latin_spanish_no,purple,male,1,True,1,False,1,True,40.0,1,65fa0f069778c757ccaa9d58
206,True,race_white,1,1,yes,hisp_latin_spanish_no,purple,female,0,False,1,False,1,True,52.0,1,668c5bd37624a98ac5b03d72
207,True,"race_asian, race_black",1,1,yes,hisp_latin_spanish_no,purple,female,0,True,0,False,0,True,44.0,1,60fd5818ca3355de7e2d90d1
208,True,race_white,1,1,yes,hisp_latin_spanish_no,purple,female,0,True,0,False,0,True,54.0,1,5c3b8e621ede2b00011604a9
209,True,race_white,1,1,yes,hisp_latin_spanish_no,purple,male,0,True,0,False,0,True,38.0,1,6314453e0a22cc4e1e66ca08
210,True,race_white,1,1,yes,hisp_latin_spanish_no,purple,female,1,True,1,False,1,True,39.0,1,60c261fc9149f791a6f20a54
211,True,race_black,1,1,yes,hisp_latin_spanish_yes,purple,female,0,True,0,False,0,True,57.0,1,665488ad0a4b2d52fee1e6df
212,True,race_black,1,1,yes,hisp_latin_spanish_no,purple,female,0,True,0,False,0,True,60.0,1,642eb72016d0cb14c764dfc6
213,True,race_black,1,1,yes,hisp_latin_spanish_no,purple,male,1,False,0,False,0,True,33.0,1,6287d7ec96fff020be1d9237
214,True,race_white,1,1,yes,hisp_latin_spanish_no,Purple,female,0,True,0,False,0,True,30.0,1,668aad46440be53a07aaa571
215,True,race_white,1,1,yes,hisp_latin_spanish_no,purple,male,1,True,1,False,1,True,25.0,1,595c69efd8bd8d000154dd23
216,True,race_asian,1,1,yes,hisp_latin_spanish_no,purple,female,1,True,1,False,1,True,22.0,1,6548429f7bb2387e73c660c6
217,True,race_black,1,1,yes,hisp_latin_spanish_no,purple,male,1,True,1,False,1,True,23.0,1,668674a5b341e5d36bf65468
218,True,race_black,1,1,yes,hisp_latin_spanish_no,purple,female,1,True,1,False,1,True,22.0,1,6687a62065c68c458a68cbb5
219,True,race_white,1,1,yes,hisp_latin_spanish_no,purple,female,1,True,1,False,1,True,41.0,1,6542c1adac85eb98d11a25ec
220,True,"race_aian, race_white",1,1,yes,hisp_latin_spanish_no,purple,female,1,True,1,False,1,True,28.0,1,6653c219a4a1afd3e18609cb
221,True,race_white,1,1,yes,hisp_latin_spanish_no,purple,female,0,True,0,False,0,True,30.0,1,6471ff5961070bf74ec62c7a
222,True,race_asian,1,1,yes,hisp_latin_spanish_no,purple,male,1,True,1,False,1,True,31.0,1,668c11f66e1da1ca2602b23c
223,True,race_white,1,1,yes,hisp_latin_spanish_no,purple,female,1,False,0,False,0,True,34.0,1,668c58a0d6d3c6c6e782abc3
224,True,race_white,1,1,yes,hisp_latin_spanish_no,purple,female,1,True,1,False,1,True,22.0,1,60fe2112b2f9cd4687d2a724
225,True,race_white,1,1,yes,hisp_latin_spanish_no,purple,male,1,True,1,False,1,True,30.0,1,5eeabe0f20cb9a16d517513c
226,True,race_white,1,1,yes,hisp_latin_spanish_no,purple,female,0,True,0,False,0,True,31.0,1,65a6b92c9a480cc6d7033b24
227,True,race_white,1,1,yes,hisp_latin_spanish_no,purple,female,1,False,0,False,0,True,42.0,1,652dceb64c09de45631ea89e
228,True,race_white,1,1,yes,hisp_latin_spanish_no,purple,female,0,True,0,False,0,True,44.0,1,5f29aed2c46fc6118f5980c3
229,True,race_white,1,1,yes,hisp_latin_spanish_no,purple ,male,0,True,0,True,0,True,42.0,1,66884713a634c5f082e912a3
230,True,race_white,1,1,yes,hisp_latin_spanish_no,purple,female,0,True,0,False,0,True,25.0,1,6644f98847ff3c7c3f9bbdfb
231,True,race_white,1,1,yes,hisp_latin_spanish_no,purple,female,0,False,1,False,1,True,24.0,1,616f8ebbb4625dc2db4f1851
232,True,race_white,1,1,yes,hisp_latin_spanish_no,purple,female,0,True,0,False,0,True,23.0,1,61364bc1eb036faf8ae6cfd8
233,True,race_black,1,1,yes,hisp_latin_spanish_yes,purple,female,0,False,1,False,1,True,31.0,1,659589bf2ef094a5e3fafa9d
234,True,"race_asian, race_white",1,1,yes,hisp_latin_spanish_no,purple,male,0,False,1,False,1,True,20.0,1,66846905cfa45a35dcdb7288
235,True,race_black,1,1,yes,hisp_latin_spanish_no,purple,female,1,True,1,False,1,True,36.0,1,668564a45368836193b94269
236,True,race_white,1,1,yes,hisp_latin_spanish_no,purple,female,1,True,1,False,1,True,60.0,1,667ed846daba40d734060697
237,True,race_asian,1,1,yes,hisp_latin_spanish_no,purple,male,1,False,0,False,0,True,41.0,1,6234d4d2b57dba20c31b7a80
238,True,race_white,1,1,yes,hisp_latin_spanish_no,purple,male,0,False,1,False,1,True,35.0,1,5dad0e75389b610017e8e908
239,True,race_black,1,1,yes,hisp_latin_spanish_no,purple,female,1,False,0,False,0,True,37.0,1,5b188b743522660001b3efc8
240,True,race_black,1,1,yes,hisp_latin_spanish_no,purple,female,1,True,0,True,1,True,43.0,1,66339cc7d05e27f34b2847cd
241,True,race_white,1,1,yes,hisp_latin_spanish_no,purple,female,0,True,0,False,0,True,50.0,1,5f0a59d5b314753371bedbd1
242,True,race_white,1,1,yes,hisp_latin_spanish_no,purple,female,1,False,0,False,0,True,30.0,1,665e107b0f22e57ff8be50b8
243,True,race_black,1,1,yes,hisp_latin_spanish_no,purple,female,1,False,0,False,0,True,50.0,1,629620f5aeec88ae70bbacc2
244,True,race_white,1,1,yes,hisp_latin_spanish_no,purple,male,0,False,1,False,1,True,41.0,1,668c078a663cb065c45170bd
245,True,race_black,1,1,yes,hisp_latin_spanish_no,purple,female,1,False,0,False,0,True,29.0,1,5e8bf64caa4ae60e7dd0908f
246,True,race_white,1,1,yes,hisp_latin_spanish_no,purple,male,0,False,1,False,1,True,46.0,1,6674bf093b7aad318c33bc37
247,True,race_asian,1,1,yes,hisp_latin_spanish_no,purple,female,0,True,0,False,0,True,35.0,1,6685ad8cf65ad95b6b443bb0
248,True,race_white,1,1,yes,hisp_latin_spanish_no,purple,male,0,True,0,False,0,True,23.0,1,66895169842e851843c097c9
249,True,race_white,1,1,yes,hisp_latin_spanish_no,purple,female,1,True,1,False,1,True,57.0,1,601cbb3526aa517be4a924ce
250,True,"race_black, race_white",1,1,yes,hisp_latin_spanish_no,purple,male,0,True,0,False,0,True,26.0,1,66848b6256a271a998a8eb86
251,True,race_asian,1,1,yes,hisp_latin_spanish_yes,purple,male,1,True,1,False,1,True,30.0,1,6613806ccc390085132f9c99
252,True,race_white,1,1,yes,hisp_latin_spanish_no,purple,female,1,True,1,False,1,True,25.0,1,60fefbade0cc959aca443c7d
253,True,race_white,1,1,yes,hisp_latin_spanish_no,purple,male,0,False,1,False,1,True,26.0,1,570fa0905edc8f000fe73c4a
254,True,race_asian,1,1,yes,hisp_latin_spanish_no,purple,male,1,True,1,False,1,True,33.0,1,6687ef6b57cc702257d11a66
255,True,race_white,1,1,yes,hisp_latin_spanish_no,Purple,male,1,True,1,False,1,True,27.0,1,6686e72b762ad26de146f4db
256,True,race_black,1,1,yes,hisp_latin_spanish_no,purple,female,0,True,0,False,0,True,22.0,1,668adf7e31488112c40b9618
257,True,race_white,1,1,yes,hisp_latin_spanish_no,purple,female,0,True,0,False,0,True,53.0,1,56952368e0c800000559f90b
258,True,race_white,1,1,yes,hisp_latin_spanish_no,purple,female,0,True,0,False,0,True,32.0,1,6659d0da9e79475ef3f31c93
259,True,race_black,1,1,yes,hisp_latin_spanish_no,PURPLE,male,1,True,1,False,1,True,51.0,1,667634625cc34d5ac97492bf
260,True,"race_white, race_other",1,1,yes,hisp_latin_spanish_yes,purple,male,0,True,0,False,0,True,34.0,1,5a9c44d2f05361000172055b
261,True,race_white,1,1,yes,hisp_latin_spanish_no,purple,male,0,False,1,False,1,True,28.0,1,5bdf4f8ec777fa00016206b3
262,True,race_white,1,1,yes,hisp_latin_spanish_no,purple,female,1,True,1,False,1,True,28.0,1,5fe18e1c8929f0c2a41e43d8
263,True,race_white,1,1,yes,hisp_latin_spanish_no,purple,female,0,True,0,False,0,True,39.0,1,58e178ff27e7d900011035d9
264,True,race_asian,1,1,yes,hisp_latin_spanish_no,purple,female,0,True,0,False,0,True,29.0,1,664b304f47854ec59355d0dd
265,True,race_white,1,1,yes,hisp_latin_spanish_yes,purple,male,1,True,1,False,1,True,36.0,1,66876f163e33d9749bbf756d
266,True,race_asian,1,1,yes,hisp_latin_spanish_no,purple,male,1,True,1,False,1,True,38.0,1,63d80a392c05f6a765d9e63a
267,True,race_white,1,1,yes,hisp_latin_spanish_no,purple,male,0,True,0,False,0,True,56.0,1,64320d32f144ad4cef20c60f
268,True,race_asian,1,1,yes,hisp_latin_spanish_no,purple,male,1,True,1,False,1,True,38.0,1,5c7f2dc436ad0a00110bb122
269,True,race_asian,1,1,yes,hisp_latin_spanish_no,purple,female,1,True,1,False,1,True,21.0,1,65cefa3bddb7be095ddde1af
270,True,race_white,1,1,yes,hisp_latin_spanish_no,purple,female,1,True,1,False,1,True,57.0,1,63e403e848165e69c62a729a
271,True,race_white,1,1,yes,hisp_latin_spanish_no,purple,male,1,True,1,False,1,True,64.0,1,668c1a12987026ab7ed28e63
272,True,race_white,1,1,yes,hisp_latin_spanish_no,purple,female,1,True,1,False,1,True,53.0,1,6616092f059f1f0faacac378
273,True,"race_black, race_white",1,1,yes,hisp_latin_spanish_no,purple,male,1,True,1,False,1,True,36.0,1,651ea738f0d8f5429187c8b4
274,True,race_white,1,1,yes,hisp_latin_spanish_no,purple,male,0,True,0,False,0,True,36.0,1,580145ebf35f130001c36157
275,True,race_white,1,1,yes,hisp_latin_spanish_no,purple,male,0,True,0,False,0,True,43.0,1,668be65e49d0ceb3ccb1ffec
276,True,race_asian,1,1,yes,hisp_latin_spanish_yes,purple,female,1,True,1,False,1,True,20.0,1,65cb9396b64c5bf3a3c9cbf1
277,True,race_white,1,1,yes,hisp_latin_spanish_no,purple,female,0,False,1,False,1,True,22.0,1,63b6d8752dbe4d7650eb1d00
278,True,race_white,1,1,yes,hisp_latin_spanish_no,Purple,female,1,True,1,False,1,True,25.0,1,60fcbf49d3143146ca67ed6d
279,True,race_white,1,1,yes,hisp_latin_spanish_no,purple,male,0,True,0,False,0,True,26.0,1,6608fe79836be5ccd7136892
280,True,race_white,1,1,yes,hisp_latin_spanish_no,purple,female,0,True,0,False,0,True,36.0,1,667071fee54e7f5774fb38cc
281,True,race_white,1,1,yes,hisp_latin_spanish_no,purple,male,1,True,1,False,1,True,46.0,1,5ede22703409e1042973a050
282,True,race_black,1,1,yes,hisp_latin_spanish_no,purple,female,0,False,1,False,1,True,34.0,1,668696f692c9437b43935373
283,True,"race_aian, race_white",1,1,yes,hisp_latin_spanish_no,purple,male,0,False,1,False,1,True,40.0,1,66848988b8e42b559b702474
284,True,race_black,1,1,yes,hisp_latin_spanish_no,purple,female,1,True,1,False,1,True,35.0,1,5bdc96a7ba6cc10001854ac8
285,True,race_white,1,1,yes,hisp_latin_spanish_no,purple,male,0,True,0,False,0,True,28.0,1,63e5afe232a49ecaa3272df9
286,True,race_white,1,1,yes,hisp_latin_spanish_no,purple,female,1,True,1,False,1,True,32.0,1,667b42e67e385b41658179f8
287,True,race_black,1,1,yes,hisp_latin_spanish_no,purple,female,0,False,1,False,1,True,31.0,1,5d4deacbd056d00019082be9
288,True,race_white,1,1,yes,hisp_latin_spanish_no,purple,female,0,False,1,False,1,True,29.0,1,647606f833e13656eecbc1a0
289,True,race_white,1,1,yes,hisp_latin_spanish_no,Purple,female,0,True,0,False,0,True,27.0,1,63d082dbc67e5e161c356e5c
290,True,race_other,1,1,yes,hisp_latin_spanish_yes,purple,female,1,True,1,False,1,True,39.0,1,6673141b2ab1f0198dea20bf
291,True,race_black,1,1,yes,hisp_latin_spanish_yes,purple,female,0,True,0,False,0,True,28.0,1,65c1d2b118dd984dec38f4f2
292,True,race_white,1,1,yes,hisp_latin_spanish_no,purple,male,0,True,0,False,0,True,63.0,1,6123fc5fe45f1905d9e7fe29
293,True,race_white,1,1,yes,hisp_latin_spanish_no,purple,female,0,True,0,False,0,True,27.0,1,610866d4a8df0540300f1b6d
294,True,"race_asian, race_white",1,1,yes,hisp_latin_spanish_no,purple,female,0,True,0,False,0,True,51.0,1,55a2fa33fdf99b073cd94947
295,True,race_white,1,1,yes,hisp_latin_spanish_no,purple,male,1,False,0,False,0,True,28.0,1,600cff71c2b8b6481b27bff4
296,True,race_white,1,1,yes,hisp_latin_spanish_no,purple,female,0,False,1,False,1,True,51.0,1,65e4a9c111b44b3b4188eb13
297,True,race_white,1,1,yes,hisp_latin_spanish_no,purple,male,1,False,0,False,0,True,45.0,1,5a2181b5e473b80001baa9b0
298,True,race_white,1,1,yes,hisp_latin_spanish_no,purple,female,0,True,0,False,0,True,61.0,1,6005d3aabaf15d515c1361d0
299,True,race_white,1,1,yes,hisp_latin_spanish_no,purple,male,0,False,1,False,1,True,37.0,1,633eb584ec1a3cf0efdc2563
300,True,race_black,1,1,yes,hisp_latin_spanish_no,purple,female,0,True,0,False,0,True,20.0,1,6687b00fea5aa786440b51d1
301,True,"race_asian, race_white",1,1,yes,hisp_latin_spanish_no,purple,,1,True,2,True,1,True,23.0,1,63ed30cf3bbe678490e9999c
302,True,race_white,1,1,yes,hisp_latin_spanish_yes,purple,,0,True,0,False,0,True,28.0,1,60555b56af1bc30f5d438bd2
303,True,race_white,1,1,yes,hisp_latin_spanish_yes,purple,male,1,True,1,False,1,True,23.0,1,5d05aa4b28d214001d06bb93
304,True,race_white,1,1,yes,hisp_latin_spanish_no,purple,female,0,True,0,False,0,True,29.0,1,5bc6e0f93808a50001649d75
305,True,race_white,1,1,yes,hisp_latin_spanish_no,purple,male,1,True,1,False,1,True,31.0,1,650c3f06ceea51899714464a
306,True,race_asian,1,1,yes,hisp_latin_spanish_no,Purple,male,1,True,0,True,1,True,32.0,1,655237b8976df203b7e348c2
307,True,race_white,1,1,yes,hisp_latin_spanish_no,purple,female,1,True,1,False,1,True,44.0,1,60b088283f529f44ae7ccd37
308,True,race_white,1,1,yes,hisp_latin_spanish_no,purple,male,1,True,1,False,1,True,43.0,1,613c1ab3f0c6e72cf5d7d66a
309,True,race_asian,1,1,yes,hisp_latin_spanish_no,purple,female,1,True,1,False,1,True,22.0,1,65cb89ff41f626287ba0d83e
310,True,race_white,1,1,yes,hisp_latin_spanish_yes,purple,female,0,False,1,False,1,True,42.0,1,654134d0ff22af1e0e59a29f
311,True,race_aian,1,1,yes,hisp_latin_spanish_no,purple,female,1,False,0,False,0,True,34.0,1,663a818d051d030662b113e3
312,True,"race_black, race_white",1,1,yes,hisp_latin_spanish_no,purple,male,0,True,0,False,0,True,50.0,1,6480d2e60bb76dc7968705dd
313,True,race_white,1,1,yes,hisp_latin_spanish_no,purple,female,0,False,1,False,1,True,38.0,1,60e340333e34ab0583147feb
314,True,race_white,1,1,yes,hisp_latin_spanish_yes,purple,female,1,True,1,False,1,True,47.0,1,662c02a6b1ffbaa0e7ae5011
315,True,race_white,1,1,yes,hisp_latin_spanish_no,purple,female,1,False,0,False,0,True,31.0,1,668b69c4d5c2745ea36b7fbb
316,True,race_white,1,1,yes,hisp_latin_spanish_no,purple,male,1,True,1,False,1,True,34.0,1,60de1e91d169070d449d6c38
317,True,race_black,1,1,yes,hisp_latin_spanish_no,purple,male,0,False,1,False,1,True,45.0,1,664b4ffde3550176ef06a5cb
318,True,race_white,1,1,yes,hisp_latin_spanish_no,purple,female,1,True,1,False,1,True,47.0,1,6688240930ac864c8da559ac
319,True,race_black,1,1,yes,hisp_latin_spanish_no,purple,female,1,True,1,False,1,True,53.0,1,65344ec64854d12a1baf93d6
320,True,race_asian,1,1,yes,hisp_latin_spanish_no,purple,male,0,True,0,False,0,True,21.0,1,665103ae5766c0a385ecdcf6
321,True,race_white,1,1,yes,hisp_latin_spanish_no,purple,female,1,True,1,False,1,True,23.0,1,5f2dc4be9719bd0f8a6ce15c
322,True,race_white,1,1,yes,hisp_latin_spanish_no,purple,male,1,True,1,False,1,True,40.0,1,5eeaa8ee94a7f8046a02a20d
323,True,race_asian,1,1,yes,hisp_latin_spanish_no,purple,female,1,True,1,False,1,True,41.0,1,652459097eb28ad70bcb1393
324,True,race_white,1,1,yes,hisp_latin_spanish_no,purple,male,0,True,0,False,0,True,34.0,1,6032aa14166df72d4c8a331f
325,True,race_white,1,1,yes,hisp_latin_spanish_no,purple,female,0,False,1,False,1,True,23.0,1,61391e597dbe122a2dffb914
326,True,race_black,1,1,yes,hisp_latin_spanish_no,purple,female,0,True,0,False,0,True,29.0,1,5e0d6973946e974df5ccc57d
327,True,race_white,1,1,yes,,purple,male,1,True,1,False,1,True,58.0,1,5ee667342eebe93d1db38dd0
328,True,race_white,1,1,yes,hisp_latin_spanish_no,purple,male,0,False,1,False,1,True,,1,66467574dad014b033fa664c
329,True,race_white,1,1,yes,hisp_latin_spanish_no,purple,male,1,True,1,False,1,True,45.0,1,5b25f2ce8ecf3f000161737c
330,True,race_white,1,1,yes,hisp_latin_spanish_no,purple,male,0,True,0,False,0,True,44.0,1,5fbb4b2f8a2ddbc5095d5895
331,True,race_white,1,1,yes,hisp_latin_spanish_no,purple,male,1,True,1,False,1,True,38.0,1,66062a448d3a5ed02c64c2ab
332,True,race_white,1,1,yes,hisp_latin_spanish_no,purple,female,0,True,0,False,0,True,53.0,1,656e0027693b68d1e742a02c
333,True,race_white,1,1,yes,hisp_latin_spanish_no,purple,male,0,True,0,False,0,True,42.0,1,5a6cfad8ab58b500015f56ef
334,True,race_white,1,1,yes,hisp_latin_spanish_no,purple,female,1,True,1,False,1,True,55.0,1,66761f810a062036fb382042
335,True,race_white,1,1,yes,hisp_latin_spanish_no,purple,female,1,True,1,False,1,True,22.0,1,60fd64fb28334cadc460cbe0
336,True,race_black,1,1,yes,hisp_latin_spanish_no,purple,male,0,True,0,False,0,True,52.0,1,668b70882e0313c528f85f8f
337,True,race_white,1,1,yes,hisp_latin_spanish_no,purple,male,1,True,1,False,1,True,25.0,1,667b1e59702c70222418c887
338,True,race_white,1,1,yes,hisp_latin_spanish_no,purple,female,0,True,0,False,0,True,42.0,1,63f7f9c1667fdae7a300f6d9
339,True,race_white,1,1,yes,hisp_latin_spanish_yes,purple,female,0,False,1,False,1,True,33.0,1,605504fc7a5a699c16ae8b4d
340,True,race_other,1,1,yes,hisp_latin_spanish_yes,purple,female,0,True,0,False,0,True,23.0,1,654b931ba4e1538bb3817430
341,True,race_white,1,1,yes,hisp_latin_spanish_no,purple,male,0,False,1,False,1,True,53.0,1,5dd38420a71de83809342ca3
342,True,race_white,1,1,yes,hisp_latin_spanish_no,purple,male,1,True,1,False,1,True,38.0,1,59bce3080ac77f0001f056de
343,True,race_asian,1,1,yes,hisp_latin_spanish_no,purple,female,0,True,0,False,0,True,35.0,1,6282857dd18c09327fb1b33b
344,True,race_white,1,1,yes,hisp_latin_spanish_no,Purple,female,0,True,0,False,0,True,30.0,1,66833861f6a5ce597cc077bc
345,True,race_black,1,1,yes,hisp_latin_spanish_yes,purple,female,0,True,0,False,0,True,32.0,1,5c0d7f78594d920001680447
346,True,race_white,1,1,yes,hisp_latin_spanish_no,purple,female,0,True,0,False,0,True,25.0,1,5e6eef4068ed544ba94a6787
347,True,race_white,1,1,yes,hisp_latin_spanish_no,purple,female,0,False,1,False,1,True,41.0,1,653fd42ade361272b8f82118
348,True,race_white,1,1,yes,hisp_latin_spanish_no,Purple,female,0,True,0,False,0,True,25.0,1,666c84e40660c28430f3564c
349,True,race_white,1,1,yes,hisp_latin_spanish_no,purple,female,0,True,0,False,0,True,24.0,1,6107047fbafeaf147ba228c0
350,True,race_asian,1,1,yes,hisp_latin_spanish_no,purple,male,0,True,0,False,0,True,31.0,1,668c5fc88580d899759a0932
351,True,race_white,1,1,yes,hisp_latin_spanish_yes,purple,male,0,True,0,False,0,True,27.0,1,5de8bc74553cee8280a7dd84
352,True,race_white,1,1,yes,hisp_latin_spanish_no,purple,female,0,True,0,False,0,True,50.0,1,5589480afdf99b5ccca3c1ea
353,True,race_white,1,1,yes,hisp_latin_spanish_no,purple,female,0,True,0,False,0,True,22.0,1,668b60e2b4438a45e1044845
354,True,race_white,1,1,yes,hisp_latin_spanish_no,purple,male,0,False,1,False,1,True,21.0,1,667eb760092051c2af37656a
355,True,race_other,1,1,yes,hisp_latin_spanish_yes,purple,male,1,True,1,False,1,True,38.0,1,6684928e82e515000197f9c6
356,True,"race_aian, race_white",1,1,yes,hisp_latin_spanish_no,purple,female,0,True,0,False,0,True,59.0,1,5f0f9dd625153217f188084b
357,True,race_white,1,1,yes,hisp_latin_spanish_no,purple,male,1,False,0,False,0,True,56.0,1,6683d2733d15c354646043ce
358,True,race_white,1,1,yes,hisp_latin_spanish_no,Purple,female,1,True,1,False,1,True,31.0,1,61085ff2f642b4711f3f8d94
359,True,race_white,1,1,yes,hisp_latin_spanish_no,purple,female,0,False,1,False,1,True,32.0,1,5c4e9bd1818d4d00013e8859
360,True,race_white,1,1,yes,hisp_latin_spanish_yes,purple,male,1,True,1,False,1,True,33.0,1,5ea70b0537c5170b90ece8ac
361,True,race_white,1,1,yes,hisp_latin_spanish_no,purple,female,0,True,0,False,0,True,59.0,1,61537529838b05f12699918e
362,True,race_white,1,1,yes,hisp_latin_spanish_no,purple,female,0,True,0,False,0,True,43.0,1,6660c980f130e148bc6f1250
363,True,race_white,1,1,yes,hisp_latin_spanish_no,purple,female,1,True,1,False,1,True,58.0,1,668c53947624a98ac5b03b80
364,True,race_white,1,1,yes,hisp_latin_spanish_no,purple,male,1,True,1,False,1,True,30.0,1,5ba8e2d9127ccd0001b2e3cd
365,True,race_black,1,1,yes,hisp_latin_spanish_no,purple,female,1,True,1,False,1,True,65.0,1,5ea749a62b0def12811bd452
366,True,race_white,1,1,yes,hisp_latin_spanish_no,purple,male,0,False,1,False,1,True,33.0,1,5e3064f14234ff063ebedcc6
367,True,race_white,1,1,yes,hisp_latin_spanish_no,purple,female,1,False,0,False,0,True,23.0,1,5f2df2c58df9de1511266128
368,True,race_white,1,1,yes,hisp_latin_spanish_no,purple,male,0,True,0,False,0,True,74.0,1,63cf56629f2d11b69446794c
369,True,race_white,1,1,yes,hisp_latin_spanish_no,purple,female,1,True,1,False,1,True,27.0,1,665d56116ed34ec4be8da4f2
370,True,race_white,1,1,yes,hisp_latin_spanish_no,purple,male,1,True,1,False,1,True,54.0,1,65173d4e2c14e2b3e0d3f5e0
371,True,race_white,1,1,yes,hisp_latin_spanish_no,purple,female,0,False,1,False,1,True,32.0,1,5fc17c03d0cabf16011a647b
372,True,race_white,1,1,yes,hisp_latin_spanish_no,purple,female,1,False,0,False,0,True,57.0,1,663ba3fdc11bf9fcf38072d6
373,True,race_white,1,1,yes,hisp_latin_spanish_no,purple,female,0,False,1,False,1,True,32.0,1,6162d7f2f4d650e7eec2e5b7
374,True,race_white,1,1,yes,hisp_latin_spanish_no,purple,male,0,False,1,False,1,True,32.0,1,5c64c326c2629c000143bf6f
375,True,race_white,1,1,yes,hisp_latin_spanish_no,purple,female,0,True,0,False,0,True,34.0,1,666a09bf7e21e0d346d2d675
376,True,race_white,1,1,yes,hisp_latin_spanish_no,purple,female,1,False,0,False,0,True,46.0,1,63eaa9f8f0637c961dcfc277
377,True,race_asian,1,1,yes,hisp_latin_spanish_no,Purple,male,1,False,1,True,0,True,37.0,1,668568bb50fdf898014285b7
378,True,race_white,1,1,yes,hisp_latin_spanish_no,purple,male,0,False,1,False,1,True,39.0,1,5ecee952cf9685302da68407
379,True,race_black,1,1,yes,hisp_latin_spanish_no,purple,female,1,True,1,False,1,True,21.0,1,66854b167b1107ea7eda0983
380,True,race_white,1,1,yes,hisp_latin_spanish_no,purple,female,1,True,1,False,1,True,22.0,1,60ff7e913a2ea98fff1d0cf3
381,True,race_white,1,1,yes,hisp_latin_spanish_no,purple,male,1,False,0,False,0,True,58.0,1,667ff3711e30726d16f919c7
382,True,race_asian,1,1,yes,hisp_latin_spanish_no,purple,male,1,True,1,False,1,True,27.0,1,63d98dcfa03c130e4599a907
383,True,race_white,1,1,yes,hisp_latin_spanish_no,purple,male,1,True,1,False,1,True,34.0,1,6333dafae0a6b172dd2bd2af
384,True,race_white,1,1,yes,hisp_latin_spanish_no,purple,female,0,False,1,False,1,True,46.0,1,65209f1964bd5784a6ab0ab7
385,True,race_asian,1,1,yes,hisp_latin_spanish_no,purple,male,0,True,0,False,0,True,27.0,1,5ee6706034f12e3d82d952aa
386,True,race_white,1,1,yes,hisp_latin_spanish_no,Purple,male,0,False,1,False,1,True,35.0,1,661d8dc1413fef9acd1dece4
387,True,race_white,1,1,yes,hisp_latin_spanish_no,purple,male,1,True,1,False,1,True,50.0,1,5b03081a7181980001f650b7
388,True,race_asian,1,1,yes,hisp_latin_spanish_no,purple,male,1,True,1,False,1,True,26.0,1,65d6af2397543519d98f2498
389,True,race_white,1,1,yes,hisp_latin_spanish_no,purple,female,0,True,1,True,0,True,28.0,1,611edc7240c940f33a5dd554
390,True,race_white,1,1,yes,hisp_latin_spanish_no,purple,male,1,True,1,False,1,True,37.0,1,56bd0347d4e218000ca87e53
391,True,race_white,1,1,yes,hisp_latin_spanish_no,purple,male,1,True,1,False,1,True,32.0,1,60c2cc653d0c6208fc8899fc
392,True,race_white,1,1,yes,hisp_latin_spanish_no,purple,male,1,True,1,False,1,True,34.0,1,5a4afdd835c9d50001fdd1c0
393,True,race_black,1,1,yes,hisp_latin_spanish_no,purple,female,1,False,0,False,0,True,35.0,1,66463df7a1a0caa5d1825307
394,True,race_white,1,1,yes,hisp_latin_spanish_no,purple,female,0,False,1,False,1,True,45.0,1,6413804ff5e65e48b68e18eb
395,True,race_white,1,1,yes,hisp_latin_spanish_no,purple,female,0,True,0,False,0,True,30.0,1,6643f7505817fd2a432998b0
396,True,race_asian,1,1,yes,hisp_latin_spanish_no,purple,female,0,True,0,False,0,True,27.0,1,65957a0a8401e536179508d8
397,True,race_white,1,1,yes,hisp_latin_spanish_no,purple,female,0,True,0,False,0,True,23.0,1,63d3ffda806de850e8b9ce7a
398,True,race_white,1,1,yes,hisp_latin_spanish_no,purple,female,0,False,1,False,1,True,49.0,1,5d0bb1874d659a0001391226
399,True,race_asian,1,1,yes,hisp_latin_spanish_no,purple ,male,0,True,0,True,0,True,30.0,1,661fee35973b5ff6fa3418ef
400,True,race_white,1,1,yes,hisp_latin_spanish_no,purple,female,0,False,1,False,1,True,50.0,1,5fd85c9f4bf0b61a395593c7
401,True,"race_asian, race_nhpi",1,1,yes,hisp_latin_spanish_no,purple,male,0,True,0,False,0,True,21.0,1,60444cd97d48924d0d4810ea
402,True,race_other,1,1,yes,hisp_latin_spanish_yes,purple,female,0,True,0,False,0,True,22.0,1,6100dd0240e57d5cb3908402
403,True,race_white,1,1,yes,hisp_latin_spanish_no,purple,female,0,True,0,False,0,True,54.0,1,65b03d20b65be128cf6147c0
404,True,race_black,1,1,yes,hisp_latin_spanish_no,purple,male,1,False,0,False,0,True,37.0,1,60530658ffdc68657fbfea98
405,True,race_white,1,1,yes,hisp_latin_spanish_no,purple,male,0,True,0,False,0,True,35.0,1,5efe44bebdee09152fe08acc
406,True,race_white,1,1,yes,hisp_latin_spanish_no,purple,female,0,True,0,False,0,True,48.0,1,657e566d69ad088a0cdfc1a9
407,True,race_white,1,1,yes,hisp_latin_spanish_no,purple,female,1,True,1,False,1,True,43.0,1,60d7d5dc074e8bc367732eb6
408,True,race_white,1,1,yes,hisp_latin_spanish_no,purple,female,1,False,0,False,0,True,24.0,1,659c219946c47d37869e1304
409,True,race_white,1,1,yes,hisp_latin_spanish_yes,purple,female,0,True,0,False,0,True,46.0,1,652d7b1e3b3bbcbeecac8e1b
410,True,race_black,1,1,yes,hisp_latin_spanish_no,purple,female,1,False,0,False,0,True,21.0,1,65981cfbdcfd984e31911ac0
411,True,race_black,1,1,yes,hisp_latin_spanish_no,purple,male,1,True,1,False,1,True,23.0,1,65e5ca329e84004b48f76a35
412,True,race_white,1,1,yes,hisp_latin_spanish_yes,purple,male,1,True,1,False,1,True,23.0,1,657cc1ccc372fc150e31af02
413,True,race_white,1,1,yes,hisp_latin_spanish_no,purple,female,0,True,0,False,0,True,31.0,1,60a1e1f4a3707c983a98f185
414,True,race_white,1,1,yes,hisp_latin_spanish_no,purple,female,0,True,0,False,0,True,24.0,1,668c20c6f426060f7c23c522
415,True,race_white,1,1,yes,hisp_latin_spanish_no,purple,female,1,False,0,False,0,True,58.0,1,65d0dc6985847fefbc1008f3
416,True,race_asian,1,1,yes,hisp_latin_spanish_no,purple,male,1,True,1,False,1,True,,1,5c5bc72c9d974300015d8bc2
417,True,"race_black, race_white",1,1,yes,hisp_latin_spanish_no,purple,female,0,True,0,False,0,True,39.0,1,6662101e570836b974b9ed9c
418,True,race_white,1,1,yes,hisp_latin_spanish_no,Purple,female,0,True,0,False,0,True,23.0,1,6119f012dc7f0acdb4400d42
419,True,race_white,1,1,yes,hisp_latin_spanish_no,purple,female,0,True,0,False,0,True,35.0,1,66897de53fb1e91cadb63a78
420,True,race_black,1,1,yes,hisp_latin_spanish_no,purple,female,0,True,0,False,0,True,40.0,1,66316b4b802e74063ca89b76
421,True,race_white,1,1,yes,hisp_latin_spanish_yes,purple,female,0,True,0,False,0,True,35.0,1,60ba36a23cc2c56419ae0f1e
422,True,race_black,1,1,yes,hisp_latin_spanish_no,purple,female,1,True,1,False,1,True,33.0,1,5b4a1351645156000125e101
423,True,race_white,1,1,yes,hisp_latin_spanish_no,purple,female,1,True,1,False,1,True,45.0,1,6684d104ad6facc374fd69ea
424,True,"race_asian, race_white",1,1,yes,hisp_latin_spanish_no,purple,male,1,True,1,False,1,True,35.0,1,662c11fba839a613dbc656e5
425,True,race_white,1,1,yes,hisp_latin_spanish_no,purple,female,0,True,0,False,0,True,24.0,1,5cfc10cc45e1a20018883d12
426,True,race_asian,1,1,yes,hisp_latin_spanish_no,Purple,male,1,True,1,False,1,True,27.0,1,5b3462e4532e3d00018e6f91
427,True,race_black,1,1,yes,hisp_latin_spanish_no,purple,male,0,True,0,False,0,True,24.0,1,6689ad915d486bf277cfb7ee
428,True,race_black,1,1,yes,hisp_latin_spanish_no,purple,female,0,True,0,False,0,True,20.0,1,65957124cc4b977ef5680439
429,True,race_white,1,1,yes,hisp_latin_spanish_no,purple,male,0,True,0,False,0,True,29.0,1,63f7e1d8428bf380e7a73f6e
430,True,race_white,1,1,yes,hisp_latin_spanish_no,purple,male,0,True,0,False,0,True,31.0,1,63d3f99561f302545f30279f
431,True,race_white,1,1,yes,hisp_latin_spanish_no,purple,female,1,False,0,False,0,True,34.0,1,58be00191c81f30001446c31
432,True,race_white,1,1,yes,hisp_latin_spanish_no,purple,female,1,True,1,False,1,True,29.0,1,6684a041fab730aec2c2c637
433,True,race_white,1,1,yes,hisp_latin_spanish_no,purple,,1,True,1,False,1,True,23.0,1,63e51c0c03df69ec24b49c9c
434,True,race_asian,1,1,yes,hisp_latin_spanish_no,purple,female,0,True,0,False,0,True,30.0,1,627abdafed7edf12faf2e852
435,True,race_white,1,1,yes,,purple,male,0,True,0,False,0,True,26.0,1,6687810f74531e4a19757cc2
436,True,race_other,1,1,yes,hisp_latin_spanish_yes,purple,female,1,True,1,False,1,True,24.0,1,6521ba806f0db4276d1ded51
437,True,race_aian,1,1,yes,hisp_latin_spanish_yes,purple,male,1,True,1,False,1,True,52.0,1,66883c420b56b6f0a0a3c962
438,True,race_white,1,1,yes,hisp_latin_spanish_no,purple,male,0,True,0,False,0,True,38.0,1,63614d7ed7516f2df577dd64
439,True,race_white,1,1,yes,hisp_latin_spanish_no,purple,female,0,False,1,False,1,True,56.0,1,5dd35813794e103649612ffd
440,True,race_black,1,1,yes,hisp_latin_spanish_no,purple,male,1,True,1,False,1,True,29.0,1,61661dec77159e55bcf7de64
441,True,race_white,1,1,yes,hisp_latin_spanish_no,purple ,female,0,True,0,True,0,True,44.0,1,599f9fc68d2b1600011b3e0e
442,True,race_white,1,1,yes,hisp_latin_spanish_no,purple,male,1,True,1,False,1,True,31.0,1,62f28c9da2b1b5ee885e184f
443,True,,1,1,yes,,purple,,0,True,0,False,0,True,22.0,1,654b9e831d0ebc88eb160a82
444,True,race_white,1,1,yes,hisp_latin_spanish_no,purple,male,0,False,2,True,1,True,38.0,1,630caf1e86e49cd599f4b53a
445,True,race_other,1,1,yes,hisp_latin_spanish_yes,purple,female,0,True,0,False,0,True,52.0,1,5b06d013732c5d000154dbf8
446,True,race_black,1,1,yes,hisp_latin_spanish_no,purple,female,0,True,0,False,0,True,66.0,1,66635bba3a9f49a2dd23cac3
447,True,race_aian,1,1,yes,hisp_latin_spanish_no,purple,male,0,True,0,False,0,True,58.0,1,614ffc776c7e2b3125e6604f
448,True,,1,1,yes,,purple,,0,True,0,False,0,True,,1,5a95976f1ade740001b8cb2b
449,True,race_asian,1,1,yes,hisp_latin_spanish_no,purple,male,0,True,0,False,0,True,19.0,1,660d531c5fc865f27c52866d
450,True,race_white,1,1,yes,hisp_latin_spanish_no,purple,female,1,True,1,False,1,True,30.0,1,660447a5444b8f697a562b6f
451,True,"race_black, race_white",1,1,yes,hisp_latin_spanish_no,purple,male,0,True,0,False,0,True,25.0,1,66837985e170f597107c4210
452,True,"race_black, race_white",1,1,yes,hisp_latin_spanish_no,purple,male,0,True,0,False,0,True,32.0,1,5da4813cfc4fb10016e5c6a1
453,True,race_other,1,1,yes,hisp_latin_spanish_yes,Purple,female,1,True,1,False,1,True,41.0,1,668be823dca276f7da906b9e
454,True,race_asian,1,1,yes,hisp_latin_spanish_no,purple,male,1,True,1,False,1,True,30.0,1,650b048d6ab3d4c832d98bed
455,True,race_white,1,1,yes,hisp_latin_spanish_no,purple,female,1,True,1,False,1,True,22.0,1,63162bda14b96736b08a554d
456,True,race_white,1,1,yes,hisp_latin_spanish_yes,purple,female,1,False,0,False,0,True,24.0,1,5b393581c49ecb00010a6693
457,True,race_white,1,1,yes,hisp_latin_spanish_no,purple,male,0,False,1,False,1,True,38.0,1,58a5d58bb2a7180001f061d4
458,True,race_white,1,1,yes,hisp_latin_spanish_no,purple,female,0,True,1,True,0,True,34.0,1,6643b65c37584677e0d2555e
459,True,race_black,1,1,yes,hisp_latin_spanish_no,purple,female,1,True,1,False,1,True,47.0,1,66859215f2aa2a8ca051fb70
460,True,race_black,1,1,yes,hisp_latin_spanish_no,purple,male,0,True,0,False,0,True,25.0,1,642e10f11d857b6e6bf20522
461,True,race_white,1,1,yes,hisp_latin_spanish_no,purple,female,0,False,1,False,1,True,59.0,1,6685cf2e1b152354d80496b6
462,True,race_white,1,1,yes,hisp_latin_spanish_yes,purple,female,0,False,1,False,1,True,31.0,1,6616f11d4450ee2b178e62b9
463,True,race_white,1,1,yes,hisp_latin_spanish_no,purple,male,1,True,1,False,1,True,35.0,1,6400d95ce46ca5e724b1cc5d
464,True,race_white,1,1,yes,hisp_latin_spanish_no,purple,female,0,False,1,False,1,True,58.0,1,60077125fc17d127d5dbdedf
465,True,race_white,1,1,yes,hisp_latin_spanish_no,purple,female,1,False,0,False,0,True,25.0,1,668beeeac6158723009d2b8a
466,True,race_white,1,1,yes,hisp_latin_spanish_yes,purple,female,1,True,1,False,1,True,51.0,1,66045483fe58acb824657f0f
467,True,race_white,1,1,yes,hisp_latin_spanish_no,purple,female,1,True,1,False,1,True,51.0,1,6679a0be36bb0c3801998d59
468,True,race_white,1,1,yes,hisp_latin_spanish_no,purple,female,1,True,1,False,1,True,23.0,1,6167243b51528c1438702b60
469,True,race_white,1,1,yes,hisp_latin_spanish_no,purple,male,0,True,0,False,0,True,36.0,1,5b11882a2f283900014b184b
470,True,race_white,1,1,yes,hisp_latin_spanish_no,purple,female,1,True,1,False,1,True,21.0,1,6662e322ca94837573efd737
471,True,race_black,1,1,yes,hisp_latin_spanish_no, purple,male,1,True,1,True,1,True,38.0,1,6682c1e45bc50c5a21741609
472,True,race_black,1,1,yes,hisp_latin_spanish_no,purple,female,1,False,0,False,0,True,29.0,1,65999a30a97e20e20316eb03
473,True,race_white,1,1,yes,hisp_latin_spanish_no,purple,female,0,False,1,False,1,True,36.0,1,66744d50fe240752d41fdb9b
474,True,race_white,1,1,yes,hisp_latin_spanish_no,purple,male,0,True,0,False,0,True,35.0,1,5e648efca8c76520c918bb31
475,True,"race_aian, race_black, race_white",1,1,yes,hisp_latin_spanish_no,purple,male,1,True,1,False,1,True,45.0,1,657717840752cc0adab97940
476,True,race_white,1,1,yes,hisp_latin_spanish_no,purple,male,1,True,1,False,1,True,24.0,1,5b7d94399ba83e0001adf3b2
477,True,race_white,1,1,yes,hisp_latin_spanish_no,purple,male,1,True,1,False,1,True,19.0,1,6679d6152d347ec2d42acab1
478,True,race_white,1,1,yes,hisp_latin_spanish_no,purple,male,1,True,1,False,1,True,39.0,1,6019f3085362081f007bc83f
479,True,race_white,1,1,yes,hisp_latin_spanish_no,purple,male,1,True,1,False,1,True,39.0,1,5de8689fa63c7b7e1d62be9b
480,True,race_white,1,1,yes,hisp_latin_spanish_no,purple,female,0,True,0,False,0,True,24.0,1,5fec16300479d788a935f041
481,True,race_white,1,1,yes,hisp_latin_spanish_no,purple,male,0,True,0,False,0,True,26.0,1,6669f20c5758b72046e3b44c
482,True,race_white,1,1,yes,hisp_latin_spanish_no,purple,female,0,True,0,False,0,True,40.0,1,5b53e95f4bbe600001465c18
483,True,,1,1,yes,hisp_latin_spanish_no,purple,female,1,True,1,False,1,True,35.0,1,65c14286144370ab3f4db173
484,True,race_white,1,1,yes,hisp_latin_spanish_no,purple,female,0,True,0,False,0,True,43.0,1,6640bf502fe5d2acae319ed6
485,True,race_white,1,1,yes,hisp_latin_spanish_no,purple,female,0,True,0,False,0,True,23.0,1,667e006f4bfb9ea4c3e01d8f
486,True,race_asian,1,1,yes,hisp_latin_spanish_no,purple,female,0,True,0,False,0,True,23.0,1,65cd09e8726a6cccf708ff25
487,True,race_white,1,1,yes,hisp_latin_spanish_no,purple,female,0,True,0,False,0,True,22.0,1,5f1effba0d1bdb07fc88147d
488,True,race_white,1,1,yes,hisp_latin_spanish_no,purple,female,0,True,0,False,0,True,69.0,1,610dd74ebf5c4e1977a3e54e
489,True,"race_aian, race_white",1,1,yes,hisp_latin_spanish_no,purple,male,0,True,0,False,0,True,27.0,1,663b810a9d37219004ad9fbd
490,True,race_white,1,1,yes,hisp_latin_spanish_no,purple,female,1,True,1,False,1,True,36.0,1,586935b7e16d530001b34787
491,True,race_white,1,1,yes,hisp_latin_spanish_no,purple,male,0,True,0,False,0,True,32.0,1,663e6886560711812fc5d6bc
492,True,race_white,1,1,yes,hisp_latin_spanish_no,Purple,female,1,False,0,False,0,True,53.0,1,668a0371be5eedd5c545e1ff
493,True,race_asian,1,1,yes,hisp_latin_spanish_no,purple,female,1,True,1,False,1,True,54.0,1,63d40219337fe37c8de6582f
494,True,race_white,1,1,yes,hisp_latin_spanish_no,purple,male,0,False,1,False,1,True,36.0,1,615a6547ea7e7f28349aac11
495,True,race_white,1,1,yes,hisp_latin_spanish_no,purple,female,0,True,0,False,0,True,38.0,1,5938e042e9b44100013ae891
496,True,race_white,1,1,yes,hisp_latin_spanish_no,Purple,male,1,True,1,False,1,True,36.0,1,6662a6ef7cf85ee3718aa604
497,True,race_white,1,1,yes,hisp_latin_spanish_no,purple,male,0,False,1,False,1,True,30.0,1,5f5c4b9c062e0f43a15ed050
498,True,race_white,1,1,yes,hisp_latin_spanish_no,purple,male,1,True,1,False,1,True,44.0,1,65c8d376936d1e6b58b5d9a9
499,True,race_white,1,1,yes,hisp_latin_spanish_yes,purple,,1,True,1,False,1,True,31.0,1,6501f64fbe9a0a65bd5f7891
500,True,race_white,1,1,yes,hisp_latin_spanish_no,purple,female,0,True,0,False,0,True,26.0,1,6010e0dab98c814912076b27
501,True,race_asian,1,1,yes,hisp_latin_spanish_no,purple,female,0,True,0,False,0,True,18.0,1,65ad689ae4df3485b9694174
502,True,race_white,1,1,yes,hisp_latin_spanish_no,purple,male,0,True,0,False,0,True,62.0,1,5d34de398f657e00150dd0d5
503,True,race_white,1,1,yes,hisp_latin_spanish_yes,purple,female,0,False,1,False,1,True,37.0,1,65714a2185b7c4c7ee00ddcd
504,True,race_white,1,1,yes,hisp_latin_spanish_yes,purple,female,1,True,1,False,1,True,26.0,1,60c12c0450fc37e8e2fd0e99
505,True,race_white,1,1,yes,hisp_latin_spanish_no,purple,female,0,True,0,False,0,True,22.0,1,664603ec1746aef92572b031
506,True,race_white,1,1,yes,hisp_latin_spanish_no,Purple,female,1,True,1,False,1,True,41.0,1,66847b6973cb2d84e1f253b8
507,True,race_white,1,1,yes,hisp_latin_spanish_no,purple,male,1,True,1,False,1,True,77.0,1,5b79bd77c4e6ad0001d2f312
508,True,race_black,1,1,yes,hisp_latin_spanish_no,purple,male,0,True,0,False,0,True,27.0,1,6685b585168c302d6bf73966
509,True,race_white,1,1,yes,hisp_latin_spanish_no,purple,female,0,True,0,False,0,True,63.0,1,65e1e4d597d4ce849347371c
510,True,race_black,1,1,yes,hisp_latin_spanish_no,purple,male,1,True,1,False,1,True,37.0,1,6667b5198073abc1cd0e70d9
511,True,race_asian,1,1,yes,hisp_latin_spanish_no,purple,female,1,True,1,False,1,True,31.0,1,655fe8e37ede6fae3cc26d70
512,True,race_white,1,1,yes,hisp_latin_spanish_no,purple,male,1,True,1,False,1,True,33.0,1,5cf7df5a8e098100184cbf43
513,True,race_white,1,1,yes,hisp_latin_spanish_no,purple,male,0,True,0,False,0,True,38.0,1,66884d036c4d24aaba02c702
514,True,race_white,1,1,yes,hisp_latin_spanish_no,purple,female,1,True,1,False,1,True,27.0,1,664a50b7fedc7942c562b82c
515,True,race_white,1,1,yes,hisp_latin_spanish_no,purple,female,1,True,1,False,1,True,40.0,1,651b1eb597d19205a5069db5
516,True,race_white,1,1,yes,hisp_latin_spanish_no,purple,female,0,True,0,False,0,True,25.0,1,663ee8b8c999fbeecc11e2d3
517,True,race_white,1,1,yes,hisp_latin_spanish_no,purple,female,1,True,1,False,1,True,36.0,1,6638fadbace1dbaeac69128f
518,True,race_other,1,1,yes,hisp_latin_spanish_yes,purple,female,1,False,0,False,0,True,24.0,1,5f8b3c348183d30f91832a2b
519,True,race_white,1,1,yes,hisp_latin_spanish_no,purple,female,0,True,0,False,0,True,52.0,1,63ecf8c3796bf9efcf715050
520,True,race_other,1,1,yes,hisp_latin_spanish_yes,purple,male,0,True,0,False,0,True,24.0,1,668c25e4bd5465238a9d536f
521,True,race_asian,1,1,yes,hisp_latin_spanish_no,purple,female,1,False,0,False,0,True,51.0,1,5d0bc7dec89042000173c1fb
522,True,race_white,1,1,yes,hisp_latin_spanish_no,purple,male,0,True,0,False,0,True,50.0,1,5ae8d6d79b283d00017ed289
523,True,race_black,1,1,yes,hisp_latin_spanish_no,purple,female,1,False,0,False,0,True,40.0,1,5a2111b5bf56cc000176feb5
524,True,race_white,1,1,yes,hisp_latin_spanish_no,purple,female,1,True,1,False,1,True,36.0,1,5610c4ea7ffc8a0005811504
525,True,race_asian,1,1,yes,hisp_latin_spanish_no,purple,male,1,False,0,False,0,True,22.0,1,611ee12b0e9abaefd865f415
526,True,race_white,1,1,yes,hisp_latin_spanish_no,purple,female,1,False,0,False,0,True,35.0,1,664d0f2d8f53d4a917231349
527,True,race_asian,1,1,yes,hisp_latin_spanish_no,purple,male,1,False,2,True,0,True,38.0,1,597761dfd5ddf60001d14b20
528,True,race_white,1,1,yes,hisp_latin_spanish_no,purple,female,1,True,1,False,1,True,31.0,1,5b0029933c08a1000156662c
529,True,race_white,1,1,yes,hisp_latin_spanish_no,purple,female,0,True,0,False,0,True,42.0,1,668aaa71dd2605a617d7fa7c
530,True,race_white,1,1,yes,hisp_latin_spanish_yes,purple,male,1,True,1,False,1,True,30.0,1,63ea4e73fda09b137722e82c
531,True,race_white,1,1,yes,hisp_latin_spanish_yes,purple,male,0,False,1,False,1,True,23.0,1,5d206e075278fa001848134d
532,True,race_white,1,1,yes,hisp_latin_spanish_no,purple,male,1,True,1,False,1,True,39.0,1,5e04f438afb8b0f5afa75f08
533,True,race_white,1,1,yes,hisp_latin_spanish_no,purple,female,1,True,1,False,1,True,48.0,1,662c28982dadca79ef58b53d
534,True,race_white,1,1,yes,hisp_latin_spanish_no,purple,female,0,True,0,False,0,True,45.0,1,65c6cf8f5d202dbf6f0aa11e
535,True,race_white,1,1,yes,hisp_latin_spanish_yes,purple,female,0,False,1,False,1,True,24.0,1,666146899bfce8e558c6dae4
536,True,race_black,1,1,yes,hisp_latin_spanish_no,purple,female,0,True,0,False,0,True,42.0,1,663d7041b5f2249454e3eb09
537,True,race_white,1,1,yes,hisp_latin_spanish_no,purple,female,0,True,0,False,0,True,45.0,1,60e1e2e5bf8cfa6e08a411cb
538,True,race_white,1,1,yes,hisp_latin_spanish_no,purple,male,1,True,1,False,1,True,28.0,1,5b121d05c85dc40001621bc6
539,True,race_white,1,1,yes,hisp_latin_spanish_no,purple,female,1,True,1,False,1,True,32.0,1,663a634c699be44f4c4dd4e7
540,True,race_white,1,1,yes,hisp_latin_spanish_no,purple,female,0,False,1,False,1,True,84.0,1,58d7896b4240e5000118f705
541,True,race_white,1,1,yes,hisp_latin_spanish_no,purple,female,1,False,0,False,0,True,43.0,1,56caf7b564c068000c4d798a
542,True,race_black,1,1,yes,hisp_latin_spanish_no,purple,female,0,True,0,False,0,True,30.0,1,5da91247b601ff0012baa8b1
543,True,race_white,1,1,yes,hisp_latin_spanish_no,purple,female,1,True,1,False,1,True,25.0,1,63d17afba0c70e3022979692
544,True,race_aian,1,1,yes,hisp_latin_spanish_no,purple,male,1,True,1,False,1,True,34.0,1,63274987674e97e2e55467f0
545,True,race_white,1,1,yes,hisp_latin_spanish_no,purple,female,1,True,1,False,1,True,22.0,1,663056412599fb40c4396914
546,True,race_white,1,1,yes,hisp_latin_spanish_no,Purple,male,0,False,1,False,1,True,65.0,1,6564f9246a238173b2ab30a2
547,True,race_white,1,1,yes,hisp_latin_spanish_yes,purple,female,1,True,1,False,1,True,23.0,1,6172fac257895f125f72bdf8
548,True,race_black,1,1,yes,hisp_latin_spanish_no,purple,female,0,True,0,False,0,True,48.0,1,5c4c7a1a9446be00017e6b4a
549,True,race_white,1,1,yes,hisp_latin_spanish_no,purple,male,1,True,1,False,1,True,25.0,1,663f12d76baaa647c24bd1c8
550,True,"race_black, race_white",1,1,yes,hisp_latin_spanish_no,purple,male,1,False,0,False,0,True,40.0,1,568e7144e3ef9e000da20149
551,True,race_white,1,1,yes,hisp_latin_spanish_no,purple,female,1,True,1,False,1,True,57.0,1,64ea292478e6214a440badae
552,True,race_black,1,1,yes,hisp_latin_spanish_no,purple,female,0,False,1,False,1,True,43.0,1,65fb35ee38c24ea27c017846
553,True,race_white,1,1,yes,hisp_latin_spanish_no,purple,female,1,True,1,False,1,True,37.0,1,5b707a406f0ed10001bfb973
554,True,race_white,1,1,yes,hisp_latin_spanish_yes,purple,female,0,True,0,False,0,True,28.0,1,5e555e3152f93b5508f5bc16
555,True,race_white,1,1,yes,hisp_latin_spanish_no,purple,female,0,True,0,False,0,True,43.0,1,5d29346269a747001acdb205
556,True,race_white,1,1,yes,hisp_latin_spanish_no,purple ,male,0,True,0,True,0,True,57.0,1,5753046ba6deb50006d64b0f
557,True,race_asian,1,1,yes,hisp_latin_spanish_no,purple,,0,False,1,False,1,True,30.0,1,6087ee3e8df094dc6dd69e8e
558,True,race_white,1,1,yes,hisp_latin_spanish_no,purple,female,0,True,0,False,0,True,23.0,1,662e72e6f7553f35a0197fb5
559,True,race_black,1,1,yes,hisp_latin_spanish_no,purple,female,1,True,1,False,1,True,51.0,1,646ff97937530e7cfc34ae2e
560,True,race_white,1,1,yes,hisp_latin_spanish_no,purple,female,1,True,1,False,1,True,22.0,1,5ddc898a41fb3fbef8f00b91
561,True,race_other,1,1,yes,hisp_latin_spanish_yes,purple,female,1,False,0,False,0,True,19.0,1,5e443c4db923be2c783ef3c4
562,True,race_white,1,1,yes,hisp_latin_spanish_no,Purple,male,0,True,0,False,0,True,61.0,1,5e120ac3ac9e168a3f6ded71
563,True,race_white,1,1,yes,hisp_latin_spanish_yes,Purple,female,0,True,0,False,0,True,23.0,1,668b125f5253fe2c98f85488
564,True,race_white,1,1,yes,hisp_latin_spanish_no,purple,female,1,True,1,False,1,True,20.0,1,667c3ff6cf1e7403ee07d955
565,True,race_white,1,1,yes,hisp_latin_spanish_no,purple,female,0,False,1,False,1,True,29.0,1,663e5383e28c5d230eddf2b8
566,True,race_nhpi,1,1,yes,hisp_latin_spanish_yes,purple,male,1,True,1,False,1,True,21.0,1,64401360c45f52531fde4aa6
567,True,race_white,1,1,yes,hisp_latin_spanish_yes,purple,female,0,True,0,False,0,True,23.0,1,668b32f05a8cef5c52bb1419
568,True,race_white,1,1,yes,hisp_latin_spanish_no,Purple,female,1,True,1,False,1,True,30.0,1,665e299ae07116340f552257
569,True,race_white,1,1,yes,hisp_latin_spanish_no,purple,male,0,True,0,False,0,True,20.0,1,6536cbd19d95f5d738d7bbb7
570,True,race_white,1,1,yes,hisp_latin_spanish_no,purple,female,1,False,0,False,0,True,53.0,1,63fc00a210518ac818a9c529
571,True,race_white,1,1,yes,hisp_latin_spanish_no,purple,female,1,True,1,False,1,True,41.0,1,6629478714a10d5943cd17d7
572,True,race_white,1,1,yes,hisp_latin_spanish_no,purple,female,0,True,0,False,0,True,32.0,1,65dea81dba3afe3ebe273ca7
573,True,race_white,1,1,yes,hisp_latin_spanish_no,purple,female,0,True,0,False,0,True,27.0,1,5a78f57a2a842c0001fc43db
574,True,race_white,1,1,yes,hisp_latin_spanish_no,purple,female,0,True,0,False,0,True,52.0,1,6486aa634b94f1dd568fd487
575,True,race_white,1,1,yes,hisp_latin_spanish_no,purple,female,1,True,1,False,1,True,26.0,1,668265e5f8d4c349bef71b63
576,True,race_white,1,1,yes,hisp_latin_spanish_no,purple,male,1,True,1,False,1,True,37.0,1,5f963718a844b719781e9e85
577,True,race_black,1,1,yes,hisp_latin_spanish_no,purple,female,1,True,1,False,1,True,45.0,1,5f481a825080c619ea3709b0
578,True,race_black,1,1,yes,hisp_latin_spanish_no,Purple,male,1,True,0,True,1,True,24.0,1,66873d51e9b26dd6f8d937f7
579,True,race_black,1,1,yes,hisp_latin_spanish_no,purple,male,1,True,1,False,1,True,38.0,1,667eb4d13b14cd8a769847f2
580,True,race_black,1,1,yes,hisp_latin_spanish_no,purple,female,1,False,0,False,0,True,27.0,1,6166c0eb123b6e8b34628249
581,True,race_white,1,1,yes,hisp_latin_spanish_yes,purple,male,1,True,1,False,1,True,27.0,1,5e52e8aef5526a2ff032b0c4
582,True,race_black,1,1,yes,hisp_latin_spanish_no,purple,female,0,False,1,False,1,True,26.0,1,668aee25a0f86915fe5e63a6
583,True,race_white,1,1,yes,hisp_latin_spanish_no,purple,male,0,True,0,False,0,True,48.0,1,650065e0f3202d7bba91e031
584,True,race_asian,1,1,yes,hisp_latin_spanish_no,purple,male,1,True,1,False,1,True,35.0,1,5c8074e50faa2f0016070afa
585,True,race_asian,1,1,yes,hisp_latin_spanish_no,purple,male,1,True,1,False,1,True,30.0,1,66784ab4ce23ec5aaeafb4d9
586,True,race_white,1,1,yes,hisp_latin_spanish_no,purple,female,0,False,1,False,1,True,41.0,1,659fff4087038351f6e42a45
587,True,race_asian,1,1,yes,hisp_latin_spanish_no,purple,female,0,True,0,False,0,True,22.0,1,667ae0edebba5b9785a2a884
588,True,race_white,1,1,yes,hisp_latin_spanish_no,purple,male,1,True,1,False,1,True,47.0,1,58472149000f1000010ebc53
589,True,race_white,1,1,yes,hisp_latin_spanish_no,purple,male,1,True,1,False,1,True,31.0,1,631a86423e963504fd64b7d4
590,True,race_white,1,1,yes,hisp_latin_spanish_no,purple,male,0,True,0,False,0,True,53.0,1,667dd22318a6ee8d3c7ce403
591,True,race_white,1,1,yes,hisp_latin_spanish_yes,Purple ,male,0,False,0,True,1,True,48.0,1,666866731e8fe6e1344cb0f4
592,True,race_white,1,1,yes,hisp_latin_spanish_no,purple,male,0,True,0,False,0,True,29.0,1,5e5080883771350caf2d9fda
593,True,"race_aian, race_black, race_white",1,1,yes,hisp_latin_spanish_yes,purple,female,1,True,1,False,1,True,39.0,1,6631d770e613584c0d5cfdba
594,True,race_white,1,1,yes,hisp_latin_spanish_yes,purple,male,0,True,0,False,0,True,30.0,1,626f66da6044100d5c238a8c
595,True,race_white,1,1,yes,hisp_latin_spanish_no,purple,male,0,True,0,False,0,True,68.0,1,6660d1e05de8825706ee0664
596,True,race_asian,1,1,yes,hisp_latin_spanish_no,purple,female,1,True,1,False,1,True,22.0,1,66709bdd875264ed57d1d15b
597,True,race_other,1,1,yes,hisp_latin_spanish_yes,purple,female,1,True,1,False,1,True,51.0,1,63f57759284ce2f495e4442d
598,True,race_white,1,1,yes,hisp_latin_spanish_no,Purple,male,0,True,0,False,0,True,20.0,1,66328fe9e8a976c326ab19e1
599,True,race_black,1,1,yes,hisp_latin_spanish_no,purple,female,1,True,1,False,1,True,21.0,1,66786066db3d566d802caa3d
600,True,race_white,1,1,yes,hisp_latin_spanish_no,purple,female,0,True,0,False,0,True,56.0,1,6633b81d422c9c1335e554b3
601,True,race_asian,1,1,yes,hisp_latin_spanish_no,purple,male,0,True,0,False,0,True,27.0,1,6659f53e7630dc2ff040c157
602,True,race_white,1,1,yes,hisp_latin_spanish_no,purple,male,1,True,1,False,1,True,23.0,1,66886f0209ea0b87ff9b33b3
603,True,race_white,1,1,yes,hisp_latin_spanish_no,purple,female,0,True,0,False,0,True,45.0,1,609aaf17095901cfa11e2680
604,True,race_white,1,1,yes,hisp_latin_spanish_no,Purple,female,1,True,1,False,1,True,73.0,1,5f6787c9a3217b3911fc13f1
605,True,"race_asian, race_white",1,1,yes,hisp_latin_spanish_no,purple,female,1,True,1,False,1,True,42.0,1,66316ef9449be347292db0ff
606,True,race_asian,1,1,yes,hisp_latin_spanish_no,purple,female,0,True,0,False,0,True,27.0,1,66055bf2c379ded7953cc55b
607,True,race_white,1,1,yes,hisp_latin_spanish_no,purple,male,1,True,1,False,1,True,64.0,1,606734f4935218ab9f94703c
608,True,race_asian,1,1,yes,hisp_latin_spanish_no,purple,male,0,True,0,False,0,True,29.0,1,62b10d376cda94ec0cd6c1e3
609,True,race_white,1,1,yes,hisp_latin_spanish_no,purple,female,0,False,1,False,1,True,22.0,1,6679b6ebe9328da5c479ebe4
610,True,race_white,1,1,yes,hisp_latin_spanish_yes,purple,female,1,True,1,False,1,True,47.0,1,668491728f516acb43f77a86
611,True,race_white,1,1,yes,hisp_latin_spanish_no,purple,female,1,False,0,False,0,True,26.0,1,6679e84f3f855ba978447ed8
612,True,race_white,1,1,yes,hisp_latin_spanish_no,purple,female,1,False,0,False,0,True,43.0,1,5c40134b1580e900012320ab
613,True,race_black,1,1,yes,hisp_latin_spanish_no,purple,male,0,False,1,False,1,True,32.0,1,6344bee5162a79b88400ec7c
614,True,race_white,1,1,yes,hisp_latin_spanish_no,purple,male,1,False,0,False,0,True,26.0,1,668554a8fcfff6f0505d4b66
615,True,race_white,1,1,yes,hisp_latin_spanish_no,purple,female,0,True,0,False,0,True,35.0,1,5d9b611982c604001891ab3a
616,True,race_white,1,1,yes,hisp_latin_spanish_no,purple,male,0,True,0,False,0,True,55.0,1,651af0ff9daafbdbe552947f
617,True,race_white,1,1,yes,hisp_latin_spanish_yes,purple,male,0,True,0,False,0,True,37.0,1,5fa85cd2cb1c0a6c449aab1e
618,True,race_white,1,1,yes,hisp_latin_spanish_no,purple,female,0,True,0,False,0,True,28.0,1,61007a53684dd526e954a363
619,True,race_black,1,1,yes,hisp_latin_spanish_no,purple ,female,1,True,1,True,1,True,19.0,1,66849d35580ba70444977957
620,True,race_white,1,1,yes,hisp_latin_spanish_no,purple,male,0,True,0,False,0,True,39.0,1,663a7caa096d15c1fd86c456
621,True,race_white,1,1,yes,hisp_latin_spanish_no,purple,male,1,True,1,False,1,True,33.0,1,5c7f27279ab99a00164b7e53
622,True,race_white,1,1,yes,hisp_latin_spanish_no,purple,male,0,True,0,False,0,True,48.0,1,5efe5679c3d6bf16d5af6ba6
623,True,"race_aian, race_white",1,1,yes,hisp_latin_spanish_yes,purple,male,0,True,0,False,0,True,41.0,1,576704bffdff7a0001c12890
624,True,race_white,1,1,yes,hisp_latin_spanish_no,purple,female,1,True,1,False,1,True,40.0,1,663386a2799625050a99c58c
625,True,race_white,1,1,yes,hisp_latin_spanish_no,Purple,female,1,True,1,False,1,True,56.0,1,661fc408bddbf46d67ac657a
626,True,race_white,1,1,yes,hisp_latin_spanish_yes,purple,male,1,False,0,False,0,True,44.0,1,66106426fc5e2e2bccfb8c60
627,True,race_white,1,1,yes,hisp_latin_spanish_no,purple,female,1,True,1,False,1,True,58.0,1,5c0fdcfd3481220001de3039
628,True,race_white,1,1,yes,hisp_latin_spanish_yes,purple,male,0,False,1,False,1,True,35.0,1,667e2bfb491902955a2b4012
629,True,race_white,1,1,yes,hisp_latin_spanish_no,purple,male,0,False,1,False,1,True,64.0,1,5f37f046d1a0bd2af1cb0ce6
630,True,race_white,1,1,yes,hisp_latin_spanish_no,purple,male,0,True,0,False,0,True,35.0,1,63ced19b7422296653437e30
631,True,"race_aian, race_white",1,1,yes,hisp_latin_spanish_no,purple,female,0,True,0,False,0,True,50.0,1,66058651f9c5fb6a8dba7633
632,True,race_black,1,1,yes,hisp_latin_spanish_no,purple,male,0,False,1,False,1,True,41.0,1,61fa92915719bc09cb834a85
633,True,race_white,1,1,yes,hisp_latin_spanish_no,purple,female,1,False,1,True,0,True,53.0,1,63cefa3fb206efc525de69a9
634,True,race_white,1,1,yes,hisp_latin_spanish_no,purple,female,0,True,0,False,0,True,30.0,1,65f0e934012e6bc5f0ac6a17
635,True,race_white,1,1,yes,hisp_latin_spanish_no,purple,,0,False,1,False,1,True,30.0,1,6107ae1b4c627841741dd5e8
636,True,race_white,1,1,yes,hisp_latin_spanish_no,purple,female,1,False,0,False,0,True,51.0,1,5c156ad0d67cee0001700e1f
637,True,race_white,1,1,yes,hisp_latin_spanish_no,purple,female,1,False,0,False,0,True,37.0,1,5e92a1a4fc57e20f92eef47f
638,True,"race_aian, race_white, race_other",1,1,yes,hisp_latin_spanish_yes,purple,female,1,True,1,False,1,True,27.0,1,662e9986a91134a0237b8498
639,True,race_white,1,1,yes,hisp_latin_spanish_no,purple,female,1,True,1,False,1,True,26.0,1,6685ec4191114ade1b631f34
640,True,race_black,1,1,yes,hisp_latin_spanish_no,purple,female,1,True,1,False,1,True,31.0,1,66800e7a9a0a2d7eb9bebc0e
641,True,race_white,1,1,yes,hisp_latin_spanish_no,purple,male,0,True,0,False,0,True,22.0,1,5cfb459229a6c2001764e10d
642,True,race_black,1,1,yes,hisp_latin_spanish_no,purple,female,1,False,0,False,0,True,19.0,1,66578dd931bb12e148993932
643,True,race_white,1,1,yes,hisp_latin_spanish_no,purple,male,0,True,0,False,0,True,28.0,1,657f399412d4254e4dc72f5e
644,True,race_black,1,1,yes,hisp_latin_spanish_no,purple,female,1,False,0,False,0,True,45.0,1,665f16e99a4fbca39879b9e9
645,True,race_white,1,1,yes,hisp_latin_spanish_no,purple,male,1,True,1,False,1,True,25.0,1,60c64998f871d5c80a7ed14c
646,True,race_black,1,1,yes,hisp_latin_spanish_no,purple,male,0,True,0,False,0,True,30.0,1,6077a808b8d8534a901e5d78
647,True,race_white,1,1,yes,hisp_latin_spanish_no,purple,male,1,False,0,False,0,True,54.0,1,633e327052bcc8b44d6e0d2c
648,True,race_asian,1,1,yes,hisp_latin_spanish_no,purple,male,0,True,0,False,0,True,19.0,1,668764cc4bd5ce3a1013e01a
649,True,race_white,1,1,yes,hisp_latin_spanish_no,purple,female,1,True,1,False,1,True,21.0,1,66817864eb2331e2ff510426
650,True,race_white,1,1,yes,hisp_latin_spanish_no,purple,female,0,False,1,False,1,True,58.0,1,6689e88a40ea7d2bb1613b04
651,True,race_white,1,1,yes,hisp_latin_spanish_no,purple,male,1,True,1,False,1,True,22.0,1,60fe10b3df2ee2ba32662d73
652,True,race_white,1,1,yes,hisp_latin_spanish_no,purple,female,1,True,1,False,1,True,67.0,1,5eb6b8ee9351615bd9d99fde
653,True,race_black,1,1,yes,hisp_latin_spanish_no,purple,female,0,True,0,False,0,True,30.0,1,668668ce89494dd153771a92
654,True,race_white,1,1,yes,hisp_latin_spanish_yes,purple,female,0,True,0,False,0,True,33.0,1,648247f1a39f941af3429342
655,True,race_white,1,1,yes,hisp_latin_spanish_yes,purple,female,1,True,1,False,1,True,23.0,1,663fac377b165c38262a6b9c
656,True,race_white,1,1,yes,hisp_latin_spanish_yes,purple,female,1,True,1,False,1,True,29.0,1,6644ccaf5b872d17ba667944
657,True,race_white,1,1,yes,hisp_latin_spanish_no,purple,male,0,True,0,False,0,True,63.0,1,57f0d96061e8340001877045
658,True,race_black,1,1,yes,hisp_latin_spanish_no,purple,male,0,True,0,False,0,True,45.0,1,6681b028b5c9095fb8aeb97e
659,True,race_white,1,1,yes,hisp_latin_spanish_no,purple,female,0,True,0,False,0,True,55.0,1,667edb1edaba40d73406072b
660,True,race_asian,1,1,yes,hisp_latin_spanish_no,purple,female,0,True,0,False,0,True,48.0,1,65939e2a54f4cbc8b4caf327
661,True,race_white,1,1,yes,hisp_latin_spanish_no,purple,female,0,True,2,True,0,True,53.0,1,6607f1f98e741c8e15bfa30c
662,True,race_white,1,1,yes,hisp_latin_spanish_no,purple,male,1,True,1,False,1,True,62.0,1,6636fc1040c77edba4151dbb
663,True,race_white,1,1,yes,hisp_latin_spanish_no,purple,female,0,False,1,False,1,True,57.0,1,5796beee454e5400015f4205
664,True,race_asian,1,1,yes,hisp_latin_spanish_no,purple,female,1,True,1,False,1,True,24.0,1,6404132ea192589b51692c4a
665,True,race_asian,1,1,yes,hisp_latin_spanish_no,purple,male,0,True,0,False,0,True,34.0,1,63460f79457f687948f53b88
666,True,race_white,1,1,yes,hisp_latin_spanish_yes,purple,male,1,True,1,False,1,True,26.0,1,665f91c9b7b9bf65f0220a24
667,True,race_white,1,1,yes,hisp_latin_spanish_no,purple,female,0,True,1,True,0,True,60.0,1,6682d17e7e7cfcc1b5b8bed1
668,True,race_black,1,1,yes,hisp_latin_spanish_no,Purple,female,1,True,1,False,1,True,31.0,1,65dbd9c96a2b59e56d99c454
669,True,race_white,1,1,yes,hisp_latin_spanish_no,purple,female,1,False,0,False,0,True,41.0,1,668557c57d3089ceba4a2d09
670,True,race_other,1,1,yes,hisp_latin_spanish_no,purple,male,1,True,1,False,1,True,35.0,1,668766aab4d95d285a6d3899
671,True,race_white,1,1,yes,hisp_latin_spanish_no,purple,female,0,True,0,False,0,True,50.0,1,5e2c972a7d97642ba0a357c6
672,True,race_black,1,1,yes,hisp_latin_spanish_no,purple,female,0,False,1,False,1,True,50.0,1,65612ab046957188caf13e9c
673,True,race_white,1,1,yes,hisp_latin_spanish_no,purple,female,0,True,0,False,0,True,22.0,1,610c0307782b54307339d806
674,True,race_other,1,1,yes,hisp_latin_spanish_yes,purple,male,0,True,0,False,0,True,34.0,1,600ee85a1a206f7237e0b6bd
675,True,"race_aian, race_white, race_other",1,1,yes,hisp_latin_spanish_yes,Purple,female,1,True,1,False,1,True,33.0,1,66639ab6c5d13d6437b23541
676,True,,1,1,yes,,purple,,1,True,1,False,1,True,,1,588caba9ca4f6700019cfafc
677,True,race_white,1,1,yes,hisp_latin_spanish_no,purple,male,1,False,0,False,0,True,38.0,1,665f00998cd3efe0c163e589
678,True,race_black,1,1,yes,hisp_latin_spanish_no,purple,male,0,True,0,False,0,True,38.0,1,6661df3093e9f51330d0be93
679,True,race_white,1,1,yes,hisp_latin_spanish_no,purple ,male,0,True,0,True,0,True,41.0,1,653d1fee3e8e1291c9fbd1b8
680,True,race_white,1,1,yes,hisp_latin_spanish_no,purple,male,1,True,1,False,1,True,37.0,1,66598dde9dfe93c843e9322b
681,True,race_other,1,1,yes,hisp_latin_spanish_yes,purple,male,0,True,0,False,0,True,24.0,1,62e5a1374e9ae5284b4625b4
682,True,race_white,1,1,yes,hisp_latin_spanish_no,purple,female,1,True,1,False,1,True,28.0,1,667993a84ed4e23dd74cf82e
683,True,race_white,1,1,yes,hisp_latin_spanish_no,purple,female,1,True,1,False,1,True,27.0,1,5f5be09e16b98d18b3d213db
684,True,race_other,1,1,yes,hisp_latin_spanish_yes,Purple,female,1,False,0,False,0,True,22.0,1,610837760279129ce7c66eb0
685,True,race_asian,1,1,yes,hisp_latin_spanish_no,purple,female,0,True,0,False,0,True,37.0,1,63d412b04410a6e323b0d343
686,True,race_white,1,1,yes,hisp_latin_spanish_no,purple,female,0,True,0,False,0,True,28.0,1,60ee94db81cb621683412b8a
687,True,race_white,1,1,yes,hisp_latin_spanish_no,purple,male,0,False,1,False,1,True,29.0,1,5ffd2c0699c3912436845113
688,True,race_white,1,1,yes,hisp_latin_spanish_no,purple,male,0,True,0,False,0,True,66.0,1,667ff4756885e1eba8d965da
689,True,race_white,1,1,yes,hisp_latin_spanish_no,Purple,female,0,True,0,False,0,True,43.0,1,6636a0178b62ab82435e2696
690,True,race_white,1,1,yes,hisp_latin_spanish_yes,purple,female,0,True,0,False,0,True,26.0,1,629e4d79be0e1ecd4ce30ab4
691,True,race_white,1,1,yes,hisp_latin_spanish_no,purple,female,1,True,1,False,1,True,29.0,1,5b8dbff00c740e00019d861a
692,True,race_other,1,1,yes,hisp_latin_spanish_yes,purple,male,1,True,1,False,1,True,33.0,1,6361549b0d09a7c730e48290
693,True,race_aian,1,1,yes,hisp_latin_spanish_no,purple,male,0,True,0,False,0,True,25.0,1,62ddda5556d80cb75d1f9bee
694,True,race_other,1,1,yes,hisp_latin_spanish_no,purple,female,1,True,1,False,1,True,53.0,1,667ac3e69368e77baf6db47b
695,True,race_white,1,1,yes,hisp_latin_spanish_no,purple,female,0,True,0,False,0,True,44.0,1,66869948efe1461e1bfb0e70
696,True,race_white,1,1,yes,hisp_latin_spanish_yes,purple,male,0,True,0,False,0,True,22.0,1,63040dd683f7276fa2c038d4
697,True,race_asian,1,1,yes,hisp_latin_spanish_no,purple,female,0,True,0,False,0,True,27.0,1,600673836848dc9fb0e79785
698,True,race_white,1,1,yes,hisp_latin_spanish_yes,purple,male,1,True,1,False,1,True,20.0,1,668c0e49795ca86971f8f1bd
699,True,race_asian,1,1,yes,hisp_latin_spanish_no,purple,male,1,False,0,False,0,True,37.0,1,626b0bfdd9ad29a1eb1b933e
700,True,race_white,1,1,yes,hisp_latin_spanish_no,purple,female,0,False,1,False,1,True,29.0,1,665de1b65a8c2b8ab7c83316
701,True,race_white,1,1,yes,hisp_latin_spanish_no,purple,female,0,True,0,False,0,True,53.0,1,668c5feb7624a98ac5b03e5b
702,True,race_black,1,1,yes,hisp_latin_spanish_yes,purple,male,0,True,0,False,0,True,43.0,1,661f5bbee3ef458376984882
703,True,race_asian,1,1,yes,hisp_latin_spanish_no,purple,female,0,True,0,False,0,True,33.0,1,6548fabf4be86c20a6760275
704,True,race_white,1,1,yes,hisp_latin_spanish_no,purple,female,0,False,1,False,1,True,57.0,1,5f1c2ebf1d8b7c48ad3ec3db
705,True,race_white,1,1,yes,hisp_latin_spanish_no,purple,male,1,True,1,False,1,True,52.0,1,6629b9e67e5f6d0d3b0a6ddc
706,True,race_white,1,1,yes,hisp_latin_spanish_yes,purple,male,1,True,1,False,1,True,25.0,1,60255901704fd208ecdcf32b
707,True,race_white,1,1,yes,hisp_latin_spanish_no,purple,female,0,True,0,False,0,True,54.0,1,5d90c4fadf90b6001549561e
708,True,race_white,1,1,yes,hisp_latin_spanish_no,purple ,male,1,True,1,True,1,True,51.0,1,662ab30e6ff73286f7f20a5b
709,True,race_white,1,1,yes,hisp_latin_spanish_no,purple,female,1,True,1,False,1,True,23.0,1,663eaffcfa88359207b24931
710,True,race_white,1,1,yes,hisp_latin_spanish_yes,purple,male,0,True,0,False,0,True,35.0,1,6016f95c56f32e8df6e841af
711,True,race_white,1,1,yes,hisp_latin_spanish_no,purple ,female,1,True,1,True,1,True,59.0,1,6144f7e2bf25aad25ae610a1
712,True,race_white,1,1,yes,hisp_latin_spanish_no,purple,male,0,True,0,False,0,True,22.0,1,602d43446c0b9371a47f63e5
713,True,race_asian,1,1,yes,hisp_latin_spanish_no,purple,male,0,True,0,False,0,True,35.0,1,5c6deaa84e43fe0001b4544d
714,True,race_white,1,1,yes,hisp_latin_spanish_no,purple,female,1,True,1,False,1,True,30.0,1,6036f9b3b1842f8b659b18c7
715,True,race_white,1,1,yes,hisp_latin_spanish_no,purple,female,1,False,0,False,0,True,36.0,1,5bb3d470a1aed700011f6575
716,True,race_white,1,1,yes,hisp_latin_spanish_no,purple,male,0,True,0,False,0,True,24.0,1,657e9e4a33c7028e7427cbaf
717,True,"race_asian, race_white",1,1,yes,hisp_latin_spanish_no,purple,female,1,True,1,False,1,True,25.0,1,6114729faeeff8e3a5e8d399
718,True,race_asian,1,1,yes,hisp_latin_spanish_no,Purple,male,1,True,1,False,1,True,26.0,1,66894ddba16e7ba60de0ce32
719,True,race_black,1,1,yes,hisp_latin_spanish_no,purple,male,1,False,1,True,0,True,42.0,1,6671ba9de46632e89dfb7992
720,True,race_white,1,1,yes,hisp_latin_spanish_no,purple,female,1,True,1,False,1,True,33.0,1,664cfee1518c3ce1c40cd5ba
721,True,race_black,1,1,yes,hisp_latin_spanish_no,purple,female,1,False,0,False,0,True,36.0,1,66880b44509c3cea651172f1
722,True,race_asian,1,1,yes,hisp_latin_spanish_no,purple,male,0,True,0,False,0,True,24.0,1,63ecff5acee1ceabe7e2328c
723,True,race_white,1,1,unsure,hisp_latin_spanish_no,purple,male,1,True,1,True,1,True,30.0,1,627448a7458cf55c0cdea3bb
724,True,race_other,1,1,yes,hisp_latin_spanish_yes,Purple,female,0,True,0,False,0,True,21.0,1,656f66232d3c056e81c7979d
725,True,race_white,1,1,yes,hisp_latin_spanish_no,purple,male,0,True,0,False,0,True,30.0,1,666eed56d5d21a21b3e030e1
726,True,race_white,1,1,yes,hisp_latin_spanish_no,purple,male,0,True,0,False,0,True,19.0,1,6632935de7338dbfb8bed57a
727,True,"race_asian, race_black",1,1,yes,hisp_latin_spanish_no,Purple,male,1,True,1,False,1,True,35.0,1,6680ed0e932eb7cb591a7ad3
728,True,"race_white, race_other",1,1,yes,hisp_latin_spanish_no,purple,female,0,False,1,False,1,True,40.0,1,663ad7dd98583bf3b13bc1a6
729,True,race_black,1,1,yes,hisp_latin_spanish_no,purple,female,1,False,0,False,0,True,20.0,1,665a3404692f5710014a3f57
730,True,race_asian,1,1,yes,hisp_latin_spanish_no,purple,male,1,True,1,False,1,True,52.0,1,5e801ffa2b3c3870ecdf7865
731,True,race_white,1,1,yes,hisp_latin_spanish_no,purple,female,0,True,1,True,0,True,65.0,1,64360d6189dec3ac8afc9a78
732,True,race_white,1,1,yes,hisp_latin_spanish_no,purple,female,1,False,0,False,0,True,54.0,1,668c1fc8e311d8d6e3930702
733,True,race_white,1,1,yes,hisp_latin_spanish_no,purple,female,0,False,1,False,1,True,53.0,1,5916bba1c40353000150c46c
734,True,"race_black, race_white",1,1,yes,hisp_latin_spanish_no,purple,female,0,True,0,False,0,True,24.0,1,60faff0fd8ca369bbfdd5895
735,True,race_white,1,1,yes,hisp_latin_spanish_no,purple,male,0,True,0,False,0,True,38.0,1,5d8d12f6d88e3a00142c9751
736,True,race_white,1,1,yes,hisp_latin_spanish_no,purple,male,0,False,1,False,1,True,37.0,1,6623c2d90a82fd868b678094
737,True,race_black,1,1,yes,hisp_latin_spanish_no,purple,female,0,True,0,False,0,True,25.0,1,628fa9e1afc3de7797cb6e2f
738,True,race_asian,1,1,yes,hisp_latin_spanish_no,purple,male,1,True,1,False,1,True,21.0,1,5d9d3573d313e90016b925c0
739,True,race_white,1,1,yes,hisp_latin_spanish_no,purple,female,1,True,1,False,1,True,42.0,1,5c314de6d5fc960001d2cb93
740,True,race_white,1,1,yes,hisp_latin_spanish_no,purple,female,1,False,0,False,0,True,58.0,1,66783f0c4e4b6b2645478956
741,True,race_white,1,1,yes,hisp_latin_spanish_no,purple,female,0,True,0,False,0,True,27.0,1,6646b5dfe03c993732a5497d
742,True,race_white,1,1,yes,hisp_latin_spanish_no,Purple,female,1,True,1,False,1,True,25.0,1,5ee0e82f5f060109ed1d1d29
743,True,race_white,1,1,yes,hisp_latin_spanish_no,purple,male,0,True,0,False,0,True,41.0,1,5b60926c6187040001b24b02
744,True,race_white,1,1,yes,hisp_latin_spanish_no,purple,female,0,True,0,False,0,True,44.0,1,66882c4e8bcda7f9bf988fe1
745,True,race_white,1,1,yes,hisp_latin_spanish_no,purple,female,0,True,0,False,0,True,29.0,1,5e2b3e22a8f85318c2429121
746,True,race_white,1,1,yes,hisp_latin_spanish_no,purple,male,1,True,1,False,1,True,31.0,1,5fdcdc50bbdf7f2dbc77c1da
747,True,race_asian,1,1,yes,hisp_latin_spanish_no,purple,female,0,True,0,False,0,True,39.0,1,56c1adc20aab29000c7d556a
748,True,race_white,1,1,yes,hisp_latin_spanish_yes,purple,female,1,True,1,False,1,True,45.0,1,5bae077b542eed0001384369
749,True,race_white,1,1,yes,hisp_latin_spanish_no,purple,female,1,False,0,False,0,True,21.0,1,5ecf0bbe8bfd24313fec46f9
750,True,race_white,1,1,yes,hisp_latin_spanish_no,purple,female,0,True,0,False,0,True,42.0,1,6688433b45d64c413f459601
751,True,race_white,1,1,yes,hisp_latin_spanish_no,purple,male,0,True,0,False,0,True,68.0,1,658d93417ff9b2806879c931
752,True,race_black,1,1,yes,hisp_latin_spanish_no,purple,female,1,True,1,False,1,True,33.0,1,6400df3b4bd1fb13b52727fe
753,True,race_white,1,1,yes,hisp_latin_spanish_no,purple,female,0,True,0,False,0,True,45.0,1,666f8e72a2b2f00e5b113cdd
754,True,race_black,1,1,yes,hisp_latin_spanish_no,purple,female,0,True,0,False,0,True,55.0,1,616a4385ff870a66baea3f34
755,True,race_white,1,1,yes,hisp_latin_spanish_no,purple,male,0,False,1,False,1,True,30.0,1,5ade6f4709eae2000112e9e2
756,True,race_white,1,1,yes,hisp_latin_spanish_no,purple,female,0,True,0,False,0,True,23.0,1,667c3d0d0928dfca0dc67e27
757,True,race_white,1,1,yes,hisp_latin_spanish_no,purple,male,0,False,1,False,1,True,44.0,1,5e68acbc938d3214ff65c299
758,True,race_white,1,1,yes,hisp_latin_spanish_no,Purple,male,0,True,0,False,0,True,34.0,1,662c62abadd0ff2671ea8876
759,True,race_black,1,1,yes,hisp_latin_spanish_no,purple,male,1,True,1,False,1,True,35.0,1,667c4bba827314cd6f70037f
760,True,race_asian,1,1,yes,hisp_latin_spanish_no,purple,male,0,True,0,False,0,True,35.0,1,668702820e1765376681985a
761,True,race_white,1,1,yes,hisp_latin_spanish_no,purple,male,0,True,0,False,0,True,53.0,1,66519f6f0d8c521dca368c3b
762,True,race_white,1,1,yes,hisp_latin_spanish_no,purple,male,1,False,0,False,0,True,45.0,1,66804d681dace18d3624cfa3
763,True,"race_asian, race_white",1,1,yes,hisp_latin_spanish_no,purple,female,0,True,0,False,0,True,25.0,1,6643bcf4ed868a9901a9dd7d
764,True,race_asian,1,1,yes,hisp_latin_spanish_no,purple,male,0,True,0,False,0,True,21.0,1,667202328ae5a13b88528a04
765,True,race_white,1,1,yes,hisp_latin_spanish_no,purple,male,1,True,1,False,1,True,41.0,1,5e668d33ffed4c410e662f8a
766,True,race_black,1,1,yes,hisp_latin_spanish_no,purple,female,0,True,0,False,0,True,44.0,1,66314bebac58f417836732e2
767,True,race_white,1,1,yes,hisp_latin_spanish_no,purple,,0,True,0,False,0,True,21.0,1,6689bcff4a8f08e56a1559cb
768,True,race_white,1,1,yes,hisp_latin_spanish_no,purple,female,0,True,0,False,0,True,76.0,1,5dcf34f64fee9907fc626f0f
769,True,race_white,1,1,yes,hisp_latin_spanish_no,purple,male,0,True,0,False,0,True,52.0,1,668bf44f95997c88475c3ff2
770,True,race_white,1,1,yes,hisp_latin_spanish_no,purple,male,1,True,1,False,1,True,27.0,1,665f18fbf1673d66dbfcd3ae
771,True,race_white,1,1,yes,hisp_latin_spanish_no,purple,female,0,True,0,False,0,True,34.0,1,6658b9f0bc17230af657c58b
772,True,race_white,1,1,yes,hisp_latin_spanish_no,purple,male,0,False,1,False,1,True,28.0,1,60f1ced4225e6a8c261a9b13
773,True,race_white,1,1,yes,hisp_latin_spanish_no,purple,male,0,True,0,False,0,True,32.0,1,63f38cea3d56eac0c02a6eeb
774,True,race_white,1,1,yes,hisp_latin_spanish_no,purple,female,1,False,1,True,0,True,61.0,1,5c6ae4c31b9d0e000190bacc
775,True,race_white,1,1,yes,hisp_latin_spanish_no,purple,male,1,True,1,False,1,True,78.0,1,65327efd8d0b6397435223ad
776,True,race_white,1,1,yes,hisp_latin_spanish_no,purple,female,0,False,1,False,1,True,23.0,1,6657d2a27b790be9c803db1e
777,True,race_white,1,1,yes,hisp_latin_spanish_yes,purple,female,0,True,0,False,0,True,26.0,1,6678f7524c361fc66ef34d99
778,True,race_asian,1,1,yes,hisp_latin_spanish_no,PURPLE,male,1,True,1,False,1,True,29.0,1,66310bfcd6e5582f3fe7cf2f
779,True,race_white,1,1,yes,hisp_latin_spanish_no,Purple,female,1,True,1,False,1,True,74.0,1,5dfd35cb7bf572a2bb30b26f
780,True,race_asian,1,1,yes,hisp_latin_spanish_no,purple,male,0,True,0,False,0,True,24.0,1,5678ea0289319e00116519c3
781,True,race_asian,1,1,yes,hisp_latin_spanish_no,purple,female,0,False,1,False,1,True,41.0,1,65cc57762d238ef48ea0dce1
782,True,race_asian,1,1,yes,hisp_latin_spanish_yes,purple,female,1,True,1,False,1,True,41.0,1,66311d306547e11a226c345c
783,True,race_white,1,1,yes,hisp_latin_spanish_no,purple,female,0,True,0,False,0,True,22.0,1,610a0a39a80fd253029c770f
784,True,race_white,1,1,yes,hisp_latin_spanish_no,purple,female,0,True,0,False,0,True,44.0,1,6636dc71b4b251298038b8e6
785,True,race_white,1,1,yes,hisp_latin_spanish_no,purple,male,0,True,0,False,0,True,26.0,1,61514f5537097bf8052a71d0
786,True,race_white,1,1,yes,hisp_latin_spanish_no,purple,female,1,True,1,False,1,True,53.0,1,66857cc20736230620552dbc
787,True,race_white,1,1,yes,hisp_latin_spanish_no,purple,male,1,True,1,False,1,True,39.0,1,63008ac67b7d6d032e5c1884
788,True,race_white,1,1,yes,hisp_latin_spanish_no,purple,male,0,False,1,False,1,True,28.0,1,5df57ac22b12bd3e33a4efba
789,True,race_white,1,1,yes,hisp_latin_spanish_yes,purple,male,0,True,0,False,0,True,38.0,1,63eaf5b28c9edca0c949ff93
790,True,race_white,1,1,yes,hisp_latin_spanish_no,purple ,female,1,False,0,True,0,True,34.0,1,666e381b27fd060cb231599d
791,True,race_white,1,1,yes,hisp_latin_spanish_no,purple,female,1,False,0,False,0,True,64.0,1,65a1d6e393e28f68a8c0bd2f
792,True,race_white,1,1,yes,hisp_latin_spanish_no,purple,female,0,True,0,False,0,True,63.0,1,65396e0fea695094030f508b
793,True,race_white,1,1,yes,hisp_latin_spanish_no,purple,female,1,True,1,False,1,True,43.0,1,62fe9bebf5d09924e321a32c
794,True,race_white,1,1,yes,hisp_latin_spanish_yes,purple,female,0,True,0,False,0,True,27.0,1,6506462fb5631ff9b1772a4e
795,True,race_nhpi,1,1,yes,hisp_latin_spanish_no,purple ,male,0,True,0,True,0,True,26.0,1,664e7baa0d6008036181a712
796,True,race_white,1,1,yes,hisp_latin_spanish_no,purple,male,0,True,0,False,0,True,25.0,1,5cf1eed7a602eb0001e2e850
797,True,race_white,1,1,yes,hisp_latin_spanish_no,Purple,female,0,True,0,False,0,True,43.0,1,5d5434e959f4b1001a6866e7
798,True,race_white,1,1,yes,hisp_latin_spanish_no,purple,female,0,True,0,False,0,True,38.0,1,66549ad8ab653cfb4b231427
799,True,race_black,1,1,yes,hisp_latin_spanish_no,purple,male,0,True,0,False,0,True,34.0,1,62cc89cd6b8df82a5bf43aea
800,True,race_white,1,1,yes,hisp_latin_spanish_no,purple,female,0,True,0,False,0,True,24.0,1,6109728bf4643f9d0fcfb033
801,True,race_white,1,1,yes,hisp_latin_spanish_no,purple,male,0,True,0,False,0,True,22.0,1,667b4043a7f74c3ff540a60d
802,True,race_white,1,1,yes,hisp_latin_spanish_no,purple,female,0,True,0,False,0,True,60.0,1,5a889897b093f80001a7f1e2
803,True,race_white,1,1,yes,hisp_latin_spanish_no,purple,female,1,True,1,False,1,True,36.0,1,6647af9679918adaa2d85729
804,True,race_white,1,1,yes,hisp_latin_spanish_no,purple,female,0,False,1,False,1,True,51.0,1,5d4efe300691a6000193557f
805,True,race_white,1,1,yes,hisp_latin_spanish_no,purple,female,1,True,1,False,1,True,30.0,1,66460f739707adef3f0f0d38
806,True,race_black,1,1,yes,hisp_latin_spanish_no,purple,female,0,True,0,False,0,True,28.0,1,5fcc103fb2ab80a01f32f7ae
807,True,race_white,1,1,yes,hisp_latin_spanish_no,purple,male,0,True,0,False,0,True,40.0,1,662424ad2f70cf421d078707
808,True,race_white,1,1,yes,hisp_latin_spanish_no,purple,male,0,True,0,False,0,True,24.0,1,5c9e829c7c5bfd00177fe952
809,True,race_white,1,1,yes,hisp_latin_spanish_no,purple,male,0,True,0,False,0,True,29.0,1,6636a536b2a6c1b43fdfcae1
810,True,race_white,1,1,yes,hisp_latin_spanish_no,purple,male,1,True,1,False,1,True,37.0,1,5c3399d8cb218a000176c6c6
811,True,race_white,1,1,yes,hisp_latin_spanish_no,purple,male,1,True,1,False,1,True,63.0,1,5615777c7ffc8a000a811c61
812,True,race_black,1,1,yes,hisp_latin_spanish_no,Purple,female,1,True,1,False,1,True,47.0,1,63c7117f56c5362235abe0a7
813,True,race_asian,1,1,yes,hisp_latin_spanish_no,purple,female,1,True,1,False,1,True,40.0,1,65cbd60807ab63190925b75c
814,True,race_white,1,1,yes,hisp_latin_spanish_no,purple,male,1,True,1,False,1,True,36.0,1,6291293b4da216ae257c1867
815,True,race_white,1,1,yes,hisp_latin_spanish_yes,purple,male,1,True,1,False,1,True,36.0,1,62e0b085af78cf65fe501953
816,True,race_white,1,1,yes,hisp_latin_spanish_no,purple,male,1,False,0,False,0,True,44.0,1,663127de7a81a5b306793842
817,True,race_white,1,1,yes,hisp_latin_spanish_no,purple,female,1,True,1,False,1,True,29.0,1,5f1b0abbb84a5207673cb637
818,True,race_white,1,1,yes,hisp_latin_spanish_no,purple,male,1,True,1,False,1,True,26.0,1,668bb6a70c92907a25c9895f
819,True,race_white,1,1,yes,hisp_latin_spanish_no,purple,male,0,True,0,False,0,True,48.0,1,628fa75dcf7f7273127b4614
820,True,race_black,1,1,yes,hisp_latin_spanish_no,purple,female,1,True,1,False,1,True,23.0,1,647f723d5685c627c1827a53
821,True,race_white,1,1,yes,hisp_latin_spanish_no,purple,female,0,True,0,False,0,True,56.0,1,5a0d9553fe645f0001e9f852
822,True,race_white,1,1,yes,hisp_latin_spanish_no,purple,female,1,False,0,False,0,True,35.0,1,660a6bef7f2e3775e2ca7201
823,True,race_white,1,1,yes,hisp_latin_spanish_no,Purple,male,1,True,1,False,1,True,65.0,1,6645af2d9dcbac0c77e65739
824,True,race_white,1,1,yes,hisp_latin_spanish_no,Purple,female,0,True,0,False,0,True,23.0,1,666e57a593be89c7850addc2
825,True,race_asian,1,1,yes,hisp_latin_spanish_no,purple,male,0,True,0,False,0,True,32.0,1,63bf8a649931574320e98357
826,True,race_white,1,1,yes,hisp_latin_spanish_no,purple,male,0,True,0,False,0,True,35.0,1,633fadee5fc02d5c5e7c8eec
827,True,race_white,1,1,yes,hisp_latin_spanish_no,purple,male,1,True,1,False,1,True,28.0,1,641883361a0127118cf426f2
828,True,race_black,1,1,yes,hisp_latin_spanish_no,purple,female,0,True,0,False,0,True,22.0,1,666f6b1c8dd0ca4982930b07
829,True,race_black,1,1,yes,hisp_latin_spanish_no,purple,male,0,True,1,True,0,True,66.0,1,663b3bf473f590703fd90b65
830,True,race_white,1,1,yes,hisp_latin_spanish_no,purple,female,1,True,1,False,1,True,56.0,1,65e0935bbdc36f74f052a99f
831,True,race_black,1,1,yes,hisp_latin_spanish_no,purple,female,0,False,1,False,1,True,24.0,1,60b5de64071568319511deff
832,True,race_white,1,1,yes,hisp_latin_spanish_no,purple,female,0,False,1,False,1,True,39.0,1,5e7b84917412d418676e1b19
833,True,race_white,1,1,yes,hisp_latin_spanish_yes,purple,female,1,True,1,False,1,True,44.0,1,5fbb4bf24594d6c5ad9df5cd
834,True,race_asian,1,1,yes,hisp_latin_spanish_no,purple,female,0,True,0,False,0,True,24.0,1,666c41ffe4c58d54c3d7cc16
835,True,"race_black, race_white",1,1,yes,hisp_latin_spanish_no,purple,female,1,True,1,False,1,True,55.0,1,668bf43d364922a38a908913
836,True,race_white,1,1,yes,hisp_latin_spanish_no,purple,female,0,True,0,False,0,True,19.0,1,66894238a0fd4537fb53c120
837,True,race_white,1,1,yes,hisp_latin_spanish_no,purple,female,0,False,1,False,1,True,39.0,1,603586b312863f6333cb8492
838,True,race_white,1,1,yes,hisp_latin_spanish_no,purple,male,1,False,0,False,0,True,37.0,1,62dc6d329a5144ff8b61afb9
839,True,race_white,1,1,yes,hisp_latin_spanish_no,purple,female,1,True,1,False,1,True,55.0,1,65118dc580d78d1a738a5280
840,True,race_white,1,1,yes,hisp_latin_spanish_no,purple,male,1,True,1,False,1,True,46.0,1,668879eaa1dc0707575d5c82
841,True,race_white,1,1,yes,hisp_latin_spanish_no,purple,female,0,False,1,False,1,True,51.0,1,65e497b64023e76a3bb6528f
854,True,race_white,1,1,yes,hisp_latin_spanish_no,purple,male,1,True,1,False,1,True,37.0,1,615d0733aeb8f75406c20fbb
855,True,race_white,1,1,yes,hisp_latin_spanish_no,purple,female,1,False,0,False,0,True,31.0,1,5c58e01e6f4ec5000164c35a
856,True,race_white,1,1,yes,hisp_latin_spanish_no,purple,female,1,True,1,False,1,True,40.0,1,6681d1e8eea2df6648bf5b95
857,True,race_white,1,1,yes,hisp_latin_spanish_no,purple,female,0,False,1,False,1,True,37.0,1,6672d91b3ed31a7a476cbfd3
858,True,race_white,1,1,yes,hisp_latin_spanish_no,purple,male,1,True,1,False,1,True,28.0,1,63ea7e60bdd3090eb4b0dcc5
859,True,race_white,1,1,yes,hisp_latin_spanish_no,purple,male,1,True,1,False,1,True,24.0,1,5ec79b5033c65502ce2acade
860,True,race_white,1,1,yes,hisp_latin_spanish_no,purple,male,0,False,1,False,1,True,23.0,1,60fa2e13870d7bb57b21427f
861,True,race_asian,1,1,yes,hisp_latin_spanish_no,purple,male,0,True,0,False,0,True,20.0,1,63268e60fbfb9c73671faa37
862,True,race_asian,1,1,yes,hisp_latin_spanish_no,purple,male,0,True,0,False,0,True,27.0,1,63d13bbf2993cf5e372b7994
863,True,race_white,1,1,yes,hisp_latin_spanish_no,Purple,male,0,True,0,False,0,True,40.0,1,63d4dbdd4adb3ccef611be9c
864,True,race_white,1,1,yes,hisp_latin_spanish_no,purple,female,1,True,1,False,1,True,47.0,1,6682b197d953c2cf476e0bd7
865,True,race_white,1,1,yes,hisp_latin_spanish_no,purple,male,0,True,0,False,0,True,37.0,1,5f38e87099a44d40b79e5009
866,True,race_white,1,1,yes,hisp_latin_spanish_no,purple,female,1,True,1,False,1,True,27.0,1,663d07a2d79d73ea801552d7
867,True,race_white,1,1,yes,hisp_latin_spanish_no,purple,female,1,False,0,False,0,True,36.0,1,663acff1c77deb96c64e839e
868,True,race_black,1,1,yes,hisp_latin_spanish_no,purple,male,0,True,0,False,0,True,35.0,1,5d203fad20b61f00012aced4
869,True,race_white,1,1,yes,hisp_latin_spanish_no,purple,female,1,False,0,False,0,True,39.0,1,5b6d9fa021dca60001d13f02
870,True,race_black,1,1,yes,hisp_latin_spanish_no,purple,male,1,True,1,False,1,True,37.0,1,63e548215b42b3f3aa069dc2
871,True,race_white,1,1,yes,hisp_latin_spanish_no,purple,male,0,True,2,True,0,True,37.0,1,663ac79f9872a12aaa878c7a
872,True,race_white,1,1,yes,hisp_latin_spanish_no,purple,female,0,True,0,False,0,True,70.0,1,63c437337eef664e06fdf1f7
873,True,race_white,1,1,yes,hisp_latin_spanish_no,purple,female,0,True,0,False,0,True,26.0,1,665a850e2b387f043c278da0
874,True,race_white,1,1,yes,hisp_latin_spanish_no,purple,male,1,True,1,False,1,True,43.0,1,66149f93d6b5b14c9b240425
875,True,race_white,1,1,yes,hisp_latin_spanish_no,purple,female,0,False,1,False,1,True,33.0,1,613afc31d2a071e24ab917fb
876,True,race_asian,1,1,yes,hisp_latin_spanish_no,purple,male,0,True,0,False,0,True,18.0,1,660982bb12941e7442c18325
877,True,race_black,1,1,yes,hisp_latin_spanish_no,purple,female,0,True,0,False,0,True,46.0,1,5f99ba5121189e05a9490a72
878,True,"race_nhpi, race_white",1,1,yes,hisp_latin_spanish_yes,purple,female,0,True,0,False,0,True,28.0,1,5d24e7aec81128001721628f
879,True,race_white,1,1,yes,hisp_latin_spanish_no,purple,female,0,False,1,False,1,True,25.0,1,57cb1fa33579c90001ab5183
880,True,race_other,1,1,yes,hisp_latin_spanish_yes,purple,female,1,False,0,False,0,True,19.0,1,666de83e808584a6def6ca94
881,True,race_white,1,1,yes,hisp_latin_spanish_no,purple,female,1,True,2,True,1,True,38.0,1,66774dc3657883f80fc01062
882,True,,1,1,yes,hisp_latin_spanish_no,purple,female,1,True,1,False,1,True,42.0,1,6085e7b2cefdf1c11ed41546
883,True,race_white,1,1,yes,hisp_latin_spanish_no,purple,female,1,True,1,False,1,True,59.0,1,57f6aefc42bfc700016ab1e0
884,True,race_asian,1,1,yes,hisp_latin_spanish_no,purple,female,1,False,0,False,0,True,22.0,1,667c247b3a2743051fdc0f5d
885,True,race_white,1,1,yes,hisp_latin_spanish_no,purple,male,0,True,0,False,0,True,35.0,1,6606d127f34ea525192db1b2
886,True,race_white,1,1,yes,hisp_latin_spanish_no,purple,male,0,True,0,False,0,True,26.0,1,6685c49b1521f5ce4a3db81a
887,True,race_white,1,1,yes,hisp_latin_spanish_no,purple,male,0,True,0,False,0,True,53.0,1,63316daa57747115376760da
888,True,race_white,1,1,yes,hisp_latin_spanish_no,purple,female,0,True,0,False,0,True,31.0,1,65b26bbe1d5dfa901eeb87c3
842,True,race_white,1,1,yes,hisp_latin_spanish_no,purple,female,0,False,1,False,1,True,36.0,1,6666fd24990c481c142c8742
843,True,race_asian,1,1,yes,hisp_latin_spanish_no,Purple,female,1,False,0,False,0,True,29.0,1,663100cbf9126a4bda99b0a1
844,True,race_white,1,1,yes,hisp_latin_spanish_no,purple,male,0,True,0,False,0,True,69.0,1,6435b95691d542284002bc90
845,True,race_white,1,1,yes,hisp_latin_spanish_no,purple,male,0,True,0,False,0,True,67.0,1,5c01dc58067bbf00019bb318
846,True,race_white,1,1,yes,hisp_latin_spanish_no,purple,male,1,True,1,False,1,True,25.0,1,5e0d0ba13f29154adf4ff08b
847,True,race_black,1,1,yes,hisp_latin_spanish_no,purple,male,0,False,1,False,1,True,39.0,1,668493e37bed310a997674a5
848,True,race_white,1,1,yes,hisp_latin_spanish_no,Purple ,female,0,True,0,True,0,True,40.0,1,667820eef25ed266e97139a1
849,True,race_white,1,1,yes,hisp_latin_spanish_no,purple,male,0,True,0,False,0,True,32.0,1,5dd37f777af6613873b66231
850,True,race_white,1,1,yes,hisp_latin_spanish_no,purple,male,1,True,1,False,1,True,62.0,1,6111119b601cb98e28289a46
851,True,race_white,1,1,yes,hisp_latin_spanish_no,purple,male,1,True,1,False,1,True,45.0,1,62cccdcadf4fdbc4424844d5
852,True,race_white,1,1,yes,hisp_latin_spanish_no,purple,male,1,True,1,False,1,True,35.0,1,5d634b27e5f92f0017196a3f
853,True,race_asian,1,1,yes,hisp_latin_spanish_no,purple,female,0,True,0,False,0,True,52.0,1,6689d6a1a73da63fd663f409
897,True,race_white,1,1,yes,hisp_latin_spanish_no,purple,female,1,True,1,False,1,True,59.0,1,66631602c0291f272d357239
898,True,race_white,1,1,yes,hisp_latin_spanish_no,purple,female,0,False,1,False,1,True,30.0,1,66898b87b986fb7f6e165624
899,True,race_white,1,1,yes,hisp_latin_spanish_no,purple,male,0,True,0,False,0,True,31.0,1,565c931eba63db00051cd52d
900,True,race_white,1,1,yes,hisp_latin_spanish_no,purple,female,0,True,0,False,0,True,57.0,1,662bfda7bb2d2c60655f3c40
901,True,race_other,1,1,yes,hisp_latin_spanish_yes,Purple,male,1,True,1,False,1,True,28.0,1,6667a20b4ac63419112ab632
902,True,race_white,1,1,yes,hisp_latin_spanish_no,purple,female,1,False,0,False,0,True,23.0,1,6100b94f1750b9db274684c7
903,True,race_white,1,1,yes,hisp_latin_spanish_no,purple,male,1,True,1,False,1,True,38.0,1,6150fb8383f88eae3e5c795a
904,True,race_white,1,1,yes,hisp_latin_spanish_no,purple,male,0,True,0,False,0,True,22.0,1,61536fd7e4571b6e54a212de
905,True,race_white,1,1,yes,hisp_latin_spanish_no,purple,female,1,True,1,False,1,True,23.0,1,6672e8d9d5662b17658a93ee
906,True,race_white,1,1,yes,hisp_latin_spanish_no,Purple,female,0,True,0,False,0,True,31.0,1,667a1074863751c9f97f0f92
907,True,race_white,1,1,yes,hisp_latin_spanish_no,purple,female,1,True,1,False,1,True,35.0,1,667dd13caf3eabdd929d248d
908,True,race_asian,1,1,yes,hisp_latin_spanish_no,purple,female,0,True,0,False,0,True,24.0,1,667dd4d177e784f416c7cfd7
909,True,race_black,1,1,yes,hisp_latin_spanish_no,purple,female,1,True,1,False,1,True,28.0,1,665fd413de2c89d3d93cae0e
910,True,race_white,1,1,yes,hisp_latin_spanish_no,purple,male,1,False,0,False,0,True,28.0,1,667c7af1dd68609d9bfe34ca
911,True,race_white,1,1,yes,hisp_latin_spanish_no,purple,female,0,True,0,False,0,True,25.0,1,61bb39b340db417c1a138ed1
912,True,race_white,1,1,yes,hisp_latin_spanish_no,purple,female,0,True,0,False,0,True,31.0,1,581649f0b434f0000184d2a9
913,True,race_black,1,1,yes,hisp_latin_spanish_no,purple,female,1,False,1,True,0,True,41.0,1,65eb78516ff6798ef91c756c
914,True,,1,1,yes,hisp_latin_spanish_no,purple,female,1,True,1,False,1,True,33.0,1,667cb7112742f1a33d3538c8
915,True,race_white,1,1,yes,hisp_latin_spanish_no,purple,female,1,True,1,False,1,True,43.0,1,5e07a94db7b33010fe2af9b4
889,True,race_white,1,1,yes,hisp_latin_spanish_no,purple,male,0,False,1,False,1,True,36.0,1,667db5ff4ef4ed2a73acd556
890,True,race_black,1,1,yes,hisp_latin_spanish_yes,purple,male,0,True,0,False,0,True,25.0,1,668840c68cb2f152df22be96
891,True,race_white,1,1,yes,hisp_latin_spanish_no,purple,male,0,True,1,True,0,True,52.0,1,644d9f390f2b8274af07c00e
892,True,race_white,1,1,yes,hisp_latin_spanish_no,purple,female,1,True,1,False,1,True,44.0,1,5c6f1611922d7a00017cb800
893,True,race_white,1,1,yes,hisp_latin_spanish_no,purple,male,1,True,1,False,1,True,48.0,1,65ee7d06751896a071b24a31
894,True,race_other,1,1,yes,hisp_latin_spanish_yes,purple,male,0,True,0,False,0,True,33.0,1,5bcc26ba4f22df00010f166d
895,True,"race_nhpi, race_white",1,1,yes,hisp_latin_spanish_no,purple,male,1,True,1,False,1,True,41.0,1,66346c59e100dca96e9e8d31
896,True,race_other,1,1,yes,hisp_latin_spanish_yes,purple,female,1,True,1,False,1,True,27.0,1,66413412d9d93d6b67936792
916,True,race_white,1,1,yes,hisp_latin_spanish_no,purple,female,0,True,0,False,0,True,23.0,1,65fc4d00b2c22836f86a2e53
917,True,race_white,1,1,yes,hisp_latin_spanish_no,Purple,female,1,True,0,True,1,True,63.0,1,6578683d0b20f96e71cebf9d
918,True,race_white,1,1,yes,hisp_latin_spanish_no,purple,female,0,True,0,False,0,True,37.0,1,56d1083921cd29000a97382d
919,True,race_white,1,1,yes,hisp_latin_spanish_no,purple,male,1,True,1,False,1,True,29.0,1,62c3b1a4336684ef3487547e
920,True,race_white,1,1,yes,hisp_latin_spanish_no,purple,female,0,True,0,False,0,True,31.0,1,661094be457866d2fd65a77d
921,True,race_white,1,1,yes,hisp_latin_spanish_no,purple,male,0,False,1,False,1,True,36.0,1,6101ca2b4ef4ff44381fe3cd
922,True,race_white,1,1,yes,hisp_latin_spanish_no,purple,female,1,True,1,False,1,True,34.0,1,60b575de24d596147b9b1e40
923,True,race_other,1,1,yes,hisp_latin_spanish_yes,purple,male,0,True,0,False,0,True,24.0,1,6619aa4a50780ebcbb2014a9
924,True,race_white,1,1,yes,hisp_latin_spanish_no,purple,male,1,True,1,False,1,True,33.0,1,5eda86226763346ac679ca5f
925,True,race_white,1,1,yes,hisp_latin_spanish_no,purple,female,0,False,1,False,1,True,53.0,1,579a4c6a82f7f90001ee9d92
926,True,race_white,1,1,yes,hisp_latin_spanish_no,purple,male,0,True,0,False,0,True,39.0,1,5dbe5988c486793536a04f61
927,True,race_white,1,1,yes,hisp_latin_spanish_no,purple,female,1,True,1,False,1,True,22.0,1,61080d1c39e080da7841eade
928,True,race_white,1,1,yes,hisp_latin_spanish_yes,purple,female,0,False,1,False,1,True,39.0,1,5f6d434b44cd121bbb5179dc
929,True,race_white,1,1,yes,hisp_latin_spanish_yes,purple,female,1,True,1,False,1,True,54.0,1,646baac5b4e8832e17b2158c
930,True,race_white,1,1,yes,hisp_latin_spanish_no,purple,female,1,True,1,False,1,True,41.0,1,60ea12bd302e3b17f3def6a0
931,True,race_white,1,1,yes,hisp_latin_spanish_no,purple,male,0,True,0,False,0,True,29.0,1,5a8b527d5292b80001232b81
932,True,race_white,1,1,yes,hisp_latin_spanish_no,purple,,1,False,0,False,0,True,22.0,1,610acf76d33d448b391eb588
933,True,race_asian,1,1,yes,hisp_latin_spanish_no,purple,female,0,True,0,False,0,True,54.0,1,5d1cc8c3baf85a0001fcd973
934,True,race_black,1,1,yes,hisp_latin_spanish_no,purple,female,0,True,0,False,0,True,32.0,1,6630eb8e006c0a1371bb8b3d
935,True,race_white,1,1,yes,hisp_latin_spanish_no,purple,male,0,True,0,False,0,True,43.0,1,614e951047173bf040153e8e
936,True,race_white,1,1,yes,hisp_latin_spanish_no,purple,female,0,True,0,False,0,True,53.0,1,663297f9922e7f793ff785bd
937,True,race_white,1,1,yes,hisp_latin_spanish_no,purple,male,0,True,0,False,0,True,50.0,1,5d14c08b63f5660018e9c499
938,True,race_white,1,1,yes,hisp_latin_spanish_yes,purple,male,0,True,0,False,0,True,30.0,1,5e455faf462e0802d9d9c3e2
939,True,race_asian,1,1,yes,hisp_latin_spanish_no,purple,female,1,True,1,False,1,True,29.0,1,5fc8a956800c80232e0b7a32
940,True,race_white,1,1,yes,hisp_latin_spanish_no,purple,female,0,False,1,False,1,True,53.0,1,662939d4dcb829c0cd170ac9
941,True,race_black,1,1,yes,hisp_latin_spanish_no,purple,male,1,False,1,True,0,True,25.0,1,620bde55a922fc3f247f6e52
942,True,race_asian,1,1,yes,hisp_latin_spanish_no,purple,male,0,False,2,True,1,True,37.0,1,5d4200e151bca600195fe1fc
943,True,race_black,1,1,yes,hisp_latin_spanish_no,purple,male,1,True,1,False,1,True,49.0,1,6454691c40e2cf0deacc61c3
944,True,race_white,1,1,yes,hisp_latin_spanish_no,purple,female,1,True,1,False,1,True,34.0,1,55a75835fdf99b26395fae40
945,True,race_black,1,1,yes,hisp_latin_spanish_yes,purple ,male,1,False,0,True,0,True,41.0,1,5997b3f8d0bcd10001dd902a
946,True,race_white,1,1,yes,hisp_latin_spanish_no,purple,female,0,False,1,False,1,True,38.0,1,664c43b65dc4c4edec8c2569
947,True,race_asian,1,1,yes,hisp_latin_spanish_no,purple,female,0,True,0,False,0,True,25.0,1,6684911273cb2d84e1f25863
948,True,race_white,1,1,yes,hisp_latin_spanish_no,purple,male,1,True,1,False,1,True,75.0,1,5efe548891a150356a495afd
949,True,race_white,1,1,yes,hisp_latin_spanish_no,Purple ,male,1,True,1,True,1,True,44.0,1,667871d17d7fdf0358f82a28
950,True,race_white,1,1,yes,hisp_latin_spanish_no,purple,male,0,True,0,False,0,True,47.0,1,5f481f0a4810bc2d025c56f4
951,True,race_black,1,1,yes,hisp_latin_spanish_no,purple,female,1,True,1,False,1,True,34.0,1,6601e907e7ad2fffeefac24d
952,True,race_black,1,1,yes,hisp_latin_spanish_no,purple,male,0,True,1,True,0,True,21.0,1,6686c111466e0d7d2c743262
953,True,race_white,1,1,yes,hisp_latin_spanish_no,purple,female,0,True,0,False,0,True,59.0,1,65df99e9277766a113b7bbeb
954,True,race_white,1,1,yes,hisp_latin_spanish_no,purple,female,1,True,1,False,1,True,36.0,1,668717cbb8d6ff7b0c6d2987
955,True,race_black,1,1,yes,hisp_latin_spanish_no,purple,female,1,True,1,False,1,True,18.0,1,666b19a7fc9aeb6724ad2e3e
956,True,race_white,1,1,yes,hisp_latin_spanish_no,purple,male,1,True,1,False,1,True,26.0,1,661aa17ad7ad8f4657e59dcd
957,True,race_other,1,1,yes,hisp_latin_spanish_yes,purple,female,0,False,1,False,1,True,26.0,1,666cec25f497139cf74c603b
958,True,race_black,1,1,yes,hisp_latin_spanish_no,purple,female,1,False,0,False,0,True,33.0,1,6685c1d892088207df08cf6a
959,True,race_white,1,1,yes,hisp_latin_spanish_no,purple,female,0,True,0,False,0,True,50.0,1,6632954f58d7b41657ae74e4
960,True,"race_aian, race_black, race_white, race_other",1,1,yes,hisp_latin_spanish_yes,purple,male,1,True,1,False,1,True,28.0,1,65298aca34ac384b783169d4
961,True,race_white,1,1,yes,hisp_latin_spanish_no,purple,female,0,False,0,True,1,True,51.0,1,63ae2788c3e5ec6d1cfcad16
962,True,race_white,1,1,yes,hisp_latin_spanish_no,purple,female,0,True,0,False,0,True,74.0,1,663eb327f5dc7af6ccc1bd44
963,True,race_white,1,1,yes,hisp_latin_spanish_yes,purple,female,0,True,0,False,0,True,33.0,1,6641044468ced0f9d3d96346
964,True,race_white,1,1,yes,hisp_latin_spanish_no,purple,female,0,False,1,False,1,True,64.0,1,65abe8df479fdc244d1643b2
965,True,race_white,1,1,yes,hisp_latin_spanish_no,purple,male,0,False,0,True,1,True,25.0,1,65a68c781792213b3e0e8021
966,True,"race_aian, race_black, race_white",1,1,yes,hisp_latin_spanish_no,purple,female,1,True,1,False,1,True,39.0,1,5a6e6e67ab58b500015f6b8c
967,True,race_asian,1,1,yes,hisp_latin_spanish_no,purple,male,1,True,1,False,1,True,30.0,1,5fa4f94e535f3b1aa628e0ab
968,True,race_white,1,1,yes,hisp_latin_spanish_no,purple,female,1,True,1,False,1,True,44.0,1,63b6e5e23b31a38790ff1ce2
969,True,race_white,1,1,yes,hisp_latin_spanish_no,purple,male,0,True,0,False,0,True,35.0,1,570d56d042a1db000dc5d6e0
970,True,race_white,1,1,yes,hisp_latin_spanish_no,purple,male,1,True,1,False,1,True,40.0,1,5c11f3face422b0001d69416
971,True,race_black,1,1,yes,hisp_latin_spanish_no,purple,female,0,True,0,False,0,True,46.0,1,60bc18bb8b971280ef13060c
972,True,race_white,1,1,yes,hisp_latin_spanish_no,purple,female,1,True,1,False,1,True,25.0,1,58fd4bc1e219d00001ee5a55
973,True,"race_aian, race_black",1,1,yes,hisp_latin_spanish_no,purple,female,0,True,0,False,0,True,57.0,1,63cd12b74ea95df1351d546d
974,True,race_white,1,1,yes,hisp_latin_spanish_no,Purple ,female,1,True,1,True,1,True,37.0,1,6683f04ac55cef4be98e9e21
975,True,,1,1,yes,,purple ,,0,False,2,True,1,True,,1,5aca8e76a3ba7a0001b4d647
976,True,race_white,1,1,yes,hisp_latin_spanish_no,purple,male,0,True,0,False,0,True,71.0,1,628b94feb32e85fd0b5090b6
977,True,race_black,1,1,yes,hisp_latin_spanish_no,purple,female,0,True,0,False,0,True,19.0,1,667642c0e819fe4b373aa289
978,True,race_white,1,1,yes,hisp_latin_spanish_no,purple,female,1,False,1,True,0,True,45.0,1,5ba9875fc16a9c000149a54e
979,True,race_white,1,1,yes,hisp_latin_spanish_yes,purple,female,0,False,1,False,1,True,25.0,1,5f4be3c1f50c0e7c3596ab36
980,True,race_white,1,1,yes,hisp_latin_spanish_no,purple,male,0,False,1,False,1,True,48.0,1,63614af3f714542282bd139b
981,True,race_white,1,1,yes,hisp_latin_spanish_yes,purple,female,0,True,0,False,0,True,40.0,1,668559ee97f9db7addf21624
982,True,race_white,1,1,yes,hisp_latin_spanish_no,purple,female,0,False,1,False,1,True,30.0,1,664f975ac884bace4a31bcb3
983,True,race_white,1,1,yes,hisp_latin_spanish_no,purple,male,0,True,0,False,0,True,62.0,1,65ad4243d0b12af4dfa04cce
984,True,race_white,1,1,yes,hisp_latin_spanish_no,purple,male,0,True,0,False,0,True,32.0,1,633c60c8542104d9d06e7090
985,True,race_white,1,1,yes,hisp_latin_spanish_yes,purple,female,0,False,1,False,1,True,21.0,1,609dea15bb1e6e2617783f90
986,True,race_white,1,1,yes,hisp_latin_spanish_no,purple,female,0,True,0,False,0,True,70.0,1,652423321917b76cf71dfbbd
987,True,race_white,1,1,yes,hisp_latin_spanish_no,purple,male,1,True,1,False,1,True,49.0,1,65dfb9ef84f2b03399eecc6c
988,True,race_black,1,1,yes,hisp_latin_spanish_no,purple,male,0,False,1,False,1,True,27.0,1,667ed37f6c7376b1e1d7c0ef
989,True,race_white,1,1,yes,hisp_latin_spanish_no,purple,female,1,True,1,False,1,True,38.0,1,65ee365f4ea621b632cd92d1
990,True,race_black,1,1,yes,hisp_latin_spanish_yes,purple,male,0,True,0,False,0,True,48.0,1,6685854469071d83fee5ad87
991,True,race_black,1,1,yes,hisp_latin_spanish_no,purple,female,1,True,1,False,1,True,40.0,1,55b0029bfdf99b5c00619440
992,True,race_white,1,1,yes,hisp_latin_spanish_no,purple,male,1,True,1,False,1,True,43.0,1,5e30dae130e5260d9c345bac
993,True,race_black,1,1,yes,hisp_latin_spanish_no,purple,female,1,False,0,False,0,True,28.0,1,5eeba783164680119f2e30c7
994,True,race_black,1,1,yes,hisp_latin_spanish_no,purple,female,1,True,1,False,1,True,25.0,1,6652bf7eba7a8a81e1d1679b
995,True,race_white,1,1,yes,hisp_latin_spanish_no,purple,female,1,True,1,False,1,True,36.0,1,6023464f11052e1b790f91e3
996,True,race_white,1,1,yes,hisp_latin_spanish_no,purple,male,1,False,0,False,0,True,56.0,1,662946ad7d9fa3e608503d1a
997,True,race_black,1,1,yes,hisp_latin_spanish_no,purple,female,0,True,0,False,0,True,53.0,1,66063a489d8661009501e7e6
998,True,race_black,1,1,yes,hisp_latin_spanish_no,purple,female,0,True,0,False,0,True,24.0,1,66869ad91482a576b11bf3b0
999,True,race_black,1,1,yes,hisp_latin_spanish_no,purple,male,1,True,1,False,1,True,37.0,1,66642e662f34ff5f86f505f2
1000,True,race_other,1,1,yes,hisp_latin_spanish_yes,purple,male,0,True,0,False,0,True,27.0,1,668592bd1d96e95b1638e42b
