id,in_usa,race,arm_id,context_batch_id,commitment,ethnicity,captcha,sex,option_preference,discriminated,option_attention,garbage,option_attention_truth,consent,age,batch_id,prolific_id
1,True,race_asian,1,1,yes,hisp_latin_spanish_no,purple,male,0,True,0,False,0,True,38.0,1,5c84014bd34170000141b8d6
2,True,race_white,1,1,yes,hisp_latin_spanish_no,purple,female,1,True,1,False,1,True,39.0,1,5f60d46853f16904f06df09f
3,True,"race_asian, race_white",1,1,yes,hisp_latin_spanish_no,purple,female,1,True,1,False,1,True,31.0,1,6001e7c83919e717dca8df72
4,True,"race_asian, race_white",1,1,yes,hisp_latin_spanish_no,purple,female,0,True,0,False,0,True,27.0,1,65957bdb3ab1bc637cf14e5e
5,True,race_white,1,1,yes,hisp_latin_spanish_no,purple,male,1,True,1,False,1,True,23.0,1,608eca7ccddd6b465ae4805b
6,True,"race_aian, race_white",1,1,yes,hisp_latin_spanish_no,purple,male,1,False,0,False,0,True,18.0,1,5d613f02b9233e0018f9450b
7,True,race_white,1,1,yes,hisp_latin_spanish_no,purple,female,1,False,0,False,0,True,25.0,1,5d424db893066e00015a4397
8,True,race_white,1,1,yes,hisp_latin_spanish_no,purple,female,1,False,0,False,0,True,41.0,1,653bb6fe6c99bd986b36541d
9,True,race_black,1,1,yes,hisp_latin_spanish_no,purple,male,1,True,1,False,1,True,42.0,1,667c1a8fc70b4cca8c57858b
10,True,race_white,1,1,yes,hisp_latin_spanish_no,purple,female,1,False,0,False,0,True,34.0,1,5fb6ebbb2b02f0180ff06910
11,True,race_white,1,1,yes,hisp_latin_spanish_no,purple,female,1,False,0,False,0,True,33.0,1,6110b424f33e40556400ea79
12,True,"race_asian, race_white",1,1,yes,hisp_latin_spanish_no,Purple,male,0,True,0,False,0,True,29.0,1,668b2ff510d1a5ea89a2eb16
13,True,race_white,1,1,yes,hisp_latin_spanish_no,purple,female,1,False,0,False,0,True,27.0,1,667d17585dfc4b24fcfabd94
14,True,race_white,1,1,yes,hisp_latin_spanish_no,purple,male,0,True,0,False,0,True,26.0,1,5fd1010738899d00096e8802
15,True,race_white,1,1,yes,hisp_latin_spanish_no,purple,male,1,True,1,False,1,True,34.0,1,63f7823635eaa68f32130a14
16,True,race_white,1,1,yes,hisp_latin_spanish_no,purple,female,0,False,1,False,1,True,39.0,1,6171125c1d572c106f10824e
17,True,race_white,1,1,yes,hisp_latin_spanish_no,purple,male,0,True,0,False,0,True,37.0,1,5bf465a2f35e0c00010178af
18,True,race_white,1,1,yes,hisp_latin_spanish_no,purple,female,0,False,1,False,1,True,47.0,1,668c42213d35139abcb9ea01
19,True,race_white,1,1,yes,hisp_latin_spanish_no,purple,female,0,False,1,False,1,True,32.0,1,6308505c96bf5d55a33746f1
20,True,race_white,1,1,yes,hisp_latin_spanish_no,purple,female,1,True,1,False,1,True,29.0,1,60fc6ae65437508447b60c52
21,True,race_white,1,1,yes,hisp_latin_spanish_no,purple,female,1,False,1,True,0,True,46.0,1,63ea4301f63c1d26f0ff83e9
22,True,race_white,1,1,yes,hisp_latin_spanish_no,purple,male,1,True,1,False,1,True,32.0,1,5fff70ac22e2ad0995d0d45b
23,True,race_white,1,1,yes,hisp_latin_spanish_no,purple,male,0,True,0,False,0,True,41.0,1,62728a4122289635e97d12f2
24,True,race_white,1,1,yes,hisp_latin_spanish_no,Purple,female,0,False,1,False,1,True,34.0,1,6166166d5e5dd71ba861b7b5
25,True,race_white,1,1,yes,hisp_latin_spanish_no,purple,male,1,False,0,False,0,True,41.0,1,62beeb6f3c569e8e13b76dea
26,True,race_white,1,1,yes,hisp_latin_spanish_no,purple,female,0,True,0,False,0,True,48.0,1,6659c169295d745b3863a4d4
27,True,race_white,1,1,yes,hisp_latin_spanish_no,purple,female,1,False,0,False,0,True,42.0,1,5a504e0dacc75b000179b587
28,True,race_other,1,1,yes,hisp_latin_spanish_no,purple,male,1,True,1,False,1,True,38.0,1,6287aa36c1f50d2e148e6d63
29,True,race_white,1,1,yes,hisp_latin_spanish_no,purple,female,1,True,1,False,1,True,40.0,1,66894d1ea1139f6fd41540a2
30,True,race_white,1,1,yes,hisp_latin_spanish_no,purple,female,1,True,1,False,1,True,27.0,1,5cdcb16cfc3b1b0001bd9518
31,True,race_asian,1,1,yes,hisp_latin_spanish_no,purple,male,1,True,1,False,1,True,27.0,1,62e01fdb9adf283ff375724f
32,True,race_white,1,1,yes,hisp_latin_spanish_no,purple,male,0,False,1,False,1,True,32.0,1,5f9b1d874c53722e435e820b
33,True,race_white,1,1,yes,hisp_latin_spanish_no,purple,male,1,False,0,False,0,True,35.0,1,63209d3d38b5c490f3bccd01
34,True,race_white,1,1,yes,hisp_latin_spanish_no,purple,female,0,True,0,False,0,True,27.0,1,610a08e5cd0c726e86090915
35,True,race_asian,1,1,yes,hisp_latin_spanish_no,purple,male,0,False,1,False,1,True,37.0,1,654fe6af3517f92a06444ca5
36,True,race_black,1,1,yes,hisp_latin_spanish_no,purple,female,1,True,1,False,1,True,32.0,1,62348a6d578faf950d112cd3
37,True,race_white,1,1,yes,hisp_latin_spanish_no,Purple,male,0,False,1,False,1,True,23.0,1,5c99543c231ab00001eb5f73
38,True,race_white,1,1,yes,hisp_latin_spanish_no,purple,female,0,False,1,False,1,True,35.0,1,604d6b35873197f34491a761
39,True,race_asian,1,1,yes,hisp_latin_spanish_no,purple,male,1,True,1,False,1,True,21.0,1,5e9809d80c268a000ae24a39
40,True,race_white,1,1,yes,hisp_latin_spanish_yes,purple,female,0,False,1,False,1,True,25.0,1,656cb657db298e7230d7cba8
41,True,race_white,1,1,yes,hisp_latin_spanish_no,purple,female,1,True,1,False,1,True,48.0,1,66872c63ccc1bc70180ae9d8
42,True,race_white,1,1,yes,hisp_latin_spanish_no,purple,female,0,True,0,False,0,True,47.0,1,5cb2956621aca7001632f50b
43,True,"race_aian, race_black, race_white",1,1,yes,hisp_latin_spanish_yes,purple,male,0,False,1,False,1,True,33.0,1,63ed2550d0836aae9f270214
44,True,race_black,1,1,yes,hisp_latin_spanish_no,purple,female,0,True,0,False,0,True,44.0,1,65c10efe2d3b8e53c08ce7fd
45,True,race_white,1,1,yes,hisp_latin_spanish_no,purple,female,0,False,1,False,1,True,32.0,1,63ed259ca17a832b0b8b9e1c
46,True,race_white,1,1,yes,hisp_latin_spanish_no,purple,female,1,False,0,False,0,True,26.0,1,5ce75cba06b9070019b6f1d5
47,True,,1,1,yes,,purple,,1,True,1,False,1,True,,1,5d61547443c13200193ccb12
48,True,race_white,1,1,yes,hisp_latin_spanish_no,purple,male,1,True,1,False,1,True,40.0,1,60dc8fa8b033f9ddb272ab76
49,True,race_white,1,1,yes,hisp_latin_spanish_no,purple,male,0,False,1,False,1,True,51.0,1,656e9941c494481576133163
50,True,race_white,1,1,yes,hisp_latin_spanish_no,purple,male,1,True,1,False,1,True,39.0,1,6318c3b2f781fbd55e9663af
51,True,race_white,1,1,yes,hisp_latin_spanish_no,purple,male,1,False,0,False,0,True,34.0,1,668be578e4448cdb5c53fb5d
52,True,race_white,1,1,yes,hisp_latin_spanish_no,purple,female,1,False,0,False,0,True,40.0,1,60a56378aa5f55ddac516adc
53,True,race_black,1,1,yes,hisp_latin_spanish_no,purple,male,1,True,1,False,1,True,21.0,1,668bee97bfe31ed5aa0f1dd1
54,True,race_white,1,1,yes,hisp_latin_spanish_no,purple,male,0,True,0,False,0,True,34.0,1,62bf0e174650375f525c21bf
55,True,race_white,1,1,yes,hisp_latin_spanish_no,purple,male,1,False,1,True,0,True,43.0,1,5dd33bd8f01cbe3350807cf6
56,True,race_white,1,1,yes,hisp_latin_spanish_no,purple,male,1,False,0,False,0,True,44.0,1,5dd3581abca2e436d1c171cb
57,True,race_white,1,1,yes,hisp_latin_spanish_no,purple,female,0,False,1,False,1,True,39.0,1,662ba946b5b5ad6649de4715
58,True,race_white,1,1,yes,hisp_latin_spanish_no,purple,,0,True,0,False,0,True,28.0,1,5d12f0751fe594001925ffdc
59,True,race_white,1,1,yes,hisp_latin_spanish_yes,purple,female,0,True,0,False,0,True,41.0,1,5d1ba5653788ac0019ced548
60,True,"race_asian, race_white",1,1,yes,hisp_latin_spanish_no,purple,male,1,False,0,False,0,True,38.0,1,5825e7318cba990001adf031
61,True,race_white,1,1,yes,hisp_latin_spanish_no,purple,male,0,False,1,False,1,True,40.0,1,60a41d04652281520e743490
62,True,race_white,1,1,yes,hisp_latin_spanish_yes,purple,female,0,True,0,False,0,True,33.0,1,5917a80890da230001914301
63,True,"race_white, race_other",1,1,yes,hisp_latin_spanish_no,purple,male,1,True,1,False,1,True,36.0,1,591b75f5e39e09000145b241
64,True,race_other,1,1,yes,hisp_latin_spanish_yes,purple,male,1,True,1,False,1,True,30.0,1,6684aca8413037e0890e98a7
65,True,race_asian,1,1,yes,hisp_latin_spanish_no,purple,female,1,False,0,False,0,True,27.0,1,65bfe825c8e91b3051f38c7f
66,True,race_white,1,1,yes,hisp_latin_spanish_no,Purple,female,0,False,1,False,1,True,36.0,1,63d4180ab574360ec6d6c9d6
67,True,race_white,1,1,yes,hisp_latin_spanish_no,purple,female,1,False,1,True,0,True,43.0,1,5b4532ccc623ed00013d2a41
68,True,race_white,1,1,yes,hisp_latin_spanish_no,purple,female,0,False,1,False,1,True,59.0,1,63cbfaf6ab54f6b8d8a054d7
69,True,race_white,1,1,yes,hisp_latin_spanish_no,purple,female,0,True,0,False,0,True,59.0,1,5bdfa18a90edd30001c90bc8
70,True,race_white,1,1,yes,hisp_latin_spanish_yes,purple,male,0,True,0,False,0,True,33.0,1,5be1030c2b1e7d000178d718
71,True,"race_asian, race_white",1,1,yes,hisp_latin_spanish_no,purple,male,1,False,1,True,0,True,34.0,1,5ba85b52ce805400013f3955
72,True,race_black,1,1,yes,hisp_latin_spanish_no,purple,female,1,True,1,False,1,True,40.0,1,65caa7c0f1403c9b8141857c
73,True,race_white,1,1,yes,hisp_latin_spanish_no,purple,female,1,True,1,False,1,True,38.0,1,5e7a0da5c8327f0406f24b9a
74,True,race_white,1,1,yes,hisp_latin_spanish_no,purple,male,0,False,1,False,1,True,30.0,1,5f80ad91828fad121b89f19b
75,True,race_other,1,1,yes,hisp_latin_spanish_yes,purple,male,1,False,0,False,0,True,30.0,1,66422c26051c1a2c318dbcc8
76,True,race_asian,1,1,yes,hisp_latin_spanish_no,purple,male,1,False,0,False,0,True,21.0,1,66623b50ab69ef83a0d8b6c4
77,True,race_white,1,1,yes,hisp_latin_spanish_no,purple,male,0,False,1,False,1,True,24.0,1,5dedd99a3d36b24855532bb3
78,True,race_white,1,1,yes,hisp_latin_spanish_no,purple,male,1,True,1,False,1,True,37.0,1,583c47973f1540000163f02b
79,True,race_white,1,1,yes,hisp_latin_spanish_no,purple,male,1,True,1,False,1,True,46.0,1,592f1db78ad1ae0001937983
80,True,race_white,1,1,yes,hisp_latin_spanish_no,purple,male,1,True,1,False,1,True,34.0,1,668959a7ecf71cb66cf9768a
81,True,race_white,1,1,yes,hisp_latin_spanish_yes,purple,male,0,True,0,False,0,True,41.0,1,6688c17f09ea0b87ff9b4333
82,True,race_white,1,1,yes,hisp_latin_spanish_no,purple,male,0,True,0,False,0,True,36.0,1,5c26ff27bbcebf0001cc8eeb
83,True,race_white,1,1,yes,hisp_latin_spanish_no,purple,female,1,True,0,True,1,True,59.0,1,5c8808098d2bbf0017e4b527
84,True,race_white,1,1,yes,hisp_latin_spanish_no,purple,female,0,False,1,False,1,True,36.0,1,58350bfe8f7d460001e8ba7f
85,True,race_asian,1,1,yes,hisp_latin_spanish_no,purple,male,1,True,1,False,1,True,31.0,1,542473a4fdf99b691fb38455
86,True,race_black,1,1,yes,hisp_latin_spanish_yes,purple,male,1,True,1,False,1,True,31.0,1,5abc517c1667e40001d80d68
87,True,race_asian,1,1,yes,hisp_latin_spanish_no,purple,male,1,False,0,False,0,True,30.0,1,59c3f1de8e6ea10001f7b9f4
88,True,race_white,1,1,yes,hisp_latin_spanish_no,purple,female,1,True,1,False,1,True,32.0,1,66439df8cecf5fd276606155
89,True,race_white,1,1,yes,hisp_latin_spanish_no,purple,female,1,True,1,False,1,True,24.0,1,60fdc9a0f143efb10074f66c
90,True,race_white,1,1,yes,hisp_latin_spanish_no,purple,female,0,True,1,True,0,True,42.0,1,5efc7ce3a68c6601284caaf0
91,True,race_white,1,1,yes,hisp_latin_spanish_no,purple,female,0,True,0,False,0,True,27.0,1,6100265154484509f0434d87
92,True,race_white,1,1,yes,hisp_latin_spanish_no,purple,female,0,True,0,False,0,True,22.0,1,60fd80c426ac8c2b5da717b7
93,True,race_white,1,1,yes,hisp_latin_spanish_no,purple,male,1,True,1,False,1,True,26.0,1,6079fd1b7a4fba956ebbffe7
94,True,race_black,1,1,yes,hisp_latin_spanish_no,purple,male,1,True,1,False,1,True,27.0,1,64414f161baf4ec22ff38361
95,True,race_white,1,1,yes,hisp_latin_spanish_no,purple,female,0,True,0,False,0,True,49.0,1,5ac19ba968b65b00018d3393
96,True,race_white,1,1,yes,hisp_latin_spanish_yes,purple,,0,True,0,False,0,True,36.0,1,655645fe6d83c19a5f536085
97,True,race_white,1,1,yes,hisp_latin_spanish_no,purple,male,1,False,0,False,0,True,67.0,1,5898b6e256357700011c2c6b
98,True,race_white,1,1,yes,hisp_latin_spanish_no,purple,female,1,True,1,False,1,True,27.0,1,55cb9fb2fdf99b45b781b3cb
99,True,race_black,1,1,yes,hisp_latin_spanish_no,purple,female,0,False,1,False,1,True,46.0,1,614227ca2722b36a2e6a593b
100,True,race_white,1,1,yes,hisp_latin_spanish_no,purple,male,0,False,1,False,1,True,27.0,1,5e1e1082baff6e17976ee3ad
101,True,race_white,1,1,yes,hisp_latin_spanish_no,purple,male,0,False,1,False,1,True,36.0,1,60ebe5aeb6137d5f2b9f436f
102,True,"race_black, race_white",1,1,yes,hisp_latin_spanish_yes,purple,female,1,True,1,False,1,True,34.0,1,5be5edc29907dd00013b241b
103,True,race_white,1,1,yes,hisp_latin_spanish_no,purple,male,1,False,0,False,0,True,42.0,1,5f4e5470ade9a50008e5df29
104,True,race_white,1,1,yes,hisp_latin_spanish_no,purple,female,0,False,1,False,1,True,46.0,1,5c02adedc776820001bd6db8
105,True,race_white,1,1,yes,hisp_latin_spanish_no,purple,male,1,True,1,False,1,True,33.0,1,628e96b9b7679f5464681a9a
106,True,race_white,1,1,yes,hisp_latin_spanish_no,purple,female,1,False,0,False,0,True,27.0,1,60fe1e2e185eb1dfc03e422e
107,True,race_white,1,1,yes,hisp_latin_spanish_no,purple,male,1,True,1,False,1,True,49.0,1,5e69262252db1208dd701f0d
108,True,race_white,1,1,yes,hisp_latin_spanish_no,purple,male,0,True,0,False,0,True,47.0,1,5a8ccf78f1408d000176c496
109,True,race_white,1,1,yes,hisp_latin_spanish_no,purple ,female,1,True,1,True,1,True,26.0,1,61005994f00f5172f1ca3541
110,True,race_white,1,1,yes,hisp_latin_spanish_no,purple,male,0,True,0,False,0,True,45.0,1,5aa2dcf36219a30001f57b7e
111,True,race_white,1,1,yes,hisp_latin_spanish_no,purple,male,0,True,0,False,0,True,25.0,1,6686a311e31819970c7060d0
112,True,race_white,1,1,yes,hisp_latin_spanish_no,purple,female,0,True,0,False,0,True,77.0,1,637b7f4d4d723fb9bbb2c506
113,True,race_white,1,1,yes,hisp_latin_spanish_no,purple,male,1,False,0,False,0,True,39.0,1,5fb67312c33c0039e7ce8767
114,True,race_aian,1,1,yes,hisp_latin_spanish_no,purple,female,0,False,1,False,1,True,39.0,1,559cb12dfdf99b4989fb18ed
115,True,race_white,1,1,yes,hisp_latin_spanish_no,purple,female,1,True,1,False,1,True,30.0,1,663f5fad6202298784d35b0b
116,True,race_white,1,1,yes,hisp_latin_spanish_no,purple,female,0,False,1,False,1,True,28.0,1,668ae69fb6258befd5b5ff61
117,True,race_asian,1,1,yes,hisp_latin_spanish_yes,purple,male,0,True,0,False,0,True,32.0,1,661e31a546f0b7a1feeb44d3
118,True,race_black,1,1,yes,hisp_latin_spanish_no,purple,female,1,False,0,False,0,True,47.0,1,667db5c15b72221838e4bef5
119,True,race_white,1,1,yes,hisp_latin_spanish_no,Purple,male,1,False,0,False,0,True,38.0,1,668bf2cb327ed068988718d5
120,True,race_white,1,1,yes,hisp_latin_spanish_no,Purple,male,0,True,0,False,0,True,29.0,1,5f165569283f061ba3d3766a
121,True,race_white,1,1,yes,hisp_latin_spanish_no,Purple,male,0,False,1,False,1,True,24.0,1,65e39c3264160e7a80569b26
122,True,race_white,1,1,yes,hisp_latin_spanish_no,purple,male,1,True,1,False,1,True,45.0,1,5e3606315bfa435ce4d6246c
123,True,race_white,1,1,yes,hisp_latin_spanish_no,purple,male,0,False,1,False,1,True,32.0,1,60130a7eb76cfa159cf92924
124,True,race_asian,1,1,yes,hisp_latin_spanish_no,purple,female,0,True,0,False,0,True,34.0,1,6566c732569a039c1a6392cd
125,True,race_white,1,1,yes,hisp_latin_spanish_no,purple,male,1,True,1,False,1,True,41.0,1,5dd2f0818950ba2f90b01bc1
126,True,race_white,1,1,yes,hisp_latin_spanish_no,purple,female,1,False,0,False,0,True,27.0,1,6679bffe70c9df4d6ec57803
127,True,race_white,1,1,yes,hisp_latin_spanish_no,purple,male,0,True,0,False,0,True,33.0,1,61018fd6e1c6509680d873d5
128,True,race_white,1,1,yes,hisp_latin_spanish_no,Purple,female,0,True,0,False,0,True,42.0,1,66533aab1791200ec7f2dda3
129,True,race_white,1,1,yes,hisp_latin_spanish_no,purple,female,0,False,1,False,1,True,38.0,1,666c8d765bdc82181e7c2f37
130,True,race_white,1,1,yes,hisp_latin_spanish_no,purple,female,0,False,1,False,1,True,28.0,1,61114900397e237bc7a0762e
131,True,race_white,1,1,yes,hisp_latin_spanish_no,purple,female,1,True,1,False,1,True,28.0,1,59f22a9fd6380600018b2929
132,True,race_white,1,1,yes,hisp_latin_spanish_no,purple,male,1,False,0,False,0,True,44.0,1,668b4631eb7d83097df38379
133,True,race_asian,1,1,yes,hisp_latin_spanish_no,purple,female,1,False,0,False,0,True,23.0,1,61592ea07347e286bca1955f
134,True,race_black,1,1,yes,hisp_latin_spanish_no,purple,female,1,True,1,False,1,True,19.0,1,668c4dea047590ab96c39947
135,True,race_black,1,1,yes,hisp_latin_spanish_no,purple,male,1,True,1,False,1,True,22.0,1,668a8c6131488112c40b826d
136,True,race_asian,1,1,yes,hisp_latin_spanish_no,purple,female,1,True,1,False,1,True,28.0,1,5ef00061e45c1f1988455df5
137,True,"race_black, race_white",1,1,yes,hisp_latin_spanish_no,purple,female,1,True,1,False,1,True,58.0,1,5d16ab9b59da87001ac41a61
138,True,race_white,1,1,yes,hisp_latin_spanish_no,purple,female,1,True,1,False,1,True,31.0,1,667d93d9f089b054b4893229
139,True,race_white,1,1,yes,hisp_latin_spanish_no,purple,female,1,True,1,False,1,True,36.0,1,66352d0a67b94a03b2d0d18f
140,True,race_white,1,1,yes,hisp_latin_spanish_no,purple,male,1,True,1,False,1,True,42.0,1,5a3aac19c478830001cc9e12
141,True,race_white,1,1,yes,hisp_latin_spanish_no,purple,male,1,False,0,False,0,True,25.0,1,667d6fa426f7aaebe2568cef
142,True,race_white,1,1,yes,hisp_latin_spanish_no,purple,female,1,True,1,False,1,True,81.0,1,66734988aa67148ada9252f0
143,True,race_white,1,1,yes,hisp_latin_spanish_no,purple,female,0,True,0,False,0,True,41.0,1,5f6ac5bcc5ebb41a6e24bc70
144,True,race_white,1,1,yes,hisp_latin_spanish_no,purple,female,1,True,1,False,1,True,64.0,1,57ac740478a38d00017cce22
145,True,race_white,1,1,yes,hisp_latin_spanish_yes,purple,male,0,False,0,True,1,True,39.0,1,65be1c3c9e0cc6b90d02f412
146,True,race_white,1,1,yes,hisp_latin_spanish_no,purple,female,1,True,1,False,1,True,19.0,1,6629d34e05846b8ba3a04a5e
147,True,race_other,1,1,yes,hisp_latin_spanish_no,purple,female,0,False,1,False,1,True,36.0,1,663f8bf4a6a0ec151fc7eb28
148,True,race_white,1,1,yes,hisp_latin_spanish_no,purple,male,0,True,0,False,0,True,48.0,1,5ac2f7e35cd1050001621c00
149,True,race_black,1,1,yes,hisp_latin_spanish_no,purple,male,0,True,0,False,0,True,34.0,1,666edd4812b81506cf77bc42
150,True,race_white,1,1,yes,hisp_latin_spanish_no,purple,male,0,True,0,False,0,True,55.0,1,647654b5c93db305ae533763
151,True,race_white,1,1,yes,hisp_latin_spanish_no,purple,female,0,False,1,False,1,True,29.0,1,60fdc94052605ef932c32723
152,True,race_white,1,1,yes,hisp_latin_spanish_no,Purple,male,1,True,1,False,1,True,70.0,1,6661e9d006648b364f7fa495
153,True,race_white,1,1,yes,hisp_latin_spanish_no,purple,female,0,False,1,False,1,True,24.0,1,665a677a57546a49a3fca563
154,True,race_white,1,1,yes,hisp_latin_spanish_no,purple,female,0,True,0,False,0,True,21.0,1,6310b35d758f80e9cf3f4e41
155,True,race_black,1,1,yes,hisp_latin_spanish_no,purple,female,1,True,1,False,1,True,46.0,1,64db7a4850be99df7d90917f
156,True,race_white,1,1,yes,hisp_latin_spanish_no,purple,male,1,False,0,False,0,True,38.0,1,5ca999aacf827100165119f4
157,True,race_black,1,1,yes,hisp_latin_spanish_no,Purple,female,0,False,1,False,1,True,53.0,1,663f6cbf9167b22485df2fe1
158,True,race_white,1,1,yes,hisp_latin_spanish_no,purple,female,1,False,0,False,0,True,40.0,1,668aa889a7254e992fe0aea8
159,True,race_white,1,1,yes,hisp_latin_spanish_no,Purple,female,1,True,1,False,1,True,50.0,1,5debf648a20dbe2ee18953a9
160,True,race_black,1,1,yes,hisp_latin_spanish_no,purple,female,0,True,0,False,0,True,66.0,1,5bd212acb966600001c12376
161,True,race_white,1,1,yes,hisp_latin_spanish_no,purple,male,1,True,1,False,1,True,38.0,1,5f24629d239fcb02d69a18d1
162,True,race_white,1,1,yes,hisp_latin_spanish_no,purple,male,1,False,0,False,0,True,24.0,1,63fcd5c939fe3d0164cf8eb3
163,True,race_white,1,1,yes,hisp_latin_spanish_yes,purple,female,0,False,1,False,1,True,47.0,1,6549067ce0214a4aea3e713a
164,True,"race_aian, race_white",1,1,yes,hisp_latin_spanish_no,purple,female,1,False,0,False,0,True,30.0,1,5ecd649985aa0b0c194928bb
165,True,race_white,1,1,yes,hisp_latin_spanish_no,purple,male,1,True,1,False,1,True,30.0,1,64151f08bb5879eb3a22d82b
166,True,race_black,1,1,yes,hisp_latin_spanish_yes,Purple,male,1,True,1,False,1,True,20.0,1,5f9ea47d6151d44526665c72
167,True,race_asian,1,1,yes,hisp_latin_spanish_no,purple,female,1,True,1,False,1,True,22.0,1,65cb992e0bf0893411b80ee4
168,True,race_black,1,1,yes,hisp_latin_spanish_no,purple,female,0,True,0,False,0,True,49.0,1,64d59329f652ebed1955560d
169,True,race_white,1,1,yes,hisp_latin_spanish_no,purple,male,1,True,1,False,1,True,23.0,1,636578c6aa1228f8b15ee701
170,True,race_white,1,1,yes,hisp_latin_spanish_no,purple,male,1,False,0,False,0,True,28.0,1,60d3736964ea8092eba95633
171,True,race_white,1,1,yes,hisp_latin_spanish_yes,purple,male,1,True,1,False,1,True,39.0,1,668413bb01a3e0079e7539b9
172,True,"race_aian, race_white",1,1,yes,hisp_latin_spanish_no,purple,female,1,True,1,False,1,True,48.0,1,5edceace34669404354ab615
173,True,"race_asian, race_white",1,1,yes,hisp_latin_spanish_no,purple,female,0,True,0,False,0,True,25.0,1,661d0b257a28a596c60285c5
174,True,race_black,1,1,yes,hisp_latin_spanish_yes,purple,female,1,True,1,False,1,True,56.0,1,642700bf265ab07308a02420
175,True,race_white,1,1,yes,hisp_latin_spanish_no,purple,female,0,True,0,False,0,True,55.0,1,6400df7ae45255e4b745813e
176,True,race_white,1,1,yes,hisp_latin_spanish_no,purple,male,0,True,0,False,0,True,35.0,1,60c14a3e834adb62102cffa0
177,True,race_black,1,1,yes,hisp_latin_spanish_no,purple,male,1,False,0,False,0,True,66.0,1,65f07f93bd026fceb1b349d5
178,True,race_white,1,1,yes,hisp_latin_spanish_no,purple,male,0,True,0,False,0,True,52.0,1,6689ba41a73da63fd663ee25
179,True,race_white,1,1,yes,hisp_latin_spanish_no,purple,female,0,True,0,False,0,True,38.0,1,5d0fb996286e1700010de2c1
180,True,race_asian,1,1,yes,hisp_latin_spanish_no,purple,male,0,True,0,False,0,True,30.0,1,5ea3aa462d77061c2a8fc5d6
181,True,race_white,1,1,yes,hisp_latin_spanish_no,purple,male,0,True,1,True,0,True,44.0,1,660dff93ef11b23566dd4af9
182,True,race_asian,1,1,yes,hisp_latin_spanish_no,purple,male,0,True,0,False,0,True,28.0,1,5d3a10f0708b4f0001aa2513
183,True,race_white,1,1,yes,hisp_latin_spanish_no,Purple,female,1,True,1,False,1,True,42.0,1,60258b14dde99512dc57b339
184,True,race_white,1,1,yes,hisp_latin_spanish_no,purple,female,1,True,1,False,1,True,56.0,1,5dde8961a4aa26f2f73d785b
185,True,race_white,1,1,yes,hisp_latin_spanish_no,purple,male,0,True,0,False,0,True,64.0,1,571a3f73c97ad400083a2ea0
186,True,race_white,1,1,yes,hisp_latin_spanish_no,purple,female,1,True,1,False,1,True,31.0,1,5e5e9f949ec7440200735db7
187,True,race_white,1,1,yes,hisp_latin_spanish_no,purple,female,0,True,0,False,0,True,33.0,1,5f2058f49ba2a80e803b2614
188,True,race_white,1,1,yes,hisp_latin_spanish_no,purple,male,1,False,0,False,0,True,30.0,1,63ea451d26e9af5be0b01d50
189,True,race_white,1,1,yes,hisp_latin_spanish_no,purple,male,1,True,1,False,1,True,54.0,1,5b15d4dee9270900013c7967
190,True,race_black,1,1,yes,hisp_latin_spanish_no,purple,male,0,True,0,False,0,True,26.0,1,66315843eece3dac070c3992
191,True,race_white,1,1,yes,hisp_latin_spanish_no,purple,female,0,True,0,False,0,True,41.0,1,668d3ef0419bff325ae2793b
192,True,"race_asian, race_white",1,1,yes,hisp_latin_spanish_no,purple,female,1,False,0,False,0,True,36.0,1,5b9482266484de00018a93f4
193,True,race_white,1,1,yes,hisp_latin_spanish_no,purple,female,1,True,1,False,1,True,43.0,1,6687f1e7d3fe7e3445251a71
194,True,race_white,1,1,yes,hisp_latin_spanish_no,purple,male,0,True,0,False,0,True,48.0,1,66311d7d4c5357826bc90e2f
195,True,race_white,1,1,yes,hisp_latin_spanish_no,purple ,male,0,True,0,True,0,True,39.0,1,5e833e342598d4053db08f1f
196,True,race_white,1,1,yes,hisp_latin_spanish_no,purple,female,0,True,0,False,0,True,47.0,1,66329abb8d822d4a70167e9e
197,True,race_aian,1,1,yes,hisp_latin_spanish_no,purple,female,0,False,1,False,1,True,29.0,1,65a693cf341680ad6bb19863
198,True,race_white,1,1,yes,hisp_latin_spanish_no,Purple,female,0,True,0,False,0,True,58.0,1,63dc117ead87f37c5b39218b
199,True,race_white,1,1,yes,hisp_latin_spanish_no,purple,female,1,True,1,False,1,True,26.0,1,6658b9b57408cb9554696a6f
200,True,race_white,1,1,yes,hisp_latin_spanish_no,purple,female,1,False,0,False,0,True,28.0,1,6098641df70412762c9a9af8
201,True,race_asian,1,1,yes,hisp_latin_spanish_no,purple,male,1,True,1,False,1,True,35.0,1,667f34222a938f35fe0e6093
202,True,race_white,1,1,yes,hisp_latin_spanish_no,purple,female,0,True,0,False,0,True,21.0,1,668c24fd42878c38ea59f3e4
203,True,race_white,1,1,yes,hisp_latin_spanish_no,purple,male,0,True,0,False,0,True,31.0,1,63f779127615013e0c299234
204,True,"race_white, race_other",1,1,yes,hisp_latin_spanish_yes,purple,male,1,True,1,False,1,True,41.0,1,60ae54561666056b2558ba4d
205,True,race_white,1,1,yes,hisp_latin_spanish_no,purple,female,0,False,1,False,1,True,59.0,1,5c3faea48cb6f5000180c64b
206,True,race_black,1,1,yes,hisp_latin_spanish_no,purple,male,1,True,1,False,1,True,46.0,1,5c7e764fa7432a00169e1499
207,True,race_white,1,1,yes,hisp_latin_spanish_no,Purple,female,0,False,1,False,1,True,38.0,1,65fe37d695c933bde3d2897f
208,True,race_white,1,1,yes,hisp_latin_spanish_no,purple,female,1,False,0,False,0,True,34.0,1,6678d5cac1c5767636fee65a
209,True,race_black,1,1,yes,hisp_latin_spanish_no,purple,male,0,True,0,False,0,True,54.0,1,6604a9d94d79dc2edd913cdc
210,True,race_white,1,1,yes,hisp_latin_spanish_no,purple,male,0,False,1,False,1,True,29.0,1,5dea9f92c3aca11bffec8b7e
211,True,race_white,1,1,yes,hisp_latin_spanish_no,purple,male,0,True,0,False,0,True,32.0,1,56942483e0c800000c5969d0
212,True,race_white,1,1,yes,hisp_latin_spanish_no,purple,female,1,True,1,False,1,True,29.0,1,60fee74fa3b33a3312af7568
213,True,race_asian,1,1,yes,hisp_latin_spanish_no,purple,male,1,True,1,False,1,True,,1,63d7cf8ada2af03d8c382a9a
214,True,race_white,1,1,yes,hisp_latin_spanish_no,purple,female,1,True,1,False,1,True,21.0,1,6101dd552c4f666180515e70
215,True,race_white,1,1,yes,hisp_latin_spanish_no,purple,female,0,True,0,False,0,True,36.0,1,5bbc18010cb04c00015025ce
216,True,race_white,1,1,yes,hisp_latin_spanish_no,purple,male,0,True,0,False,0,True,39.0,1,652d6ee4ed1a019d898ce377
217,True,race_asian,1,1,yes,hisp_latin_spanish_no,purple,female,0,True,0,False,0,True,53.0,1,5e7146ee69a3f1061774803b
218,True,race_black,1,1,yes,hisp_latin_spanish_no,purple,female,1,True,1,False,1,True,20.0,1,66844ced41f835bd67a19a4e
219,True,race_asian,1,1,yes,hisp_latin_spanish_no,purple,female,1,False,0,False,0,True,26.0,1,660af655d0c10066ebf22123
220,True,race_white,1,1,yes,hisp_latin_spanish_no,purple,female,1,False,0,False,0,True,29.0,1,5f20c7843957f61f62c58bb6
221,True,race_white,1,1,yes,hisp_latin_spanish_no,purple,female,1,True,1,False,1,True,24.0,1,652827034dd3f85d59a851a1
222,True,race_white,1,1,yes,hisp_latin_spanish_no,purple,male,1,True,1,False,1,True,22.0,1,5b706cacde62c60001b93885
223,True,"race_black, race_white",1,1,yes,hisp_latin_spanish_yes,purple,male,1,True,2,True,1,True,23.0,1,63d2d90dab88cd046129d697
224,True,race_white,1,1,yes,hisp_latin_spanish_no,purple,female,1,False,0,False,0,True,53.0,1,6660f30d9cab7604513cf59b
225,True,race_white,1,1,yes,hisp_latin_spanish_no,purple,male,0,True,0,False,0,True,32.0,1,668c8323480134a3e3b9156e
226,True,race_white,1,1,yes,hisp_latin_spanish_no,purple,female,1,True,1,False,1,True,40.0,1,578bcb2c09fb91000133750e
227,True,race_white,1,1,yes,hisp_latin_spanish_no,purple,male,0,False,1,False,1,True,35.0,1,62f716849a6ee6e7e2f5a948
228,True,race_white,1,1,yes,hisp_latin_spanish_no,purple,female,0,True,0,False,0,True,30.0,1,610c32cc517bcb160df7156b
229,True,race_white,1,1,yes,hisp_latin_spanish_no,purple,female,1,False,1,True,0,True,51.0,1,5a33d736bf4d770001e6097a
230,True,race_white,1,1,yes,hisp_latin_spanish_no,purple,male,1,True,1,False,1,True,34.0,1,62c97585c81636f2f16fbbb0
231,True,race_other,1,1,yes,hisp_latin_spanish_no,purple,male,0,False,1,False,1,True,31.0,1,63ebbd7af1c80715178e5586
232,True,race_asian,1,1,yes,hisp_latin_spanish_no,purple,male,0,False,1,False,1,True,35.0,1,5feffe5b069e3b33013fc664
233,True,race_white,1,1,yes,hisp_latin_spanish_no,purple,male,1,False,0,False,0,True,31.0,1,629e1dcac03690dc02e2859c
234,True,race_white,1,1,yes,hisp_latin_spanish_no,purple,male,0,False,1,False,1,True,69.0,1,5deaa726df55eb1cc1b9474f
235,True,race_aian,1,1,yes,hisp_latin_spanish_no,purple,female,0,True,0,False,0,True,33.0,1,668848652769abd34e7b206c
236,True,race_white,1,1,yes,hisp_latin_spanish_no,purple,female,1,True,1,False,1,True,55.0,1,5d5035c5d87393001af70561
237,True,race_white,1,1,yes,hisp_latin_spanish_no,purple,female,1,False,0,False,0,True,57.0,1,5a8c2da3eea3d300016ea27c
238,True,race_white,1,1,yes,hisp_latin_spanish_no,purple,female,1,False,0,False,0,True,25.0,1,6101b2bd773eda1ca09f0f71
239,True,race_white,1,1,yes,hisp_latin_spanish_no,purple,female,1,False,0,False,0,True,37.0,1,5c4e7dcdd3a5e30001836f82
240,True,race_white,1,1,yes,hisp_latin_spanish_no,purple,female,1,False,0,False,0,True,56.0,1,5ccd0f475e55070017900639
241,True,race_black,1,1,yes,hisp_latin_spanish_no,purple,female,0,True,0,False,0,True,32.0,1,61108719ddb956bd0e94733d
242,True,race_white,1,1,yes,hisp_latin_spanish_no,purple,male,1,True,1,False,1,True,36.0,1,5ef4d71e2e4e740edef0340a
243,True,race_white,1,1,yes,hisp_latin_spanish_no,purple,female,1,False,0,False,0,True,29.0,1,668c8ed1b6d5c48d7b9a15d8
244,True,race_asian,1,1,yes,hisp_latin_spanish_no,purple,male,0,True,0,False,0,True,27.0,1,660b098ba172fc4ee2022e5e
245,True,race_white,1,1,yes,hisp_latin_spanish_yes,purple,female,1,True,1,False,1,True,49.0,1,66298145eb6880569bc344b6
246,True,race_white,1,1,yes,hisp_latin_spanish_no,purple,female,0,True,0,False,0,True,32.0,1,60e49c6274c1be146fa85140
247,True,race_white,1,1,yes,hisp_latin_spanish_no,purple,female,1,False,0,False,0,True,24.0,1,61fa93435719bc09cb834c4f
248,True,race_black,1,1,yes,hisp_latin_spanish_no,purple,male,0,True,0,False,0,True,22.0,1,6681318f12dcb4b45a153744
249,True,race_white,1,1,yes,hisp_latin_spanish_yes,Purple ,male,1,True,1,True,1,True,25.0,1,667a0241cc159c39b31b9187
250,True,race_black,1,1,yes,hisp_latin_spanish_no,purple,male,0,False,1,False,1,True,24.0,1,66548eb2908b4be741dcc728
251,True,race_white,1,1,yes,hisp_latin_spanish_no,purple,male,0,False,0,True,1,True,80.0,1,6578ae6e6457e054e58a7c2d
252,True,race_black,1,1,yes,hisp_latin_spanish_no,purple,female,0,True,0,False,0,True,22.0,1,664dff8ae1bbdc55aa1ad5a4
253,True,race_white,1,1,yes,hisp_latin_spanish_no,purple,male,1,True,1,False,1,True,65.0,1,664f501445f6f63e6b86b503
254,True,race_white,1,1,yes,hisp_latin_spanish_no,purple,male,0,False,1,False,1,True,27.0,1,5aa81ccd1eda41000136eaec
255,True,race_asian,1,1,yes,hisp_latin_spanish_no,purple,female,1,True,1,False,1,True,31.0,1,665e1c44c3f09226fc41888a
256,True,race_white,1,1,yes,hisp_latin_spanish_no,purple,female,1,True,1,False,1,True,24.0,1,60fdc5bcbdcf3ea551f401a2
257,True,race_white,1,1,yes,hisp_latin_spanish_no,purple,male,1,True,1,False,1,True,33.0,1,60dd09edc00654d72f6259b3
258,True,race_white,1,1,yes,hisp_latin_spanish_no,purple,female,1,False,0,False,0,True,22.0,1,66439daf4359251777b0af6e
259,True,race_white,1,1,yes,hisp_latin_spanish_no,purple,male,1,True,1,False,1,True,27.0,1,5fc58da643622e10a1b25559
260,True,race_asian,1,1,yes,hisp_latin_spanish_no,purple,male,1,True,1,False,1,True,26.0,1,631bfb8f27645e704e21c1cd
261,True,race_white,1,1,yes,hisp_latin_spanish_no,purple,male,0,True,0,False,0,True,21.0,1,66439be0ed568375e3bf2b78
262,True,race_white,1,1,yes,hisp_latin_spanish_no,purple,male,1,False,0,False,0,True,35.0,1,5d266ac758e9350001ea7d6b
263,True,race_asian,1,1,yes,hisp_latin_spanish_no,purple,female,1,False,0,False,0,True,31.0,1,5d3cbfc784c3c60019f03024
264,True,race_black,1,1,yes,hisp_latin_spanish_no,purple,male,0,True,0,False,0,True,40.0,1,662d15c45fc2c1ca89b362bf
265,True,race_white,1,1,yes,hisp_latin_spanish_no,purple,female,1,True,1,False,1,True,33.0,1,5e4f1b00508a16000b0978ff
266,True,race_white,1,1,yes,hisp_latin_spanish_no,purple,male,0,True,0,False,0,True,39.0,1,65d665e4b69a7f1d3def028c
267,True,race_white,1,1,yes,hisp_latin_spanish_no,purple,female,0,False,1,False,1,True,23.0,1,6306679aefe2197ff06b2621
268,True,race_white,1,1,yes,hisp_latin_spanish_no,purple,female,0,True,0,False,0,True,27.0,1,5eac2cc56665cc23af76e945
269,True,race_white,1,1,yes,hisp_latin_spanish_no,purple,male,0,True,0,False,0,True,49.0,1,66730ad6fd09974702831b2d
270,True,race_white,1,1,yes,hisp_latin_spanish_no,purple,male,0,True,0,False,0,True,33.0,1,5de32329b5bed7350391666c
271,True,race_black,1,1,yes,hisp_latin_spanish_no,purple,male,0,True,0,False,0,True,51.0,1,65e391f44023e76a3bb62005
272,True,race_white,1,1,yes,hisp_latin_spanish_no,purple,female,0,True,0,False,0,True,43.0,1,5a54f0daac562400015388da
273,True,race_white,1,1,yes,hisp_latin_spanish_no,purple,male,1,True,1,False,1,True,24.0,1,6292f0eee1ac4e99987e9a90
274,True,race_white,1,1,yes,hisp_latin_spanish_no,purple,female,1,True,1,False,1,True,41.0,1,66293a3bac9b03d00e8a57e0
275,True,race_white,1,1,yes,hisp_latin_spanish_no,purple,male,1,True,1,False,1,True,39.0,1,567adef5b7d79a0012b26b95
276,True,race_white,1,1,yes,hisp_latin_spanish_no,purple,female,0,False,1,False,1,True,56.0,1,5e1b725de8a663380249e8f9
277,True,race_white,1,1,yes,hisp_latin_spanish_no,purple,female,1,False,0,False,0,True,74.0,1,661db80aebfb3f4250cf72e5
278,True,race_white,1,1,yes,hisp_latin_spanish_no,purple,male,1,True,1,False,1,True,28.0,1,63ea48d14216d1ec447296a6
279,True,race_white,1,1,yes,hisp_latin_spanish_no,purple,female,0,True,0,False,0,True,25.0,1,663e66b02a7a46907d91cc3f
280,True,race_white,1,1,yes,hisp_latin_spanish_no,purple,female,0,True,0,False,0,True,51.0,1,66718efa0b149d540c89a9fa
281,True,race_white,1,1,yes,hisp_latin_spanish_no,purple,female,1,False,0,False,0,True,29.0,1,63d3f99e6aab19fe9a92028e
282,True,race_white,1,1,yes,hisp_latin_spanish_no,purple,male,0,True,0,False,0,True,65.0,1,668c4e1777f977dbe3e55a50
283,True,,1,1,yes,,purple,,1,True,1,False,1,True,67.0,1,58c3c835334d5b0001d6374e
284,True,race_white,1,1,yes,hisp_latin_spanish_no,purple,female,0,True,0,False,0,True,62.0,1,5dd94be0fd5b288cf5cfc966
285,True,race_black,1,1,yes,hisp_latin_spanish_no,purple,female,1,True,1,False,1,True,35.0,1,66894dee33c97ad934460664
286,True,race_white,1,1,yes,hisp_latin_spanish_yes,purple,male,0,True,0,False,0,True,23.0,1,665a1f3cfa66c9fbb5cfd72a
287,True,race_white,1,1,yes,hisp_latin_spanish_no,purple,male,0,True,0,False,0,True,46.0,1,663d43581c3a5872e2a6078d
288,True,race_white,1,1,yes,hisp_latin_spanish_no,purple,female,0,True,0,False,0,True,21.0,1,664a5928238bf8db28ebe361
289,True,race_white,1,1,yes,hisp_latin_spanish_no,purple,male,1,True,1,False,1,True,57.0,1,63bc8a7755c8f23d7bfa3d65
290,True,race_white,1,1,yes,hisp_latin_spanish_no,purple,female,0,True,0,False,0,True,39.0,1,5eb33612d573b51326905f30
291,True,race_white,1,1,yes,hisp_latin_spanish_no,purple,female,0,False,1,False,1,True,28.0,1,60578ad9bad9cbbd8c786cb7
292,True,race_white,1,1,yes,hisp_latin_spanish_no,purple,male,0,False,0,True,1,True,60.0,1,66343f7910c04370761ae595
293,True,race_white,1,1,yes,hisp_latin_spanish_no,purple,female,1,True,1,False,1,True,26.0,1,5f8c5938b9fa883a8a59107f
294,True,race_white,1,1,yes,hisp_latin_spanish_no,Purple,male,1,True,1,False,1,True,31.0,1,5ef517ab79cf2c15b7452eda
295,True,race_white,1,1,yes,hisp_latin_spanish_no,purple,female,1,True,1,False,1,True,54.0,1,59a86c7c766ed90001068222
296,True,race_white,1,1,yes,hisp_latin_spanish_no,Purple,female,1,True,1,False,1,True,61.0,1,5f21f8a46a97191e94a4d08c
297,True,race_white,1,1,yes,hisp_latin_spanish_no,purple,male,0,True,0,False,0,True,68.0,1,633da98587a07a61250574d4
298,True,race_white,1,1,yes,hisp_latin_spanish_no,purple,male,0,True,0,False,0,True,27.0,1,5b47f79ef464d400013b8210
299,True,race_white,1,1,yes,hisp_latin_spanish_yes,purple,female,1,False,0,False,0,True,31.0,1,664f3e343fcea40ede6495ab
300,True,race_white,1,1,yes,hisp_latin_spanish_yes,purple,female,1,False,0,False,0,True,32.0,1,5d9e696b348a610016ad458d
301,True,race_white,1,1,yes,hisp_latin_spanish_no,purple,male,0,False,0,True,1,True,35.0,1,6685f52ae2580bed5faad362
302,True,race_white,1,1,yes,hisp_latin_spanish_no,purple,male,1,True,1,False,1,True,47.0,1,62ac8f28e67860da507dbec1
303,True,race_white,1,1,yes,hisp_latin_spanish_no,purple,male,1,True,1,False,1,True,39.0,1,616cdb7ddf98214eb27e2059
304,True,race_asian,1,1,yes,hisp_latin_spanish_no,purple,female,0,True,0,False,0,True,50.0,1,5ef9338e3fa1390009d94b76
305,True,race_white,1,1,yes,hisp_latin_spanish_no,purple,female,1,True,1,False,1,True,28.0,1,5b56686fc09af90001f187a5
306,True,race_white,1,1,yes,hisp_latin_spanish_no,purple,female,1,False,0,False,0,True,44.0,1,642afc43c4ce339b0c2763d9
307,True,race_asian,1,1,yes,hisp_latin_spanish_no,purple,male,1,True,1,False,1,True,29.0,1,66381405d881e1b8e235bef6
308,True,race_asian,1,1,yes,hisp_latin_spanish_no,purple,male,0,True,0,False,0,True,27.0,1,664b556302986cf5ccd650f4
309,True,race_white,1,1,yes,hisp_latin_spanish_no,purple,male,1,True,1,False,1,True,58.0,1,6631382e83473f9fd28046a1
310,True,race_white,1,1,yes,hisp_latin_spanish_no,purple,female,1,True,1,False,1,True,40.0,1,5f04bd7038cbb210b85195fd
311,True,race_white,1,1,yes,hisp_latin_spanish_no,purple,female,0,False,1,False,1,True,23.0,1,6655dd22e3b4def1307c0d20
312,True,race_white,1,1,yes,hisp_latin_spanish_no,purple,female,0,True,0,False,0,True,32.0,1,663a608bc18fc1a1f9d687dd
313,True,race_black,1,1,yes,hisp_latin_spanish_yes,purple,female,0,True,0,False,0,True,29.0,1,5ddb5ed4a64380abb2907440
314,True,race_white,1,1,yes,hisp_latin_spanish_no,purple,female,1,True,1,False,1,True,65.0,1,5fc27b5a13285c0008cc71ab
315,True,race_asian,1,1,yes,hisp_latin_spanish_no,purple,male,0,True,0,False,0,True,29.0,1,63b9c4596fd2a165a71d673e
316,True,race_asian,1,1,yes,hisp_latin_spanish_no,purple,female,1,True,1,False,1,True,20.0,1,6668504b4258ab708cd6a77a
317,True,race_white,1,1,yes,hisp_latin_spanish_no,purple,male,0,False,1,False,1,True,36.0,1,64401b5576e7ee7ff9dc040d
318,True,race_white,1,1,yes,hisp_latin_spanish_no,purple,male,0,True,0,False,0,True,57.0,1,5dd3dc145e91193b816a60e1
319,True,race_white,1,1,yes,hisp_latin_spanish_no,purple,female,0,True,0,False,0,True,45.0,1,65fb1a5882c2d4825dab5e81
320,True,race_white,1,1,yes,hisp_latin_spanish_no,purple,female,1,True,1,False,1,True,39.0,1,66293995c3278d1cad933ef0
321,True,race_white,1,1,yes,hisp_latin_spanish_no,purple,male,0,True,0,False,0,True,75.0,1,5dddd93ce2dcbdd58abe31f2
322,True,race_black,1,1,yes,hisp_latin_spanish_no,purple,female,1,True,1,False,1,True,40.0,1,666709da7094223a98242340
323,True,race_white,1,1,yes,hisp_latin_spanish_no,purple,male,0,True,0,False,0,True,34.0,1,634811ed1f5bcbea7adcaf69
324,True,"race_asian, race_white",1,1,yes,hisp_latin_spanish_no,purple,male,1,False,0,False,0,True,37.0,1,6150fac315ebbce59109b927
325,True,race_white,1,1,yes,hisp_latin_spanish_no,purple,male,0,True,0,False,0,True,61.0,1,611e98f99f858a3980832435
326,True,race_white,1,1,yes,hisp_latin_spanish_no,purple,male,1,True,1,False,1,True,38.0,1,593d60d9d3501e0001bc16e4
327,True,race_white,1,1,yes,hisp_latin_spanish_no,purple,female,0,False,1,False,1,True,22.0,1,5f1247c3654e7b1886255c65
328,True,race_white,1,1,yes,hisp_latin_spanish_no,purple,male,0,True,0,False,0,True,38.0,1,5fb97228ff45687f38da7813
329,True,race_asian,1,1,yes,hisp_latin_spanish_no,purple,female,1,True,2,True,1,True,23.0,1,60fd02b7f22f9dd32bff5f82
330,True,race_white,1,1,yes,hisp_latin_spanish_no,purple,male,0,False,1,False,1,True,31.0,1,5bdf7fe373c83800015898bc
331,True,race_white,1,1,yes,hisp_latin_spanish_yes,purple,male,0,True,0,False,0,True,26.0,1,633cd383a0ad479d79c05a12
332,True,race_white,1,1,yes,hisp_latin_spanish_no,purple,female,1,False,1,True,0,True,33.0,1,6500a0fad9712a314c43f1d0
333,True,race_white,1,1,yes,hisp_latin_spanish_no,purple,female,0,False,1,False,1,True,48.0,1,666f5ef1c99c2f9c3a47c434
334,True,race_white,1,1,yes,hisp_latin_spanish_no,purple,female,1,False,0,False,0,True,34.0,1,63d3fbf6aca63e00ed85d00a
335,True,race_white,1,1,yes,hisp_latin_spanish_no,purple,female,0,False,1,False,1,True,36.0,1,664c91d0c4b872416d529128
336,True,race_white,1,1,yes,hisp_latin_spanish_yes,purple,female,0,True,0,False,0,True,27.0,1,5f7d01280241ec1d52e200c1
337,True,race_white,1,1,yes,hisp_latin_spanish_no,purple,female,1,False,0,False,0,True,66.0,1,5bcded8f2d94a8000133e068
338,True,race_white,1,1,yes,hisp_latin_spanish_no,purple ,female,0,True,0,True,0,True,28.0,1,5d3c660793eb2d00017880db
339,True,race_asian,1,1,yes,hisp_latin_spanish_no,purple,female,0,True,0,False,0,True,29.0,1,66561cb4eba310c556c2d783
340,True,race_white,1,1,yes,hisp_latin_spanish_no,purple,female,1,True,1,False,1,True,46.0,1,608aede3203836ab453453a0
341,True,race_white,1,1,yes,hisp_latin_spanish_no,purple,male,1,True,1,False,1,True,44.0,1,656de737da10444f5be8063e
342,True,race_white,1,1,yes,hisp_latin_spanish_no,purple,female,0,True,0,False,0,True,21.0,1,6324190c00acac6ac06d882b
343,True,race_white,1,1,yes,hisp_latin_spanish_no,purple,male,0,False,1,False,1,True,49.0,1,615c65e4fa1c6b2e5a7d0971
344,True,race_white,1,1,yes,hisp_latin_spanish_no,purple,male,0,True,0,False,0,True,37.0,1,664d9194e49497decd4a5536
345,True,race_white,1,1,yes,hisp_latin_spanish_no,purple,male,1,True,1,False,1,True,31.0,1,5bd732dc9760e90001148cd0
346,True,race_asian,1,1,yes,hisp_latin_spanish_no,purple,male,1,False,0,False,0,True,26.0,1,5eadd3cf13f83a483b5b8c04
347,True,race_other,1,1,yes,hisp_latin_spanish_no,purple,female,1,True,1,False,1,True,28.0,1,60fe513b231db80168012d06
348,True,race_white,1,1,yes,hisp_latin_spanish_no,purple,female,0,False,1,False,1,True,26.0,1,5f4b52e323952f0008e0fd48
349,True,race_white,1,1,yes,hisp_latin_spanish_no,purple,male,1,True,1,False,1,True,51.0,1,63213cae8cfeef4aa57d329f
350,True,race_white,1,1,yes,hisp_latin_spanish_no,purple,female,0,True,0,False,0,True,42.0,1,657f8d99678be2d216a85c3d
351,True,,1,1,yes,hisp_latin_spanish_yes,purple,male,0,False,1,False,1,True,22.0,1,5ee8c7fc15b7921df9c2d2a6
352,True,race_white,1,1,yes,hisp_latin_spanish_no,purple,male,0,True,0,False,0,True,27.0,1,62ec6448b97885449097b71f
353,True,race_white,1,1,yes,hisp_latin_spanish_no,purple,female,1,False,0,False,0,True,29.0,1,6682a107f568ce4c42a5e81a
354,True,race_white,1,1,yes,hisp_latin_spanish_yes,purple,female,1,True,1,False,1,True,24.0,1,6645a794be029b87060615aa
355,True,race_asian,1,1,yes,hisp_latin_spanish_no,purple,male,0,True,0,False,0,True,37.0,1,63345f710321e08d1720919e
356,True,race_black,1,1,yes,hisp_latin_spanish_no,purple,male,1,False,0,False,0,True,34.0,1,6155bb7bd61da3e93bc842e8
357,True,race_white,1,1,yes,hisp_latin_spanish_no,purple,female,1,True,0,True,1,True,35.0,1,5febd16bbaa7c4d3e31147a0
358,True,race_white,1,1,yes,hisp_latin_spanish_no,purple,female,0,True,0,False,0,True,74.0,1,5db6553837647d000bb049ab
359,True,race_white,1,1,yes,hisp_latin_spanish_no,purple,female,1,False,1,True,0,True,47.0,1,570d891d42a1db000fc65b4d
360,True,race_white,1,1,yes,hisp_latin_spanish_no,purple,female,1,True,1,False,1,True,43.0,1,5589e729fdf99b18bd86d2c8
361,True,race_white,1,1,yes,hisp_latin_spanish_yes,purple,male,1,False,0,False,0,True,49.0,1,6581b7c4798415297872c04d
362,True,race_white,1,1,yes,hisp_latin_spanish_no,purple,female,1,True,1,False,1,True,37.0,1,5e40774a2ee93c2ae0ecad03
363,True,race_asian,1,1,yes,hisp_latin_spanish_no,purple,female,1,True,1,False,1,True,29.0,1,6160e0e3a8156e01fe3e95a6
364,True,race_white,1,1,yes,hisp_latin_spanish_no,purple,female,0,True,0,False,0,True,25.0,1,610049cf56da8237560fa801
365,True,race_white,1,1,yes,hisp_latin_spanish_no,purple,female,0,True,0,False,0,True,35.0,1,5bda12b600c1c4000155cb87
366,True,race_white,1,1,yes,hisp_latin_spanish_no,purple,male,1,True,1,False,1,True,51.0,1,65b1553ac22ba4c80aeecd16
367,True,race_white,1,1,yes,hisp_latin_spanish_no,purple,female,0,True,0,False,0,True,53.0,1,61112c05608ea60cb93f04f0
368,True,race_white,1,1,yes,hisp_latin_spanish_no,purple,male,0,False,1,False,1,True,24.0,1,5d70439c4605de001ac46d3a
369,True,race_black,1,1,yes,hisp_latin_spanish_no,purple,female,1,True,1,False,1,True,39.0,1,5994e9b2f9db7d0001895864
370,True,race_white,1,1,yes,hisp_latin_spanish_no,purple,male,1,True,1,False,1,True,27.0,1,5e557847411bb405ae499ce5
371,True,race_white,1,1,yes,hisp_latin_spanish_no,purple,male,1,False,0,False,0,True,24.0,1,60385064960cdb215931ab77
372,True,"race_black, race_white",1,1,yes,hisp_latin_spanish_no,purple,male,0,True,0,False,0,True,29.0,1,5cd01055c24ebe0001f9fd40
373,True,race_white,1,1,yes,hisp_latin_spanish_no,purple,male,0,True,0,False,0,True,37.0,1,60c8ac90afb08667c1b43bfa
374,True,race_white,1,1,yes,hisp_latin_spanish_no,purple,male,0,True,0,False,0,True,39.0,1,5fc6bb4182ff63089f4a26be
375,True,race_white,1,1,yes,hisp_latin_spanish_no,purple,male,0,True,0,False,0,True,58.0,1,667df208a242c518d10d4b55
376,True,race_white,1,1,yes,hisp_latin_spanish_no, purple,female,1,False,0,True,0,True,48.0,1,5c69ec2a51ea580001da65ae
377,True,"race_asian, race_white",1,1,yes,hisp_latin_spanish_no,purple,female,0,False,1,False,1,True,39.0,1,63e55f03b3c1f7481cec6eb9
378,True,race_black,1,1,yes,hisp_latin_spanish_no,purple,female,1,True,1,False,1,True,74.0,1,63384cd0e6ee61524fca714e
379,True,race_white,1,1,yes,hisp_latin_spanish_yes,purple,male,1,True,1,False,1,True,28.0,1,5ef8e0fc2ce3c6644665e347
380,True,race_white,1,1,yes,hisp_latin_spanish_no,purple,female,1,True,0,True,1,True,42.0,1,667be9a4a3041b55b976b3bc
381,True,race_white,1,1,yes,hisp_latin_spanish_no,purple,female,1,True,1,False,1,True,41.0,1,5e45ebd018bf820d2cb9ebab
382,True,race_white,1,1,yes,hisp_latin_spanish_no,purple,female,1,True,1,False,1,True,28.0,1,63cee7f1f8ef24eb79c80270
383,True,race_black,1,1,yes,hisp_latin_spanish_no,purple,female,0,True,0,False,0,True,51.0,1,5bf408f7f35e0c000101693a
384,True,race_white,1,1,yes,hisp_latin_spanish_no,purple,male,1,False,0,False,0,True,18.0,1,6679803b69f26fc24b396ff1
385,True,race_white,1,1,yes,hisp_latin_spanish_no,purple,female,0,False,1,False,1,True,60.0,1,5b2a37ee5b5c0900018b0ca5
386,True,race_white,1,1,yes,hisp_latin_spanish_no,purple,female,1,True,1,False,1,True,46.0,1,5f4a761d2a3d075f5bf652cc
387,True,race_white,1,1,yes,hisp_latin_spanish_no,purple,male,1,True,1,False,1,True,44.0,1,5d4821d9dfc9bc0015b5be60
388,True,race_white,1,1,yes,hisp_latin_spanish_no,purple,female,1,False,0,False,0,True,28.0,1,6649034c6429196c77d34fe6
389,True,race_white,1,1,yes,hisp_latin_spanish_no,purple,male,0,False,1,False,1,True,51.0,1,63c6e885e6834fbb0d9c0ebf
390,True,race_white,1,1,yes,hisp_latin_spanish_yes,purple,male,1,True,1,False,1,True,24.0,1,5c7de7a44a0a4b001686fd98
391,True,race_white,1,1,yes,hisp_latin_spanish_no,purple,male,1,True,1,False,1,True,32.0,1,5de7ccc24b7cf973d7b05bfb
392,True,race_asian,1,1,yes,hisp_latin_spanish_no,purple,male,1,True,1,False,1,True,25.0,1,668adbfcb3549e7f656159c6
393,True,race_black,1,1,yes,hisp_latin_spanish_no,purple,male,0,True,0,False,0,True,58.0,1,665798aa51cf2402886e64fc
394,True,race_white,1,1,yes,hisp_latin_spanish_yes,purple,female,1,True,1,False,1,True,27.0,1,610368202e1bda0dd0f6ef6e
395,True,race_white,1,1,yes,hisp_latin_spanish_no,purple,female,0,False,1,False,1,True,26.0,1,5f4dc319c9fb1509b77d8b84
396,True,race_black,1,1,yes,hisp_latin_spanish_no,purple,male,0,True,1,True,0,True,26.0,1,66852d80a998d7b2954aa0c7
397,True,race_black,1,1,yes,hisp_latin_spanish_no,purple,male,1,True,1,False,1,True,45.0,1,663e32bc61ceab9a8a40955e
398,True,race_white,1,1,yes,hisp_latin_spanish_no,Purple,female,1,True,1,False,1,True,29.0,1,6679b3d630f00b524c32ccf5
399,True,race_white,1,1,yes,hisp_latin_spanish_no,purple,female,1,False,0,False,0,True,42.0,1,668997d2b3549e7f65611f90
400,True,race_white,1,1,yes,hisp_latin_spanish_no,purple,male,0,True,0,False,0,True,26.0,1,63bc87f783afb5aed2c937d2
401,True,race_white,1,1,yes,hisp_latin_spanish_no,purple,female,0,True,0,False,0,True,64.0,1,63972b68541bab989795da48
402,True,race_white,1,1,yes,hisp_latin_spanish_no,purple,female,1,True,1,False,1,True,29.0,1,66844c61b8a6b810575a728c
403,True,race_white,1,1,yes,hisp_latin_spanish_no,purple,male,1,True,1,False,1,True,57.0,1,58462977d2be990001174ae3
404,True,race_white,1,1,yes,hisp_latin_spanish_no,purple,male,0,True,1,True,0,True,51.0,1,5dd321de568ca5331021fb2b
405,True,race_white,1,1,yes,hisp_latin_spanish_no,purple,female,1,False,0,False,0,True,29.0,1,6644b750f83b1ad48d9ce14f
406,True,race_white,1,1,yes,hisp_latin_spanish_no,purple,female,0,True,1,True,0,True,38.0,1,60c382725a7a55abef2e8e99
407,True,race_white,1,1,yes,hisp_latin_spanish_no,purple,male,0,True,0,False,0,True,33.0,1,6646417fe62ee6e6f666cf64
408,True,race_white,1,1,yes,hisp_latin_spanish_no,purple,female,1,True,1,False,1,True,44.0,1,63fcd09eb2a3b6b7ce286a11
409,True,race_white,1,1,yes,hisp_latin_spanish_no,purple,female,1,True,1,False,1,True,50.0,1,5dd371cada167d3773d4ee9e
410,True,race_white,1,1,yes,hisp_latin_spanish_no,purple,male,0,False,1,False,1,True,35.0,1,6025b6e60ac9cb1ae2b1875a
411,True,race_white,1,1,yes,hisp_latin_spanish_no,purple,male,0,False,1,False,1,True,38.0,1,61527bf511ec844c265157c9
412,True,race_white,1,1,yes,hisp_latin_spanish_no,purple,female,0,True,0,False,0,True,34.0,1,663a7b8fbe04db328f07f9a2
413,True,race_black,1,1,yes,hisp_latin_spanish_no,purple,female,1,True,0,True,1,True,20.0,1,6683de572905101766c17163
414,True,race_white,1,1,yes,hisp_latin_spanish_no,purple,female,1,True,1,False,1,True,23.0,1,663ed21331bd67564461d57e
415,True,race_other,1,1,yes,hisp_latin_spanish_yes,purple,male,0,True,0,False,0,True,21.0,1,62ac8d9f8d93291cb9d49d49
416,True,race_white,1,1,yes,hisp_latin_spanish_no,purple,male,1,True,1,False,1,True,39.0,1,5f0e50c3a8d93519188a7525
417,True,race_white,1,1,yes,hisp_latin_spanish_no,purple,female,0,False,1,False,1,True,25.0,1,6081806ab383aa89f6c61940
418,True,race_white,1,1,yes,hisp_latin_spanish_yes,purple,female,0,True,0,False,0,True,38.0,1,5a68c01031b87a0001c752c3
419,True,race_white,1,1,yes,hisp_latin_spanish_no,purple,female,1,True,1,False,1,True,45.0,1,60b8efb0f7a39c266263d300
420,True,"race_black, race_white",1,1,yes,hisp_latin_spanish_no,purple,female,1,True,1,False,1,True,31.0,1,5a01ddf3728b1b0001ad8ad0
421,True,race_white,1,1,yes,hisp_latin_spanish_no,purple,female,0,False,1,False,1,True,31.0,1,667eb4903b14cd8a769847d1
422,True,"race_white, race_other",1,1,yes,hisp_latin_spanish_yes,purple,male,0,True,0,False,0,True,42.0,1,60b7f6030152011ff5ab8197
423,True,race_white,1,1,yes,hisp_latin_spanish_no,purple,female,0,True,0,False,0,True,47.0,1,663e4e9ce0a32a475e8f2590
424,True,race_white,1,1,yes,hisp_latin_spanish_no,purple,female,1,True,1,False,1,True,59.0,1,5d1c006ac2696c0019647572
425,True,race_black,1,1,yes,hisp_latin_spanish_no,purple,female,0,True,0,False,0,True,27.0,1,666c870368f59b24e97d765b
426,True,race_white,1,1,yes,hisp_latin_spanish_no,purple,male,0,False,1,False,1,True,25.0,1,66594fe4cdc0d772db2dd715
427,True,race_white,1,1,yes,hisp_latin_spanish_no,purple ,female,0,True,0,True,0,True,51.0,1,662be2f65ab992be656650b7
428,True,race_white,1,1,yes,hisp_latin_spanish_no,purple,male,0,True,0,False,0,True,29.0,1,660bbedd20ec032acb3c7960
429,True,race_black,1,1,yes,hisp_latin_spanish_no,purple,male,1,False,0,False,0,True,47.0,1,6634f6c204ff920d50bc64a0
430,True,race_white,1,1,yes,hisp_latin_spanish_no,purple,female,0,True,0,False,0,True,36.0,1,647652cb5644044df439e1fb
431,True,race_black,1,1,yes,hisp_latin_spanish_no,purple,female,0,False,1,False,1,True,47.0,1,6139f0677fa50f5667f44e94
432,True,race_white,1,1,yes,hisp_latin_spanish_no,purple,male,1,True,1,False,1,True,56.0,1,6101b2a04f101c97afb35034
433,True,race_white,1,1,yes,hisp_latin_spanish_no,purple,female,0,True,0,False,0,True,41.0,1,5c3517a567013e0001eff811
434,True,race_white,1,1,yes,hisp_latin_spanish_no,purple,male,0,False,1,False,1,True,30.0,1,66857acc35bb0228e7f565ce
435,True,race_other,1,1,yes,hisp_latin_spanish_yes,purple,female,0,True,0,False,0,True,19.0,1,664a11e477414942776ae7fd
436,True,race_black,1,1,yes,hisp_latin_spanish_no,purple,male,0,False,1,False,1,True,30.0,1,66443e29662725412dc272c7
437,True,race_white,1,1,yes,hisp_latin_spanish_no,purple,female,0,True,0,False,0,True,25.0,1,610325a6052741bbfb84bcd1
438,True,race_white,1,1,yes,hisp_latin_spanish_no,purple,female,1,True,1,False,1,True,24.0,1,6656128777b7df053233f4ef
439,True,race_white,1,1,yes,hisp_latin_spanish_no,purple,female,0,False,1,False,1,True,39.0,1,6629a194aff94667d3c1cee5
440,True,race_white,1,1,yes,hisp_latin_spanish_no,purple,female,1,False,0,False,0,True,47.0,1,6655eaea43ef7b820b9147ff
441,True,race_white,1,1,yes,hisp_latin_spanish_no,purple,male,1,True,1,False,1,True,28.0,1,5f1dc8e9a351ad07a95854c1
442,True,race_black,1,1,yes,hisp_latin_spanish_no,purple,female,1,True,1,False,1,True,20.0,1,6682f2e94811d8f9981310e9
443,True,race_asian,1,1,yes,hisp_latin_spanish_no,purple,female,0,True,0,False,0,True,28.0,1,62b33e2a447824fbd0770025
444,True,race_white,1,1,yes,hisp_latin_spanish_no,purple,male,0,True,0,False,0,True,25.0,1,613ac9ac21ff9db9f56e3bfb
445,True,race_white,1,1,yes,hisp_latin_spanish_yes,purple,female,0,True,0,False,0,True,40.0,1,663a8f6036483d6f8cd83487
446,True,race_black,1,1,yes,hisp_latin_spanish_no,purple,male,1,True,1,False,1,True,34.0,1,66805f486ae4ada5289839e3
447,True,race_white,1,1,yes,hisp_latin_spanish_yes,purple,male,0,False,1,False,1,True,49.0,1,5a2369aa1a1ad3000138fb42
448,True,race_white,1,1,yes,hisp_latin_spanish_no,purple,male,1,True,1,False,1,True,23.0,1,5f394ce53b053607008f4b74
449,True,race_white,1,1,yes,hisp_latin_spanish_no,purple,male,0,False,1,False,1,True,28.0,1,612597436eff2c3e15310f3f
450,True,race_white,1,1,yes,hisp_latin_spanish_no,purple,female,0,False,0,True,1,True,48.0,1,6303f311d5c149cc028bd936
451,True,race_white,1,1,yes,hisp_latin_spanish_no,purple,female,1,True,1,False,1,True,46.0,1,663e191d67a00a79108b7536
452,True,race_black,1,1,yes,hisp_latin_spanish_no,purple,female,0,True,0,False,0,True,32.0,1,5bcf173fa356010001d78f6c
453,True,race_white,1,1,yes,hisp_latin_spanish_no,purple,female,0,False,1,False,1,True,33.0,1,5e8a5d007022a071a5ca9673
454,True,"race_asian, race_white",1,1,yes,hisp_latin_spanish_no,Purple,female,1,False,0,False,0,True,32.0,1,668b2627ac0dc505afbb159a
455,True,race_white,1,1,yes,hisp_latin_spanish_no,purple,female,1,True,1,False,1,True,40.0,1,5748746c5bef98000faeaaa9
456,True,race_other,1,1,yes,hisp_latin_spanish_no,purple,female,0,True,0,False,0,True,20.0,1,63d591da4548249893329bc1
457,True,race_white,1,1,yes,,purple,female,1,True,1,False,1,True,33.0,1,62e02660c3ef175825ab7655
458,True,race_white,1,1,yes,hisp_latin_spanish_no,purple,female,1,False,0,False,0,True,28.0,1,60ee4bb7de4352af0286e091
459,True,race_white,1,1,yes,hisp_latin_spanish_no,purple,male,1,True,1,False,1,True,30.0,1,5f49f3262a3d07563d14a7f1
460,True,race_white,1,1,yes,hisp_latin_spanish_no,purple,female,0,True,0,False,0,True,45.0,1,5d23ac815173fe001528bcd6
461,True,race_asian,1,1,yes,hisp_latin_spanish_no,purple,female,0,True,0,False,0,True,26.0,1,65d519d2e968e36332dfb420
462,True,race_black,1,1,yes,hisp_latin_spanish_no,purple,female,0,True,1,True,0,True,33.0,1,594859c6bee3110001b1b092
463,True,race_white,1,1,yes,hisp_latin_spanish_no,purple,female,0,False,1,False,1,True,41.0,1,65466561ad56d0ff50bc80e3
464,True,race_white,1,1,yes,hisp_latin_spanish_no,purple,male,1,True,1,False,1,True,61.0,1,64fa825ca23617b750fdb4c6
465,True,race_white,1,1,yes,hisp_latin_spanish_no,purple,male,0,False,1,False,1,True,48.0,1,66293c9c438786658ee870a9
466,True,race_white,1,1,yes,hisp_latin_spanish_no,purple,female,1,False,0,False,0,True,52.0,1,668823c2bdc3868463f417cb
467,True,race_black,1,1,yes,hisp_latin_spanish_no,purple,female,0,True,0,False,0,True,59.0,1,60a717d4240ef9af015a6258
468,True,race_white,1,1,yes,hisp_latin_spanish_no,purple,female,1,False,0,False,0,True,35.0,1,62b7ccbcd0d33ba41c784cee
469,True,"race_asian, race_white",1,1,yes,hisp_latin_spanish_no,purple,male,1,True,1,False,1,True,42.0,1,5f4c4b277200c9868db9d43f
470,True,race_black,1,1,yes,hisp_latin_spanish_no,purple,male,1,True,1,False,1,True,26.0,1,6687fed383f7f90922cb2e11
471,True,race_black,1,1,yes,hisp_latin_spanish_no,purple,male,1,True,1,False,1,True,43.0,1,6554fdeefcb1710a90680048
472,True,race_white,1,1,yes,hisp_latin_spanish_no,purple,female,1,False,0,False,0,True,37.0,1,55bb9ae7fdf99b26d27fda01
473,True,race_white,1,1,yes,hisp_latin_spanish_no,purple,male,0,True,0,False,0,True,52.0,1,665aae307b33c0ce94616046
474,True,race_white,1,1,yes,hisp_latin_spanish_no,purple,female,0,True,0,False,0,True,28.0,1,65ef1bd9481e54ca2ec59d10
475,True,race_white,1,1,yes,hisp_latin_spanish_no,purple,female,0,True,0,False,0,True,40.0,1,668d08202c64c06fc4c0fbd6
476,True,race_white,1,1,yes,hisp_latin_spanish_no,purple,female,0,False,1,False,1,True,37.0,1,588e251908e6b200011a7253
477,True,race_white,1,1,yes,hisp_latin_spanish_no,purple,male,0,True,0,False,0,True,27.0,1,610081ebf9f870b4213e06cb
478,True,race_other,1,1,yes,hisp_latin_spanish_yes,purple,female,1,True,1,False,1,True,35.0,1,662e87b96103ede100a0d5c2
479,True,race_white,1,1,yes,hisp_latin_spanish_no,purple,male,1,True,1,False,1,True,24.0,1,5f068e126c52d8000a8e230e
480,True,race_white,1,1,yes,hisp_latin_spanish_no,purple,male,1,True,1,False,1,True,66.0,1,62f15a6bb44b71fa2124f45a
481,True,race_white,1,1,yes,hisp_latin_spanish_no,purple,female,1,True,1,False,1,True,51.0,1,63acbf912d16917452e0bf4e
482,True,race_black,1,1,yes,hisp_latin_spanish_no,purple,male,0,False,1,False,1,True,23.0,1,66869b6837261b40b00d1907
483,True,race_white,1,1,yes,hisp_latin_spanish_no,purple,female,1,True,1,False,1,True,64.0,1,63d31b44050f25d498f32cd1
484,True,race_black,1,1,yes,hisp_latin_spanish_no,purple,female,1,False,0,False,0,True,38.0,1,5a2f3adfda55f80001ac23cf
485,True,race_white,1,1,yes,hisp_latin_spanish_no,purple,female,0,True,0,False,0,True,26.0,1,5dd4c2f2390fb648f7baf4d2
486,True,"race_aian, race_black, race_white",1,1,yes,hisp_latin_spanish_yes,purple,male,1,True,1,False,1,True,35.0,1,63f049c2d78b2bc822a16dac
487,True,race_white,1,1,yes,hisp_latin_spanish_no,purple,male,0,False,1,False,1,True,33.0,1,5e5c2320b22c133f86923d14
488,True,race_white,1,1,yes,hisp_latin_spanish_no,purple,male,1,True,1,False,1,True,50.0,1,5f179bd584e8e802ef9c187d
489,True,race_white,1,1,yes,hisp_latin_spanish_no,purple,male,0,True,0,False,0,True,42.0,1,597f662f89542d0001517d78
490,True,race_black,1,1,yes,hisp_latin_spanish_no,Purple,female,0,True,0,False,0,True,28.0,1,66509e636ad07334c20edd7a
491,True,race_white,1,1,yes,hisp_latin_spanish_no,purple,male,0,False,1,False,1,True,31.0,1,602f2681a31f95bf153ff01f
492,True,race_black,1,1,yes,hisp_latin_spanish_no,purple,female,1,True,1,False,1,True,37.0,1,655f8c42a20c94f85160d5dc
493,True,race_asian,1,1,yes,hisp_latin_spanish_no,purple,female,0,False,1,False,1,True,39.0,1,5e9f138c34d3e40326507588
494,True,race_white,1,1,yes,hisp_latin_spanish_no,purple,male,1,True,1,False,1,True,35.0,1,62e93c2d6699b55b4411f10d
495,True,race_white,1,1,yes,hisp_latin_spanish_no,purple,female,1,False,0,False,0,True,37.0,1,606cb45b87e16e7d31ddf250
496,True,"race_asian, race_white",1,1,yes,hisp_latin_spanish_yes,purple,female,0,True,0,False,0,True,24.0,1,610039db1cccf233cbaa5ddf
497,True,race_white,1,1,yes,hisp_latin_spanish_no,purple,female,0,True,0,False,0,True,29.0,1,6687f1721cca1894c5174e7b
498,True,race_black,1,1,yes,hisp_latin_spanish_no,purple,female,1,False,0,False,0,True,44.0,1,655e6b9b6bc36290dedd1bdf
499,True,race_white,1,1,yes,hisp_latin_spanish_no,purple,female,1,True,1,False,1,True,32.0,1,662da25fc17944dbf5c4e771
500,True,race_white,1,1,yes,hisp_latin_spanish_no,purple,female,1,False,0,False,0,True,30.0,1,5f42f33216548e5291508e33
501,True,race_black,1,1,yes,hisp_latin_spanish_no,Purple,male,1,True,1,False,1,True,32.0,1,614d5c0ade3619e276364da0
502,True,race_white,1,1,yes,hisp_latin_spanish_no,purple,female,0,True,0,False,0,True,53.0,1,5df4ed2eae7b303760a9d47c
503,True,race_black,1,1,yes,hisp_latin_spanish_no,purple,female,1,True,1,False,1,True,41.0,1,66293dd12f2e7397444cfd2f
504,True,race_white,1,1,yes,hisp_latin_spanish_no,purple,female,1,False,0,False,0,True,48.0,1,614f23fabc0fcaa3cdfb9e05
505,True,race_white,1,1,yes,hisp_latin_spanish_no,purple,male,0,False,1,False,1,True,37.0,1,5d153b1f40218700189a05df
506,True,race_white,1,1,yes,hisp_latin_spanish_no,purple,female,1,False,0,False,0,True,48.0,1,6669d8d5d67867239ed2e85c
507,True,race_white,1,1,yes,hisp_latin_spanish_yes,purple,male,1,False,0,False,0,True,46.0,1,5b9811290f2cf000010f31fb
508,True,race_black,1,1,yes,hisp_latin_spanish_no,Purple,female,0,False,1,False,1,True,38.0,1,662a0364c3f14817778f2268
509,True,race_black,1,1,yes,hisp_latin_spanish_no,purple,male,1,True,1,False,1,True,48.0,1,664b66887dfe21f3b0f26f19
510,True,race_white,1,1,yes,hisp_latin_spanish_no,purple,female,1,True,1,False,1,True,32.0,1,5b847cdbe611ff0001c326b3
511,True,race_asian,1,1,yes,hisp_latin_spanish_no,purple,male,0,True,0,False,0,True,24.0,1,6431fa7dd113eda38603cabc
512,True,race_white,1,1,yes,hisp_latin_spanish_no,purple,female,1,True,1,False,1,True,72.0,1,5dbb4449b4715a13fa2ffbed
513,True,race_white,1,1,yes,hisp_latin_spanish_no,purple,male,1,True,1,False,1,True,50.0,1,6683f851110c4766a23fa85f
514,True,race_black,1,1,yes,hisp_latin_spanish_no,purple,female,1,True,1,False,1,True,26.0,1,606b3da5eb533db26ffbfa36
515,True,race_white,1,1,yes,hisp_latin_spanish_yes,purple,female,1,False,0,False,0,True,28.0,1,657b17288770b694bfd70fba
516,True,race_white,1,1,yes,hisp_latin_spanish_yes,purple,female,1,False,0,False,0,True,24.0,1,663a5caa8a963ac88da1c403
517,True,race_black,1,1,yes,hisp_latin_spanish_no,purple,male,0,False,1,False,1,True,40.0,1,58074104c314770001876e7b
518,True,race_asian,1,1,yes,hisp_latin_spanish_no,purple,male,1,True,1,False,1,True,32.0,1,5f73f37ed13ce303cc14ae35
519,True,race_white,1,1,yes,hisp_latin_spanish_no,purple,male,0,True,1,True,0,True,41.0,1,66293ffa64a33ca9674790c0
520,True,race_white,1,1,yes,hisp_latin_spanish_no,purple,female,0,True,0,False,0,True,36.0,1,65f0a147d1e85a54ae25c75b
521,True,race_white,1,1,yes,hisp_latin_spanish_no,purple,female,1,False,0,False,0,True,47.0,1,65d8c293e80934b81062338d
522,True,race_black,1,1,yes,hisp_latin_spanish_no,purple,male,1,True,1,False,1,True,40.0,1,65e8c60269bf545c378b7853
523,True,race_white,1,1,yes,hisp_latin_spanish_no,purple,female,0,True,0,False,0,True,34.0,1,664d20a6bb4ef4eb39c44a64
524,True,race_white,1,1,yes,hisp_latin_spanish_no,purple,female,0,False,1,False,1,True,30.0,1,63bdb6b3c6f826d7b976bb90
525,True,race_black,1,1,yes,hisp_latin_spanish_no,purple,female,1,True,1,False,1,True,19.0,1,6675f24bcb842d50b7d19724
526,True,"race_aian, race_black",1,1,yes,hisp_latin_spanish_no,purple,female,0,False,1,False,1,True,36.0,1,655f95e3f23f40d0d9613730
527,True,race_other,1,1,yes,hisp_latin_spanish_yes,purple,female,1,False,0,False,0,True,18.0,1,65e502c2297ead448fe88636
528,True,race_white,1,1,yes,hisp_latin_spanish_no,purple,male,1,True,1,False,1,True,28.0,1,61008ff97e7875f920ccd0c8
529,True,race_white,1,1,yes,hisp_latin_spanish_yes,purple,male,0,True,0,False,0,True,777.0,1,5c239f96da51990001e21d97
530,True,race_white,1,1,yes,hisp_latin_spanish_no,purple,female,0,False,1,False,1,True,46.0,1,61071ee0d98a6df6efb59716
531,True,race_black,1,1,yes,hisp_latin_spanish_no,purple,male,1,False,0,False,0,True,43.0,1,66819375f88309a6e2dbfcd1
532,True,race_white,1,1,yes,hisp_latin_spanish_no,purple,female,0,True,2,True,0,True,67.0,1,638e84c70418d8a2c0aa372e
533,True,race_black,1,1,yes,hisp_latin_spanish_no,purple,male,1,True,1,False,1,True,32.0,1,661922d5288fadafb4bce6fa
534,True,race_white,1,1,yes,hisp_latin_spanish_no,purple,male,1,True,1,False,1,True,51.0,1,5e2fda27a8f853576b85f537
535,True,race_white,1,1,yes,hisp_latin_spanish_no,purple,male,0,True,0,False,0,True,68.0,1,661792d2e2d14691a2719db6
536,True,race_white,1,1,yes,hisp_latin_spanish_no,purple,female,0,True,0,False,0,True,24.0,1,6125ad1392c48f0365167d89
537,True,"race_asian, race_white",1,1,yes,hisp_latin_spanish_no,purple,male,1,True,0,True,1,True,51.0,1,5485df6efdf99b416d19fe90
538,True,race_white,1,1,yes,hisp_latin_spanish_no,purple,female,0,False,1,False,1,True,35.0,1,5f9b15889c51902ece84d3e7
539,True,race_white,1,1,yes,hisp_latin_spanish_yes,purple,male,0,True,0,False,0,True,23.0,1,66880f559a34a967bc0b4f34
540,True,race_asian,1,1,yes,hisp_latin_spanish_no,purple,male,1,True,1,False,1,True,31.0,1,63ea4d8e84be50666e5e2bd6
541,True,race_white,1,1,yes,hisp_latin_spanish_no,purple,male,1,True,1,False,1,True,40.0,1,5f233e697cbaef0e3868725a
542,True,race_black,1,1,yes,hisp_latin_spanish_no,purple,male,1,False,0,False,0,True,30.0,1,667e981e0487e84f8b2e31da
543,True,race_white,1,1,yes,hisp_latin_spanish_no,purple,female,0,True,0,False,0,True,24.0,1,5b20c0474c72120001f25d90
544,True,,1,1,yes,,purple,,1,True,1,False,1,True,,1,631916c5e920aea5076777b0
545,True,race_white,1,1,yes,hisp_latin_spanish_no,purple,female,0,True,0,False,0,True,32.0,1,5ba8f6d89533420001c4646c
546,True,race_asian,1,1,yes,hisp_latin_spanish_no,purple,male,0,True,0,False,0,True,19.0,1,65185750126ba439e0d8ca1e
547,True,race_white,1,1,yes,hisp_latin_spanish_no,purple,female,0,False,1,False,1,True,30.0,1,6643e07ee5f907f054e2d82d
548,True,race_white,1,1,yes,hisp_latin_spanish_no,purple,female,1,True,1,False,1,True,31.0,1,66464b6dd7787eac6920db24
549,True,race_white,1,1,yes,hisp_latin_spanish_no,purple,male,1,True,1,False,1,True,35.0,1,64413c375a0ded04a4e99a3f
550,True,race_black,1,1,yes,hisp_latin_spanish_no,purple ,female,0,True,0,True,0,True,42.0,1,5f98ab718920801c578363ab
551,True,race_black,1,1,yes,hisp_latin_spanish_no,purple,female,0,True,0,False,0,True,31.0,1,666a04ad7b938093d197e346
552,True,race_white,1,1,yes,hisp_latin_spanish_no,purple,female,1,True,1,False,1,True,35.0,1,6685bef260722b64f5c296ff
553,True,"race_aian, race_white, race_other",1,1,yes,hisp_latin_spanish_yes,purple,female,1,True,1,False,1,True,43.0,1,666d99c91fd715d968e3b8a1
554,True,race_black,1,1,yes,hisp_latin_spanish_no,purple,female,0,False,1,False,1,True,43.0,1,6660616cecc0989e0bf82518
555,True,race_white,1,1,yes,hisp_latin_spanish_no,purple,male,1,True,1,False,1,True,39.0,1,62dc07a7fbbd3d089b7135af
556,True,race_black,1,1,yes,hisp_latin_spanish_yes,purple,female,0,False,1,False,1,True,44.0,1,651ab5e8863e385a9c2cc4f1
557,True,race_white,1,1,yes,hisp_latin_spanish_no,purple,male,0,False,1,False,1,True,56.0,1,5d4313562b1b2700163e15e2
558,True,race_white,1,1,yes,hisp_latin_spanish_no,purple,male,0,False,1,False,1,True,29.0,1,58404dae32e21e0001f80519
559,True,race_white,1,1,yes,hisp_latin_spanish_no,purple,female,0,True,0,False,0,True,60.0,1,6686c4264bd67f7457ea8901
560,True,race_white,1,1,yes,hisp_latin_spanish_no,purple,female,1,True,1,False,1,True,60.0,1,65a2eae2b530fad7d6ded313
561,True,race_white,1,1,yes,hisp_latin_spanish_no,purple,female,0,False,1,False,1,True,50.0,1,64d53156dc399a1bcd132250
562,True,race_white,1,1,yes,hisp_latin_spanish_no,purple,male,0,True,1,True,0,True,48.0,1,63d3fa0d6c990bc96e11becf
563,True,race_white,1,1,yes,hisp_latin_spanish_no,purple,male,0,True,0,False,0,True,33.0,1,63175042914da36ed2656593
564,True,race_white,1,1,yes,hisp_latin_spanish_no,purple,female,0,False,1,False,1,True,33.0,1,668986ffeac80b6cf2c452da
565,True,race_white,1,1,yes,hisp_latin_spanish_no,purple,female,1,True,1,False,1,True,19.0,1,667a19377c8967af29238651
566,True,race_white,1,1,yes,hisp_latin_spanish_no,purple,male,1,False,0,False,0,True,39.0,1,595d0331d8bd8d000154e148
567,True,race_asian,1,1,yes,hisp_latin_spanish_no,purple,male,1,True,1,False,1,True,23.0,1,6109b252880d6d711a5645b4
568,True,race_white,1,1,yes,hisp_latin_spanish_no,purple,female,0,True,0,False,0,True,49.0,1,60fe7748a8ef9311de5f2fcd
569,True,race_white,1,1,yes,hisp_latin_spanish_no,purple,female,1,True,1,False,1,True,33.0,1,66478f227d798174d213c66e
570,True,race_white,1,1,yes,hisp_latin_spanish_no,purple,female,0,True,0,False,0,True,32.0,1,6329bd3e699f53922a5da47c
571,True,race_white,1,1,yes,hisp_latin_spanish_no,purple,female,0,False,1,False,1,True,33.0,1,5d8e64ab4e055600157a3d90
572,True,race_white,1,1,yes,hisp_latin_spanish_no,purple,male,0,False,1,False,1,True,32.0,1,59f62ab95ac99000018b03b5
573,True,race_white,1,1,yes,hisp_latin_spanish_no,purple,male,0,True,0,False,0,True,37.0,1,59715b4b50e2f000016fe00e
574,True,race_white,1,1,yes,hisp_latin_spanish_no,purple,female,0,True,0,False,0,True,29.0,1,61549a2caa92d84f392000e9
575,True,race_white,1,1,yes,hisp_latin_spanish_yes,purple,female,1,True,1,False,1,True,35.0,1,665ced989c9267eb724e9508
576,True,race_white,1,1,yes,hisp_latin_spanish_no,purple ,female,0,False,2,True,1,True,25.0,1,60919c8f1b024991374cfb2d
577,True,"race_asian, race_white",1,1,yes,hisp_latin_spanish_no,purple,female,0,True,0,False,0,True,32.0,1,5dfac1ba83907981767ce907
578,True,race_asian,1,1,yes,hisp_latin_spanish_no,purple,female,1,True,1,False,1,True,22.0,1,657235b694db71c5aadcafe9
579,True,race_white,1,1,yes,hisp_latin_spanish_no,purple,male,1,False,0,False,0,True,45.0,1,557e6713fdf99b66d60a2da8
580,True,race_white,1,1,yes,hisp_latin_spanish_no,purple,male,0,True,0,False,0,True,29.0,1,5fc035f6c039c1402117124b
581,True,race_white,1,1,yes,hisp_latin_spanish_no,purple,male,0,True,1,True,0,True,35.0,1,57c137bf5b8c510001af5981
582,True,race_white,1,1,yes,hisp_latin_spanish_no,purple,male,0,False,1,False,1,True,21.0,1,6400e78d52d3311f5456d932
583,True,race_asian,1,1,yes,hisp_latin_spanish_no,purple,male,0,True,0,False,0,True,36.0,1,63d07155a81baf5108925992
584,True,race_white,1,1,yes,hisp_latin_spanish_no,purple,female,1,True,1,False,1,True,67.0,1,5eb6f666c792cd6143878d27
585,True,race_white,1,1,yes,hisp_latin_spanish_yes,purple,male,1,True,1,False,1,True,50.0,1,5a44c42b1ba496000102a3ed
586,True,race_white,1,1,yes,hisp_latin_spanish_yes,purple,male,1,True,1,False,1,True,33.0,1,5cd8a78e0f0de600018e782f
587,True,race_white,1,1,yes,hisp_latin_spanish_no,purple,female,1,True,1,False,1,True,51.0,1,656bd2dd35a65b4a8959e747
588,True,race_white,1,1,yes,hisp_latin_spanish_no,purple,female,1,True,1,False,1,True,40.0,1,5fd0521f0115260c91cf5e30
589,True,race_white,1,1,yes,hisp_latin_spanish_no,purple,male,0,False,1,False,1,True,36.0,1,6325b8a7fcafb1208f542e93
590,True,race_white,1,1,yes,hisp_latin_spanish_no,purple,male,0,True,0,False,0,True,68.0,1,6135dd3307f6e86bcbc33a0d
591,True,race_white,1,1,yes,hisp_latin_spanish_no,purple,male,1,False,0,False,0,True,57.0,1,6671e64b6bf199f742cc0df6
592,True,race_white,1,1,yes,hisp_latin_spanish_no,purple,female,1,False,0,False,0,True,51.0,1,63cc5fddd5813c609d5b28d5
593,True,race_white,1,1,yes,hisp_latin_spanish_no,purple ,male,0,False,0,True,1,True,26.0,1,66875aed7ebe125e602355fc
594,True,race_black,1,1,yes,hisp_latin_spanish_no,purple,male,1,True,1,False,1,True,40.0,1,63ed1fa5c88ecae92bf0c920
595,True,race_white,1,1,yes,hisp_latin_spanish_no,purple,female,1,False,0,False,0,True,34.0,1,667d97ece040723f822fe223
596,True,race_white,1,1,yes,hisp_latin_spanish_no,purple,female,0,False,1,False,1,True,24.0,1,64396be7373888bac4713bc2
597,True,race_white,1,1,yes,hisp_latin_spanish_yes,purple,female,1,True,1,False,1,True,38.0,1,5a282206b279aa0001b0e002
598,True,race_white,1,1,yes,hisp_latin_spanish_no,purple,male,1,False,1,True,0,True,40.0,1,5e88288b0a0d8f4ad029f6e3
599,True,race_white,1,1,yes,hisp_latin_spanish_no,purple,male,1,False,1,True,0,True,35.0,1,60ddc7abdf6661b9c294691f
600,True,race_black,1,1,yes,hisp_latin_spanish_no,purple,female,0,True,0,False,0,True,27.0,1,6514d739f7568fe6b2ebbe35
601,True,race_white,1,1,yes,hisp_latin_spanish_no,purple,female,0,False,1,False,1,True,38.0,1,5be4a80e854f100001537863
602,True,race_black,1,1,yes,hisp_latin_spanish_no,purple,male,0,True,0,False,0,True,65.0,1,6658b2542b392cf43dca6581
603,True,race_asian,1,1,yes,hisp_latin_spanish_no,purple,female,0,False,1,False,1,True,27.0,1,5beb8419aec9ef0001e9d5fb
604,True,race_asian,1,1,yes,hisp_latin_spanish_no,purple,male,1,True,1,False,1,True,35.0,1,56a68bb49ce1c0000df89344
605,True,race_white,1,1,yes,hisp_latin_spanish_no,purple,female,1,True,1,False,1,True,21.0,1,60fd8dc2b12af8c3af8091eb
606,True,race_black,1,1,yes,hisp_latin_spanish_no,purple,male,1,False,1,True,0,True,19.0,1,667c1c6de91e30ed5781e071
607,True,race_white,1,1,yes,hisp_latin_spanish_no,purple,female,0,True,0,False,0,True,28.0,1,664647d420183b9017337dfa
608,True,race_white,1,1,yes,hisp_latin_spanish_no,purple,female,1,False,0,False,0,True,64.0,1,667708939c65930f189a256f
609,True,race_black,1,1,yes,hisp_latin_spanish_no,purple,male,1,True,1,False,1,True,36.0,1,66800e1d38cfc86304c8f867
610,True,race_white,1,1,yes,hisp_latin_spanish_no,purple,male,1,True,1,False,1,True,28.0,1,5c7ca7d9e8df4d00160c670b
611,True,race_white,1,1,yes,hisp_latin_spanish_no,purple,male,0,False,1,False,1,True,35.0,1,6679f34eaa28479dfe379722
612,True,race_white,1,1,yes,hisp_latin_spanish_no,purple,male,1,False,0,False,0,True,57.0,1,5e7227c4e9253c1509f76f96
613,True,race_white,1,1,yes,hisp_latin_spanish_no,purple,male,1,False,0,False,0,True,28.0,1,6633c0cdca4237b90afdfe08
614,True,race_other,1,1,yes,hisp_latin_spanish_yes,PURPLE,female,1,True,1,False,1,True,55.0,1,5be8a1701664db0001d804f8
615,True,race_white,1,1,yes,hisp_latin_spanish_no,purple,male,1,True,1,False,1,True,20.0,1,6361684773df215265bd139c
616,True,race_white,1,1,yes,hisp_latin_spanish_no,purple,female,1,False,0,False,0,True,38.0,1,59f224ce40333e00017edfe8
617,True,"race_aian, race_black",1,1,yes,hisp_latin_spanish_no,purple,female,0,True,0,False,0,True,50.0,1,65c3eba7d22882675d34103e
618,True,race_white,1,1,yes,hisp_latin_spanish_no,purple,female,0,False,1,False,1,True,63.0,1,644af405d31dd25adf037157
619,True,race_white,1,1,yes,hisp_latin_spanish_no,purple,female,0,True,0,False,0,True,61.0,1,6019a44e01bf1810d777c4f8
620,True,race_asian,1,1,yes,hisp_latin_spanish_no,purple,female,0,True,0,False,0,True,41.0,1,656048065e38d0061becf3ae
621,True,race_white,1,1,yes,hisp_latin_spanish_no,purple,male,1,True,1,False,1,True,28.0,1,5a9cadb11eda41000136758c
622,True,race_white,1,1,unsure,hisp_latin_spanish_no,purple,female,0,True,0,True,0,True,30.0,1,5f4843874aac571d362f3ce0
623,True,race_asian,1,1,yes,hisp_latin_spanish_no,purple,female,0,False,1,False,1,True,25.0,1,65cb8192800d57cbac8025f0
624,True,race_white,1,1,yes,hisp_latin_spanish_no,purple,male,1,True,1,False,1,True,47.0,1,666d536eed991a2579e9edfa
625,True,race_white,1,1,yes,hisp_latin_spanish_no,purple,female,1,False,0,False,0,True,54.0,1,5e83a35304f8a80a13ac590e
626,True,race_white,1,1,yes,hisp_latin_spanish_no,purple,female,0,True,0,False,0,True,63.0,1,5c794023c44ec600161822b0
627,True,race_white,1,1,yes,hisp_latin_spanish_no,purple,female,0,True,0,False,0,True,69.0,1,63c6c86379d754f53136d84c
628,True,race_white,1,1,yes,hisp_latin_spanish_no,purple,female,1,False,0,False,0,True,38.0,1,5632df4a2840d2001122e611
629,True,race_white,1,1,yes,hisp_latin_spanish_no,purple,female,0,True,0,False,0,True,39.0,1,610e6880f784d836a872a9a5
630,True,race_white,1,1,yes,hisp_latin_spanish_no,purple,female,0,False,1,False,1,True,36.0,1,5faead22421a230a0a7c2e8d
631,True,race_white,1,1,yes,hisp_latin_spanish_no,purple,female,1,True,1,False,1,True,21.0,1,6675fa7d6283f90bc9b71bfa
632,True,race_nhpi,1,1,yes,hisp_latin_spanish_no,purple,female,0,True,0,False,0,True,38.0,1,664a6bd9ac219f3ee33734a9
633,True,race_white,1,1,yes,hisp_latin_spanish_no,purple,female,0,True,0,False,0,True,42.0,1,60fa33610e4b25f11babd130
634,True,race_white,1,1,yes,hisp_latin_spanish_no,purple,female,0,False,1,False,1,True,35.0,1,5e65061173afb2277765b53b
635,True,race_black,1,1,yes,hisp_latin_spanish_no,purple,male,0,True,1,True,0,True,26.0,1,66843056bc938d6ea56624d2
636,True,race_white,1,1,yes,hisp_latin_spanish_no,purple,female,1,True,1,False,1,True,52.0,1,65e2f0631a1445e571e8740e
637,True,race_black,1,1,yes,hisp_latin_spanish_no,purple,male,0,False,1,False,1,True,33.0,1,5d9b5e2d8465bf02e1190626
638,True,race_white,1,1,yes,hisp_latin_spanish_no,purple,male,0,True,0,False,0,True,43.0,1,6673a9c76ee756c94bd7a893
639,True,race_white,1,1,yes,hisp_latin_spanish_no,purple,male,0,True,0,False,0,True,34.0,1,5d5e2682b7d7040015afad0d
640,True,race_black,1,1,yes,hisp_latin_spanish_no,purple,female,0,False,1,False,1,True,39.0,1,60f32eb8d0fa43b7850ae16b
641,True,race_black,1,1,yes,hisp_latin_spanish_no,purple,female,0,True,0,False,0,True,36.0,1,5e160795265c80bf44a4cd83
642,True,race_white,1,1,yes,hisp_latin_spanish_no,purple,female,0,True,1,True,0,True,43.0,1,5bd8d97c26903900018579d3
643,True,race_white,1,1,yes,hisp_latin_spanish_no,purple,female,0,True,0,False,0,True,29.0,1,664e835c732628231a08fff5
644,True,race_black,1,1,yes,hisp_latin_spanish_no,purple,male,0,False,1,False,1,True,42.0,1,6676d179f1116e55d77487a3
645,True,race_asian,1,1,yes,hisp_latin_spanish_no,purple,male,0,True,0,False,0,True,25.0,1,65cc6a6423b3e39759828eb7
646,True,race_white,1,1,yes,hisp_latin_spanish_no,purple,female,0,False,1,False,1,True,43.0,1,5a36d2890006450001bf1d34
647,True,race_white,1,1,yes,hisp_latin_spanish_no,purple,male,1,True,1,False,1,True,41.0,1,5dcd91a0b7ebf606d16c971e
648,True,race_asian,1,1,yes,hisp_latin_spanish_no,purple,female,1,False,0,False,0,True,,1,6651369f763de4f83164bd6b
649,True,race_white,1,1,yes,hisp_latin_spanish_no,purple,female,1,False,0,False,0,True,20.0,1,6664490244bc9810b675a5a0
650,True,race_white,1,1,yes,hisp_latin_spanish_no,purple,male,1,True,1,False,1,True,49.0,1,6633b7d4771413763b8e3916
651,True,race_other,1,1,yes,hisp_latin_spanish_yes,purple,female,0,True,0,False,0,True,20.0,1,6505c00f60873691a5154f78
652,True,race_white,1,1,yes,hisp_latin_spanish_no,purple,female,1,False,0,False,0,True,66.0,1,5be7a4f33b047e0001a3a4cd
653,True,race_white,1,1,yes,hisp_latin_spanish_no,purple,female,1,False,0,False,0,True,58.0,1,637ec171840002bcfac0d78f
654,True,race_white,1,1,yes,hisp_latin_spanish_no,purple,female,1,False,0,False,0,True,34.0,1,664609104464762e08a64a17
655,True,race_white,1,1,yes,hisp_latin_spanish_no,purple,male,1,True,1,False,1,True,34.0,1,5ed2bb7a67d51b24b2ac4037
656,True,race_black,1,1,yes,hisp_latin_spanish_no,purple,male,0,True,0,False,0,True,29.0,1,66895c30ecff1db0309b2d66
657,True,race_white,1,1,yes,hisp_latin_spanish_no,purple,female,0,True,0,False,0,True,67.0,1,60b4277a6c6540693acdd766
658,True,race_black,1,1,yes,hisp_latin_spanish_no,purple,male,1,False,0,False,0,True,61.0,1,663e48da433f2b3f67805460
659,True,race_white,1,1,yes,hisp_latin_spanish_no,purple,male,0,True,2,True,0,True,41.0,1,5ea5af918f52a85a290fbf18
660,True,race_asian,1,1,yes,hisp_latin_spanish_no,purple,female,1,True,1,False,1,True,23.0,1,65cd317ff963d201475b79d1
661,True,race_white,1,1,yes,hisp_latin_spanish_no,purple,male,0,True,0,False,0,True,18.0,1,65d77ed87ab676d2aa57db7a
662,True,race_black,1,1,yes,hisp_latin_spanish_no,purple,female,0,False,1,False,1,True,35.0,1,65c121050f94a8697e141f18
663,True,race_white,1,1,yes,hisp_latin_spanish_no,purple,female,0,True,0,False,0,True,34.0,1,6110a7aa95a10cdd65d8c77b
664,True,race_white,1,1,yes,hisp_latin_spanish_no,purple,male,1,False,0,False,0,True,47.0,1,5fc46f87f8b6b98b2ae7d8cb
665,True,race_white,1,1,yes,hisp_latin_spanish_no,purple,male,1,False,1,True,0,True,53.0,1,65d10150c35733711c1bca5c
666,True,race_white,1,1,yes,hisp_latin_spanish_no,purple,female,1,False,0,False,0,True,46.0,1,5cbf75531864210001fb4db2
667,True,race_white,1,1,yes,hisp_latin_spanish_yes,purple,male,0,False,0,True,1,True,30.0,1,6637a1a40c6e9056f1a4d892
668,True,race_white,1,1,yes,hisp_latin_spanish_yes,purple,male,1,True,1,False,1,True,31.0,1,62911ef14fd68295d60ba83b
669,True,race_white,1,1,yes,hisp_latin_spanish_no,purple,male,0,True,0,False,0,True,31.0,1,6413577c3565b8c76d846034
670,True,race_white,1,1,yes,hisp_latin_spanish_no,purple,female,0,False,1,False,1,True,23.0,1,61047f420a28c38583ab02ea
671,True,race_black,1,1,yes,hisp_latin_spanish_no,purple,female,1,False,0,False,0,True,45.0,1,60a9bd8de4ebb494f800330f
672,True,race_white,1,1,yes,hisp_latin_spanish_no,purple,female,0,True,0,False,0,True,25.0,1,5e7b7dcae28dab179d626283
673,True,race_black,1,1,yes,hisp_latin_spanish_no,purple,female,1,True,1,False,1,True,31.0,1,65cac438e01fffbd85541de2
674,True,race_white,1,1,yes,hisp_latin_spanish_yes,purple,female,1,True,1,False,1,True,40.0,1,665d3547c73c7565b3c07f09
675,True,race_black,1,1,yes,hisp_latin_spanish_no,purple,female,0,False,1,False,1,True,35.0,1,5dc368ce880a2927e264dbec
676,True,race_black,1,1,yes,hisp_latin_spanish_no,purple ,male,1,False,0,True,0,True,25.0,1,5e570d5f412e890d48a89940
677,True,race_white,1,1,yes,hisp_latin_spanish_no,purple,male,0,True,0,False,0,True,33.0,1,66896de7a16e7ba60de0d6e4
678,True,race_black,1,1,yes,hisp_latin_spanish_no,purple,male,0,True,0,False,0,True,44.0,1,66810098e8c03349da0a01cd
679,True,race_white,1,1,yes,hisp_latin_spanish_no,purple,female,1,True,1,False,1,True,60.0,1,63eceb160f69b779c757c48b
680,True,"race_asian, race_nhpi",1,1,yes,hisp_latin_spanish_no,purple,male,1,True,1,False,1,True,52.0,1,5de9e3c6828afe113e762732
681,True,race_asian,1,1,yes,hisp_latin_spanish_no,purple,female,1,True,1,False,1,True,42.0,1,63d404714ce0efcd04fe331f
682,True,race_white,1,1,yes,hisp_latin_spanish_no,purple,male,0,True,0,False,0,True,57.0,1,66881bfc0a18824a73876e2a
683,True,race_white,1,1,yes,hisp_latin_spanish_no,purple,male,1,True,1,False,1,True,34.0,1,59f77d39b47dfc0001b660ea
684,True,,1,1,yes,hisp_latin_spanish_no,purple,female,1,False,0,False,0,True,34.0,1,65772daa307b28b9a9ec187f
685,True,race_white,1,1,yes,hisp_latin_spanish_yes,purple,female,0,True,0,False,0,True,55.0,1,66711ef4c3a343ff5f0b1d91
686,True,race_white,1,1,yes,hisp_latin_spanish_no,purple,female,0,False,1,False,1,True,50.0,1,667c7e31f533f194d455fd34
687,True,race_white,1,1,yes,hisp_latin_spanish_no,purple,female,0,True,0,False,0,True,33.0,1,666b096ade3d4f774c629d3e
688,True,race_white,1,1,yes,hisp_latin_spanish_no,purple,male,1,False,0,False,0,True,36.0,1,5624cdb6ed6e5a0005c80822
689,True,,1,1,yes,,purple,female,0,False,1,False,1,True,23.0,1,60a3128cb035414bb4588090
690,True,race_white,1,1,yes,hisp_latin_spanish_no,purple,male,0,False,1,False,1,True,46.0,1,6238caf8bbe2f000db32e9fb
691,True,race_black,1,1,yes,hisp_latin_spanish_no,purple,female,0,False,1,False,1,True,33.0,1,65c14eb17b368ee1ed773e03
692,True,race_black,1,1,yes,hisp_latin_spanish_no,purple,female,1,True,1,False,1,True,39.0,1,65d2132e0d4bcd2c8f30dada
693,True,race_white,1,1,yes,hisp_latin_spanish_no,Purple,female,0,True,0,False,0,True,80.0,1,6654cee53f6665b7f5290a7a 6654cee53f6665b7f5290a7a
694,True,race_white,1,1,yes,hisp_latin_spanish_yes,purple,female,0,False,1,False,1,True,52.0,1,6549933c50750403169ebb98
695,True,race_white,1,1,yes,hisp_latin_spanish_no,purple,female,1,True,1,False,1,True,27.0,1,60fdc73e9fc2f113dc1ff96d
696,True,race_black,1,1,yes,hisp_latin_spanish_no,purple,female,1,False,0,False,0,True,48.0,1,65c1962811b94e3be638f19d
697,True,race_white,1,1,yes,hisp_latin_spanish_no,purple,male,1,True,1,False,1,True,22.0,1,6670805ba058ae6fc47f4f7b
698,True,race_white,1,1,yes,hisp_latin_spanish_no,purple,female,1,False,0,False,0,True,41.0,1,600844e5f1bbf53f71c6c61e
699,True,race_white,1,1,yes,hisp_latin_spanish_no,purple,female,0,False,1,False,1,True,27.0,1,5bf9cc2b138674000124bdc8
700,True,race_white,1,1,yes,hisp_latin_spanish_no,purple,female,0,True,0,False,0,True,29.0,1,665e6757dbbf9d7d418527b7
701,True,race_white,1,1,yes,hisp_latin_spanish_no,purple,female,0,True,0,False,0,True,28.0,1,6155bb4f5250fc58f16eca99
702,True,race_white,1,1,yes,hisp_latin_spanish_no,purple,female,1,False,0,False,0,True,44.0,1,5eaca76bcf6b3914ba0fbfe0
703,True,race_other,1,1,yes,hisp_latin_spanish_yes,purple,male,0,True,0,False,0,True,29.0,1,6017ee441e8f20aa1fbfb114
704,True,race_asian,1,1,yes,hisp_latin_spanish_no,purple,female,1,False,0,False,0,True,38.0,1,6631236a819d589594d78907
705,True,race_white,1,1,yes,hisp_latin_spanish_no,purple,female,1,False,0,False,0,True,48.0,1,66573564f424374e6d1b36bc
706,True,race_white,1,1,yes,hisp_latin_spanish_no,purple,male,1,False,1,True,0,True,34.0,1,5e40b0eae8e4b32f3a3ebe6f
707,True,race_black,1,1,yes,hisp_latin_spanish_no,purple,female,0,False,1,False,1,True,52.0,1,65c817a12c176da2e3e72772
708,True,race_white,1,1,yes,hisp_latin_spanish_no,purple,female,1,False,0,False,0,True,56.0,1,5664626351fac700118ed1df
709,True,race_white,1,1,yes,hisp_latin_spanish_no,purple,female,0,True,0,False,0,True,66.0,1,65a02f86f51e8f6fd7a73d01
710,True,race_white,1,1,yes,hisp_latin_spanish_no,purple,female,1,False,0,False,0,True,40.0,1,655cb8a2a541eee278485e19
711,True,race_white,1,1,yes,hisp_latin_spanish_no,purple,female,0,False,0,True,1,True,75.0,1,668160772c54df1452c58963
712,True,race_white,1,1,yes,hisp_latin_spanish_no,purple,male,1,False,0,False,0,True,27.0,1,65a9e8c7c7b1c1edab5df669
713,True,race_white,1,1,yes,hisp_latin_spanish_no,purple,male,1,True,1,False,1,True,36.0,1,5d2fbee1fb16450018a7a023
714,True,race_other,1,1,yes,hisp_latin_spanish_no,purple,female,0,True,0,False,0,True,41.0,1,667db4cb602e9018a420b57f
715,True,race_white,1,1,yes,hisp_latin_spanish_no,purple,male,1,False,0,False,0,True,43.0,1,5d7fdfd7d8e176001983ffa2
716,True,race_white,1,1,yes,hisp_latin_spanish_no,purple,female,1,True,1,False,1,True,41.0,1,6505dd0396732b81dda55ae2
717,True,race_black,1,1,unsure,hisp_latin_spanish_no,purple,female,0,True,0,True,0,True,37.0,1,5dd32178c5fa30341133264e
718,True,race_white,1,1,yes,hisp_latin_spanish_no,purple,male,1,False,0,False,0,True,51.0,1,65ddec52bb192ec419f961ef
719,True,race_white,1,1,yes,hisp_latin_spanish_no,purple,female,0,True,0,False,0,True,41.0,1,5ac5207ee1546900019c0279
720,True,race_white,1,1,yes,hisp_latin_spanish_no,purple,male,1,False,0,False,0,True,36.0,1,59f24b04cde13e00019a3e82
721,True,race_black,1,1,yes,hisp_latin_spanish_no,purple,female,1,False,0,False,0,True,45.0,1,6685bff319279648eb6d98b3
722,True,race_white,1,1,yes,hisp_latin_spanish_no,purple,female,1,True,1,False,1,True,38.0,1,5f6c7fd05c4f380266f5b78a
723,True,race_white,1,1,yes,hisp_latin_spanish_no,Purple,female,1,True,0,True,1,True,27.0,1,66885e16a99a052d4f19b92f
724,True,race_white,1,1,yes,hisp_latin_spanish_no,purple,female,1,True,1,False,1,True,43.0,1,66853157aebd504ff2bda2fc
725,True,race_white,1,1,yes,hisp_latin_spanish_no,purple ,male,1,True,2,True,1,True,36.0,1,5a7a1973000dab00018c3410
726,True,race_white,1,1,yes,hisp_latin_spanish_no,purple,male,0,True,0,False,0,True,38.0,1,5d5a2bd93296320016eee507
727,True,race_white,1,1,yes,hisp_latin_spanish_no,purple,female,1,False,0,False,0,True,57.0,1,60b63b1f1d8a6fc4d72d5328
728,True,race_white,1,1,yes,hisp_latin_spanish_no,purple,male,1,False,0,False,0,True,39.0,1,641e665144143d6ffe379ffe
729,True,race_white,1,1,yes,hisp_latin_spanish_no,purple,female,0,True,0,False,0,True,32.0,1,5d083644613fce001b2a1001
730,True,race_white,1,1,yes,hisp_latin_spanish_no,purple,male,1,True,1,False,1,True,69.0,1,667aef5020c649859142a95e
731,True,race_asian,1,1,yes,hisp_latin_spanish_no,purple,female,0,True,0,False,0,True,26.0,1,65d5272cdc731bb8de18825c
732,True,race_white,1,1,yes,hisp_latin_spanish_no,purple,male,0,False,1,False,1,True,31.0,1,60135474a4e4aa23098da94c
733,True,race_white,1,1,yes,hisp_latin_spanish_no,Purple,male,1,False,0,False,0,True,28.0,1,668504e60ac07bf4d1deef53
734,True,race_white,1,1,yes,hisp_latin_spanish_no,purple,female,0,False,1,False,1,True,37.0,1,5d1cf86b74a06a0019e3079c
735,True,,1,1,yes,,purple,female,0,True,0,False,0,True,31.0,1,6644f37947ff3c7c3f9bbca1
736,True,race_white,1,1,yes,hisp_latin_spanish_yes,purple,female,0,True,0,False,0,True,,1,663fa3f49c83a075d5ccc105
737,True,race_asian,1,1,yes,hisp_latin_spanish_no,purple,male,1,True,1,False,1,True,56.0,1,65bca19007cbd9b58cec1184
738,True,race_white,1,1,yes,hisp_latin_spanish_no,purple,male,0,True,0,False,0,True,20.0,1,66630c3dcba165e1e6ee1e99
739,True,race_white,1,1,yes,hisp_latin_spanish_no,purple,female,0,False,1,False,1,True,34.0,1,651d6cfd43dc5deda0f2a4aa
740,True,race_white,1,1,yes,hisp_latin_spanish_no,purple,female,1,True,1,False,1,True,53.0,1,6652b1507552ca50146ed473
741,True,race_white,1,1,yes,hisp_latin_spanish_no,purple,female,1,False,0,False,0,True,43.0,1,616745263b36a973b73f4641
742,True,race_white,1,1,yes,hisp_latin_spanish_no,purple,female,1,False,0,False,0,True,39.0,1,662d062cabd2888789acb82b
743,True,,1,1,yes,hisp_latin_spanish_no,purple,female,0,True,0,False,0,True,36.0,1,5d2fb8f7034d7d000164bd18
744,True,race_asian,1,1,yes,hisp_latin_spanish_no,purple,female,0,True,0,False,0,True,25.0,1,65cb89b224d1ce70d4af9dd9
745,True,race_white,1,1,yes,hisp_latin_spanish_no,Purple ,male,0,True,0,True,0,True,28.0,1,650211c768c4e25c328ac978
746,True,race_white,1,1,yes,hisp_latin_spanish_no,purple,female,1,True,1,False,1,True,26.0,1,667d7d30263c6bc45e578821
747,True,race_black,1,1,yes,hisp_latin_spanish_no,purple,female,1,True,0,True,1,True,70.0,1,668c12546ad7e715b79432bd
748,True,race_white,1,1,yes,hisp_latin_spanish_no,purple,male,1,True,1,False,1,True,30.0,1,668d216a32a6ba92f44eed75
749,True,race_white,1,1,yes,hisp_latin_spanish_no,purple,male,0,True,0,False,0,True,40.0,1,6657561a43b56863ebba9584
750,True,race_white,1,1,yes,hisp_latin_spanish_no,purple,female,0,True,0,False,0,True,51.0,1,654a86d08714f739c9fcea21
751,True,race_asian,1,1,yes,hisp_latin_spanish_yes,purple,male,0,False,1,False,1,True,37.0,1,5fc1eef1a1e4b030123651f4
752,True,race_white,1,1,yes,hisp_latin_spanish_no,purple,male,1,True,1,False,1,True,39.0,1,5b2f2c586d601d0001d5cd73
753,True,race_white,1,1,yes,hisp_latin_spanish_no,purple,male,1,False,0,False,0,True,32.0,1,60fdd5732c9e665b27eac15e
754,True,race_white,1,1,yes,hisp_latin_spanish_no,purple,female,0,False,1,False,1,True,32.0,1,60ef2700e476748689a999f7
755,True,race_white,1,1,yes,hisp_latin_spanish_no,Purple ,female,0,True,0,True,0,True,65.0,1,6669bbf3a03c9e9b44e9c371
756,True,race_white,1,1,yes,hisp_latin_spanish_no,purple,male,0,True,0,False,0,True,63.0,1,609a5974625e18ab158c9a3e
757,True,race_white,1,1,yes,hisp_latin_spanish_no,purple,male,1,True,1,False,1,True,36.0,1,60e7739644eb45bfddedf039
758,True,race_white,1,1,yes,hisp_latin_spanish_no,purple,female,0,False,1,False,1,True,60.0,1,5a91877e777df200015fa0f5
759,True,race_white,1,1,yes,hisp_latin_spanish_no,purple,female,1,False,0,False,0,True,75.0,1,63d4a887e1ab7f8c5a4cc336
760,True,race_white,1,1,yes,hisp_latin_spanish_no,purple,male,1,False,0,False,0,True,31.0,1,592621a771d4fe00012ce948
761,True,race_white,1,1,yes,hisp_latin_spanish_no,purple,male,1,False,0,False,0,True,61.0,1,6631b5852e5e748863ca2c4c
762,True,race_white,1,1,yes,hisp_latin_spanish_no,purple,female,0,False,1,False,1,True,31.0,1,667cfd0b827314cd6f7027c4
763,True,race_white,1,1,yes,hisp_latin_spanish_no,purple,female,0,False,1,False,1,True,35.0,1,6686d1e939accbf766c54889
764,True,race_white,1,1,yes,hisp_latin_spanish_no,purple,male,0,True,0,False,0,True,38.0,1,62838cdc775f6094ddf0664b
765,True,race_white,1,1,yes,hisp_latin_spanish_no,purple,male,1,False,0,False,0,True,39.0,1,5e55d9d5bcdb1e5f55cca145
766,True,race_white,1,1,yes,hisp_latin_spanish_no,purple,male,0,False,1,False,1,True,45.0,1,5bb2677fd8afe200018d0afc
767,True,"race_aian, race_white",1,1,yes,hisp_latin_spanish_yes,purple,male,0,False,1,False,1,True,32.0,1,65e24e2016cf7dd292e72891
768,True,race_white,1,1,yes,hisp_latin_spanish_no,purple,female,1,True,1,False,1,True,30.0,1,65e0ec9537ae9a15a3aca925
769,True,race_white,1,1,yes,hisp_latin_spanish_no,purple,female,0,False,1,False,1,True,62.0,1,5cb882d33f0af9000159e00f
770,True,race_white,1,1,yes,hisp_latin_spanish_no,purple,male,0,True,0,False,0,True,36.0,1,5f17821d53d8590009cfc951
771,True,race_white,1,1,yes,hisp_latin_spanish_no,purple,female,1,False,0,False,0,True,27.0,1,6658b69b522b5c7e89752aa6
772,True,race_white,1,1,yes,hisp_latin_spanish_no,purple,male,0,True,0,False,0,True,26.0,1,5deb05909f631c23193bbffd
773,True,"race_aian, race_white",1,1,yes,hisp_latin_spanish_no,purple,female,0,False,1,False,1,True,65.0,1,62979d6078be475dbbcb0149
774,True,race_black,1,1,yes,hisp_latin_spanish_no,purple,male,0,False,1,False,1,True,38.0,1,64045393fa09ada78f0b5301
775,True,race_black,1,1,yes,hisp_latin_spanish_no,purple,male,1,True,1,False,1,True,38.0,1,63d7a6a997f03198526a1941
776,True,race_white,1,1,yes,hisp_latin_spanish_no,purple,male,0,True,0,False,0,True,28.0,1,61075a765969d97b256603b7
777,True,race_white,1,1,yes,hisp_latin_spanish_no,purple,female,1,True,0,True,1,True,73.0,1,63480954af4c7db036aa6595
778,True,race_white,1,1,yes,hisp_latin_spanish_no,purple,female,0,False,1,False,1,True,45.0,1,662d2b49f9908722045d505d
779,True,race_white,1,1,yes,hisp_latin_spanish_no,purple,male,1,False,0,False,0,True,46.0,1,5c616465b672de0001fd3ac6
780,True,race_black,1,1,yes,hisp_latin_spanish_no,purple,male,1,True,1,False,1,True,38.0,1,64294cae8d5cae1b2ed48562
781,True,race_white,1,1,yes,hisp_latin_spanish_no,purple,male,1,False,0,False,0,True,53.0,1,5ac4c721e1099600016a823b
782,True,race_asian,1,1,yes,hisp_latin_spanish_no,purple,male,0,True,0,False,0,True,35.0,1,5ec738ce3c7fd317a72dcfe6
783,True,race_white,1,1,yes,hisp_latin_spanish_no,purple,female,0,True,0,False,0,True,46.0,1,5e29d24605043a02e9043472
784,True,race_white,1,1,yes,hisp_latin_spanish_no,purple,female,0,False,1,False,1,True,26.0,1,60ca1b9201fcd80c6647a431
785,True,race_white,1,1,yes,hisp_latin_spanish_no,purple,female,1,True,1,False,1,True,32.0,1,664d4d89e3fcacd468ac4425
786,True,race_white,1,1,yes,hisp_latin_spanish_no,purple,male,0,True,0,False,0,True,65.0,1,6685fc99a5f104da3398a1ca
787,True,race_white,1,1,yes,hisp_latin_spanish_no,purple,female,0,True,0,False,0,True,30.0,1,6638debdf7ff5e5c96c7b871
788,True,race_black,1,1,yes,hisp_latin_spanish_no,purple,male,0,True,0,False,0,True,27.0,1,668031d19b156a71958fb3bd
789,True,race_white,1,1,yes,hisp_latin_spanish_no,purple,female,1,False,0,False,0,True,30.0,1,5bca0f4fa84e9f00019cce4e
790,True,race_white,1,1,yes,hisp_latin_spanish_no,purple,female,1,True,1,False,1,True,30.0,1,599b410ab5566b0001aa86db
791,True,race_white,1,1,yes,hisp_latin_spanish_no,purple,male,0,False,1,False,1,True,29.0,1,5f71324c1eac297693c91ac4
792,True,race_white,1,1,yes,hisp_latin_spanish_no,purple,male,0,True,0,False,0,True,47.0,1,62c026818910950fc380e599
793,True,race_black,1,1,yes,hisp_latin_spanish_no,purple,female,0,True,0,False,0,True,64.0,1,65ca418b08131c4a0ee1655a
794,True,"race_aian, race_white",1,1,yes,hisp_latin_spanish_no,purple,female,0,False,1,False,1,True,46.0,1,65739d1975f2f4dae500f513
795,True,race_white,1,1,yes,hisp_latin_spanish_no,purple,male,1,True,1,False,1,True,51.0,1,63fa78f21e485a372c6528fa
796,True,race_white,1,1,yes,hisp_latin_spanish_no,purple,female,0,True,0,False,0,True,48.0,1,65ef950203e4e8448c55e54c
797,True,race_white,1,1,yes,hisp_latin_spanish_no,purple,female,0,False,1,False,1,True,44.0,1,614f3a020b0f8d857c3d5cad
798,True,race_white,1,1,yes,hisp_latin_spanish_no,purple,male,1,True,1,False,1,True,36.0,1,583f12f545073d0001fac52d
799,True,race_white,1,1,yes,hisp_latin_spanish_no,purple,female,1,True,1,False,1,True,47.0,1,5de1ac810f8b6721970ab78a
800,True,race_white,1,1,yes,hisp_latin_spanish_no,purple,female,1,True,1,False,1,True,25.0,1,61008b27700cd8ceddeb9ebb
801,True,race_white,1,1,yes,hisp_latin_spanish_no,purple,female,0,True,0,False,0,True,36.0,1,5f9ad972c3a1dd24704dd558
802,True,race_white,1,1,yes,hisp_latin_spanish_no,Purple,female,0,True,0,False,0,True,37.0,1,628e196e63bc7ab9e6c6caea
803,True,race_white,1,1,yes,hisp_latin_spanish_no,purple,male,1,True,1,False,1,True,46.0,1,62e05c5342a352728f4b985d
804,True,race_white,1,1,yes,hisp_latin_spanish_no,purple,female,0,True,0,False,0,True,50.0,1,6151b5ac7510be42d379540b
805,True,race_white,1,1,yes,hisp_latin_spanish_no,purple,female,1,True,1,False,1,True,35.0,1,5d9c67b131544d00101daef1
806,True,race_white,1,1,yes,hisp_latin_spanish_yes,purple,female,1,True,1,False,1,True,33.0,1,5c55c45f53fba80001bcf323
807,True,race_black,1,1,yes,hisp_latin_spanish_no,purple,male,0,True,0,False,0,True,42.0,1,663278917be03782c15c1a03
808,True,race_white,1,1,yes,hisp_latin_spanish_no,purple ,female,0,True,0,True,0,True,75.0,1,5ff79cf96ccb554ae5d00a7d
809,True,race_white,1,1,yes,hisp_latin_spanish_no,purple,female,0,True,0,False,0,True,33.0,1,5deaac8dff7f711d9032fa94
810,True,race_white,1,1,yes,hisp_latin_spanish_no,purple,male,0,True,0,False,0,True,38.0,1,66608cfbed8f4c21e02ca711
811,True,race_white,1,1,yes,hisp_latin_spanish_no,purple,female,1,True,1,False,1,True,37.0,1,5dc8bc757d735061e97c89c1
812,True,race_white,1,1,yes,hisp_latin_spanish_no,purple,male,0,True,0,False,0,True,33.0,1,5dcefcd0307b8d05031d7264
813,True,race_white,1,1,yes,hisp_latin_spanish_no,purple,female,1,False,0,False,0,True,38.0,1,5d7862a638292d001c062b79
814,True,race_black,1,1,yes,hisp_latin_spanish_no,purple,male,0,False,1,False,1,True,27.0,1,63d8af046e89a92beab600b1
815,True,race_white,1,1,yes,hisp_latin_spanish_no,purple,female,1,True,1,False,1,True,51.0,1,5b0c65c11e55760001b96e90
816,True,race_white,1,1,yes,hisp_latin_spanish_no,purple,female,0,False,1,False,1,True,29.0,1,5e6ec2818808e6486e268039
817,True,race_white,1,1,yes,hisp_latin_spanish_no,purple,female,1,False,0,False,0,True,48.0,1,66300ce30868b75bd7e4bc69
818,True,race_white,1,1,yes,hisp_latin_spanish_no,purple,female,0,False,1,False,1,True,47.0,1,665f614d1fb76e20cd7995e5
819,True,race_asian,1,1,yes,hisp_latin_spanish_no,purple,male,0,False,1,False,1,True,36.0,1,59e833e72f63d30001c8fb86
820,True,race_white,1,1,yes,hisp_latin_spanish_no,purple,male,1,False,0,False,0,True,49.0,1,644c061ce861c17549323c00
821,True,race_white,1,1,yes,hisp_latin_spanish_yes,purple,female,0,True,0,False,0,True,33.0,1,5b197b8088ee7400012ae154
822,True,race_white,1,1,yes,hisp_latin_spanish_yes,purple,female,0,True,0,False,0,True,29.0,1,66627a0eec2c98bc0c545fd6
823,True,race_asian,1,1,yes,hisp_latin_spanish_no,purple,female,0,True,0,False,0,True,25.0,1,65cb996c96cd88ab552a482f
824,True,race_white,1,1,yes,hisp_latin_spanish_no,purple,female,0,True,0,False,0,True,37.0,1,66435d67125fd343899c4647
825,True,race_white,1,1,yes,hisp_latin_spanish_no,purple,female,0,True,0,False,0,True,32.0,1,5c30417cc9b67b000130fa69
826,True,,1,1,yes,hisp_latin_spanish_no,purple,male,0,True,0,False,0,True,33.0,1,5e3f778e91be661ca60e3540
827,True,race_white,1,1,yes,hisp_latin_spanish_no,purple,female,1,True,1,False,1,True,49.0,1,663294a9baf0036a40ac21a1
828,True,race_white,1,1,yes,hisp_latin_spanish_no,purple,female,1,True,1,False,1,True,47.0,1,59ff057a087f2e0001ead80f
829,True,race_white,1,1,yes,hisp_latin_spanish_no,purple,female,0,True,0,False,0,True,50.0,1,662a83038907a650a3115282
830,True,"race_asian, race_white",1,1,yes,hisp_latin_spanish_no,purple,male,0,False,1,False,1,True,42.0,1,5e935de580280569a374fa97
831,True,race_asian,1,1,yes,hisp_latin_spanish_no,purple,female,1,False,0,False,0,True,39.0,1,65e7a2d360162fe9d3288649
832,True,race_black,1,1,yes,hisp_latin_spanish_no,purple,male,0,True,0,False,0,True,47.0,1,66729a7682a0a90621f0b22e
833,True,race_white,1,1,yes,hisp_latin_spanish_no,purple,female,1,True,1,False,1,True,48.0,1,614ee347a57616853a7b1356
834,True,race_black,1,1,yes,hisp_latin_spanish_no,purple,male,1,False,1,True,0,True,45.0,1,666826860cf905282f9e3421
835,True,"race_asian, race_white",1,1,yes,hisp_latin_spanish_no,purple,male,1,False,0,False,0,True,22.0,1,668383c06660dc5eeacf1242
836,True,race_black,1,1,yes,hisp_latin_spanish_no,purple,male,0,True,0,False,0,True,39.0,1,6334d869011b16ac13de3546
837,True,race_black,1,1,yes,hisp_latin_spanish_no,purple,male,0,True,0,False,0,True,43.0,1,63f77db037de29d7fd62b0a9
838,True,race_white,1,1,yes,hisp_latin_spanish_no,purple,female,0,True,0,False,0,True,29.0,1,667f3514680792ad6aa6526e
839,True,race_white,1,1,yes,hisp_latin_spanish_no,purple,female,0,False,1,False,1,True,42.0,1,60833c2c9021cf77d24dcd3d
840,True,race_white,1,1,yes,hisp_latin_spanish_no,purple,female,0,False,1,False,1,True,18.0,1,668c94182fb7214f67b33418
841,True,race_black,1,1,yes,hisp_latin_spanish_no,purple,male,0,True,0,False,0,True,27.0,1,6678813aec86d687a654dedb
842,True,race_white,1,1,yes,hisp_latin_spanish_no,purple,female,1,False,0,False,0,True,39.0,1,5a72e36c6fc3c60001f97a9b
843,True,"race_white, race_other",1,1,yes,hisp_latin_spanish_no,Purple ,male,1,True,1,True,1,True,49.0,1,6684486c3fcb6d2544a8dfd4
844,True,race_white,1,1,yes,hisp_latin_spanish_yes,purple,male,0,True,0,False,0,True,42.0,1,5f6b8930b9d9530b1b065360
845,True,race_black,1,1,yes,hisp_latin_spanish_no,purple,female,1,True,1,False,1,True,67.0,1,6602e419d703ab82ba28ea91
846,True,race_white,1,1,yes,hisp_latin_spanish_no,purple,female,1,True,1,False,1,True,33.0,1,5dd8529f332b3480549fd43b
847,True,race_white,1,1,yes,hisp_latin_spanish_yes,purple,male,0,True,0,False,0,True,26.0,1,5dfa99023b1705011ab4dd93
848,True,race_asian,1,1,yes,hisp_latin_spanish_no,purple,female,1,True,1,False,1,True,51.0,1,6546ae9565cd1cdeaa6008bc
849,True,race_black,1,1,yes,hisp_latin_spanish_no,Purple,female,0,True,0,False,0,True,25.0,1,668994eb7c15ef8634f1c2f1
850,True,race_white,1,1,yes,hisp_latin_spanish_no,purple,,0,True,0,False,0,True,32.0,1,5b08b33ae33e2b00016aca92
851,True,race_white,1,1,yes,hisp_latin_spanish_no,purple,male,0,False,1,False,1,True,44.0,1,610ccf09b1b0759b2668ded1
852,True,race_black,1,1,yes,hisp_latin_spanish_no,purple,male,0,True,0,False,0,True,45.0,1,65ac586115940869d22935d5
853,True,race_white,1,1,yes,hisp_latin_spanish_no,purple,male,1,True,1,False,1,True,43.0,1,665f21efc77b50aba76c3258
854,True,race_white,1,1,yes,hisp_latin_spanish_no,purple,male,1,True,1,False,1,True,34.0,1,602fd11faa844cd2d0fd5818
855,True,race_white,1,1,yes,hisp_latin_spanish_no,purple,female,0,True,1,True,0,True,40.0,1,664882ac3f4b55115ba1525a
856,True,race_white,1,1,yes,hisp_latin_spanish_no,purple,male,1,False,0,False,0,True,42.0,1,5d7cefc73f9ae70018b400f1
857,True,race_black,1,1,yes,hisp_latin_spanish_no,purple,male,1,True,1,False,1,True,,1,636160d36f12aeaa8dc8d888
858,True,race_other,1,1,yes,hisp_latin_spanish_yes,purple ,male,0,True,0,True,0,True,39.0,1,663309ca6d0c30877505b2d6
859,True,race_white,1,1,yes,hisp_latin_spanish_no,purple,male,0,False,1,False,1,True,54.0,1,5ea25b82a46065174c689daa
860,True,race_white,1,1,yes,hisp_latin_spanish_no,purple,female,1,True,1,False,1,True,56.0,1,5c0e94e41d3b190001080862
861,True,race_white,1,1,yes,hisp_latin_spanish_no,purple,female,0,True,0,False,0,True,46.0,1,662971dda6c07ecc0a1a243a
862,True,race_white,1,1,yes,hisp_latin_spanish_no,purple,female,1,True,1,False,1,True,53.0,1,667d754f54b7825520ba9ba6
863,True,race_white,1,1,yes,hisp_latin_spanish_no,PURPLE,male,1,True,1,False,1,True,31.0,1,606f9bca353fc36aba9ccb8b
864,True,race_white,1,1,yes,hisp_latin_spanish_no,purple,male,1,True,1,False,1,True,47.0,1,60e25008f1ecf0be303353bb
865,True,race_white,1,1,yes,hisp_latin_spanish_no,purple,male,0,False,1,False,1,True,37.0,1,5c109ce457fd11000127f3de
866,True,race_white,1,1,yes,hisp_latin_spanish_no,purple,female,1,False,0,False,0,True,51.0,1,60c2d24ec38313ef7ac18471
867,True,race_white,1,1,yes,hisp_latin_spanish_no,purple,male,1,True,1,False,1,True,32.0,1,65f8338344d12d81623e7062
868,True,race_white,1,1,yes,hisp_latin_spanish_no,purple,female,1,False,0,False,0,True,36.0,1,6108ac21952e40cfe7c41d39
869,True,"race_nhpi, race_white",1,1,yes,hisp_latin_spanish_no,purple,female,1,False,0,False,0,True,24.0,1,62ba281b9d7e1e055d098582
871,True,race_white,1,1,yes,hisp_latin_spanish_no,purple,male,1,False,1,True,0,True,35.0,1,606537639bc40e88e953c584
870,True,race_white,1,1,yes,hisp_latin_spanish_no,purple,male,0,True,0,False,0,True,33.0,1,664692878add3afcc229c905
872,True,"race_black, race_white, race_other",1,1,yes,hisp_latin_spanish_no,purple,male,0,True,0,False,0,True,30.0,1,5c5f525806006e0001db95d2
873,True,race_black,1,1,yes,hisp_latin_spanish_no,purple,male,1,True,1,False,1,True,32.0,1,666ee42f498fab42b58066be
874,True,race_aian,1,1,yes,hisp_latin_spanish_no,purple,female,1,True,0,True,1,True,25.0,1,5d510396f6725b001a4fc025
875,True,race_black,1,1,yes,hisp_latin_spanish_no,purple,female,1,False,0,False,0,True,30.0,1,58066bf52d948b00014ba876
876,True,race_black,1,1,yes,hisp_latin_spanish_no,purple,female,0,True,0,False,0,True,51.0,1,63d1ad5f338fcbb1af993e6b
877,True,race_black,1,1,yes,hisp_latin_spanish_no,purple ,female,1,True,1,True,1,True,32.0,1,6667fa0a86f81258e094b63f
878,True,race_asian,1,1,yes,hisp_latin_spanish_no,purple,female,1,True,1,False,1,True,50.0,1,593444cd7f60d200011e5798
879,True,race_white,1,1,yes,hisp_latin_spanish_no,purple,female,1,True,1,False,1,True,47.0,1,60d0e964da61ec52cf2bafd4
880,True,race_white,1,1,yes,hisp_latin_spanish_no,purple,male,0,False,1,False,1,True,50.0,1,61fa904ed42cb19beec490d9
881,True,race_white,1,1,yes,hisp_latin_spanish_no,purple,female,0,False,1,False,1,True,57.0,1,56169e435c62cf000f822c76
882,True,race_white,1,1,yes,hisp_latin_spanish_no,purple,female,1,True,0,True,1,True,41.0,1,5d4254db5b2c430001418a3c
883,True,race_black,1,1,yes,hisp_latin_spanish_no,purple,female,1,True,1,False,1,True,48.0,1,5974561734b844000168d1e0
884,True,race_white,1,1,yes,hisp_latin_spanish_no,purple,male,0,True,2,True,0,True,40.0,1,5fb69cacddba6408f81a9564
885,True,race_white,1,1,yes,hisp_latin_spanish_no,purple,female,1,True,1,False,1,True,52.0,1,616da069522e6b8aa420a603
886,True,race_white,1,1,yes,hisp_latin_spanish_no,purple,male,0,True,0,False,0,True,34.0,1,60204dc20bebf462370504bf
887,True,race_white,1,1,yes,hisp_latin_spanish_no,purple,male,1,False,0,False,0,True,69.0,1,6158bd2745993bf25a54a521
888,True,race_white,1,1,yes,hisp_latin_spanish_no,purple,female,1,True,1,False,1,True,35.0,1,668770f25fe34e69feb1a3ae
889,True,race_white,1,1,yes,hisp_latin_spanish_no,purple,female,1,False,0,False,0,True,52.0,1,623537f22ffeb94d58da7a10
890,True,race_white,1,1,yes,hisp_latin_spanish_no,purple,female,1,True,0,True,1,True,54.0,1,6674b0f2a8ee70290c72b267
891,True,race_white,1,1,yes,hisp_latin_spanish_yes,purple,female,0,False,0,True,1,True,31.0,1,665616bad6c28172319a7261
892,True,race_white,1,1,yes,hisp_latin_spanish_no,purple,male,1,True,1,False,1,True,44.0,1,5edb7982f3b2f87f8ef83236
893,True,race_white,1,1,yes,hisp_latin_spanish_yes,purple,male,0,True,0,False,0,True,35.0,1,5dd5b42a2091e95798fbf574
894,True,race_white,1,1,yes,hisp_latin_spanish_no,purple,female,0,False,1,False,1,True,29.0,1,6108bae61196a3bd6fc3a24b
895,True,race_white,1,1,yes,hisp_latin_spanish_no,purple,female,0,True,0,False,0,True,47.0,1,630663a1dc842dde6b18b557
896,True,race_black,1,1,yes,hisp_latin_spanish_no,purple,female,0,False,1,False,1,True,35.0,1,65c12562d6f486db7815bc09
897,True,race_white,1,1,yes,hisp_latin_spanish_no,purple,female,0,True,0,False,0,True,46.0,1,66688336cb6b5de159df075e
898,True,race_asian,1,1,yes,hisp_latin_spanish_no,purple,female,0,True,0,False,0,True,32.0,1,62a171d50d6c4f89905ced80
899,True,race_white,1,1,yes,hisp_latin_spanish_no,purple,male,0,True,0,False,0,True,52.0,1,5e0b388b15ef4037cebdecc9
900,True,"race_aian, race_black, race_white",1,1,yes,hisp_latin_spanish_no,purple,female,1,True,1,False,1,True,58.0,1,62794a276fc2c539bfea92e3
901,True,race_white,1,1,yes,hisp_latin_spanish_no,PURPLE,male,1,True,1,False,1,True,47.0,1,667ab82603687acc0d9c31b1
902,True,race_white,1,1,yes,hisp_latin_spanish_no,purple,female,1,False,0,False,0,True,42.0,1,57a08ec3dcff7d0001c7ce99
903,True,,1,1,yes,hisp_latin_spanish_yes,purple,female,1,True,1,False,1,True,25.0,1,6109e6a2fa19c48b83833b9d
904,True,race_white,1,1,yes,hisp_latin_spanish_no,purple,male,0,False,1,False,1,True,42.0,1,5c40e7d99d27f00001159a65
905,True,race_white,1,1,yes,hisp_latin_spanish_no,purple,female,0,True,0,False,0,True,40.0,1,6634f75473662745cf77ac53
906,True,race_black,1,1,yes,hisp_latin_spanish_no,purple,male,0,True,0,False,0,True,23.0,1,66882ade90fa575c90e0917b
907,True,race_white,1,1,yes,hisp_latin_spanish_no,purple,male,0,True,0,False,0,True,46.0,1,5cbf5b488be75a0016b49758
908,True,race_black,1,1,yes,hisp_latin_spanish_no,purple,male,1,True,1,False,1,True,39.0,1,655adfa96fe070d1ede286bb
909,True,race_white,1,1,yes,hisp_latin_spanish_no,purple,male,1,True,1,False,1,True,39.0,1,62c3430ae19d78462af9e743
910,True,race_white,1,1,yes,hisp_latin_spanish_no,purpole,male,1,True,1,True,1,True,39.0,1,66855997392069136b6d8f1b
911,True,race_white,1,1,yes,hisp_latin_spanish_no,purple,female,0,False,1,False,1,True,33.0,1,667c38f239a666288776e624
912,True,race_black,1,1,yes,hisp_latin_spanish_no,purple,female,1,False,0,False,0,True,49.0,1,65957f9a085d53d06174a2f9
913,True,race_white,1,1,yes,hisp_latin_spanish_no,purple,female,1,False,0,False,0,True,30.0,1,5ecd65ba7e5f5c0b391090a6
914,True,race_white,1,1,yes,hisp_latin_spanish_no,Purple,male,1,False,0,False,0,True,42.0,1,5dd3d566e05cad3b130de19a
915,True,race_white,1,1,yes,hisp_latin_spanish_no,purple,male,1,True,1,False,1,True,40.0,1,5d84398b58ceda0019482646
916,True,race_white,1,1,yes,hisp_latin_spanish_no,purple,female,1,True,1,False,1,True,55.0,1,62686fdb4b7b799abadf0303
917,True,race_other,1,1,yes,hisp_latin_spanish_yes,Purple,female,0,True,0,False,0,True,25.0,1,668c2626b04c98bbf00099dd
918,True,race_white,1,1,yes,hisp_latin_spanish_no,purple,female,1,True,1,False,1,True,49.0,1,6632e5e41f3afd573a1d88ca
919,True,race_white,1,1,yes,hisp_latin_spanish_no,purple,female,1,True,1,False,1,True,28.0,1,5bdbabb5712eb800010cbc9a
920,True,race_white,1,1,yes,hisp_latin_spanish_no,purple,male,0,True,0,False,0,True,54.0,1,63457ca6ea7e55d2491ec3fc
921,True,race_white,1,1,yes,hisp_latin_spanish_no,purple,male,1,False,0,False,0,True,23.0,1,660f4cb0715f67ab94e12d15
922,True,"race_asian, race_white",1,1,yes,hisp_latin_spanish_no,purple,male,1,False,0,False,0,True,27.0,1,5c467385f608210001a4d8ee
923,True,race_asian,1,1,yes,hisp_latin_spanish_no,purple,male,0,True,0,False,0,True,40.0,1,5d3522b6eac3d50017df02cb
924,True,race_black,1,1,yes,hisp_latin_spanish_no,purple,female,1,True,1,False,1,True,50.0,1,668d42392a9d06c258e32c68
925,True,race_asian,1,1,yes,hisp_latin_spanish_no,purple,female,0,True,0,False,0,True,38.0,1,5ec59e86c9569f5e8000717b
926,True,race_other,1,1,yes,hisp_latin_spanish_no,purple,female,0,True,0,False,0,True,37.0,1,6675ce18002c8884a6fec6a6
927,True,race_asian,1,1,yes,hisp_latin_spanish_no,purple,male,1,False,0,False,0,True,23.0,1,6126c68385863fa349a80305
928,True,"race_nhpi, race_white",1,1,yes,hisp_latin_spanish_no,purple,,0,False,1,False,1,True,44.0,1,667d76240f5000a33e44bbaf
929,True,race_white,1,1,yes,hisp_latin_spanish_no,purple,male,1,False,0,False,0,True,38.0,1,5ca88c7900dbf0000127c5d5
930,True,race_white,1,1,yes,hisp_latin_spanish_no,purple,female,0,True,0,False,0,True,32.0,1,63d893908da96ef42473bdcb
931,True,race_white,1,1,yes,hisp_latin_spanish_no,purple,male,0,True,1,True,0,True,39.0,1,62ba9df7bf9e8e2ef0501f94
932,True,race_white,1,1,yes,hisp_latin_spanish_no,purple,female,1,True,1,False,1,True,46.0,1,667658524a2ae555a8380b3f
933,True,race_white,1,1,yes,hisp_latin_spanish_no,purple,male,0,True,0,False,0,True,28.0,1,65e7bb5a7357ea00136b0270
934,True,race_white,1,1,yes,hisp_latin_spanish_no,Purple,female,1,True,1,False,1,True,70.0,1,5f29630204d5da0498e9ab4e
935,True,race_white,1,1,yes,hisp_latin_spanish_no,purple,female,1,False,0,False,0,True,41.0,1,5c0ea3b7481b47000182320a
936,True,race_black,1,1,yes,hisp_latin_spanish_no,purple,male,0,True,0,False,0,True,35.0,1,6685470a6b2b722556a02400
937,True,race_white,1,1,yes,hisp_latin_spanish_no,purple,female,0,False,0,True,1,True,58.0,1,5d9b7f29654a3102c8112b63
938,True,race_black,1,1,yes,hisp_latin_spanish_no,purple,female,0,True,0,False,0,True,57.0,1,62d1889e705b184fe98cf5b3
939,True,race_white,1,1,yes,hisp_latin_spanish_no,purple,male,1,True,1,False,1,True,32.0,1,66463fe42ca49efed3412fdf
940,True,race_asian,1,1,yes,hisp_latin_spanish_no,purple,male,1,True,1,False,1,True,39.0,1,5f51287698edeb30a0cf878d
941,True,race_white,1,1,yes,hisp_latin_spanish_no,purple,male,0,False,1,False,1,True,23.0,1,5e86c320939b3030601f7fcb
942,True,race_white,1,1,yes,hisp_latin_spanish_no,purple,female,0,False,1,False,1,True,61.0,1,646619d0918746fb726da63e
943,True,race_white,1,1,yes,hisp_latin_spanish_no,purple,male,0,True,0,False,0,True,29.0,1,5de260b9553cee28d97b058d
944,True,race_white,1,1,yes,hisp_latin_spanish_no,purple,female,1,False,0,False,0,True,34.0,1,660ad11f945fa3dbc5fc3e65
945,True,race_white,1,1,yes,hisp_latin_spanish_no,purple,female,0,True,0,False,0,True,35.0,1,60dbf6f5a1694ed71ee0fd7f
946,True,"race_aian, race_white",1,1,yes,hisp_latin_spanish_no,purple,female,1,True,1,False,1,True,36.0,1,6168e3efc08671bd92f7fd37
947,True,race_black,1,1,yes,hisp_latin_spanish_no,purple,male,0,True,0,False,0,True,43.0,1,5cad1bc9b38ea60017cb12f4
948,True,race_white,1,1,yes,hisp_latin_spanish_no,purple,female,1,True,1,False,1,True,51.0,1,65de8bb036d20b18c5637a14
949,True,race_white,1,1,yes,hisp_latin_spanish_no,purple,male,0,True,0,False,0,True,25.0,1,66606b744c5633c5faf907da
950,True,race_black,1,1,yes,hisp_latin_spanish_no,purple,female,1,True,1,False,1,True,26.0,1,60f4e3ab507bbb123f866e88
951,True,race_black,1,1,yes,hisp_latin_spanish_no,purple,female,1,True,1,False,1,True,30.0,1,5ba004dbba595e00015c75e8
952,True,race_white,1,1,yes,hisp_latin_spanish_no,purple,female,0,True,0,False,0,True,40.0,1,5f5d6b0def06255d5119a9ba
953,True,race_white,1,1,yes,hisp_latin_spanish_no,purple,male,0,True,0,False,0,True,65.0,1,5825dc1f7fcbaa000134776e
954,True,race_white,1,1,yes,hisp_latin_spanish_no,purple,female,1,True,1,False,1,True,48.0,1,5c925b0fb138fe0014e4036b
955,True,race_other,1,1,yes,hisp_latin_spanish_yes,purple,male,1,False,0,False,0,True,35.0,1,5eea479c14742d0ad3e11468
956,True,race_white,1,1,yes,hisp_latin_spanish_no,purple,male,0,False,0,True,1,True,37.0,1,5fdd503ee766bb41fd50f9d1
957,True,race_black,1,1,yes,hisp_latin_spanish_no,purple,male,1,False,0,False,0,True,37.0,1,612323ddbebadb638a141ce3
958,True,race_white,1,1,yes,hisp_latin_spanish_no,purple,female,1,True,1,False,1,True,49.0,1,66293afa0603edc9d10882fc
959,True,race_white,1,1,yes,hisp_latin_spanish_no,purple,male,1,False,0,False,0,True,35.0,1,5f9fdfd04296cb0102563f84
960,True,race_asian,1,1,yes,hisp_latin_spanish_yes,purple ,male,1,True,1,True,1,True,59.0,1,63103bd06b5135122e25d6c6
961,True,race_white,1,1,yes,hisp_latin_spanish_no,purple,male,0,True,0,False,0,True,44.0,1,59c266758e6ea10001f7b6d1
962,True,race_white,1,1,yes,hisp_latin_spanish_no,purple,female,1,True,1,False,1,True,63.0,1,63f2261685a2effaa7a16de6
963,True,race_white,1,1,yes,hisp_latin_spanish_no,purple,male,1,True,1,False,1,True,40.0,1,55b53384fdf99b2b69c82509
964,True,race_white,1,1,yes,hisp_latin_spanish_no,purple,female,1,False,0,False,0,True,39.0,1,58dc64ce2803f900013d540f
965,True,race_white,1,1,yes,hisp_latin_spanish_no,purple,male,1,False,0,False,0,True,25.0,1,668b103489b899b8acf1ec3e
966,True,race_white,1,1,yes,hisp_latin_spanish_no,purple,male,1,True,0,True,1,True,47.0,1,5ddb37d286c886aa735d114b
967,True,race_black,1,1,yes,hisp_latin_spanish_no,purple,male,0,True,0,False,0,True,38.0,1,6682fd7c34ab9bda9d4b2319
968,True,race_black,1,1,yes,hisp_latin_spanish_no,purple,male,1,True,1,False,1,True,37.0,1,5bea832a4fbb6f00017ea3e9
969,True,race_asian,1,1,yes,hisp_latin_spanish_no,purple,female,1,True,1,False,1,True,45.0,1,66399f327bcc9d26d0dc7542
970,True,race_black,1,1,yes,hisp_latin_spanish_no,purple,male,1,True,1,False,1,True,21.0,1,665f9181405c1da6eb29a93b
971,True,race_black,1,1,yes,hisp_latin_spanish_no,purple,male,0,True,0,False,0,True,20.0,1,666f5816dcf4689b743bfd75
972,True,race_white,1,1,yes,hisp_latin_spanish_no,purple,female,0,False,1,False,1,True,21.0,1,60fbf61d2b955086ac1b1331
973,True,race_black,1,1,yes,hisp_latin_spanish_no,purple,male,1,False,1,True,0,True,27.0,1,64542858c348ef24892679d6
974,True,race_white,1,1,yes,hisp_latin_spanish_no,purple,female,1,False,0,False,0,True,26.0,1,66103ea9b1d4f02497418c9a
975,True,race_black,1,1,yes,hisp_latin_spanish_no,purple,female,0,True,0,False,0,True,54.0,1,65c4f8250420bca836142fec
976,True,race_white,1,1,yes,hisp_latin_spanish_no,purple,male,1,True,1,False,1,True,52.0,1,608463432ad9e5774c98b317
977,True,race_white,1,1,yes,hisp_latin_spanish_no,purple,female,0,False,1,False,1,True,36.0,1,5781c15381f331000139a89e
978,True,race_white,1,1,yes,hisp_latin_spanish_no,purple,male,1,True,1,False,1,True,36.0,1,65f00615cafbc1008642ff08
979,True,race_white,1,1,yes,hisp_latin_spanish_no,purple,female,0,False,1,False,1,True,30.0,1,5f557058f325f713d247001c
980,True,race_black,1,1,yes,hisp_latin_spanish_no,purple,male,1,False,0,False,0,True,35.0,1,5fa0a2400f2ecd114f39f738
981,True,race_white,1,1,yes,hisp_latin_spanish_no,purple,female,0,True,0,False,0,True,69.0,1,5e14c66ffa3d10ad0f173dc8
982,True,race_asian,1,1,yes,hisp_latin_spanish_no,purple,male,0,True,0,False,0,True,32.0,1,5820ab7820c34d0001e6dff2
983,True,race_black,1,1,yes,hisp_latin_spanish_no,purple,female,1,True,1,False,1,True,43.0,1,574eab79c18847000e071119
984,True,race_white,1,1,yes,hisp_latin_spanish_no,purple,female,0,True,0,False,0,True,48.0,1,65e32af031467fe6148dc0b9
985,True,race_white,1,1,yes,hisp_latin_spanish_no,purple,male,0,True,0,False,0,True,33.0,1,66003348c4bfdd2c0de7ca50
986,True,race_black,1,1,yes,hisp_latin_spanish_no,purple,male,0,True,0,False,0,True,26.0,1,667c91b412de0da83fa2f542
987,True,race_white,1,1,yes,hisp_latin_spanish_no,purple,female,0,True,0,False,0,True,49.0,1,65d8e05d69d000ff2daaddad
988,True,race_white,1,1,yes,hisp_latin_spanish_no,purple,male,1,False,0,False,0,True,42.0,1,63bc6b49a80cc5496df4c897
989,True,race_white,1,1,yes,hisp_latin_spanish_no,purple,female,1,True,1,False,1,True,58.0,1,5dd72d2883e3096d755c0f14
990,True,race_white,1,1,yes,hisp_latin_spanish_no,Purple,female,0,True,0,False,0,True,67.0,1,5c510b41e459660001e38861
991,True,race_black,1,1,yes,hisp_latin_spanish_no,purple,male,1,True,1,False,1,True,23.0,1,6686b4ce7124cd0b5d88857c
992,True,race_white,1,1,yes,hisp_latin_spanish_no,purple,male,0,True,0,False,0,True,36.0,1,5f6056e9a41e0d14d4c19f4c
993,True,race_asian,1,1,yes,hisp_latin_spanish_no,purple,male,1,True,1,False,1,True,33.0,1,5dc8465ad362415b3383405f
994,True,race_white,1,1,yes,hisp_latin_spanish_no,purple,male,0,False,1,False,1,True,51.0,1,606d3075c89af18732cf2aa7
995,True,race_black,1,1,yes,hisp_latin_spanish_no,purple,male,1,False,0,False,0,True,23.0,1,665265e7361969aed7aa50eb
996,True,race_asian,1,1,yes,hisp_latin_spanish_no,purple,male,1,True,1,False,1,True,40.0,1,66855f730d6772811d6d9068
997,True,race_white,1,1,yes,hisp_latin_spanish_no,purple,female,0,True,0,False,0,True,41.0,1,58a43e029a17120001d910d5
