unique_id,context,context_label,batch_id,batch_type,chose_mother,race,age,female,hispanic
1,3,white_low,0,Warmup,1,White,61,TRUE,FALSE
2,3,white_low,0,Warmup,1,White,42,FALSE,FALSE
3,4,white_high,0,Warmup,0,White,25,TRUE,FALSE
4,1,black_low,0,Warmup,1,Black or African American,28,TRUE,FALSE
5,1,black_low,0,Warmup,0,Asian,25,TRUE,FALSE
6,2,black_high,0,Warmup,0,White,43,FALSE,FALSE
7,1,black_low,0,Warmup,0,White,31,TRUE,FALSE
8,4,white_high,0,Warmup,0,White,41,FALSE,FALSE
9,2,black_high,0,Warmup,1,White,72,TRUE,FALSE
10,2,black_high,0,Warmup,1,White,55,TRUE,FALSE
11,1,black_low,0,Warmup,0,White,43,FALSE,FALSE
12,4,white_high,0,Warmup,1,White,36,FALSE,FALSE
13,2,black_high,0,Warmup,1,White,63,FALSE,FALSE
14,2,black_high,0,Warmup,1,Black or African American,29,FALSE,FALSE
15,2,black_high,0,Warmup,0,Asian,25,FALSE,FALSE
16,2,black_high,0,Warmup,0,White,31,FALSE,FALSE
17,3,white_low,0,Warmup,0,White,25,TRUE,FALSE
18,4,white_high,0,Warmup,0,Asian,34,TRUE,FALSE
19,4,white_high,0,Warmup,1,White,22,TRUE,FALSE
20,4,white_high,0,Warmup,0,White,40,FALSE,FALSE
21,2,black_high,0,Warmup,0,White,23,FALSE,TRUE
22,2,black_high,0,Warmup,0,Asian,28,TRUE,FALSE
23,3,white_low,0,Warmup,0,White,51,FALSE,TRUE
24,4,white_high,0,Warmup,0,White,36,FALSE,FALSE
25,1,black_low,0,Warmup,0,Black or African American,48,FALSE,FALSE
26,4,white_high,0,Warmup,1,Asian,53,TRUE,FALSE
27,2,black_high,0,Warmup,0,White,48,FALSE,FALSE
28,4,white_high,0,Warmup,0,White,35,TRUE,FALSE
29,2,black_high,0,Warmup,0,White,70,FALSE,FALSE
30,3,white_low,0,Warmup,1,White,37,FALSE,FALSE
31,2,black_high,0,Warmup,0,Multiracial,26,TRUE,FALSE
32,4,white_high,0,Warmup,1,White,73,TRUE,FALSE
33,4,white_high,0,Warmup,0,White,56,TRUE,FALSE
34,1,black_low,0,Warmup,1,Multiracial,30,FALSE,FALSE
35,3,white_low,0,Warmup,1,Asian,45,TRUE,TRUE
36,1,black_low,0,Warmup,0,White,40,FALSE,FALSE
37,4,white_high,0,Warmup,1,White,22,FALSE,FALSE
38,2,black_high,0,Warmup,1,White,49,FALSE,FALSE
39,2,black_high,0,Warmup,0,White,46,FALSE,FALSE
40,4,white_high,0,Warmup,0,White,31,FALSE,FALSE
41,1,black_low,0,Warmup,1,Multiracial,27,TRUE,TRUE
42,1,black_low,0,Warmup,1,Black or African American,40,TRUE,TRUE
43,4,white_high,0,Warmup,0,Black or African American,28,TRUE,FALSE
44,1,black_low,0,Warmup,0,White,37,FALSE,FALSE
45,4,white_high,0,Warmup,0,Asian,35,TRUE,FALSE
46,1,black_low,0,Warmup,0,Asian,46,TRUE,FALSE
47,4,white_high,0,Warmup,1,White,39,FALSE,FALSE
48,4,white_high,0,Warmup,1,White,44,TRUE,FALSE
49,2,black_high,0,Warmup,1,Black or African American,24,TRUE,FALSE
50,2,black_high,0,Warmup,0,White,53,TRUE,FALSE
51,2,black_high,0,Warmup,0,Black or African American,32,TRUE,FALSE
52,4,white_high,0,Warmup,1,Asian,36,TRUE,TRUE
53,2,black_high,0,Warmup,0,White,37,FALSE,FALSE
54,1,black_low,0,Warmup,1,Other,53,TRUE,TRUE
55,4,white_high,0,Warmup,0,White,53,TRUE,FALSE
56,4,white_high,0,Warmup,1,White,60,TRUE,FALSE
57,4,white_high,0,Warmup,1,Black or African American,35,FALSE,FALSE
58,3,white_low,0,Warmup,0,White,40,FALSE,FALSE
59,4,white_high,0,Warmup,0,White,36,TRUE,FALSE
60,4,white_high,0,Warmup,0,White,54,TRUE,FALSE
61,2,black_high,0,Warmup,1,White,35,TRUE,FALSE
62,2,black_high,0,Warmup,0,White,58,FALSE,FALSE
63,4,white_high,0,Warmup,1,White,66,TRUE,FALSE
64,1,black_low,0,Warmup,1,American Indian or Alaskan Native,31,FALSE,TRUE
65,1,black_low,0,Warmup,1,White,45,TRUE,FALSE
66,4,white_high,0,Warmup,0,White,35,TRUE,FALSE
67,4,white_high,0,Warmup,1,White,44,TRUE,FALSE
68,1,black_low,0,Warmup,1,Black or African American,53,FALSE,TRUE
69,4,white_high,0,Warmup,0,White,41,TRUE,FALSE
70,3,white_low,0,Warmup,0,Asian,25,TRUE,FALSE
71,1,black_low,0,Warmup,1,White,41,FALSE,FALSE
72,1,black_low,0,Warmup,0,Asian,46,TRUE,FALSE
73,2,black_high,0,Warmup,0,White,28,FALSE,FALSE
74,3,white_low,0,Warmup,1,White,53,FALSE,FALSE
75,1,black_low,0,Warmup,0,White,59,FALSE,FALSE
76,4,white_high,0,Warmup,0,Black or African American,31,TRUE,FALSE
77,1,black_low,0,Warmup,1,White,51,TRUE,FALSE
78,1,black_low,0,Warmup,0,White,37,FALSE,FALSE
79,2,black_high,0,Warmup,1,White,59,TRUE,FALSE
80,4,white_high,0,Warmup,0,White,31,TRUE,FALSE
81,3,white_low,0,Warmup,1,White,28,TRUE,FALSE
82,1,black_low,0,Warmup,0,White,41,TRUE,FALSE
83,2,black_high,0,Warmup,1,White,31,FALSE,FALSE
84,1,black_low,0,Warmup,1,Black or African American,54,FALSE,FALSE
85,2,black_high,0,Warmup,0,White,32,FALSE,FALSE
86,2,black_high,0,Warmup,1,Black or African American,45,FALSE,FALSE
87,1,black_low,0,Warmup,0,White,46,TRUE,FALSE
88,1,black_low,0,Warmup,0,White,55,FALSE,FALSE
89,4,white_high,0,Warmup,0,White,41,FALSE,FALSE
90,1,black_low,0,Warmup,0,White,48,FALSE,FALSE
91,3,white_low,0,Warmup,0,White,54,TRUE,FALSE
92,3,white_low,0,Warmup,1,White,37,TRUE,FALSE
93,3,white_low,0,Warmup,0,Multiracial,63,TRUE,TRUE
94,4,white_high,0,Warmup,0,Multiracial,34,FALSE,TRUE
95,2,black_high,0,Warmup,0,White,36,FALSE,FALSE
96,2,black_high,0,Warmup,1,White,45,FALSE,FALSE
97,1,black_low,0,Warmup,1,Black or African American,30,TRUE,FALSE
98,3,white_low,0,Warmup,1,White,45,FALSE,FALSE
99,1,black_low,0,Warmup,0,White,37,TRUE,FALSE
100,1,black_low,0,Warmup,1,White,60,TRUE,FALSE
101,2,black_high,0,Warmup,0,White,34,TRUE,TRUE
102,1,black_low,0,Warmup,1,White,40,FALSE,TRUE
103,3,white_low,0,Warmup,0,Asian,27,TRUE,FALSE
104,4,white_high,0,Warmup,0,White,33,FALSE,FALSE
105,3,white_low,0,Warmup,1,White,44,FALSE,FALSE
106,3,white_low,0,Warmup,0,Multiracial,34,TRUE,FALSE
107,2,black_high,0,Warmup,1,White,35,FALSE,FALSE
108,3,white_low,0,Warmup,1,White,62,FALSE,FALSE
109,2,black_high,0,Warmup,1,White,42,TRUE,FALSE
110,4,white_high,0,Warmup,1,White,28,TRUE,FALSE
111,2,black_high,0,Warmup,0,White,45,FALSE,FALSE
112,1,black_low,0,Warmup,0,White,50,TRUE,FALSE
113,4,white_high,0,Warmup,1,White,60,FALSE,FALSE
114,3,white_low,0,Warmup,1,White,30,TRUE,FALSE
115,1,black_low,0,Warmup,0,White,35,FALSE,FALSE
116,3,white_low,0,Warmup,0,White,59,TRUE,FALSE
117,3,white_low,0,Warmup,0,White,40,TRUE,FALSE
118,1,black_low,0,Warmup,1,Asian,41,FALSE,FALSE
119,3,white_low,0,Warmup,1,White,48,TRUE,FALSE
120,4,white_high,0,Warmup,0,White,22,FALSE,FALSE
121,2,black_high,0,Warmup,1,White,51,TRUE,FALSE
122,4,white_high,0,Warmup,0,Multiracial,30,TRUE,FALSE
123,2,black_high,0,Warmup,1,White,46,FALSE,FALSE
124,4,white_high,0,Warmup,0,Asian,29,TRUE,FALSE
125,3,white_low,0,Warmup,0,Asian,38,FALSE,FALSE
126,1,black_low,0,Warmup,1,White,30,FALSE,FALSE
127,1,black_low,0,Warmup,1,Other,31,FALSE,TRUE
128,4,white_high,0,Warmup,1,White,50,TRUE,FALSE
129,1,black_low,0,Warmup,1,Native Hawaiian,43,FALSE,FALSE
130,1,black_low,0,Warmup,0,White,59,TRUE,FALSE
131,2,black_high,0,Warmup,0,Multiracial,34,TRUE,FALSE
132,4,white_high,0,Warmup,1,White,67,FALSE,FALSE
133,4,white_high,0,Warmup,0,White,59,TRUE,FALSE
134,2,black_high,0,Warmup,0,White,31,TRUE,FALSE
135,2,black_high,0,Warmup,0,White,45,FALSE,TRUE
136,2,black_high,0,Warmup,0,White,36,TRUE,FALSE
137,2,black_high,0,Warmup,0,White,45,FALSE,FALSE
138,1,black_low,0,Warmup,1,White,33,TRUE,FALSE
139,4,white_high,0,Warmup,0,White,41,FALSE,FALSE
140,4,white_high,0,Warmup,1,Multiracial,38,FALSE,FALSE
141,2,black_high,0,Warmup,0,Multiracial,27,TRUE,FALSE
142,3,white_low,0,Warmup,1,Black or African American,51,FALSE,FALSE
143,1,black_low,0,Warmup,0,White,62,TRUE,FALSE
144,2,black_high,0,Warmup,0,White,40,FALSE,FALSE
145,4,white_high,0,Warmup,1,Black or African American,78,TRUE,TRUE
146,4,white_high,0,Warmup,0,Multiracial,35,TRUE,FALSE
147,1,black_low,0,Warmup,0,White,50,TRUE,FALSE
148,3,white_low,0,Warmup,0,White,39,TRUE,FALSE
149,3,white_low,0,Warmup,0,Black or African American,23,TRUE,FALSE
150,4,white_high,0,Warmup,0,White,36,FALSE,FALSE
151,1,black_low,0,Warmup,0,Multiracial,35,TRUE,TRUE
152,2,black_high,0,Warmup,0,White,36,FALSE,FALSE
153,4,white_high,0,Warmup,1,White,29,FALSE,FALSE
154,3,white_low,0,Warmup,1,White,30,FALSE,TRUE
155,1,black_low,1,Iterative Batch Phase: Max,1,White,52,FALSE,FALSE
156,3,white_low,1,Iterative Batch Phase: Max,1,White,29,FALSE,FALSE
157,4,white_high,1,Iterative Batch Phase: Max,1,White,60,TRUE,FALSE
158,1,black_low,1,Iterative Batch Phase: Max,0,White,48,FALSE,FALSE
159,3,white_low,1,Iterative Batch Phase: Max,1,White,67,FALSE,FALSE
160,1,black_low,1,Iterative Batch Phase: Max,0,Black or African American,46,TRUE,FALSE
161,3,white_low,1,Iterative Batch Phase: Max,1,Asian,35,FALSE,FALSE
162,1,black_low,1,Iterative Batch Phase: Max,0,White,26,TRUE,FALSE
163,1,black_low,1,Iterative Batch Phase: Max,1,Black or African American,64,TRUE,FALSE
164,3,white_low,1,Iterative Batch Phase: Max,0,White,70,FALSE,FALSE
165,4,white_high,1,Iterative Batch Phase: Max,1,White,44,TRUE,FALSE
166,3,white_low,1,Iterative Batch Phase: Max,0,White,34,FALSE,FALSE
167,1,black_low,1,Iterative Batch Phase: Max,1,Multiracial,45,TRUE,FALSE
168,3,white_low,1,Iterative Batch Phase: Max,0,Multiracial,44,TRUE,TRUE
169,1,black_low,1,Iterative Batch Phase: Max,1,Asian,47,FALSE,FALSE
170,1,black_low,1,Iterative Batch Phase: Max,0,White,35,FALSE,FALSE
171,3,white_low,1,Iterative Batch Phase: Max,0,White,26,FALSE,FALSE
172,3,white_low,1,Iterative Batch Phase: Max,0,Black or African American,38,TRUE,FALSE
173,2,black_high,1,Iterative Batch Phase: Max,0,White,37,FALSE,FALSE
174,3,white_low,1,Iterative Batch Phase: Max,0,White,54,FALSE,FALSE
175,1,black_low,1,Iterative Batch Phase: Max,1,White,45,TRUE,FALSE
176,3,white_low,1,Iterative Batch Phase: Max,0,White,35,FALSE,FALSE
177,3,white_low,1,Iterative Batch Phase: Max,0,White,22,TRUE,FALSE
178,3,white_low,1,Iterative Batch Phase: Max,1,White,45,TRUE,FALSE
179,3,white_low,1,Iterative Batch Phase: Max,1,White,60,TRUE,FALSE
180,3,white_low,1,Iterative Batch Phase: Max,0,White,47,TRUE,FALSE
181,2,black_high,1,Iterative Batch Phase: Max,0,White,44,FALSE,FALSE
182,1,black_low,1,Iterative Batch Phase: Max,1,White,41,FALSE,FALSE
183,3,white_low,1,Iterative Batch Phase: Max,0,White,38,FALSE,FALSE
184,3,white_low,1,Iterative Batch Phase: Max,1,White,33,TRUE,FALSE
185,3,white_low,1,Iterative Batch Phase: Max,1,White,72,FALSE,FALSE
186,3,white_low,1,Iterative Batch Phase: Max,0,Black or African American,51,FALSE,FALSE
187,3,white_low,1,Iterative Batch Phase: Max,1,White,32,TRUE,FALSE
188,4,white_high,1,Iterative Batch Phase: Max,0,Asian,40,TRUE,FALSE
189,3,white_low,1,Iterative Batch Phase: Max,1,White,32,TRUE,FALSE
190,3,white_low,1,Iterative Batch Phase: Max,0,Black or African American,56,TRUE,FALSE
191,3,white_low,1,Iterative Batch Phase: Max,0,White,36,FALSE,TRUE
192,3,white_low,1,Iterative Batch Phase: Max,0,Multiracial,36,FALSE,TRUE
193,1,black_low,1,Iterative Batch Phase: Max,0,White,38,FALSE,FALSE
194,3,white_low,1,Iterative Batch Phase: Max,1,Asian,40,FALSE,FALSE
195,3,white_low,1,Iterative Batch Phase: Max,0,White,62,TRUE,FALSE
196,4,white_high,1,Iterative Batch Phase: Max,1,Black or African American,28,TRUE,FALSE
197,3,white_low,1,Iterative Batch Phase: Max,1,White,49,FALSE,FALSE
198,3,white_low,1,Iterative Batch Phase: Max,0,White,37,FALSE,FALSE
199,3,white_low,1,Iterative Batch Phase: Max,1,White,39,FALSE,FALSE
200,1,black_low,1,Iterative Batch Phase: Max,1,Asian,37,FALSE,FALSE
201,3,white_low,1,Iterative Batch Phase: Max,1,White,49,FALSE,FALSE
202,3,white_low,1,Iterative Batch Phase: Max,1,White,60,TRUE,FALSE
203,3,white_low,1,Iterative Batch Phase: Max,0,White,34,TRUE,FALSE
204,3,white_low,1,Iterative Batch Phase: Max,0,Asian,24,FALSE,FALSE
205,3,white_low,1,Iterative Batch Phase: Max,1,Multiracial,32,FALSE,FALSE
206,1,black_low,1,Iterative Batch Phase: Max,1,White,26,FALSE,FALSE
207,4,white_high,1,Iterative Batch Phase: Max,0,White,55,TRUE,FALSE
208,3,white_low,1,Iterative Batch Phase: Max,1,White,51,TRUE,FALSE
209,1,black_low,1,Iterative Batch Phase: Max,0,White,49,TRUE,FALSE
210,3,white_low,1,Iterative Batch Phase: Max,0,White,53,FALSE,FALSE
211,2,black_high,1,Iterative Batch Phase: Max,1,White,58,FALSE,FALSE
212,3,white_low,1,Iterative Batch Phase: Max,1,White,22,FALSE,FALSE
213,3,white_low,1,Iterative Batch Phase: Max,1,White,65,FALSE,FALSE
214,1,black_low,1,Iterative Batch Phase: Max,1,White,69,FALSE,FALSE
215,4,white_high,1,Iterative Batch Phase: Max,1,White,52,TRUE,FALSE
216,1,black_low,1,Iterative Batch Phase: Max,1,White,60,TRUE,FALSE
217,3,white_low,1,Iterative Batch Phase: Max,1,White,46,FALSE,FALSE
218,1,black_low,1,Iterative Batch Phase: Max,1,Asian,34,TRUE,FALSE
219,3,white_low,1,Iterative Batch Phase: Max,0,White,40,TRUE,FALSE
220,1,black_low,1,Iterative Batch Phase: Max,0,White,44,FALSE,FALSE
221,1,black_low,1,Iterative Batch Phase: Max,0,White,67,TRUE,FALSE
222,3,white_low,1,Iterative Batch Phase: Max,0,Black or African American,66,TRUE,FALSE
223,1,black_low,1,Iterative Batch Phase: Max,1,White,60,FALSE,FALSE
224,1,black_low,1,Iterative Batch Phase: Max,0,White,41,FALSE,TRUE
225,1,black_low,1,Iterative Batch Phase: Max,1,Other,46,FALSE,TRUE
226,1,black_low,1,Iterative Batch Phase: Max,0,White,69,TRUE,FALSE
227,2,black_high,1,Iterative Batch Phase: Max,0,White,54,FALSE,FALSE
228,3,white_low,1,Iterative Batch Phase: Max,1,Black or African American,46,TRUE,FALSE
229,4,white_high,1,Iterative Batch Phase: Max,0,Black or African American,50,FALSE,FALSE
230,3,white_low,1,Iterative Batch Phase: Max,0,Asian,38,TRUE,FALSE
231,1,black_low,1,Iterative Batch Phase: Max,0,White,35,FALSE,FALSE
232,1,black_low,1,Iterative Batch Phase: Max,1,White,31,TRUE,FALSE
233,1,black_low,1,Iterative Batch Phase: Max,1,White,60,TRUE,FALSE
234,3,white_low,1,Iterative Batch Phase: Max,1,Black or African American,23,TRUE,FALSE
235,3,white_low,1,Iterative Batch Phase: Max,1,White,43,TRUE,FALSE
236,1,black_low,1,Iterative Batch Phase: Max,1,White,24,TRUE,FALSE
237,1,black_low,1,Iterative Batch Phase: Max,0,White,60,FALSE,FALSE
238,1,black_low,1,Iterative Batch Phase: Max,0,White,65,FALSE,FALSE
239,3,white_low,1,Iterative Batch Phase: Max,1,White,31,FALSE,FALSE
240,1,black_low,1,Iterative Batch Phase: Max,1,White,29,FALSE,FALSE
241,3,white_low,1,Iterative Batch Phase: Max,1,White,56,TRUE,FALSE
242,3,white_low,1,Iterative Batch Phase: Max,0,White,34,FALSE,FALSE
243,3,white_low,1,Iterative Batch Phase: Max,1,White,58,FALSE,FALSE
244,3,white_low,1,Iterative Batch Phase: Max,1,White,53,FALSE,FALSE
245,3,white_low,1,Iterative Batch Phase: Max,0,White,51,TRUE,FALSE
246,1,black_low,1,Iterative Batch Phase: Max,1,White,46,FALSE,FALSE
247,3,white_low,1,Iterative Batch Phase: Max,0,Black or African American,26,TRUE,TRUE
248,3,white_low,1,Iterative Batch Phase: Max,1,White,43,FALSE,FALSE
249,3,white_low,1,Iterative Batch Phase: Max,1,Black or African American,25,TRUE,FALSE
250,3,white_low,1,Iterative Batch Phase: Max,1,White,34,TRUE,FALSE
251,3,white_low,1,Iterative Batch Phase: Max,0,White,29,TRUE,FALSE
252,1,black_low,1,Iterative Batch Phase: Max,0,American Indian or Alaskan Native,33,TRUE,FALSE
253,3,white_low,1,Iterative Batch Phase: Max,1,White,49,TRUE,FALSE
254,4,white_high,2,Iterative Batch Phase: Max,0,White,31,TRUE,FALSE
255,1,black_low,2,Iterative Batch Phase: Max,1,Asian,35,FALSE,FALSE
256,3,white_low,2,Iterative Batch Phase: Max,0,Black or African American,49,TRUE,FALSE
257,1,black_low,2,Iterative Batch Phase: Max,1,Asian,34,TRUE,FALSE
258,4,white_high,2,Iterative Batch Phase: Max,0,Black or African American,30,TRUE,FALSE
259,1,black_low,2,Iterative Batch Phase: Max,1,White,59,FALSE,FALSE
260,1,black_low,2,Iterative Batch Phase: Max,1,White,50,FALSE,FALSE
261,3,white_low,2,Iterative Batch Phase: Max,0,White,28,FALSE,FALSE
262,1,black_low,2,Iterative Batch Phase: Max,0,White,52,FALSE,FALSE
263,3,white_low,2,Iterative Batch Phase: Max,0,White,72,TRUE,FALSE
264,1,black_low,2,Iterative Batch Phase: Max,1,White,45,FALSE,FALSE
265,1,black_low,2,Iterative Batch Phase: Max,1,Other,44,FALSE,TRUE
266,4,white_high,2,Iterative Batch Phase: Max,1,White,42,TRUE,FALSE
267,3,white_low,2,Iterative Batch Phase: Max,0,White,57,TRUE,FALSE
268,3,white_low,2,Iterative Batch Phase: Max,0,White,58,FALSE,FALSE
269,3,white_low,2,Iterative Batch Phase: Max,0,White,39,TRUE,FALSE
270,3,white_low,2,Iterative Batch Phase: Max,1,White,21,FALSE,FALSE
271,3,white_low,2,Iterative Batch Phase: Max,0,White,43,FALSE,FALSE
272,1,black_low,2,Iterative Batch Phase: Max,0,White,33,FALSE,TRUE
273,3,white_low,2,Iterative Batch Phase: Max,1,White,26,TRUE,FALSE
274,3,white_low,2,Iterative Batch Phase: Max,0,Black or African American,56,TRUE,FALSE
275,3,white_low,2,Iterative Batch Phase: Max,0,White,47,FALSE,FALSE
276,3,white_low,2,Iterative Batch Phase: Max,1,White,31,FALSE,FALSE
277,1,black_low,2,Iterative Batch Phase: Max,1,Black or African American,59,FALSE,FALSE
278,3,white_low,2,Iterative Batch Phase: Max,0,Asian,31,FALSE,FALSE
279,3,white_low,2,Iterative Batch Phase: Max,1,White,62,FALSE,FALSE
280,3,white_low,2,Iterative Batch Phase: Max,0,White,37,TRUE,FALSE
281,4,white_high,2,Iterative Batch Phase: Max,1,Black or African American,49,FALSE,FALSE
282,3,white_low,2,Iterative Batch Phase: Max,0,White,33,FALSE,FALSE
283,3,white_low,2,Iterative Batch Phase: Max,1,White,36,FALSE,FALSE
284,4,white_high,2,Iterative Batch Phase: Max,0,White,34,FALSE,FALSE
285,3,white_low,2,Iterative Batch Phase: Max,1,White,41,TRUE,FALSE
286,1,black_low,2,Iterative Batch Phase: Max,1,White,63,TRUE,FALSE
287,3,white_low,2,Iterative Batch Phase: Max,1,White,61,TRUE,FALSE
288,1,black_low,2,Iterative Batch Phase: Max,0,White,53,FALSE,FALSE
289,3,white_low,2,Iterative Batch Phase: Max,1,White,43,FALSE,TRUE
290,4,white_high,2,Iterative Batch Phase: Max,0,Black or African American,49,FALSE,FALSE
291,3,white_low,2,Iterative Batch Phase: Max,1,White,64,TRUE,FALSE
292,1,black_low,2,Iterative Batch Phase: Max,0,White,63,TRUE,FALSE
293,4,white_high,2,Iterative Batch Phase: Max,1,White,39,FALSE,FALSE
294,3,white_low,2,Iterative Batch Phase: Max,0,White,34,FALSE,FALSE
295,3,white_low,2,Iterative Batch Phase: Max,0,Asian,28,FALSE,FALSE
296,3,white_low,2,Iterative Batch Phase: Max,1,Multiracial,52,FALSE,FALSE
297,1,black_low,2,Iterative Batch Phase: Max,0,White,30,FALSE,FALSE
298,3,white_low,2,Iterative Batch Phase: Max,1,White,45,TRUE,FALSE
299,3,white_low,2,Iterative Batch Phase: Max,1,Multiracial,42,TRUE,FALSE
300,4,white_high,2,Iterative Batch Phase: Max,1,White,62,FALSE,FALSE
301,1,black_low,2,Iterative Batch Phase: Max,1,Multiracial,69,TRUE,FALSE
302,3,white_low,2,Iterative Batch Phase: Max,1,White,52,TRUE,FALSE
303,1,black_low,2,Iterative Batch Phase: Max,1,White,50,FALSE,FALSE
304,3,white_low,2,Iterative Batch Phase: Max,1,Black or African American,51,TRUE,FALSE
305,1,black_low,2,Iterative Batch Phase: Max,1,White,43,TRUE,FALSE
306,3,white_low,2,Iterative Batch Phase: Max,1,White,28,FALSE,FALSE
307,3,white_low,2,Iterative Batch Phase: Max,1,White,46,TRUE,FALSE
308,3,white_low,2,Iterative Batch Phase: Max,1,White,33,TRUE,FALSE
309,3,white_low,2,Iterative Batch Phase: Max,0,White,32,FALSE,FALSE
310,1,black_low,2,Iterative Batch Phase: Max,1,Multiracial,52,TRUE,TRUE
311,1,black_low,2,Iterative Batch Phase: Max,0,White,40,FALSE,FALSE
312,1,black_low,2,Iterative Batch Phase: Max,0,White,46,TRUE,FALSE
313,3,white_low,2,Iterative Batch Phase: Max,0,Asian,36,FALSE,FALSE
314,1,black_low,2,Iterative Batch Phase: Max,0,White,26,TRUE,FALSE
315,3,white_low,2,Iterative Batch Phase: Max,1,Black or African American,51,FALSE,FALSE
316,1,black_low,2,Iterative Batch Phase: Max,1,American Indian or Alaskan Native,27,FALSE,TRUE
317,3,white_low,2,Iterative Batch Phase: Max,1,White,59,FALSE,FALSE
318,3,white_low,2,Iterative Batch Phase: Max,0,White,44,FALSE,FALSE
319,1,black_low,2,Iterative Batch Phase: Max,1,White,34,FALSE,FALSE
320,1,black_low,2,Iterative Batch Phase: Max,0,White,31,TRUE,FALSE
321,1,black_low,2,Iterative Batch Phase: Max,0,White,29,FALSE,FALSE
322,4,white_high,2,Iterative Batch Phase: Max,0,White,69,FALSE,FALSE
323,3,white_low,2,Iterative Batch Phase: Max,1,Asian,31,FALSE,FALSE
324,3,white_low,2,Iterative Batch Phase: Max,1,White,38,TRUE,FALSE
325,1,black_low,2,Iterative Batch Phase: Max,1,White,62,TRUE,FALSE
326,1,black_low,2,Iterative Batch Phase: Max,1,White,41,FALSE,FALSE
327,1,black_low,2,Iterative Batch Phase: Max,1,White,33,TRUE,FALSE
328,3,white_low,2,Iterative Batch Phase: Max,1,White,33,TRUE,TRUE
329,3,white_low,2,Iterative Batch Phase: Max,0,White,64,TRUE,FALSE
330,1,black_low,2,Iterative Batch Phase: Max,1,White,61,FALSE,FALSE
331,3,white_low,2,Iterative Batch Phase: Max,1,White,32,FALSE,FALSE
332,3,white_low,2,Iterative Batch Phase: Max,1,White,31,TRUE,TRUE
333,3,white_low,2,Iterative Batch Phase: Max,0,White,47,FALSE,TRUE
334,2,black_high,2,Iterative Batch Phase: Max,0,White,62,TRUE,FALSE
335,3,white_low,2,Iterative Batch Phase: Max,0,Asian,32,FALSE,FALSE
336,3,white_low,2,Iterative Batch Phase: Max,1,White,43,FALSE,FALSE
337,3,white_low,2,Iterative Batch Phase: Max,0,White,58,TRUE,FALSE
338,3,white_low,2,Iterative Batch Phase: Max,0,White,34,FALSE,FALSE
339,3,white_low,2,Iterative Batch Phase: Max,1,White,38,FALSE,TRUE
340,1,black_low,2,Iterative Batch Phase: Max,0,White,38,TRUE,FALSE
341,1,black_low,2,Iterative Batch Phase: Max,1,White,33,FALSE,FALSE
342,3,white_low,2,Iterative Batch Phase: Max,0,White,41,FALSE,FALSE
343,1,black_low,2,Iterative Batch Phase: Max,0,White,61,FALSE,FALSE
344,1,black_low,2,Iterative Batch Phase: Max,1,Black or African American,51,FALSE,FALSE
345,1,black_low,2,Iterative Batch Phase: Max,1,American Indian or Alaskan Native,54,TRUE,FALSE
346,4,white_high,2,Iterative Batch Phase: Max,0,White,33,TRUE,FALSE
347,1,black_low,2,Iterative Batch Phase: Max,0,Black or African American,51,TRUE,FALSE
348,3,white_low,2,Iterative Batch Phase: Max,0,White,48,TRUE,FALSE
349,1,black_low,2,Iterative Batch Phase: Max,1,Multiracial,32,TRUE,TRUE
350,1,black_low,2,Iterative Batch Phase: Max,0,Black or African American,36,TRUE,FALSE
351,3,white_low,2,Iterative Batch Phase: Max,0,White,53,TRUE,FALSE
352,1,black_low,2,Iterative Batch Phase: Max,0,White,36,FALSE,FALSE
353,3,white_low,3,Iterative Batch Phase: Max,1,Black or African American,41,FALSE,FALSE
354,3,white_low,3,Iterative Batch Phase: Max,1,Black or African American,61,TRUE,FALSE
355,2,black_high,3,Iterative Batch Phase: Max,1,White,48,FALSE,FALSE
356,4,white_high,3,Iterative Batch Phase: Max,0,Asian,40,TRUE,FALSE
357,1,black_low,3,Iterative Batch Phase: Max,0,Black or African American,32,TRUE,FALSE
358,1,black_low,3,Iterative Batch Phase: Max,1,White,24,TRUE,FALSE
359,1,black_low,3,Iterative Batch Phase: Max,0,White,37,TRUE,FALSE
360,1,black_low,3,Iterative Batch Phase: Max,0,White,36,TRUE,FALSE
361,1,black_low,3,Iterative Batch Phase: Max,1,White,45,TRUE,FALSE
362,3,white_low,3,Iterative Batch Phase: Max,0,Black or African American,37,TRUE,FALSE
363,4,white_high,3,Iterative Batch Phase: Max,1,White,45,FALSE,FALSE
364,3,white_low,3,Iterative Batch Phase: Max,1,White,62,FALSE,FALSE
365,3,white_low,3,Iterative Batch Phase: Max,1,Black or African American,67,TRUE,FALSE
366,3,white_low,3,Iterative Batch Phase: Max,0,Black or African American,40,FALSE,FALSE
367,1,black_low,3,Iterative Batch Phase: Max,0,Black or African American,32,FALSE,FALSE
368,1,black_low,3,Iterative Batch Phase: Max,0,Black or African American,38,FALSE,FALSE
369,3,white_low,3,Iterative Batch Phase: Max,1,White,30,TRUE,FALSE
370,1,black_low,3,Iterative Batch Phase: Max,1,White,50,FALSE,FALSE
371,1,black_low,3,Iterative Batch Phase: Max,1,White,37,TRUE,TRUE
372,1,black_low,3,Iterative Batch Phase: Max,1,Asian,49,FALSE,FALSE
373,1,black_low,3,Iterative Batch Phase: Max,0,White,36,TRUE,FALSE
374,4,white_high,3,Iterative Batch Phase: Max,1,Asian,43,TRUE,FALSE
375,3,white_low,3,Iterative Batch Phase: Max,0,White,63,TRUE,FALSE
376,3,white_low,3,Iterative Batch Phase: Max,1,Multiracial,28,FALSE,FALSE
377,1,black_low,3,Iterative Batch Phase: Max,1,Black or African American,50,FALSE,FALSE
378,1,black_low,3,Iterative Batch Phase: Max,1,Black or African American,38,FALSE,TRUE
379,3,white_low,3,Iterative Batch Phase: Max,0,White,42,FALSE,FALSE
380,3,white_low,3,Iterative Batch Phase: Max,0,White,47,TRUE,FALSE
381,3,white_low,3,Iterative Batch Phase: Max,1,White,68,FALSE,FALSE
382,3,white_low,3,Iterative Batch Phase: Max,1,White,67,FALSE,FALSE
383,1,black_low,3,Iterative Batch Phase: Max,0,White,59,TRUE,FALSE
384,1,black_low,3,Iterative Batch Phase: Max,1,White,31,TRUE,FALSE
385,1,black_low,3,Iterative Batch Phase: Max,0,White,59,FALSE,FALSE
386,1,black_low,3,Iterative Batch Phase: Max,0,Asian,32,FALSE,FALSE
387,3,white_low,3,Iterative Batch Phase: Max,0,White,38,TRUE,FALSE
388,3,white_low,3,Iterative Batch Phase: Max,0,White,40,FALSE,FALSE
389,1,black_low,3,Iterative Batch Phase: Max,0,White,32,FALSE,FALSE
390,4,white_high,3,Iterative Batch Phase: Max,1,White,75,FALSE,FALSE
391,1,black_low,3,Iterative Batch Phase: Max,0,Black or African American,42,TRUE,FALSE
392,1,black_low,3,Iterative Batch Phase: Max,0,White,35,TRUE,FALSE
393,3,white_low,3,Iterative Batch Phase: Max,1,White,45,TRUE,FALSE
394,1,black_low,3,Iterative Batch Phase: Max,0,White,43,FALSE,FALSE
395,3,white_low,3,Iterative Batch Phase: Max,1,White,47,FALSE,FALSE
396,3,white_low,3,Iterative Batch Phase: Max,0,White,24,FALSE,TRUE
397,3,white_low,3,Iterative Batch Phase: Max,1,Black or African American,62,TRUE,FALSE
398,1,black_low,3,Iterative Batch Phase: Max,0,Black or African American,51,TRUE,FALSE
399,3,white_low,3,Iterative Batch Phase: Max,0,White,62,TRUE,FALSE
400,3,white_low,3,Iterative Batch Phase: Max,1,White,50,FALSE,FALSE
401,1,black_low,3,Iterative Batch Phase: Max,0,White,31,FALSE,FALSE
402,1,black_low,3,Iterative Batch Phase: Max,1,White,57,TRUE,FALSE
403,3,white_low,3,Iterative Batch Phase: Max,0,White,49,FALSE,FALSE
404,3,white_low,3,Iterative Batch Phase: Max,0,White,64,FALSE,FALSE
405,1,black_low,3,Iterative Batch Phase: Max,1,White,58,TRUE,FALSE
406,3,white_low,3,Iterative Batch Phase: Max,1,White,44,TRUE,FALSE
407,1,black_low,3,Iterative Batch Phase: Max,0,Asian,24,TRUE,FALSE
408,1,black_low,3,Iterative Batch Phase: Max,0,White,27,FALSE,FALSE
409,1,black_low,3,Iterative Batch Phase: Max,1,White,55,FALSE,FALSE
410,1,black_low,3,Iterative Batch Phase: Max,1,Black or African American,30,FALSE,FALSE
411,1,black_low,3,Iterative Batch Phase: Max,1,Multiracial,32,TRUE,FALSE
412,3,white_low,3,Iterative Batch Phase: Max,0,White,29,TRUE,FALSE
413,1,black_low,3,Iterative Batch Phase: Max,0,White,37,TRUE,FALSE
414,3,white_low,3,Iterative Batch Phase: Max,1,White,34,TRUE,FALSE
415,2,black_high,3,Iterative Batch Phase: Max,1,White,56,FALSE,FALSE
416,3,white_low,3,Iterative Batch Phase: Max,1,Asian,23,TRUE,FALSE
417,1,black_low,3,Iterative Batch Phase: Max,0,Multiracial,57,FALSE,FALSE
418,1,black_low,3,Iterative Batch Phase: Max,1,White,54,TRUE,FALSE
419,3,white_low,3,Iterative Batch Phase: Max,1,White,67,TRUE,FALSE
420,1,black_low,3,Iterative Batch Phase: Max,0,White,41,TRUE,FALSE
421,4,white_high,3,Iterative Batch Phase: Max,1,Black or African American,38,FALSE,FALSE
422,1,black_low,3,Iterative Batch Phase: Max,1,White,52,TRUE,FALSE
423,3,white_low,3,Iterative Batch Phase: Max,1,White,48,FALSE,FALSE
424,1,black_low,3,Iterative Batch Phase: Max,1,Asian,29,TRUE,FALSE
425,2,black_high,3,Iterative Batch Phase: Max,1,Asian,29,FALSE,FALSE
426,4,white_high,3,Iterative Batch Phase: Max,0,White,45,FALSE,FALSE
427,1,black_low,3,Iterative Batch Phase: Max,0,White,61,TRUE,FALSE
428,3,white_low,3,Iterative Batch Phase: Max,0,Black or African American,41,FALSE,FALSE
429,1,black_low,3,Iterative Batch Phase: Max,1,White,51,TRUE,FALSE
430,1,black_low,3,Iterative Batch Phase: Max,0,White,29,FALSE,FALSE
431,3,white_low,3,Iterative Batch Phase: Max,0,Asian,53,FALSE,FALSE
432,1,black_low,3,Iterative Batch Phase: Max,0,Asian,26,TRUE,FALSE
433,1,black_low,3,Iterative Batch Phase: Max,0,Black or African American,51,FALSE,FALSE
434,3,white_low,3,Iterative Batch Phase: Max,0,White,30,FALSE,FALSE
435,1,black_low,3,Iterative Batch Phase: Max,1,White,62,FALSE,FALSE
436,3,white_low,3,Iterative Batch Phase: Max,1,White,30,TRUE,FALSE
437,3,white_low,3,Iterative Batch Phase: Max,0,White,45,FALSE,FALSE
438,1,black_low,3,Iterative Batch Phase: Max,1,White,48,FALSE,FALSE
439,1,black_low,3,Iterative Batch Phase: Max,0,White,39,FALSE,FALSE
440,1,black_low,3,Iterative Batch Phase: Max,0,American Indian or Alaskan Native,23,FALSE,FALSE
441,1,black_low,3,Iterative Batch Phase: Max,1,Black or African American,49,FALSE,FALSE
442,1,black_low,3,Iterative Batch Phase: Max,0,White,39,FALSE,FALSE
443,3,white_low,3,Iterative Batch Phase: Max,0,White,60,FALSE,FALSE
444,3,white_low,3,Iterative Batch Phase: Max,0,White,35,TRUE,TRUE
445,1,black_low,3,Iterative Batch Phase: Max,0,White,36,TRUE,FALSE
446,1,black_low,3,Iterative Batch Phase: Max,0,White,37,FALSE,FALSE
447,3,white_low,4,Iterative Batch Phase: Max,0,White,22,TRUE,FALSE
448,4,white_high,4,Iterative Batch Phase: Max,1,White,36,FALSE,FALSE
449,1,black_low,4,Iterative Batch Phase: Max,0,White,42,FALSE,FALSE
450,1,black_low,4,Iterative Batch Phase: Max,0,White,27,TRUE,FALSE
451,3,white_low,4,Iterative Batch Phase: Max,0,White,34,TRUE,FALSE
452,3,white_low,4,Iterative Batch Phase: Max,1,White,38,FALSE,FALSE
453,1,black_low,4,Iterative Batch Phase: Max,0,White,58,TRUE,FALSE
454,2,black_high,4,Iterative Batch Phase: Max,1,White,60,TRUE,FALSE
455,2,black_high,4,Iterative Batch Phase: Max,1,Multiracial,32,FALSE,FALSE
456,1,black_low,4,Iterative Batch Phase: Max,0,White,43,FALSE,FALSE
457,3,white_low,4,Iterative Batch Phase: Max,1,White,28,TRUE,FALSE
458,1,black_low,4,Iterative Batch Phase: Max,0,White,38,FALSE,FALSE
459,3,white_low,4,Iterative Batch Phase: Max,0,Black or African American,32,TRUE,FALSE
460,4,white_high,4,Iterative Batch Phase: Max,1,Black or African American,31,FALSE,FALSE
461,3,white_low,4,Iterative Batch Phase: Max,0,White,54,FALSE,FALSE
462,1,black_low,4,Iterative Batch Phase: Max,0,Black or African American,51,FALSE,FALSE
463,3,white_low,4,Iterative Batch Phase: Max,0,White,36,FALSE,FALSE
464,3,white_low,4,Iterative Batch Phase: Max,1,Black or African American,51,FALSE,FALSE
465,3,white_low,4,Iterative Batch Phase: Max,1,White,49,FALSE,FALSE
466,3,white_low,4,Iterative Batch Phase: Max,1,White,39,TRUE,FALSE
467,3,white_low,4,Iterative Batch Phase: Max,0,White,39,FALSE,FALSE
468,1,black_low,4,Iterative Batch Phase: Max,1,Black or African American,28,TRUE,FALSE
469,4,white_high,4,Iterative Batch Phase: Max,0,White,39,TRUE,TRUE
470,3,white_low,4,Iterative Batch Phase: Max,1,White,51,FALSE,TRUE
471,4,white_high,4,Iterative Batch Phase: Max,0,White,48,TRUE,FALSE
472,2,black_high,4,Iterative Batch Phase: Max,1,Multiracial,55,TRUE,FALSE
473,1,black_low,4,Iterative Batch Phase: Max,0,White,42,TRUE,FALSE
474,3,white_low,4,Iterative Batch Phase: Max,0,White,33,FALSE,FALSE
475,1,black_low,4,Iterative Batch Phase: Max,0,White,48,TRUE,FALSE
476,3,white_low,4,Iterative Batch Phase: Max,1,White,41,FALSE,FALSE
477,1,black_low,4,Iterative Batch Phase: Max,1,White,17,TRUE,FALSE
478,1,black_low,4,Iterative Batch Phase: Max,1,White,68,TRUE,FALSE
479,1,black_low,4,Iterative Batch Phase: Max,0,White,57,TRUE,FALSE
480,3,white_low,4,Iterative Batch Phase: Max,1,Asian,31,TRUE,FALSE
481,1,black_low,4,Iterative Batch Phase: Max,0,White,55,TRUE,FALSE
482,3,white_low,4,Iterative Batch Phase: Max,1,Asian,23,TRUE,FALSE
483,1,black_low,4,Iterative Batch Phase: Max,0,White,48,FALSE,FALSE
484,4,white_high,4,Iterative Batch Phase: Max,1,White,28,TRUE,FALSE
485,4,white_high,4,Iterative Batch Phase: Max,1,Asian,26,FALSE,TRUE
486,1,black_low,4,Iterative Batch Phase: Max,1,Black or African American,59,FALSE,FALSE
487,3,white_low,4,Iterative Batch Phase: Max,0,White,35,FALSE,FALSE
488,3,white_low,4,Iterative Batch Phase: Max,0,Black or African American,48,FALSE,FALSE
489,3,white_low,4,Iterative Batch Phase: Max,0,White,35,TRUE,FALSE
490,4,white_high,4,Iterative Batch Phase: Max,1,Asian,36,FALSE,FALSE
491,4,white_high,4,Iterative Batch Phase: Max,0,White,62,TRUE,FALSE
492,3,white_low,4,Iterative Batch Phase: Max,0,American Indian or Alaskan Native,25,FALSE,FALSE
493,1,black_low,4,Iterative Batch Phase: Max,1,White,43,TRUE,FALSE
494,3,white_low,4,Iterative Batch Phase: Max,1,Black or African American,27,FALSE,FALSE
495,4,white_high,4,Iterative Batch Phase: Max,0,White,28,FALSE,FALSE
496,1,black_low,4,Iterative Batch Phase: Max,1,White,46,FALSE,FALSE
497,3,white_low,4,Iterative Batch Phase: Max,0,White,36,FALSE,FALSE
498,4,white_high,4,Iterative Batch Phase: Max,1,Black or African American,66,FALSE,FALSE
499,3,white_low,4,Iterative Batch Phase: Max,0,Black or African American,23,FALSE,FALSE
500,4,white_high,4,Iterative Batch Phase: Max,1,White,63,TRUE,FALSE
501,3,white_low,4,Iterative Batch Phase: Max,0,White,57,FALSE,FALSE
502,4,white_high,4,Iterative Batch Phase: Max,1,Black or African American,20,FALSE,FALSE
503,3,white_low,4,Iterative Batch Phase: Max,1,White,28,FALSE,FALSE
504,3,white_low,4,Iterative Batch Phase: Max,1,White,22,TRUE,FALSE
505,3,white_low,4,Iterative Batch Phase: Max,1,White,42,FALSE,FALSE
506,3,white_low,4,Iterative Batch Phase: Max,0,Multiracial,60,TRUE,FALSE
507,3,white_low,4,Iterative Batch Phase: Max,0,Asian,22,TRUE,FALSE
508,3,white_low,4,Iterative Batch Phase: Max,0,Multiracial,37,FALSE,FALSE
509,1,black_low,4,Iterative Batch Phase: Max,1,White,56,TRUE,FALSE
510,3,white_low,4,Iterative Batch Phase: Max,0,White,42,FALSE,FALSE
511,1,black_low,4,Iterative Batch Phase: Max,0,White,41,FALSE,FALSE
512,3,white_low,4,Iterative Batch Phase: Max,1,Black or African American,28,FALSE,FALSE
513,1,black_low,4,Iterative Batch Phase: Max,1,White,48,FALSE,FALSE
514,4,white_high,4,Iterative Batch Phase: Max,0,Asian,34,TRUE,FALSE
515,3,white_low,4,Iterative Batch Phase: Max,0,Black or African American,51,FALSE,FALSE
516,4,white_high,4,Iterative Batch Phase: Max,0,White,51,TRUE,FALSE
517,3,white_low,4,Iterative Batch Phase: Max,1,White,32,TRUE,FALSE
518,1,black_low,4,Iterative Batch Phase: Max,1,White,59,TRUE,FALSE
519,4,white_high,4,Iterative Batch Phase: Max,1,White,55,FALSE,FALSE
520,3,white_low,4,Iterative Batch Phase: Max,0,White,54,TRUE,FALSE
521,3,white_low,4,Iterative Batch Phase: Max,0,White,25,TRUE,FALSE
522,3,white_low,4,Iterative Batch Phase: Max,1,White,30,TRUE,FALSE
523,1,black_low,4,Iterative Batch Phase: Max,0,White,24,FALSE,FALSE
524,3,white_low,4,Iterative Batch Phase: Max,0,White,35,FALSE,FALSE
525,3,white_low,4,Iterative Batch Phase: Max,0,Black or African American,32,TRUE,FALSE
526,3,white_low,4,Iterative Batch Phase: Max,0,Multiracial,57,FALSE,FALSE
527,4,white_high,4,Iterative Batch Phase: Max,1,White,59,FALSE,FALSE
528,3,white_low,4,Iterative Batch Phase: Max,1,White,25,TRUE,FALSE
529,3,white_low,4,Iterative Batch Phase: Max,0,White,63,TRUE,FALSE
530,1,black_low,4,Iterative Batch Phase: Max,0,White,49,TRUE,FALSE
531,4,white_high,4,Iterative Batch Phase: Max,0,Asian,33,TRUE,FALSE
532,4,white_high,4,Iterative Batch Phase: Max,0,White,32,FALSE,FALSE
533,4,white_high,4,Iterative Batch Phase: Max,0,White,63,FALSE,FALSE
534,3,white_low,4,Iterative Batch Phase: Max,0,White,45,TRUE,FALSE
535,1,black_low,4,Iterative Batch Phase: Max,1,Asian,27,TRUE,FALSE
536,3,white_low,4,Iterative Batch Phase: Max,0,White,57,TRUE,FALSE
537,3,white_low,4,Iterative Batch Phase: Max,0,White,36,TRUE,FALSE
538,2,black_high,4,Iterative Batch Phase: Max,0,Black or African American,33,TRUE,FALSE
539,1,black_low,4,Iterative Batch Phase: Max,0,White,64,FALSE,TRUE
540,3,white_low,4,Iterative Batch Phase: Max,0,White,55,FALSE,FALSE
541,3,white_low,4,Iterative Batch Phase: Max,1,White,25,FALSE,FALSE
542,1,black_low,4,Iterative Batch Phase: Max,0,White,36,FALSE,TRUE
543,3,white_low,4,Iterative Batch Phase: Max,0,White,36,FALSE,FALSE
544,1,black_low,5,Iterative Batch Phase: Max,1,White,41,FALSE,FALSE
545,4,white_high,5,Iterative Batch Phase: Max,1,White,38,TRUE,FALSE
546,3,white_low,5,Iterative Batch Phase: Max,1,White,24,FALSE,FALSE
547,1,black_low,5,Iterative Batch Phase: Max,0,White,25,TRUE,FALSE
548,4,white_high,5,Iterative Batch Phase: Max,0,Black or African American,51,TRUE,FALSE
549,3,white_low,5,Iterative Batch Phase: Max,1,Asian,29,FALSE,FALSE
550,3,white_low,5,Iterative Batch Phase: Max,0,White,32,TRUE,FALSE
551,3,white_low,5,Iterative Batch Phase: Max,0,Asian,26,TRUE,FALSE
552,4,white_high,5,Iterative Batch Phase: Max,0,White,39,TRUE,FALSE
553,1,black_low,5,Iterative Batch Phase: Max,0,White,55,TRUE,FALSE
554,3,white_low,5,Iterative Batch Phase: Max,0,White,44,TRUE,FALSE
555,4,white_high,5,Iterative Batch Phase: Max,1,Black or African American,41,FALSE,FALSE
556,3,white_low,5,Iterative Batch Phase: Max,0,White,69,FALSE,FALSE
557,4,white_high,5,Iterative Batch Phase: Max,0,Multiracial,28,TRUE,FALSE
558,4,white_high,5,Iterative Batch Phase: Max,1,White,44,FALSE,FALSE
559,1,black_low,5,Iterative Batch Phase: Max,0,White,42,FALSE,FALSE
560,4,white_high,5,Iterative Batch Phase: Max,0,Asian,38,FALSE,FALSE
561,4,white_high,5,Iterative Batch Phase: Max,1,Black or African American,51,FALSE,FALSE
562,2,black_high,5,Iterative Batch Phase: Max,1,White,58,TRUE,FALSE
563,1,black_low,5,Iterative Batch Phase: Max,1,White,41,FALSE,FALSE
564,2,black_high,5,Iterative Batch Phase: Max,1,Black or African American,30,TRUE,FALSE
565,1,black_low,5,Iterative Batch Phase: Max,1,Asian,34,FALSE,FALSE
566,4,white_high,5,Iterative Batch Phase: Max,1,White,42,FALSE,FALSE
567,3,white_low,5,Iterative Batch Phase: Max,0,White,61,FALSE,FALSE
568,3,white_low,5,Iterative Batch Phase: Max,1,White,25,TRUE,FALSE
569,2,black_high,5,Iterative Batch Phase: Max,1,Black or African American,45,FALSE,FALSE
570,4,white_high,5,Iterative Batch Phase: Max,1,White,61,FALSE,FALSE
571,4,white_high,5,Iterative Batch Phase: Max,1,Black or African American,51,FALSE,FALSE
572,4,white_high,5,Iterative Batch Phase: Max,1,Asian,23,TRUE,FALSE
573,2,black_high,5,Iterative Batch Phase: Max,1,White,44,FALSE,FALSE
574,4,white_high,5,Iterative Batch Phase: Max,0,White,54,TRUE,FALSE
575,2,black_high,5,Iterative Batch Phase: Max,0,Asian,25,FALSE,FALSE
576,1,black_low,5,Iterative Batch Phase: Max,1,White,34,FALSE,FALSE
577,3,white_low,5,Iterative Batch Phase: Max,1,White,46,FALSE,FALSE
578,1,black_low,5,Iterative Batch Phase: Max,1,White,34,FALSE,FALSE
579,4,white_high,5,Iterative Batch Phase: Max,0,White,61,TRUE,FALSE
580,3,white_low,5,Iterative Batch Phase: Max,1,White,63,TRUE,FALSE
581,1,black_low,5,Iterative Batch Phase: Max,0,Black or African American,51,TRUE,FALSE
582,3,white_low,5,Iterative Batch Phase: Max,0,White,55,TRUE,FALSE
583,3,white_low,5,Iterative Batch Phase: Max,1,Black or African American,37,FALSE,FALSE
584,4,white_high,5,Iterative Batch Phase: Max,1,White,66,FALSE,FALSE
585,1,black_low,5,Iterative Batch Phase: Max,0,White,48,TRUE,FALSE
586,2,black_high,5,Iterative Batch Phase: Max,0,White,61,TRUE,FALSE
587,1,black_low,5,Iterative Batch Phase: Max,0,White,31,TRUE,FALSE
588,1,black_low,5,Iterative Batch Phase: Max,1,White,33,TRUE,FALSE
589,3,white_low,5,Iterative Batch Phase: Max,0,White,42,FALSE,FALSE
590,2,black_high,5,Iterative Batch Phase: Max,0,Asian,32,FALSE,FALSE
591,1,black_low,5,Iterative Batch Phase: Max,0,White,29,TRUE,TRUE
592,1,black_low,5,Iterative Batch Phase: Max,0,Multiracial,34,TRUE,FALSE
593,3,white_low,5,Iterative Batch Phase: Max,0,White,33,FALSE,FALSE
594,4,white_high,5,Iterative Batch Phase: Max,0,White,51,TRUE,FALSE
595,4,white_high,5,Iterative Batch Phase: Max,0,Multiracial,39,FALSE,TRUE
596,1,black_low,5,Iterative Batch Phase: Max,0,Multiracial,34,TRUE,FALSE
597,1,black_low,5,Iterative Batch Phase: Max,1,White,31,FALSE,FALSE
598,3,white_low,5,Iterative Batch Phase: Max,1,Black or African American,30,TRUE,FALSE
599,4,white_high,5,Iterative Batch Phase: Max,1,White,51,TRUE,FALSE
600,1,black_low,5,Iterative Batch Phase: Max,0,White,37,FALSE,FALSE
601,1,black_low,5,Iterative Batch Phase: Max,1,Multiracial,58,TRUE,FALSE
602,2,black_high,5,Iterative Batch Phase: Max,0,White,43,FALSE,FALSE
603,1,black_low,5,Iterative Batch Phase: Max,1,White,42,TRUE,FALSE
604,4,white_high,5,Iterative Batch Phase: Max,1,Black or African American,49,FALSE,FALSE
605,3,white_low,5,Iterative Batch Phase: Max,0,White,60,FALSE,FALSE
606,4,white_high,5,Iterative Batch Phase: Max,0,White,36,TRUE,FALSE
607,1,black_low,5,Iterative Batch Phase: Max,1,White,59,FALSE,FALSE
608,3,white_low,5,Iterative Batch Phase: Max,0,White,49,FALSE,FALSE
609,3,white_low,5,Iterative Batch Phase: Max,1,White,43,TRUE,FALSE
610,4,white_high,5,Iterative Batch Phase: Max,0,White,62,TRUE,FALSE
611,2,black_high,5,Iterative Batch Phase: Max,1,White,54,TRUE,FALSE
612,3,white_low,5,Iterative Batch Phase: Max,1,White,54,TRUE,FALSE
613,2,black_high,5,Iterative Batch Phase: Max,1,White,36,TRUE,FALSE
614,2,black_high,5,Iterative Batch Phase: Max,1,White,53,FALSE,FALSE
615,3,white_low,5,Iterative Batch Phase: Max,0,White,58,FALSE,FALSE
616,2,black_high,5,Iterative Batch Phase: Max,1,White,39,FALSE,FALSE
617,1,black_low,5,Iterative Batch Phase: Max,0,Black or African American,33,FALSE,FALSE
618,4,white_high,5,Iterative Batch Phase: Max,1,Black or African American,53,TRUE,FALSE
619,4,white_high,5,Iterative Batch Phase: Max,0,Black or African American,33,TRUE,FALSE
620,1,black_low,5,Iterative Batch Phase: Max,0,White,31,TRUE,FALSE
621,2,black_high,5,Iterative Batch Phase: Max,1,Asian,26,TRUE,FALSE
622,2,black_high,5,Iterative Batch Phase: Max,0,White,56,TRUE,FALSE
623,1,black_low,5,Iterative Batch Phase: Max,0,Asian,31,FALSE,FALSE
624,3,white_low,5,Iterative Batch Phase: Max,1,White,59,FALSE,FALSE
625,4,white_high,5,Iterative Batch Phase: Max,1,White,62,TRUE,FALSE
626,1,black_low,5,Iterative Batch Phase: Max,1,White,50,FALSE,FALSE
627,4,white_high,5,Iterative Batch Phase: Max,1,White,38,FALSE,FALSE
628,4,white_high,5,Iterative Batch Phase: Max,0,Black or African American,51,TRUE,FALSE
629,3,white_low,5,Iterative Batch Phase: Max,1,White,39,TRUE,FALSE
630,4,white_high,5,Iterative Batch Phase: Max,1,White,47,FALSE,FALSE
631,4,white_high,5,Iterative Batch Phase: Max,1,White,30,FALSE,FALSE
632,3,white_low,5,Iterative Batch Phase: Max,0,White,52,TRUE,FALSE
633,1,black_low,5,Iterative Batch Phase: Max,1,Asian,25,FALSE,FALSE
634,4,white_high,5,Iterative Batch Phase: Max,0,White,46,FALSE,FALSE
635,3,white_low,5,Iterative Batch Phase: Max,0,White,58,FALSE,FALSE
636,4,white_high,5,Iterative Batch Phase: Max,0,White,31,FALSE,FALSE
637,1,black_low,5,Iterative Batch Phase: Max,0,White,46,TRUE,FALSE
638,4,white_high,5,Iterative Batch Phase: Max,1,White,35,TRUE,FALSE
639,1,black_low,5,Iterative Batch Phase: Max,0,Black or African American,51,TRUE,FALSE
640,4,white_high,5,Iterative Batch Phase: Max,0,Black or African American,51,FALSE,FALSE
641,3,white_low,6,Iterative Batch Phase: Max,1,White,37,TRUE,FALSE
642,2,black_high,6,Iterative Batch Phase: Max,1,Black or African American,46,FALSE,FALSE
643,3,white_low,6,Iterative Batch Phase: Max,0,White,58,TRUE,FALSE
644,1,black_low,6,Iterative Batch Phase: Max,1,White,47,TRUE,FALSE
645,4,white_high,6,Iterative Batch Phase: Max,1,White,44,TRUE,FALSE
646,3,white_low,6,Iterative Batch Phase: Max,0,White,50,TRUE,FALSE
647,2,black_high,6,Iterative Batch Phase: Max,0,White,34,FALSE,FALSE
648,4,white_high,6,Iterative Batch Phase: Max,0,Black or African American,31,TRUE,FALSE
649,4,white_high,6,Iterative Batch Phase: Max,1,White,37,FALSE,FALSE
650,1,black_low,6,Iterative Batch Phase: Max,1,Other,51,TRUE,TRUE
651,1,black_low,6,Iterative Batch Phase: Max,0,White,49,FALSE,FALSE
652,3,white_low,6,Iterative Batch Phase: Max,0,White,43,TRUE,TRUE
653,3,white_low,6,Iterative Batch Phase: Max,1,White,62,FALSE,FALSE
654,3,white_low,6,Iterative Batch Phase: Max,0,Multiracial,36,TRUE,TRUE
655,3,white_low,6,Iterative Batch Phase: Max,0,Other,52,TRUE,FALSE
656,4,white_high,6,Iterative Batch Phase: Max,0,White,47,FALSE,FALSE
657,2,black_high,6,Iterative Batch Phase: Max,1,White,29,FALSE,TRUE
658,3,white_low,6,Iterative Batch Phase: Max,0,Multiracial,29,TRUE,FALSE
659,3,white_low,6,Iterative Batch Phase: Max,1,White,25,FALSE,FALSE
660,2,black_high,6,Iterative Batch Phase: Max,1,Black or African American,51,TRUE,FALSE
661,3,white_low,6,Iterative Batch Phase: Max,0,White,35,TRUE,FALSE
662,2,black_high,6,Iterative Batch Phase: Max,1,Black or African American,34,TRUE,FALSE
663,4,white_high,6,Iterative Batch Phase: Max,0,White,31,TRUE,FALSE
664,4,white_high,6,Iterative Batch Phase: Max,1,Multiracial,32,TRUE,FALSE
665,2,black_high,6,Iterative Batch Phase: Max,1,White,75,FALSE,FALSE
666,4,white_high,6,Iterative Batch Phase: Max,0,White,35,FALSE,TRUE
667,2,black_high,6,Iterative Batch Phase: Max,0,White,50,FALSE,FALSE
668,3,white_low,6,Iterative Batch Phase: Max,1,White,29,FALSE,FALSE
669,3,white_low,6,Iterative Batch Phase: Max,0,White,30,FALSE,FALSE
670,1,black_low,6,Iterative Batch Phase: Max,1,White,31,TRUE,FALSE
671,1,black_low,6,Iterative Batch Phase: Max,1,White,41,FALSE,TRUE
672,4,white_high,6,Iterative Batch Phase: Max,0,Black or African American,36,TRUE,FALSE
673,1,black_low,6,Iterative Batch Phase: Max,0,White,48,FALSE,FALSE
674,1,black_low,6,Iterative Batch Phase: Max,0,White,69,TRUE,FALSE
675,4,white_high,6,Iterative Batch Phase: Max,1,White,60,FALSE,FALSE
676,3,white_low,6,Iterative Batch Phase: Max,1,White,74,FALSE,FALSE
677,1,black_low,6,Iterative Batch Phase: Max,1,White,60,TRUE,FALSE
678,4,white_high,6,Iterative Batch Phase: Max,0,White,41,TRUE,FALSE
679,3,white_low,6,Iterative Batch Phase: Max,0,Asian,33,TRUE,FALSE
680,3,white_low,6,Iterative Batch Phase: Max,0,White,31,TRUE,FALSE
681,3,white_low,6,Iterative Batch Phase: Max,0,White,34,FALSE,FALSE
682,2,black_high,6,Iterative Batch Phase: Max,1,White,35,FALSE,FALSE
683,1,black_low,6,Iterative Batch Phase: Max,1,Asian,24,TRUE,FALSE
684,4,white_high,6,Iterative Batch Phase: Max,1,White,53,TRUE,FALSE
685,3,white_low,6,Iterative Batch Phase: Max,0,White,29,FALSE,FALSE
686,3,white_low,6,Iterative Batch Phase: Max,1,White,40,TRUE,FALSE
687,4,white_high,6,Iterative Batch Phase: Max,0,Asian,54,TRUE,FALSE
688,4,white_high,6,Iterative Batch Phase: Max,1,White,43,FALSE,FALSE
689,3,white_low,6,Iterative Batch Phase: Max,1,Asian,72,FALSE,FALSE
690,3,white_low,6,Iterative Batch Phase: Max,0,Black or African American,28,FALSE,FALSE
691,1,black_low,6,Iterative Batch Phase: Max,1,Black or African American,51,FALSE,FALSE
692,2,black_high,6,Iterative Batch Phase: Max,1,Black or African American,74,FALSE,FALSE
693,1,black_low,6,Iterative Batch Phase: Max,0,White,39,FALSE,TRUE
694,3,white_low,6,Iterative Batch Phase: Max,1,White,31,FALSE,FALSE
695,3,white_low,6,Iterative Batch Phase: Max,0,White,35,TRUE,FALSE
696,4,white_high,6,Iterative Batch Phase: Max,0,White,43,FALSE,FALSE
697,4,white_high,6,Iterative Batch Phase: Max,0,White,25,TRUE,FALSE
698,3,white_low,6,Iterative Batch Phase: Max,1,Black or African American,24,TRUE,FALSE
699,4,white_high,6,Iterative Batch Phase: Max,0,White,45,TRUE,FALSE
700,3,white_low,6,Iterative Batch Phase: Max,1,White,43,FALSE,FALSE
701,4,white_high,6,Iterative Batch Phase: Max,1,Black or African American,31,TRUE,FALSE
702,4,white_high,6,Iterative Batch Phase: Max,1,White,20,FALSE,FALSE
703,4,white_high,6,Iterative Batch Phase: Max,0,White,63,TRUE,FALSE
704,4,white_high,6,Iterative Batch Phase: Max,1,Other,49,TRUE,TRUE
705,3,white_low,6,Iterative Batch Phase: Max,0,White,25,TRUE,FALSE
706,3,white_low,6,Iterative Batch Phase: Max,0,White,39,FALSE,FALSE
707,2,black_high,6,Iterative Batch Phase: Max,1,White,45,TRUE,FALSE
708,4,white_high,6,Iterative Batch Phase: Max,1,White,40,FALSE,FALSE
709,3,white_low,6,Iterative Batch Phase: Max,1,White,25,TRUE,TRUE
710,1,black_low,6,Iterative Batch Phase: Max,1,Black or African American,55,TRUE,FALSE
711,2,black_high,6,Iterative Batch Phase: Max,0,White,34,FALSE,FALSE
712,4,white_high,6,Iterative Batch Phase: Max,0,Other,25,TRUE,TRUE
713,2,black_high,6,Iterative Batch Phase: Max,0,White,57,TRUE,FALSE
714,4,white_high,6,Iterative Batch Phase: Max,0,White,68,FALSE,FALSE
715,1,black_low,6,Iterative Batch Phase: Max,1,White,39,FALSE,FALSE
716,3,white_low,6,Iterative Batch Phase: Max,0,White,42,FALSE,FALSE
717,2,black_high,6,Iterative Batch Phase: Max,1,White,41,TRUE,FALSE
718,3,white_low,6,Iterative Batch Phase: Max,0,Black or African American,22,TRUE,FALSE
719,2,black_high,6,Iterative Batch Phase: Max,0,White,50,FALSE,FALSE
720,4,white_high,6,Iterative Batch Phase: Max,1,White,64,TRUE,FALSE
721,4,white_high,6,Iterative Batch Phase: Max,0,White,23,FALSE,FALSE
722,3,white_low,6,Iterative Batch Phase: Max,1,White,28,TRUE,TRUE
723,3,white_low,6,Iterative Batch Phase: Max,1,Black or African American,56,FALSE,FALSE
724,1,black_low,6,Iterative Batch Phase: Max,1,White,35,TRUE,FALSE
725,3,white_low,6,Iterative Batch Phase: Max,1,Black or African American,23,TRUE,TRUE
726,1,black_low,6,Iterative Batch Phase: Max,0,Black or African American,38,FALSE,FALSE
727,4,white_high,6,Iterative Batch Phase: Max,0,Black or African American,38,FALSE,FALSE
728,2,black_high,6,Iterative Batch Phase: Max,1,White,42,TRUE,FALSE
729,3,white_low,6,Iterative Batch Phase: Max,1,White,40,FALSE,FALSE
730,1,black_low,6,Iterative Batch Phase: Max,0,Asian,39,TRUE,FALSE
731,4,white_high,6,Iterative Batch Phase: Max,0,White,42,FALSE,FALSE
732,3,white_low,6,Iterative Batch Phase: Max,1,Asian,34,FALSE,FALSE
733,3,white_low,6,Iterative Batch Phase: Max,1,White,38,FALSE,FALSE
734,3,white_low,6,Iterative Batch Phase: Max,0,Black or African American,55,TRUE,FALSE
735,4,white_high,6,Iterative Batch Phase: Max,0,White,33,FALSE,FALSE
736,2,black_high,6,Iterative Batch Phase: Max,1,White,67,TRUE,FALSE
737,3,white_low,6,Iterative Batch Phase: Max,1,Asian,37,FALSE,FALSE
738,1,black_low,7,Iterative Batch Phase: Max,0,White,43,TRUE,TRUE
739,3,white_low,7,Iterative Batch Phase: Max,0,Other,26,TRUE,FALSE
740,4,white_high,7,Iterative Batch Phase: Max,0,White,46,FALSE,FALSE
741,2,black_high,7,Iterative Batch Phase: Max,1,White,22,FALSE,TRUE
742,4,white_high,7,Iterative Batch Phase: Max,0,White,33,FALSE,FALSE
743,2,black_high,7,Iterative Batch Phase: Max,1,Asian,36,FALSE,FALSE
744,1,black_low,7,Iterative Batch Phase: Max,1,White,34,TRUE,FALSE
745,2,black_high,7,Iterative Batch Phase: Max,1,White,55,FALSE,FALSE
746,1,black_low,7,Iterative Batch Phase: Max,0,White,35,TRUE,FALSE
747,2,black_high,7,Iterative Batch Phase: Max,1,White,24,TRUE,FALSE
748,1,black_low,7,Iterative Batch Phase: Max,1,White,31,TRUE,FALSE
749,4,white_high,7,Iterative Batch Phase: Max,1,Black or African American,30,TRUE,FALSE
750,1,black_low,7,Iterative Batch Phase: Max,0,White,30,TRUE,FALSE
751,3,white_low,7,Iterative Batch Phase: Max,1,White,34,TRUE,FALSE
752,2,black_high,7,Iterative Batch Phase: Max,1,White,31,FALSE,FALSE
753,4,white_high,7,Iterative Batch Phase: Max,0,White,23,TRUE,FALSE
754,1,black_low,7,Iterative Batch Phase: Max,0,Asian,28,TRUE,FALSE
755,2,black_high,7,Iterative Batch Phase: Max,1,White,49,TRUE,TRUE
756,4,white_high,7,Iterative Batch Phase: Max,0,White,33,TRUE,FALSE
757,1,black_low,7,Iterative Batch Phase: Max,0,White,52,FALSE,FALSE
758,4,white_high,7,Iterative Batch Phase: Max,0,White,31,TRUE,FALSE
759,3,white_low,7,Iterative Batch Phase: Max,1,White,22,FALSE,FALSE
760,2,black_high,7,Iterative Batch Phase: Max,0,White,60,TRUE,FALSE
761,3,white_low,7,Iterative Batch Phase: Max,1,White,78,FALSE,FALSE
762,3,white_low,7,Iterative Batch Phase: Max,0,White,23,TRUE,FALSE
763,2,black_high,7,Iterative Batch Phase: Max,1,White,36,FALSE,FALSE
764,2,black_high,7,Iterative Batch Phase: Max,1,White,34,FALSE,FALSE
765,1,black_low,7,Iterative Batch Phase: Max,1,White,30,TRUE,FALSE
766,1,black_low,7,Iterative Batch Phase: Max,1,White,32,TRUE,FALSE
767,2,black_high,7,Iterative Batch Phase: Max,1,White,47,TRUE,FALSE
768,4,white_high,7,Iterative Batch Phase: Max,0,White,49,FALSE,FALSE
769,3,white_low,7,Iterative Batch Phase: Max,0,Black or African American,49,FALSE,FALSE
770,1,black_low,7,Iterative Batch Phase: Max,0,White,48,FALSE,FALSE
771,1,black_low,7,Iterative Batch Phase: Max,1,White,34,TRUE,FALSE
772,2,black_high,7,Iterative Batch Phase: Max,0,White,42,TRUE,FALSE
773,2,black_high,7,Iterative Batch Phase: Max,0,White,29,FALSE,FALSE
774,4,white_high,7,Iterative Batch Phase: Max,0,White,45,FALSE,FALSE
775,1,black_low,7,Iterative Batch Phase: Max,0,White,54,TRUE,FALSE
776,3,white_low,7,Iterative Batch Phase: Max,1,Multiracial,28,TRUE,FALSE
777,3,white_low,7,Iterative Batch Phase: Max,1,White,25,TRUE,FALSE
778,2,black_high,7,Iterative Batch Phase: Max,1,Black or African American,54,TRUE,FALSE
779,3,white_low,7,Iterative Batch Phase: Max,0,White,67,FALSE,FALSE
780,2,black_high,7,Iterative Batch Phase: Max,0,Asian,38,FALSE,FALSE
781,3,white_low,7,Iterative Batch Phase: Max,1,White,37,TRUE,TRUE
782,3,white_low,7,Iterative Batch Phase: Max,0,White,32,FALSE,FALSE
783,1,black_low,7,Iterative Batch Phase: Max,0,White,47,FALSE,FALSE
784,4,white_high,7,Iterative Batch Phase: Max,0,Multiracial,43,FALSE,TRUE
785,2,black_high,7,Iterative Batch Phase: Max,0,White,33,FALSE,FALSE
786,2,black_high,7,Iterative Batch Phase: Max,1,White,28,TRUE,FALSE
787,1,black_low,7,Iterative Batch Phase: Max,0,White,54,TRUE,FALSE
788,4,white_high,7,Iterative Batch Phase: Max,0,White,33,FALSE,FALSE
789,1,black_low,7,Iterative Batch Phase: Max,1,White,26,FALSE,FALSE
790,1,black_low,7,Iterative Batch Phase: Max,1,White,31,TRUE,TRUE
791,2,black_high,7,Iterative Batch Phase: Max,1,Black or African American,25,TRUE,FALSE
792,2,black_high,7,Iterative Batch Phase: Max,1,Black or African American,41,TRUE,TRUE
793,3,white_low,7,Iterative Batch Phase: Max,1,White,33,TRUE,FALSE
794,1,black_low,7,Iterative Batch Phase: Max,0,Asian,21,TRUE,FALSE
795,3,white_low,7,Iterative Batch Phase: Max,1,White,34,FALSE,FALSE
796,1,black_low,7,Iterative Batch Phase: Max,1,White,21,FALSE,FALSE
797,2,black_high,7,Iterative Batch Phase: Max,0,Black or African American,40,TRUE,FALSE
798,1,black_low,7,Iterative Batch Phase: Max,1,Prefer not to disclose,33,FALSE,FALSE
799,3,white_low,7,Iterative Batch Phase: Max,1,White,41,FALSE,FALSE
800,3,white_low,7,Iterative Batch Phase: Max,1,White,23,TRUE,FALSE
801,1,black_low,7,Iterative Batch Phase: Max,0,White,32,TRUE,FALSE
802,3,white_low,7,Iterative Batch Phase: Max,0,Asian,34,TRUE,FALSE
803,2,black_high,7,Iterative Batch Phase: Max,1,White,31,TRUE,FALSE
804,4,white_high,7,Iterative Batch Phase: Max,0,White,39,FALSE,FALSE
805,1,black_low,7,Iterative Batch Phase: Max,1,White,51,TRUE,FALSE
806,2,black_high,7,Iterative Batch Phase: Max,0,White,46,TRUE,FALSE
807,3,white_low,7,Iterative Batch Phase: Max,0,White,36,TRUE,FALSE
808,3,white_low,7,Iterative Batch Phase: Max,0,White,55,TRUE,FALSE
809,1,black_low,7,Iterative Batch Phase: Max,1,Black or African American,29,TRUE,FALSE
810,1,black_low,7,Iterative Batch Phase: Max,0,Prefer not to disclose,43,FALSE,FALSE
811,2,black_high,7,Iterative Batch Phase: Max,1,White,41,TRUE,FALSE
812,3,white_low,7,Iterative Batch Phase: Max,0,White,63,FALSE,FALSE
813,3,white_low,7,Iterative Batch Phase: Max,0,White,57,TRUE,FALSE
814,1,black_low,7,Iterative Batch Phase: Max,0,White,37,FALSE,FALSE
815,3,white_low,7,Iterative Batch Phase: Max,0,Asian,38,TRUE,FALSE
816,1,black_low,7,Iterative Batch Phase: Max,1,White,40,FALSE,FALSE
817,3,white_low,7,Iterative Batch Phase: Max,1,Asian,35,FALSE,FALSE
818,3,white_low,7,Iterative Batch Phase: Max,0,White,40,TRUE,FALSE
819,2,black_high,7,Iterative Batch Phase: Max,0,White,33,TRUE,FALSE
820,3,white_low,7,Iterative Batch Phase: Max,1,Asian,26,TRUE,FALSE
821,1,black_low,7,Iterative Batch Phase: Max,1,White,31,TRUE,TRUE
822,3,white_low,7,Iterative Batch Phase: Max,0,Black or African American,27,TRUE,FALSE
823,1,black_low,7,Iterative Batch Phase: Max,0,White,62,FALSE,FALSE
824,2,black_high,7,Iterative Batch Phase: Max,0,Black or African American,56,TRUE,FALSE
825,2,black_high,7,Iterative Batch Phase: Max,0,White,51,FALSE,FALSE
826,2,black_high,7,Iterative Batch Phase: Max,1,White,53,TRUE,FALSE
827,1,black_low,7,Iterative Batch Phase: Max,0,White,51,TRUE,FALSE
828,1,black_low,7,Iterative Batch Phase: Max,1,White,37,FALSE,TRUE
829,2,black_high,7,Iterative Batch Phase: Max,0,White,34,FALSE,TRUE
830,2,black_high,7,Iterative Batch Phase: Max,0,Black or African American,50,TRUE,FALSE
831,3,white_low,7,Iterative Batch Phase: Max,1,White,49,TRUE,FALSE
832,3,white_low,7,Iterative Batch Phase: Max,1,Black or African American,39,TRUE,FALSE
833,3,white_low,7,Iterative Batch Phase: Max,0,White,34,TRUE,FALSE
834,2,black_high,7,Iterative Batch Phase: Max,0,White,34,TRUE,FALSE
835,3,white_low,7,Iterative Batch Phase: Max,0,White,42,FALSE,FALSE
836,1,black_low,8,Iterative Batch Phase: Max,0,White,21,FALSE,FALSE
837,2,black_high,8,Iterative Batch Phase: Max,0,White,59,TRUE,FALSE
838,3,white_low,8,Iterative Batch Phase: Max,0,White,39,FALSE,FALSE
839,3,white_low,8,Iterative Batch Phase: Max,1,White,28,TRUE,FALSE
840,2,black_high,8,Iterative Batch Phase: Max,0,White,24,TRUE,TRUE
841,1,black_low,8,Iterative Batch Phase: Max,0,White,68,FALSE,FALSE
842,2,black_high,8,Iterative Batch Phase: Max,0,White,51,TRUE,FALSE
843,1,black_low,8,Iterative Batch Phase: Max,1,White,55,FALSE,FALSE
844,2,black_high,8,Iterative Batch Phase: Max,1,Black or African American,42,FALSE,FALSE
845,1,black_low,8,Iterative Batch Phase: Max,1,White,39,FALSE,FALSE
846,2,black_high,8,Iterative Batch Phase: Max,0,Black or African American,32,FALSE,FALSE
847,3,white_low,8,Iterative Batch Phase: Max,1,Black or African American,41,FALSE,FALSE
848,1,black_low,8,Iterative Batch Phase: Max,0,White,55,FALSE,FALSE
849,2,black_high,8,Iterative Batch Phase: Max,0,Multiracial,47,TRUE,FALSE
850,3,white_low,8,Iterative Batch Phase: Max,0,Black or African American,40,TRUE,FALSE
851,3,white_low,8,Iterative Batch Phase: Max,0,White,30,FALSE,FALSE
852,2,black_high,8,Iterative Batch Phase: Max,1,White,42,TRUE,FALSE
853,3,white_low,8,Iterative Batch Phase: Max,0,White,33,TRUE,FALSE
854,2,black_high,8,Iterative Batch Phase: Max,1,White,33,FALSE,FALSE
855,2,black_high,8,Iterative Batch Phase: Max,1,Black or African American,51,FALSE,FALSE
856,3,white_low,8,Iterative Batch Phase: Max,1,White,69,FALSE,FALSE
857,3,white_low,8,Iterative Batch Phase: Max,0,White,71,TRUE,FALSE
858,2,black_high,8,Iterative Batch Phase: Max,0,White,36,TRUE,FALSE
859,4,white_high,8,Iterative Batch Phase: Max,1,Black or African American,63,FALSE,FALSE
860,3,white_low,8,Iterative Batch Phase: Max,0,White,56,FALSE,FALSE
861,2,black_high,8,Iterative Batch Phase: Max,1,Black or African American,50,FALSE,FALSE
862,4,white_high,8,Iterative Batch Phase: Max,0,White,40,TRUE,FALSE
863,1,black_low,8,Iterative Batch Phase: Max,1,Asian,40,TRUE,FALSE
864,2,black_high,8,Iterative Batch Phase: Max,0,White,42,FALSE,FALSE
865,2,black_high,8,Iterative Batch Phase: Max,0,Black or African American,31,FALSE,FALSE
866,1,black_low,8,Iterative Batch Phase: Max,0,Black or African American,44,FALSE,FALSE
867,1,black_low,8,Iterative Batch Phase: Max,0,White,63,FALSE,FALSE
868,2,black_high,8,Iterative Batch Phase: Max,0,White,36,FALSE,FALSE
869,4,white_high,8,Iterative Batch Phase: Max,0,White,47,FALSE,FALSE
870,2,black_high,8,Iterative Batch Phase: Max,1,American Indian or Alaskan Native,29,FALSE,TRUE
871,3,white_low,8,Iterative Batch Phase: Max,1,White,43,FALSE,FALSE
872,2,black_high,8,Iterative Batch Phase: Max,1,White,60,TRUE,TRUE
873,2,black_high,8,Iterative Batch Phase: Max,1,White,36,FALSE,FALSE
874,3,white_low,8,Iterative Batch Phase: Max,1,White,54,TRUE,FALSE
875,1,black_low,8,Iterative Batch Phase: Max,0,White,53,FALSE,FALSE
876,1,black_low,8,Iterative Batch Phase: Max,1,Black or African American,25,FALSE,FALSE
877,2,black_high,8,Iterative Batch Phase: Max,1,White,45,FALSE,FALSE
878,3,white_low,8,Iterative Batch Phase: Max,0,White,51,TRUE,FALSE
879,2,black_high,8,Iterative Batch Phase: Max,1,Black or African American,36,TRUE,FALSE
880,1,black_low,8,Iterative Batch Phase: Max,1,Other,27,TRUE,FALSE
881,2,black_high,8,Iterative Batch Phase: Max,1,White,33,FALSE,FALSE
882,2,black_high,8,Iterative Batch Phase: Max,1,White,36,FALSE,FALSE
883,2,black_high,8,Iterative Batch Phase: Max,1,White,49,TRUE,FALSE
884,2,black_high,8,Iterative Batch Phase: Max,0,White,45,FALSE,FALSE
885,2,black_high,8,Iterative Batch Phase: Max,1,White,42,FALSE,FALSE
886,2,black_high,8,Iterative Batch Phase: Max,0,Asian,33,FALSE,FALSE
887,2,black_high,8,Iterative Batch Phase: Max,1,White,51,TRUE,FALSE
888,2,black_high,8,Iterative Batch Phase: Max,1,White,50,FALSE,FALSE
889,2,black_high,8,Iterative Batch Phase: Max,1,White,53,FALSE,FALSE
890,2,black_high,8,Iterative Batch Phase: Max,1,White,27,TRUE,FALSE
891,2,black_high,8,Iterative Batch Phase: Max,1,Black or African American,25,FALSE,FALSE
892,2,black_high,8,Iterative Batch Phase: Max,1,White,49,TRUE,FALSE
893,2,black_high,8,Iterative Batch Phase: Max,1,White,54,FALSE,FALSE
894,2,black_high,8,Iterative Batch Phase: Max,0,White,35,FALSE,FALSE
895,2,black_high,8,Iterative Batch Phase: Max,0,White,44,FALSE,FALSE
896,3,white_low,8,Iterative Batch Phase: Max,0,White,62,TRUE,FALSE
897,2,black_high,8,Iterative Batch Phase: Max,0,White,34,FALSE,FALSE
898,2,black_high,8,Iterative Batch Phase: Max,1,White,46,FALSE,FALSE
899,2,black_high,8,Iterative Batch Phase: Max,0,Asian,19,FALSE,FALSE
900,2,black_high,8,Iterative Batch Phase: Max,1,White,51,FALSE,FALSE
901,2,black_high,8,Iterative Batch Phase: Max,1,White,30,FALSE,FALSE
902,2,black_high,8,Iterative Batch Phase: Max,1,White,25,TRUE,FALSE
903,3,white_low,8,Iterative Batch Phase: Max,0,White,30,TRUE,FALSE
904,1,black_low,8,Iterative Batch Phase: Max,1,White,40,TRUE,FALSE
905,2,black_high,8,Iterative Batch Phase: Max,0,White,58,TRUE,FALSE
906,3,white_low,8,Iterative Batch Phase: Max,0,White,67,FALSE,FALSE
907,2,black_high,8,Iterative Batch Phase: Max,0,White,45,FALSE,FALSE
908,2,black_high,8,Iterative Batch Phase: Max,0,White,58,FALSE,FALSE
909,1,black_low,8,Iterative Batch Phase: Max,0,White,39,FALSE,FALSE
910,2,black_high,8,Iterative Batch Phase: Max,1,White,46,FALSE,FALSE
911,3,white_low,8,Iterative Batch Phase: Max,0,White,32,TRUE,FALSE
912,1,black_low,8,Iterative Batch Phase: Max,1,White,31,FALSE,FALSE
913,4,white_high,8,Iterative Batch Phase: Max,1,White,43,TRUE,FALSE
914,1,black_low,8,Iterative Batch Phase: Max,1,White,36,FALSE,FALSE
915,1,black_low,8,Iterative Batch Phase: Max,0,Black or African American,36,FALSE,FALSE
916,2,black_high,8,Iterative Batch Phase: Max,0,White,34,TRUE,FALSE
917,1,black_low,8,Iterative Batch Phase: Max,0,Asian,30,FALSE,FALSE
918,1,black_low,8,Iterative Batch Phase: Max,1,Black or African American,29,TRUE,FALSE
919,2,black_high,8,Iterative Batch Phase: Max,0,White,31,FALSE,FALSE
920,2,black_high,8,Iterative Batch Phase: Max,1,White,52,TRUE,FALSE
921,3,white_low,8,Iterative Batch Phase: Max,0,Native Hawaiian,44,TRUE,TRUE
922,2,black_high,8,Iterative Batch Phase: Max,0,Asian,25,TRUE,TRUE
923,2,black_high,8,Iterative Batch Phase: Max,1,White,55,TRUE,FALSE
924,2,black_high,8,Iterative Batch Phase: Max,1,White,33,TRUE,FALSE
925,1,black_low,8,Iterative Batch Phase: Max,1,White,39,TRUE,FALSE
926,4,white_high,8,Iterative Batch Phase: Max,1,White,43,FALSE,FALSE
927,2,black_high,8,Iterative Batch Phase: Max,1,White,78,FALSE,FALSE
928,2,black_high,8,Iterative Batch Phase: Max,0,White,47,FALSE,FALSE
929,2,black_high,8,Iterative Batch Phase: Max,0,White,32,TRUE,FALSE
930,4,white_high,8,Iterative Batch Phase: Max,0,White,56,TRUE,FALSE
931,2,black_high,8,Iterative Batch Phase: Max,0,White,36,FALSE,TRUE
932,2,black_high,9,Iterative Batch Phase: Max,0,Other,58,TRUE,TRUE
933,2,black_high,9,Iterative Batch Phase: Max,0,White,73,TRUE,FALSE
934,2,black_high,9,Iterative Batch Phase: Max,0,Other,60,TRUE,FALSE
935,3,white_low,9,Iterative Batch Phase: Max,1,White,38,TRUE,FALSE
936,2,black_high,9,Iterative Batch Phase: Max,0,White,62,TRUE,FALSE
937,2,black_high,9,Iterative Batch Phase: Max,1,Asian,72,FALSE,FALSE
938,3,white_low,9,Iterative Batch Phase: Max,1,White,27,FALSE,FALSE
939,3,white_low,9,Iterative Batch Phase: Max,0,White,30,FALSE,FALSE
940,2,black_high,9,Iterative Batch Phase: Max,0,White,60,TRUE,FALSE
941,1,black_low,9,Iterative Batch Phase: Max,1,White,60,TRUE,FALSE
942,2,black_high,9,Iterative Batch Phase: Max,1,White,44,FALSE,FALSE
943,1,black_low,9,Iterative Batch Phase: Max,0,Asian,22,TRUE,FALSE
944,2,black_high,9,Iterative Batch Phase: Max,1,White,30,FALSE,FALSE
945,2,black_high,9,Iterative Batch Phase: Max,1,White,50,TRUE,FALSE
946,1,black_low,9,Iterative Batch Phase: Max,0,Multiracial,33,TRUE,FALSE
947,2,black_high,9,Iterative Batch Phase: Max,0,White,41,FALSE,FALSE
948,2,black_high,9,Iterative Batch Phase: Max,1,Black or African American,51,TRUE,FALSE
949,2,black_high,9,Iterative Batch Phase: Max,0,Black or African American,34,TRUE,FALSE
950,2,black_high,9,Iterative Batch Phase: Max,0,White,30,FALSE,FALSE
951,2,black_high,9,Iterative Batch Phase: Max,0,Black or African American,51,FALSE,FALSE
952,2,black_high,9,Iterative Batch Phase: Max,0,White,38,TRUE,FALSE
953,1,black_low,9,Iterative Batch Phase: Max,1,White,47,TRUE,FALSE
954,2,black_high,9,Iterative Batch Phase: Max,0,White,26,TRUE,FALSE
955,1,black_low,9,Iterative Batch Phase: Max,1,White,46,FALSE,FALSE
956,2,black_high,9,Iterative Batch Phase: Max,0,White,57,TRUE,FALSE
957,3,white_low,9,Iterative Batch Phase: Max,0,White,75,TRUE,FALSE
958,2,black_high,9,Iterative Batch Phase: Max,1,White,30,FALSE,FALSE
959,2,black_high,9,Iterative Batch Phase: Max,1,White,36,TRUE,FALSE
960,2,black_high,9,Iterative Batch Phase: Max,0,White,45,FALSE,FALSE
961,2,black_high,9,Iterative Batch Phase: Max,1,White,72,FALSE,FALSE
962,2,black_high,9,Iterative Batch Phase: Max,1,Black or African American,50,TRUE,FALSE
963,1,black_low,9,Iterative Batch Phase: Max,1,White,39,FALSE,FALSE
964,2,black_high,9,Iterative Batch Phase: Max,1,White,51,FALSE,FALSE
965,2,black_high,9,Iterative Batch Phase: Max,0,White,74,FALSE,FALSE
966,2,black_high,9,Iterative Batch Phase: Max,1,White,42,FALSE,FALSE
967,2,black_high,9,Iterative Batch Phase: Max,1,White,54,FALSE,FALSE
968,2,black_high,9,Iterative Batch Phase: Max,0,White,70,FALSE,FALSE
969,1,black_low,9,Iterative Batch Phase: Max,0,White,28,TRUE,FALSE
970,2,black_high,9,Iterative Batch Phase: Max,0,White,51,TRUE,FALSE
971,4,white_high,9,Iterative Batch Phase: Max,0,Black or African American,48,TRUE,FALSE
972,2,black_high,9,Iterative Batch Phase: Max,1,White,58,FALSE,FALSE
973,2,black_high,9,Iterative Batch Phase: Max,1,Black or African American,71,TRUE,FALSE
974,2,black_high,9,Iterative Batch Phase: Max,1,White,53,FALSE,FALSE
975,1,black_low,9,Iterative Batch Phase: Max,1,White,41,TRUE,FALSE
976,2,black_high,9,Iterative Batch Phase: Max,0,Multiracial,25,TRUE,FALSE
977,2,black_high,9,Iterative Batch Phase: Max,0,White,45,FALSE,FALSE
978,1,black_low,9,Iterative Batch Phase: Max,0,White,43,FALSE,FALSE
979,1,black_low,9,Iterative Batch Phase: Max,0,Multiracial,44,FALSE,FALSE
980,2,black_high,9,Iterative Batch Phase: Max,1,White,63,TRUE,FALSE
981,2,black_high,9,Iterative Batch Phase: Max,0,Black or African American,49,FALSE,FALSE
982,1,black_low,9,Iterative Batch Phase: Max,1,Black or African American,59,TRUE,FALSE
983,2,black_high,9,Iterative Batch Phase: Max,1,White,32,TRUE,FALSE
984,2,black_high,9,Iterative Batch Phase: Max,0,White,50,TRUE,FALSE
985,3,white_low,9,Iterative Batch Phase: Max,0,White,51,TRUE,FALSE
986,1,black_low,9,Iterative Batch Phase: Max,1,White,43,FALSE,FALSE
987,2,black_high,9,Iterative Batch Phase: Max,0,Black or African American,34,FALSE,FALSE
988,2,black_high,9,Iterative Batch Phase: Max,0,White,39,FALSE,FALSE
989,2,black_high,9,Iterative Batch Phase: Max,1,White,28,FALSE,FALSE
990,2,black_high,9,Iterative Batch Phase: Max,0,Black or African American,36,TRUE,FALSE
991,2,black_high,9,Iterative Batch Phase: Max,0,Black or African American,63,FALSE,FALSE
992,2,black_high,9,Iterative Batch Phase: Max,1,White,41,TRUE,FALSE
993,2,black_high,9,Iterative Batch Phase: Max,1,White,48,TRUE,TRUE
994,2,black_high,9,Iterative Batch Phase: Max,0,White,42,FALSE,FALSE
995,2,black_high,9,Iterative Batch Phase: Max,1,White,30,TRUE,FALSE
996,2,black_high,9,Iterative Batch Phase: Max,1,Asian,25,TRUE,FALSE
997,2,black_high,9,Iterative Batch Phase: Max,0,White,62,TRUE,FALSE
998,2,black_high,9,Iterative Batch Phase: Max,1,Black or African American,50,FALSE,FALSE
999,2,black_high,9,Iterative Batch Phase: Max,0,White,46,TRUE,FALSE
1000,3,white_low,9,Iterative Batch Phase: Max,1,Other,62,TRUE,FALSE
1001,2,black_high,9,Iterative Batch Phase: Max,1,Multiracial,43,FALSE,FALSE
1002,2,black_high,9,Iterative Batch Phase: Max,0,Black or African American,33,TRUE,FALSE
1003,3,white_low,9,Iterative Batch Phase: Max,0,White,20,FALSE,FALSE
1004,1,black_low,9,Iterative Batch Phase: Max,1,White,55,FALSE,TRUE
1005,2,black_high,9,Iterative Batch Phase: Max,0,White,49,FALSE,FALSE
1006,2,black_high,9,Iterative Batch Phase: Max,0,White,60,FALSE,FALSE
1007,2,black_high,9,Iterative Batch Phase: Max,0,White,38,FALSE,FALSE
1008,2,black_high,9,Iterative Batch Phase: Max,0,White,51,FALSE,TRUE
1009,2,black_high,9,Iterative Batch Phase: Max,0,White,22,FALSE,FALSE
1010,2,black_high,9,Iterative Batch Phase: Max,1,White,54,TRUE,FALSE
1011,1,black_low,9,Iterative Batch Phase: Max,1,Asian,26,TRUE,FALSE
1012,2,black_high,9,Iterative Batch Phase: Max,0,Asian,47,TRUE,FALSE
1013,2,black_high,9,Iterative Batch Phase: Max,1,White,58,FALSE,FALSE
1014,2,black_high,9,Iterative Batch Phase: Max,1,Multiracial,40,FALSE,FALSE
1015,2,black_high,9,Iterative Batch Phase: Max,0,Asian,26,TRUE,FALSE
1016,2,black_high,9,Iterative Batch Phase: Max,0,White,59,TRUE,FALSE
1017,2,black_high,9,Iterative Batch Phase: Max,0,White,42,TRUE,FALSE
1018,1,black_low,9,Iterative Batch Phase: Max,0,White,39,FALSE,FALSE
1019,1,black_low,9,Iterative Batch Phase: Max,1,White,50,FALSE,FALSE
1020,2,black_high,9,Iterative Batch Phase: Max,0,White,62,TRUE,FALSE
1021,2,black_high,9,Iterative Batch Phase: Max,1,White,44,FALSE,FALSE
1022,1,black_low,9,Iterative Batch Phase: Max,1,Black or African American,35,FALSE,FALSE
1023,2,black_high,9,Iterative Batch Phase: Max,1,White,41,TRUE,FALSE
1024,1,black_low,9,Iterative Batch Phase: Max,0,White,67,FALSE,FALSE
1025,1,black_low,9,Iterative Batch Phase: Max,0,Asian,48,TRUE,FALSE
1026,2,black_high,9,Iterative Batch Phase: Max,1,White,44,TRUE,FALSE
1027,3,white_low,10,Iterative Batch Phase: Max,0,White,39,FALSE,TRUE
1028,1,black_low,10,Iterative Batch Phase: Max,0,Other,51,FALSE,TRUE
1029,2,black_high,10,Iterative Batch Phase: Max,1,White,31,TRUE,FALSE
1030,2,black_high,10,Iterative Batch Phase: Max,1,Multiracial,49,FALSE,TRUE
1031,4,white_high,10,Iterative Batch Phase: Max,0,White,44,FALSE,FALSE
1032,1,black_low,10,Iterative Batch Phase: Max,1,White,56,FALSE,FALSE
1033,2,black_high,10,Iterative Batch Phase: Max,1,White,28,FALSE,FALSE
1034,1,black_low,10,Iterative Batch Phase: Max,1,Multiracial,31,FALSE,FALSE
1035,2,black_high,10,Iterative Batch Phase: Max,1,White,64,FALSE,FALSE
1036,4,white_high,10,Iterative Batch Phase: Max,1,White,50,FALSE,FALSE
1037,2,black_high,10,Iterative Batch Phase: Max,1,White,37,TRUE,FALSE
1038,1,black_low,10,Iterative Batch Phase: Max,1,White,54,TRUE,FALSE
1039,2,black_high,10,Iterative Batch Phase: Max,0,White,60,TRUE,FALSE
1040,2,black_high,10,Iterative Batch Phase: Max,1,White,37,FALSE,FALSE
1041,2,black_high,10,Iterative Batch Phase: Max,0,White,30,FALSE,FALSE
1042,1,black_low,10,Iterative Batch Phase: Max,0,White,73,FALSE,FALSE
1043,1,black_low,10,Iterative Batch Phase: Max,1,White,68,FALSE,FALSE
1044,1,black_low,10,Iterative Batch Phase: Max,1,White,35,FALSE,FALSE
1045,2,black_high,10,Iterative Batch Phase: Max,1,White,58,TRUE,FALSE
1046,3,white_low,10,Iterative Batch Phase: Max,0,White,47,TRUE,FALSE
1047,3,white_low,10,Iterative Batch Phase: Max,0,White,29,TRUE,FALSE
1048,4,white_high,10,Iterative Batch Phase: Max,0,Black or African American,76,TRUE,FALSE
1049,2,black_high,10,Iterative Batch Phase: Max,0,White,66,TRUE,FALSE
1050,1,black_low,10,Iterative Batch Phase: Max,1,Asian,53,TRUE,FALSE
1051,1,black_low,10,Iterative Batch Phase: Max,1,White,41,TRUE,FALSE
1052,2,black_high,10,Iterative Batch Phase: Max,1,Black or African American,26,FALSE,FALSE
1053,2,black_high,10,Iterative Batch Phase: Max,1,Other,43,TRUE,TRUE
1054,1,black_low,10,Iterative Batch Phase: Max,0,White,44,TRUE,FALSE
1055,1,black_low,10,Iterative Batch Phase: Max,1,White,40,TRUE,TRUE
1056,1,black_low,10,Iterative Batch Phase: Max,0,Asian,31,TRUE,FALSE
1057,2,black_high,10,Iterative Batch Phase: Max,0,White,42,FALSE,FALSE
1058,3,white_low,10,Iterative Batch Phase: Max,1,White,56,FALSE,FALSE
1059,2,black_high,10,Iterative Batch Phase: Max,1,White,67,TRUE,FALSE
1060,1,black_low,10,Iterative Batch Phase: Max,0,White,69,FALSE,FALSE
1061,2,black_high,10,Iterative Batch Phase: Max,0,White,36,TRUE,FALSE
1062,2,black_high,10,Iterative Batch Phase: Max,1,White,40,FALSE,FALSE
1063,1,black_low,10,Iterative Batch Phase: Max,0,White,57,TRUE,FALSE
1064,1,black_low,10,Iterative Batch Phase: Max,1,Multiracial,71,FALSE,FALSE
1065,3,white_low,10,Iterative Batch Phase: Max,0,Other,47,TRUE,TRUE
1066,1,black_low,10,Iterative Batch Phase: Max,1,White,53,TRUE,FALSE
1067,2,black_high,10,Iterative Batch Phase: Max,0,Black or African American,59,FALSE,FALSE
1068,1,black_low,10,Iterative Batch Phase: Max,1,Asian,42,FALSE,FALSE
1069,4,white_high,10,Iterative Batch Phase: Max,1,White,74,TRUE,FALSE
1070,3,white_low,10,Iterative Batch Phase: Max,0,Multiracial,54,TRUE,TRUE
1071,1,black_low,10,Iterative Batch Phase: Max,1,White,45,TRUE,FALSE
1072,2,black_high,10,Iterative Batch Phase: Max,0,White,27,FALSE,FALSE
1073,1,black_low,10,Iterative Batch Phase: Max,0,Asian,41,TRUE,FALSE
1074,3,white_low,10,Iterative Batch Phase: Max,0,White,49,TRUE,FALSE
1075,1,black_low,10,Iterative Batch Phase: Max,1,Black or African American,37,TRUE,FALSE
1076,2,black_high,10,Iterative Batch Phase: Max,1,Black or African American,43,TRUE,FALSE
1077,2,black_high,10,Iterative Batch Phase: Max,0,White,36,FALSE,FALSE
1078,2,black_high,10,Iterative Batch Phase: Max,1,White,35,TRUE,FALSE
1079,1,black_low,10,Iterative Batch Phase: Max,1,White,66,TRUE,FALSE
1080,2,black_high,10,Iterative Batch Phase: Max,0,White,33,FALSE,FALSE
1081,1,black_low,10,Iterative Batch Phase: Max,0,White,62,FALSE,FALSE
1082,1,black_low,10,Iterative Batch Phase: Max,0,Black or African American,48,TRUE,FALSE
1083,2,black_high,10,Iterative Batch Phase: Max,1,White,37,TRUE,FALSE
1084,4,white_high,10,Iterative Batch Phase: Max,0,White,21,TRUE,FALSE
1085,2,black_high,10,Iterative Batch Phase: Max,0,White,58,TRUE,FALSE
1086,1,black_low,10,Iterative Batch Phase: Max,1,White,39,TRUE,FALSE
1087,1,black_low,10,Iterative Batch Phase: Max,1,White,27,TRUE,FALSE
1088,2,black_high,10,Iterative Batch Phase: Max,0,White,32,TRUE,FALSE
1089,4,white_high,10,Iterative Batch Phase: Max,0,White,41,FALSE,FALSE
1090,2,black_high,10,Iterative Batch Phase: Max,0,White,46,FALSE,FALSE
1091,2,black_high,10,Iterative Batch Phase: Max,1,White,67,FALSE,FALSE
1092,2,black_high,10,Iterative Batch Phase: Max,0,Asian,41,FALSE,FALSE
1093,1,black_low,10,Iterative Batch Phase: Max,0,White,40,FALSE,FALSE
1094,1,black_low,10,Iterative Batch Phase: Max,1,Black or African American,51,FALSE,FALSE
1095,2,black_high,10,Iterative Batch Phase: Max,1,White,34,TRUE,FALSE
1096,1,black_low,10,Iterative Batch Phase: Max,1,White,47,TRUE,FALSE
1097,1,black_low,10,Iterative Batch Phase: Max,0,White,43,TRUE,FALSE
1098,2,black_high,10,Iterative Batch Phase: Max,1,White,66,FALSE,FALSE
1099,1,black_low,10,Iterative Batch Phase: Max,0,White,72,FALSE,FALSE
1100,2,black_high,10,Iterative Batch Phase: Max,0,Black or African American,32,TRUE,FALSE
1101,1,black_low,10,Iterative Batch Phase: Max,1,White,30,FALSE,FALSE
1102,2,black_high,10,Iterative Batch Phase: Max,1,White,46,TRUE,FALSE
1103,1,black_low,10,Iterative Batch Phase: Max,1,Black or African American,51,TRUE,FALSE
1104,1,black_low,10,Iterative Batch Phase: Max,1,White,55,FALSE,FALSE
1105,2,black_high,10,Iterative Batch Phase: Max,0,Other,64,FALSE,FALSE
1106,1,black_low,10,Iterative Batch Phase: Max,1,White,58,FALSE,FALSE
1107,1,black_low,10,Iterative Batch Phase: Max,0,White,48,TRUE,FALSE
1108,2,black_high,10,Iterative Batch Phase: Max,0,White,33,FALSE,FALSE
1109,2,black_high,10,Iterative Batch Phase: Max,0,White,25,TRUE,FALSE
1110,2,black_high,10,Iterative Batch Phase: Max,1,White,44,TRUE,FALSE
1111,2,black_high,10,Iterative Batch Phase: Max,0,White,55,FALSE,FALSE
1112,2,black_high,10,Iterative Batch Phase: Max,0,White,32,TRUE,FALSE
1113,1,black_low,10,Iterative Batch Phase: Max,0,White,54,FALSE,FALSE
1114,1,black_low,10,Iterative Batch Phase: Max,0,White,31,TRUE,FALSE
1115,1,black_low,10,Iterative Batch Phase: Max,1,White,54,TRUE,FALSE
1116,2,black_high,10,Iterative Batch Phase: Max,1,White,49,FALSE,FALSE
1117,2,black_high,10,Iterative Batch Phase: Max,1,White,42,FALSE,FALSE
1118,1,black_low,10,Iterative Batch Phase: Max,0,White,37,TRUE,FALSE
1119,3,white_low,10,Iterative Batch Phase: Max,1,White,56,FALSE,FALSE
1120,1,black_low,10,Iterative Batch Phase: Max,0,White,54,TRUE,FALSE
1121,3,white_low,10,Iterative Batch Phase: Max,0,White,40,FALSE,FALSE
1122,2,black_high,10,Iterative Batch Phase: Max,0,Asian,22,TRUE,FALSE
1123,4,white_high,11,Iterative Batch Phase: Max,0,White,55,FALSE,FALSE
1124,1,black_low,11,Iterative Batch Phase: Max,1,White,42,TRUE,FALSE
1125,1,black_low,11,Iterative Batch Phase: Max,0,White,61,TRUE,FALSE
1126,1,black_low,11,Iterative Batch Phase: Max,1,Asian,19,TRUE,FALSE
1127,1,black_low,11,Iterative Batch Phase: Max,0,White,27,FALSE,FALSE
1128,2,black_high,11,Iterative Batch Phase: Max,1,White,65,TRUE,FALSE
1129,1,black_low,11,Iterative Batch Phase: Max,1,Black or African American,37,TRUE,FALSE
1130,1,black_low,11,Iterative Batch Phase: Max,0,Other,29,FALSE,TRUE
1131,1,black_low,11,Iterative Batch Phase: Max,0,White,65,TRUE,FALSE
1132,1,black_low,11,Iterative Batch Phase: Max,1,White,65,TRUE,FALSE
1133,1,black_low,11,Iterative Batch Phase: Max,0,White,38,TRUE,FALSE
1134,2,black_high,11,Iterative Batch Phase: Max,0,Asian,33,FALSE,FALSE
1135,2,black_high,11,Iterative Batch Phase: Max,1,Multiracial,59,TRUE,FALSE
1136,1,black_low,11,Iterative Batch Phase: Max,0,Black or African American,40,FALSE,FALSE
1137,2,black_high,11,Iterative Batch Phase: Max,1,White,37,FALSE,FALSE
1138,2,black_high,11,Iterative Batch Phase: Max,0,Black or African American,50,FALSE,FALSE
1139,1,black_low,11,Iterative Batch Phase: Max,0,White,30,FALSE,FALSE
1140,2,black_high,11,Iterative Batch Phase: Max,1,White,32,TRUE,FALSE
1141,2,black_high,11,Iterative Batch Phase: Max,1,White,35,FALSE,FALSE
1142,2,black_high,11,Iterative Batch Phase: Max,1,Black or African American,51,FALSE,FALSE
1143,2,black_high,11,Iterative Batch Phase: Max,1,White,37,FALSE,TRUE
1144,2,black_high,11,Iterative Batch Phase: Max,0,White,37,TRUE,FALSE
1145,2,black_high,11,Iterative Batch Phase: Max,1,Multiracial,58,TRUE,FALSE
1146,3,white_low,11,Iterative Batch Phase: Max,0,White,70,FALSE,FALSE
1147,2,black_high,11,Iterative Batch Phase: Max,0,White,42,TRUE,FALSE
1148,2,black_high,11,Iterative Batch Phase: Max,1,Multiracial,31,FALSE,FALSE
1149,1,black_low,11,Iterative Batch Phase: Max,1,White,65,FALSE,FALSE
1150,2,black_high,11,Iterative Batch Phase: Max,0,Black or African American,51,TRUE,FALSE
1151,2,black_high,11,Iterative Batch Phase: Max,0,White,31,FALSE,FALSE
1152,1,black_low,11,Iterative Batch Phase: Max,0,White,30,TRUE,FALSE
1153,1,black_low,11,Iterative Batch Phase: Max,1,White,43,TRUE,FALSE
1154,2,black_high,11,Iterative Batch Phase: Max,0,White,29,FALSE,FALSE
1155,2,black_high,11,Iterative Batch Phase: Max,0,Black or African American,43,TRUE,FALSE
1156,1,black_low,11,Iterative Batch Phase: Max,0,White,47,FALSE,FALSE
1157,1,black_low,11,Iterative Batch Phase: Max,1,Asian,39,FALSE,FALSE
1158,1,black_low,11,Iterative Batch Phase: Max,0,White,54,TRUE,FALSE
1159,4,white_high,11,Iterative Batch Phase: Max,0,White,63,FALSE,FALSE
1160,1,black_low,11,Iterative Batch Phase: Max,1,White,35,TRUE,FALSE
1161,2,black_high,11,Iterative Batch Phase: Max,0,White,72,FALSE,FALSE
1162,1,black_low,11,Iterative Batch Phase: Max,1,White,47,FALSE,FALSE
1163,2,black_high,11,Iterative Batch Phase: Max,0,Multiracial,41,FALSE,FALSE
1164,3,white_low,11,Iterative Batch Phase: Max,0,White,55,FALSE,FALSE
1165,2,black_high,11,Iterative Batch Phase: Max,0,Black or African American,51,FALSE,FALSE
1166,2,black_high,11,Iterative Batch Phase: Max,1,Asian,30,FALSE,FALSE
1167,1,black_low,11,Iterative Batch Phase: Max,0,White,48,FALSE,FALSE
1168,2,black_high,11,Iterative Batch Phase: Max,1,Asian,33,TRUE,FALSE
1169,4,white_high,11,Iterative Batch Phase: Max,0,White,29,TRUE,FALSE
1170,2,black_high,11,Iterative Batch Phase: Max,0,White,23,TRUE,FALSE
1171,1,black_low,11,Iterative Batch Phase: Max,1,Multiracial,41,FALSE,TRUE
1172,2,black_high,11,Iterative Batch Phase: Max,0,Black or African American,49,FALSE,FALSE
1173,2,black_high,11,Iterative Batch Phase: Max,0,White,25,TRUE,FALSE
1174,2,black_high,11,Iterative Batch Phase: Max,1,White,30,TRUE,FALSE
1175,2,black_high,11,Iterative Batch Phase: Max,1,White,34,FALSE,FALSE
1176,1,black_low,11,Iterative Batch Phase: Max,0,Asian,27,TRUE,FALSE
1177,1,black_low,11,Iterative Batch Phase: Max,1,White,34,TRUE,FALSE
1178,2,black_high,11,Iterative Batch Phase: Max,0,White,73,FALSE,FALSE
1179,3,white_low,11,Iterative Batch Phase: Max,1,White,42,TRUE,FALSE
1180,1,black_low,11,Iterative Batch Phase: Max,0,White,60,FALSE,FALSE
1181,2,black_high,11,Iterative Batch Phase: Max,0,White,46,TRUE,FALSE
1182,2,black_high,11,Iterative Batch Phase: Max,1,White,36,TRUE,FALSE
1183,2,black_high,11,Iterative Batch Phase: Max,1,White,54,FALSE,FALSE
1184,2,black_high,11,Iterative Batch Phase: Max,1,White,58,TRUE,FALSE
1185,1,black_low,11,Iterative Batch Phase: Max,1,White,61,TRUE,FALSE
1186,2,black_high,11,Iterative Batch Phase: Max,1,Black or African American,38,FALSE,FALSE
1187,2,black_high,11,Iterative Batch Phase: Max,0,White,48,FALSE,FALSE
1188,2,black_high,11,Iterative Batch Phase: Max,1,Black or African American,49,TRUE,FALSE
1189,2,black_high,11,Iterative Batch Phase: Max,0,White,26,FALSE,FALSE
1190,2,black_high,11,Iterative Batch Phase: Max,1,White,55,TRUE,FALSE
1191,1,black_low,11,Iterative Batch Phase: Max,1,White,22,TRUE,FALSE
1192,2,black_high,11,Iterative Batch Phase: Max,0,White,53,TRUE,FALSE
1193,2,black_high,11,Iterative Batch Phase: Max,1,White,64,TRUE,FALSE
1194,2,black_high,11,Iterative Batch Phase: Max,0,White,61,FALSE,FALSE
1195,1,black_low,11,Iterative Batch Phase: Max,0,White,50,FALSE,FALSE
1196,2,black_high,11,Iterative Batch Phase: Max,0,White,40,FALSE,FALSE
1197,2,black_high,11,Iterative Batch Phase: Max,0,White,51,FALSE,FALSE
1198,1,black_low,11,Iterative Batch Phase: Max,1,White,42,FALSE,FALSE
1199,2,black_high,11,Iterative Batch Phase: Max,0,White,19,FALSE,FALSE
1200,2,black_high,11,Iterative Batch Phase: Max,0,White,26,TRUE,FALSE
1201,1,black_low,11,Iterative Batch Phase: Max,0,White,28,TRUE,FALSE
1202,1,black_low,11,Iterative Batch Phase: Max,0,White,49,FALSE,FALSE
1203,1,black_low,11,Iterative Batch Phase: Max,0,White,62,TRUE,FALSE
1204,1,black_low,11,Iterative Batch Phase: Max,1,Black or African American,26,FALSE,FALSE
1205,1,black_low,11,Iterative Batch Phase: Max,0,White,39,TRUE,FALSE
1206,2,black_high,11,Iterative Batch Phase: Max,1,Asian,26,TRUE,FALSE
1207,1,black_low,11,Iterative Batch Phase: Max,0,White,30,TRUE,FALSE
1208,2,black_high,11,Iterative Batch Phase: Max,1,White,36,FALSE,FALSE
1209,1,black_low,11,Iterative Batch Phase: Max,1,White,32,TRUE,FALSE
1210,1,black_low,11,Iterative Batch Phase: Max,0,White,69,FALSE,FALSE
1211,2,black_high,11,Iterative Batch Phase: Max,1,White,73,FALSE,FALSE
1212,2,black_high,11,Iterative Batch Phase: Max,0,Black or African American,31,FALSE,FALSE
1213,2,black_high,11,Iterative Batch Phase: Max,0,White,25,TRUE,FALSE
1214,2,black_high,11,Iterative Batch Phase: Max,0,White,45,TRUE,FALSE
1215,1,black_low,11,Iterative Batch Phase: Max,0,Asian,51,TRUE,FALSE
1216,1,black_low,11,Iterative Batch Phase: Max,1,Multiracial,36,FALSE,FALSE
1217,2,black_high,11,Iterative Batch Phase: Max,0,White,32,TRUE,FALSE
1218,1,black_low,11,Iterative Batch Phase: Max,0,White,34,FALSE,FALSE
1219,2,black_high,11,Iterative Batch Phase: Max,1,Black or African American,46,FALSE,FALSE
1220,1,black_low,11,Iterative Batch Phase: Max,1,Asian,37,TRUE,FALSE
1221,1,black_low,11,Iterative Batch Phase: Max,0,White,40,FALSE,FALSE
1222,1,black_low,12,Iterative Batch Phase: Max,0,Other,31,TRUE,TRUE
1223,1,black_low,12,Iterative Batch Phase: Max,1,Black or African American,43,TRUE,FALSE
1224,2,black_high,12,Iterative Batch Phase: Max,1,White,21,TRUE,FALSE
1225,2,black_high,12,Iterative Batch Phase: Max,1,White,71,TRUE,FALSE
1226,1,black_low,12,Iterative Batch Phase: Max,1,White,40,FALSE,FALSE
1227,2,black_high,12,Iterative Batch Phase: Max,1,White,60,FALSE,FALSE
1228,2,black_high,12,Iterative Batch Phase: Max,0,Other,28,TRUE,TRUE
1229,2,black_high,12,Iterative Batch Phase: Max,1,White,55,TRUE,FALSE
1230,2,black_high,12,Iterative Batch Phase: Max,1,White,38,FALSE,FALSE
1231,1,black_low,12,Iterative Batch Phase: Max,1,White,66,FALSE,FALSE
1232,1,black_low,12,Iterative Batch Phase: Max,0,White,41,FALSE,FALSE
1233,2,black_high,12,Iterative Batch Phase: Max,0,White,56,TRUE,FALSE
1234,1,black_low,12,Iterative Batch Phase: Max,0,Multiracial,27,FALSE,TRUE
1235,3,white_low,12,Iterative Batch Phase: Max,0,White,30,TRUE,FALSE
1236,2,black_high,12,Iterative Batch Phase: Max,1,Asian,NA,FALSE,FALSE
1237,1,black_low,12,Iterative Batch Phase: Max,1,White,37,TRUE,FALSE
1238,1,black_low,12,Iterative Batch Phase: Max,0,White,52,TRUE,FALSE
1239,3,white_low,12,Iterative Batch Phase: Max,1,White,46,TRUE,FALSE
1240,1,black_low,12,Iterative Batch Phase: Max,1,White,51,FALSE,FALSE
1241,1,black_low,12,Iterative Batch Phase: Max,1,White,46,FALSE,FALSE
1242,2,black_high,12,Iterative Batch Phase: Max,0,White,52,FALSE,TRUE
1243,2,black_high,12,Iterative Batch Phase: Max,0,White,39,TRUE,FALSE
1244,2,black_high,12,Iterative Batch Phase: Max,1,White,40,TRUE,TRUE
1245,2,black_high,12,Iterative Batch Phase: Max,1,White,24,TRUE,FALSE
1246,2,black_high,12,Iterative Batch Phase: Max,0,White,39,TRUE,FALSE
1247,1,black_low,12,Iterative Batch Phase: Max,0,Asian,25,FALSE,FALSE
1248,1,black_low,12,Iterative Batch Phase: Max,1,Black or African American,59,FALSE,FALSE
1249,1,black_low,12,Iterative Batch Phase: Max,1,Black or African American,32,TRUE,FALSE
1250,4,white_high,12,Iterative Batch Phase: Max,0,Other,36,FALSE,TRUE
1251,2,black_high,12,Iterative Batch Phase: Max,0,White,63,TRUE,FALSE
1252,3,white_low,12,Iterative Batch Phase: Max,0,White,54,TRUE,FALSE
1253,1,black_low,12,Iterative Batch Phase: Max,0,White,34,TRUE,TRUE
1254,2,black_high,12,Iterative Batch Phase: Max,0,Multiracial,38,FALSE,FALSE
1255,1,black_low,12,Iterative Batch Phase: Max,1,Multiracial,57,TRUE,FALSE
1256,1,black_low,12,Iterative Batch Phase: Max,0,White,71,FALSE,FALSE
1257,1,black_low,12,Iterative Batch Phase: Max,1,White,31,TRUE,FALSE
1258,2,black_high,12,Iterative Batch Phase: Max,1,White,48,TRUE,TRUE
1259,2,black_high,12,Iterative Batch Phase: Max,0,White,29,FALSE,FALSE
1260,1,black_low,12,Iterative Batch Phase: Max,1,Black or African American,51,TRUE,FALSE
1261,2,black_high,12,Iterative Batch Phase: Max,0,White,31,FALSE,FALSE
1262,2,black_high,12,Iterative Batch Phase: Max,1,White,35,TRUE,FALSE
1263,2,black_high,12,Iterative Batch Phase: Max,1,White,45,FALSE,FALSE
1264,1,black_low,12,Iterative Batch Phase: Max,0,White,29,FALSE,FALSE
1265,1,black_low,12,Iterative Batch Phase: Max,0,White,62,TRUE,FALSE
1266,1,black_low,12,Iterative Batch Phase: Max,1,White,45,TRUE,FALSE
1267,2,black_high,12,Iterative Batch Phase: Max,0,White,66,FALSE,FALSE
1268,1,black_low,12,Iterative Batch Phase: Max,0,White,26,FALSE,FALSE
1269,1,black_low,12,Iterative Batch Phase: Max,0,White,41,FALSE,FALSE
1270,1,black_low,12,Iterative Batch Phase: Max,1,White,42,FALSE,FALSE
1271,1,black_low,12,Iterative Batch Phase: Max,1,White,61,FALSE,FALSE
1272,4,white_high,12,Iterative Batch Phase: Max,0,White,43,FALSE,FALSE
1273,1,black_low,12,Iterative Batch Phase: Max,1,Black or African American,61,TRUE,FALSE
1274,1,black_low,12,Iterative Batch Phase: Max,0,Black or African American,36,TRUE,FALSE
1275,3,white_low,12,Iterative Batch Phase: Max,1,White,49,FALSE,FALSE
1276,2,black_high,12,Iterative Batch Phase: Max,1,Multiracial,28,TRUE,TRUE
1277,1,black_low,12,Iterative Batch Phase: Max,1,White,58,FALSE,FALSE
1278,1,black_low,12,Iterative Batch Phase: Max,1,White,43,FALSE,FALSE
1279,3,white_low,12,Iterative Batch Phase: Max,1,Black or African American,33,FALSE,FALSE
1280,1,black_low,12,Iterative Batch Phase: Max,1,White,21,TRUE,FALSE
1281,2,black_high,12,Iterative Batch Phase: Max,0,White,28,FALSE,FALSE
1282,2,black_high,12,Iterative Batch Phase: Max,0,Asian,39,FALSE,FALSE
1283,1,black_low,12,Iterative Batch Phase: Max,1,White,27,TRUE,FALSE
1284,3,white_low,12,Iterative Batch Phase: Max,0,White,33,FALSE,FALSE
1285,2,black_high,12,Iterative Batch Phase: Max,0,Multiracial,28,FALSE,FALSE
1286,1,black_low,12,Iterative Batch Phase: Max,1,Other,50,TRUE,TRUE
1287,1,black_low,12,Iterative Batch Phase: Max,0,Asian,26,TRUE,FALSE
1288,1,black_low,12,Iterative Batch Phase: Max,1,White,27,FALSE,FALSE
1289,1,black_low,12,Iterative Batch Phase: Max,1,White,46,FALSE,FALSE
1290,3,white_low,12,Iterative Batch Phase: Max,1,White,75,TRUE,FALSE
1291,4,white_high,12,Iterative Batch Phase: Max,0,White,50,TRUE,FALSE
1292,4,white_high,12,Iterative Batch Phase: Max,1,White,35,FALSE,FALSE
1293,1,black_low,12,Iterative Batch Phase: Max,0,Black or African American,39,FALSE,FALSE
1294,2,black_high,12,Iterative Batch Phase: Max,0,Black or African American,29,TRUE,FALSE
1295,1,black_low,12,Iterative Batch Phase: Max,0,White,76,TRUE,FALSE
1296,1,black_low,12,Iterative Batch Phase: Max,1,White,49,FALSE,FALSE
1297,1,black_low,12,Iterative Batch Phase: Max,1,White,60,FALSE,FALSE
1298,1,black_low,12,Iterative Batch Phase: Max,0,Asian,29,FALSE,FALSE
1299,1,black_low,12,Iterative Batch Phase: Max,0,White,42,TRUE,FALSE
1300,1,black_low,12,Iterative Batch Phase: Max,0,White,38,TRUE,FALSE
1301,2,black_high,12,Iterative Batch Phase: Max,1,White,58,TRUE,FALSE
1302,1,black_low,12,Iterative Batch Phase: Max,1,White,31,FALSE,FALSE
1303,2,black_high,12,Iterative Batch Phase: Max,0,White,72,TRUE,FALSE
1304,1,black_low,12,Iterative Batch Phase: Max,1,White,30,FALSE,FALSE
1305,1,black_low,12,Iterative Batch Phase: Max,0,White,59,TRUE,FALSE
1306,2,black_high,12,Iterative Batch Phase: Max,0,Asian,37,FALSE,FALSE
1307,1,black_low,12,Iterative Batch Phase: Max,0,White,50,TRUE,FALSE
1308,2,black_high,12,Iterative Batch Phase: Max,0,White,45,TRUE,FALSE
1309,1,black_low,12,Iterative Batch Phase: Max,0,White,45,TRUE,FALSE
1310,1,black_low,12,Iterative Batch Phase: Max,1,White,38,TRUE,FALSE
1311,1,black_low,12,Iterative Batch Phase: Max,0,Multiracial,41,TRUE,FALSE
1312,1,black_low,12,Iterative Batch Phase: Max,0,White,26,FALSE,FALSE
1313,1,black_low,12,Iterative Batch Phase: Max,1,White,45,TRUE,FALSE
1314,1,black_low,12,Iterative Batch Phase: Max,1,Black or African American,33,FALSE,FALSE
1315,2,black_high,12,Iterative Batch Phase: Max,0,Other,40,FALSE,TRUE
1316,3,white_low,12,Iterative Batch Phase: Max,0,White,35,TRUE,FALSE
1317,3,white_low,12,Iterative Batch Phase: Max,1,White,32,FALSE,FALSE
1318,2,black_high,12,Iterative Batch Phase: Max,1,White,42,TRUE,FALSE
1319,2,black_high,12,Iterative Batch Phase: Max,1,Black or African American,34,TRUE,FALSE
1320,1,black_low,13,Iterative Batch Phase: Max,1,White,27,FALSE,FALSE
1321,1,black_low,13,Iterative Batch Phase: Max,0,Multiracial,24,TRUE,FALSE
1322,1,black_low,13,Iterative Batch Phase: Max,1,White,32,TRUE,FALSE
1323,1,black_low,13,Iterative Batch Phase: Max,1,White,47,TRUE,FALSE
1324,1,black_low,13,Iterative Batch Phase: Max,0,White,58,FALSE,FALSE
1325,1,black_low,13,Iterative Batch Phase: Max,1,White,50,TRUE,FALSE
1326,2,black_high,13,Iterative Batch Phase: Max,0,Black or African American,28,FALSE,TRUE
1327,3,white_low,13,Iterative Batch Phase: Max,1,White,40,TRUE,FALSE
1328,1,black_low,13,Iterative Batch Phase: Max,0,White,31,TRUE,TRUE
1329,1,black_low,13,Iterative Batch Phase: Max,0,White,50,FALSE,FALSE
1330,3,white_low,13,Iterative Batch Phase: Max,1,Multiracial,40,TRUE,FALSE
1331,2,black_high,13,Iterative Batch Phase: Max,1,Black or African American,35,TRUE,FALSE
1332,2,black_high,13,Iterative Batch Phase: Max,0,White,NA,FALSE,FALSE
1333,1,black_low,13,Iterative Batch Phase: Max,1,White,51,TRUE,FALSE
1334,2,black_high,13,Iterative Batch Phase: Max,0,White,43,TRUE,FALSE
1335,2,black_high,13,Iterative Batch Phase: Max,1,White,62,TRUE,FALSE
1336,2,black_high,13,Iterative Batch Phase: Max,1,White,62,FALSE,FALSE
1337,2,black_high,13,Iterative Batch Phase: Max,1,White,60,FALSE,FALSE
1338,3,white_low,13,Iterative Batch Phase: Max,0,White,25,TRUE,FALSE
1339,1,black_low,13,Iterative Batch Phase: Max,1,White,45,TRUE,FALSE
1340,3,white_low,13,Iterative Batch Phase: Max,0,Multiracial,52,FALSE,FALSE
1341,1,black_low,13,Iterative Batch Phase: Max,1,Black or African American,49,TRUE,FALSE
1342,1,black_low,13,Iterative Batch Phase: Max,0,White,68,FALSE,FALSE
1343,1,black_low,13,Iterative Batch Phase: Max,0,Black or African American,51,TRUE,FALSE
1344,3,white_low,13,Iterative Batch Phase: Max,1,White,36,TRUE,FALSE
1345,2,black_high,13,Iterative Batch Phase: Max,1,White,57,FALSE,FALSE
1346,2,black_high,13,Iterative Batch Phase: Max,0,Black or African American,37,TRUE,FALSE
1347,2,black_high,13,Iterative Batch Phase: Max,0,White,32,TRUE,FALSE
1348,2,black_high,13,Iterative Batch Phase: Max,0,Black or African American,26,FALSE,FALSE
1349,1,black_low,13,Iterative Batch Phase: Max,1,White,42,FALSE,FALSE
1350,1,black_low,13,Iterative Batch Phase: Max,1,White,57,FALSE,FALSE
1351,2,black_high,13,Iterative Batch Phase: Max,0,Black or African American,28,TRUE,FALSE
1352,1,black_low,13,Iterative Batch Phase: Max,1,White,34,TRUE,FALSE
1353,2,black_high,13,Iterative Batch Phase: Max,1,White,41,TRUE,FALSE
1354,1,black_low,13,Iterative Batch Phase: Max,0,White,67,FALSE,FALSE
1355,2,black_high,13,Iterative Batch Phase: Max,0,Black or African American,49,TRUE,FALSE
1356,1,black_low,13,Iterative Batch Phase: Max,0,White,59,TRUE,FALSE
1357,2,black_high,13,Iterative Batch Phase: Max,1,White,52,TRUE,FALSE
1358,3,white_low,13,Iterative Batch Phase: Max,0,Black or African American,25,TRUE,FALSE
1359,1,black_low,13,Iterative Batch Phase: Max,1,Multiracial,40,TRUE,FALSE
1360,2,black_high,13,Iterative Batch Phase: Max,0,White,34,FALSE,TRUE
1361,2,black_high,13,Iterative Batch Phase: Max,1,White,30,TRUE,FALSE
1362,1,black_low,13,Iterative Batch Phase: Max,0,White,29,TRUE,FALSE
1363,1,black_low,13,Iterative Batch Phase: Max,1,White,57,TRUE,FALSE
1364,1,black_low,13,Iterative Batch Phase: Max,1,White,34,TRUE,FALSE
1365,2,black_high,13,Iterative Batch Phase: Max,0,White,41,FALSE,FALSE
1366,2,black_high,13,Iterative Batch Phase: Max,1,Black or African American,34,TRUE,FALSE
1367,1,black_low,13,Iterative Batch Phase: Max,0,White,51,TRUE,FALSE
1368,2,black_high,13,Iterative Batch Phase: Max,1,Multiracial,37,FALSE,FALSE
1369,2,black_high,13,Iterative Batch Phase: Max,0,White,45,TRUE,FALSE
1370,2,black_high,13,Iterative Batch Phase: Max,1,White,39,TRUE,FALSE
1371,1,black_low,13,Iterative Batch Phase: Max,0,White,57,TRUE,FALSE
1372,2,black_high,13,Iterative Batch Phase: Max,0,White,35,TRUE,FALSE
1373,1,black_low,13,Iterative Batch Phase: Max,1,Asian,33,TRUE,FALSE
1374,2,black_high,13,Iterative Batch Phase: Max,1,White,32,TRUE,FALSE
1375,1,black_low,13,Iterative Batch Phase: Max,0,Black or African American,51,FALSE,FALSE
1376,1,black_low,13,Iterative Batch Phase: Max,0,White,39,FALSE,FALSE
1377,2,black_high,13,Iterative Batch Phase: Max,0,White,60,TRUE,FALSE
1378,1,black_low,13,Iterative Batch Phase: Max,0,Multiracial,40,FALSE,TRUE
1379,1,black_low,13,Iterative Batch Phase: Max,1,Black or African American,51,TRUE,FALSE
1380,2,black_high,13,Iterative Batch Phase: Max,0,Multiracial,33,FALSE,FALSE
1381,1,black_low,13,Iterative Batch Phase: Max,1,White,32,FALSE,FALSE
1382,3,white_low,13,Iterative Batch Phase: Max,1,White,67,FALSE,FALSE
1383,1,black_low,13,Iterative Batch Phase: Max,1,White,35,TRUE,FALSE
1384,1,black_low,13,Iterative Batch Phase: Max,1,White,51,FALSE,FALSE
1385,2,black_high,13,Iterative Batch Phase: Max,1,White,36,TRUE,FALSE
1386,2,black_high,13,Iterative Batch Phase: Max,0,White,36,FALSE,TRUE
1387,1,black_low,13,Iterative Batch Phase: Max,0,White,26,TRUE,TRUE
1388,1,black_low,13,Iterative Batch Phase: Max,1,White,32,FALSE,FALSE
1389,2,black_high,13,Iterative Batch Phase: Max,0,White,61,TRUE,FALSE
1390,2,black_high,13,Iterative Batch Phase: Max,1,White,35,TRUE,FALSE
1391,1,black_low,13,Iterative Batch Phase: Max,1,White,50,TRUE,FALSE
1392,1,black_low,13,Iterative Batch Phase: Max,1,White,48,FALSE,FALSE
1393,2,black_high,13,Iterative Batch Phase: Max,1,White,67,TRUE,FALSE
1394,1,black_low,13,Iterative Batch Phase: Max,0,White,23,FALSE,FALSE
1395,2,black_high,13,Iterative Batch Phase: Max,0,White,33,FALSE,FALSE
1396,2,black_high,13,Iterative Batch Phase: Max,1,White,59,TRUE,FALSE
1397,1,black_low,13,Iterative Batch Phase: Max,1,White,55,FALSE,FALSE
1398,1,black_low,13,Iterative Batch Phase: Max,0,White,40,FALSE,FALSE
1399,3,white_low,13,Iterative Batch Phase: Max,1,White,51,TRUE,FALSE
1400,2,black_high,13,Iterative Batch Phase: Max,0,White,50,FALSE,FALSE
1401,2,black_high,13,Iterative Batch Phase: Max,0,White,33,FALSE,FALSE
1402,2,black_high,13,Iterative Batch Phase: Max,1,White,33,TRUE,FALSE
1403,1,black_low,13,Iterative Batch Phase: Max,1,White,39,FALSE,FALSE
1404,2,black_high,13,Iterative Batch Phase: Max,1,White,75,TRUE,FALSE
1405,1,black_low,13,Iterative Batch Phase: Max,0,Prefer not to disclose,NA,FALSE,FALSE
1406,1,black_low,13,Iterative Batch Phase: Max,1,White,40,TRUE,FALSE
1407,1,black_low,13,Iterative Batch Phase: Max,1,White,38,FALSE,FALSE
1408,1,black_low,13,Iterative Batch Phase: Max,1,Black or African American,44,FALSE,FALSE
1409,1,black_low,13,Iterative Batch Phase: Max,1,White,53,FALSE,FALSE
1410,1,black_low,13,Iterative Batch Phase: Max,0,White,31,FALSE,FALSE
1411,1,black_low,13,Iterative Batch Phase: Max,1,White,37,FALSE,TRUE
1412,1,black_low,13,Iterative Batch Phase: Max,0,White,39,FALSE,TRUE
1413,2,black_high,13,Iterative Batch Phase: Max,0,White,26,TRUE,FALSE
1414,1,black_low,13,Iterative Batch Phase: Max,1,White,55,TRUE,FALSE
1415,2,black_high,13,Iterative Batch Phase: Max,0,White,27,FALSE,FALSE
1416,1,black_low,13,Iterative Batch Phase: Max,1,White,29,TRUE,FALSE
1417,1,black_low,13,Iterative Batch Phase: Max,1,White,45,TRUE,FALSE
1418,1,black_low,14,Iterative Batch Phase: Max,0,White,24,TRUE,TRUE
1419,1,black_low,14,Iterative Batch Phase: Max,0,White,65,FALSE,FALSE
1420,1,black_low,14,Iterative Batch Phase: Max,1,White,28,TRUE,FALSE
1421,3,white_low,14,Iterative Batch Phase: Max,1,White,71,TRUE,FALSE
1422,2,black_high,14,Iterative Batch Phase: Max,1,White,50,TRUE,FALSE
1423,1,black_low,14,Iterative Batch Phase: Max,1,White,53,FALSE,FALSE
1424,1,black_low,14,Iterative Batch Phase: Max,1,Black or African American,51,FALSE,FALSE
1425,1,black_low,14,Iterative Batch Phase: Max,0,Multiracial,40,FALSE,FALSE
1426,1,black_low,14,Iterative Batch Phase: Max,1,White,28,TRUE,FALSE
1427,1,black_low,14,Iterative Batch Phase: Max,1,Black or African American,29,TRUE,TRUE
1428,2,black_high,14,Iterative Batch Phase: Max,0,American Indian or Alaskan Native,28,FALSE,TRUE
1429,2,black_high,14,Iterative Batch Phase: Max,0,White,34,FALSE,FALSE
1430,1,black_low,14,Iterative Batch Phase: Max,0,White,45,FALSE,FALSE
1431,1,black_low,14,Iterative Batch Phase: Max,1,White,46,FALSE,FALSE
1432,1,black_low,14,Iterative Batch Phase: Max,0,White,66,FALSE,TRUE
1433,2,black_high,14,Iterative Batch Phase: Max,0,White,62,FALSE,FALSE
1434,1,black_low,14,Iterative Batch Phase: Max,1,Multiracial,42,TRUE,FALSE
1435,1,black_low,14,Iterative Batch Phase: Max,0,Multiracial,33,TRUE,FALSE
1436,2,black_high,14,Iterative Batch Phase: Max,0,White,38,FALSE,FALSE
1437,1,black_low,14,Iterative Batch Phase: Max,1,White,38,FALSE,FALSE
1438,1,black_low,14,Iterative Batch Phase: Max,1,White,24,FALSE,FALSE
1439,2,black_high,14,Iterative Batch Phase: Max,1,White,51,FALSE,FALSE
1440,1,black_low,14,Iterative Batch Phase: Max,1,Black or African American,33,TRUE,FALSE
1441,1,black_low,14,Iterative Batch Phase: Max,0,Multiracial,26,TRUE,FALSE
1442,1,black_low,14,Iterative Batch Phase: Max,0,White,47,TRUE,FALSE
1443,1,black_low,14,Iterative Batch Phase: Max,0,White,54,TRUE,FALSE
1444,2,black_high,14,Iterative Batch Phase: Max,1,Black or African American,42,TRUE,FALSE
1445,1,black_low,14,Iterative Batch Phase: Max,1,White,48,TRUE,FALSE
1446,1,black_low,14,Iterative Batch Phase: Max,1,White,58,FALSE,FALSE
1447,1,black_low,14,Iterative Batch Phase: Max,0,White,61,FALSE,FALSE
1448,2,black_high,14,Iterative Batch Phase: Max,1,White,32,FALSE,FALSE
1449,1,black_low,14,Iterative Batch Phase: Max,1,White,75,FALSE,FALSE
1450,1,black_low,14,Iterative Batch Phase: Max,0,White,33,TRUE,FALSE
1451,1,black_low,14,Iterative Batch Phase: Max,1,White,52,FALSE,FALSE
1452,4,white_high,14,Iterative Batch Phase: Max,1,White,51,FALSE,FALSE
1453,1,black_low,14,Iterative Batch Phase: Max,1,White,54,TRUE,FALSE
1454,3,white_low,14,Iterative Batch Phase: Max,0,Multiracial,30,TRUE,FALSE
1455,1,black_low,14,Iterative Batch Phase: Max,1,White,30,FALSE,FALSE
1456,2,black_high,14,Iterative Batch Phase: Max,0,White,36,TRUE,FALSE
1457,1,black_low,14,Iterative Batch Phase: Max,1,White,56,TRUE,FALSE
1458,1,black_low,14,Iterative Batch Phase: Max,1,Black or African American,28,TRUE,FALSE
1459,1,black_low,14,Iterative Batch Phase: Max,0,White,59,TRUE,FALSE
1460,1,black_low,14,Iterative Batch Phase: Max,1,White,44,TRUE,FALSE
1461,1,black_low,14,Iterative Batch Phase: Max,0,Asian,34,FALSE,FALSE
1462,1,black_low,14,Iterative Batch Phase: Max,1,White,49,FALSE,FALSE
1463,1,black_low,14,Iterative Batch Phase: Max,0,White,60,TRUE,FALSE
1464,3,white_low,14,Iterative Batch Phase: Max,0,White,37,FALSE,FALSE
1465,1,black_low,14,Iterative Batch Phase: Max,0,White,34,FALSE,FALSE
1466,1,black_low,14,Iterative Batch Phase: Max,0,Black or African American,29,TRUE,FALSE
1467,1,black_low,14,Iterative Batch Phase: Max,0,White,70,TRUE,FALSE
1468,1,black_low,14,Iterative Batch Phase: Max,0,White,34,TRUE,FALSE
1469,3,white_low,14,Iterative Batch Phase: Max,0,White,32,FALSE,FALSE
1470,1,black_low,14,Iterative Batch Phase: Max,0,White,65,TRUE,FALSE
1471,1,black_low,14,Iterative Batch Phase: Max,1,Black or African American,29,TRUE,FALSE
1472,1,black_low,14,Iterative Batch Phase: Max,0,White,61,FALSE,FALSE
1473,2,black_high,14,Iterative Batch Phase: Max,0,White,40,FALSE,FALSE
1474,1,black_low,14,Iterative Batch Phase: Max,0,White,52,TRUE,FALSE
1475,1,black_low,14,Iterative Batch Phase: Max,0,White,74,FALSE,FALSE
1476,1,black_low,14,Iterative Batch Phase: Max,0,White,57,TRUE,FALSE
1477,3,white_low,14,Iterative Batch Phase: Max,0,White,37,FALSE,FALSE
1478,1,black_low,14,Iterative Batch Phase: Max,0,Multiracial,47,TRUE,FALSE
1479,1,black_low,14,Iterative Batch Phase: Max,0,White,56,TRUE,FALSE
1480,1,black_low,14,Iterative Batch Phase: Max,1,White,32,TRUE,FALSE
1481,1,black_low,14,Iterative Batch Phase: Max,0,White,25,FALSE,FALSE
1482,1,black_low,14,Iterative Batch Phase: Max,0,White,38,TRUE,FALSE
1483,1,black_low,14,Iterative Batch Phase: Max,0,White,57,TRUE,FALSE
1484,1,black_low,14,Iterative Batch Phase: Max,0,Asian,41,FALSE,FALSE
1485,2,black_high,14,Iterative Batch Phase: Max,0,White,22,TRUE,FALSE
1486,1,black_low,14,Iterative Batch Phase: Max,0,White,72,FALSE,FALSE
1487,1,black_low,14,Iterative Batch Phase: Max,1,Black or African American,61,TRUE,FALSE
1488,1,black_low,14,Iterative Batch Phase: Max,0,White,26,TRUE,FALSE
1489,1,black_low,14,Iterative Batch Phase: Max,0,White,39,FALSE,FALSE
1490,1,black_low,14,Iterative Batch Phase: Max,1,White,31,FALSE,FALSE
1491,1,black_low,14,Iterative Batch Phase: Max,0,White,67,FALSE,TRUE
1492,2,black_high,14,Iterative Batch Phase: Max,1,White,63,TRUE,FALSE
1493,3,white_low,14,Iterative Batch Phase: Max,1,White,28,TRUE,FALSE
1494,1,black_low,14,Iterative Batch Phase: Max,0,White,34,FALSE,FALSE
1495,2,black_high,14,Iterative Batch Phase: Max,0,White,34,FALSE,FALSE
1496,2,black_high,14,Iterative Batch Phase: Max,1,White,66,TRUE,FALSE
1497,2,black_high,14,Iterative Batch Phase: Max,1,White,25,TRUE,FALSE
1498,1,black_low,14,Iterative Batch Phase: Max,1,White,58,TRUE,FALSE
1499,1,black_low,14,Iterative Batch Phase: Max,1,White,61,TRUE,FALSE
1500,1,black_low,14,Iterative Batch Phase: Max,0,White,32,FALSE,FALSE
1501,1,black_low,14,Iterative Batch Phase: Max,1,White,32,TRUE,TRUE
1502,1,black_low,14,Iterative Batch Phase: Max,0,Asian,29,TRUE,FALSE
1503,2,black_high,14,Iterative Batch Phase: Max,1,White,49,FALSE,FALSE
1504,1,black_low,14,Iterative Batch Phase: Max,0,White,49,FALSE,FALSE
1505,1,black_low,14,Iterative Batch Phase: Max,0,White,48,FALSE,FALSE
1506,2,black_high,14,Iterative Batch Phase: Max,1,White,44,TRUE,FALSE
1507,2,black_high,14,Iterative Batch Phase: Max,1,White,4,FALSE,FALSE
1508,2,black_high,14,Iterative Batch Phase: Max,1,White,44,FALSE,FALSE
1509,1,black_low,14,Iterative Batch Phase: Max,1,Black or African American,24,FALSE,FALSE
1510,1,black_low,14,Iterative Batch Phase: Max,0,Black or African American,37,TRUE,FALSE
1511,1,black_low,14,Iterative Batch Phase: Max,0,White,64,TRUE,FALSE
1512,1,black_low,14,Iterative Batch Phase: Max,0,White,49,TRUE,FALSE
1513,2,black_high,14,Iterative Batch Phase: Max,1,White,53,FALSE,FALSE
1514,2,black_high,14,Iterative Batch Phase: Max,1,White,57,FALSE,FALSE
1515,1,black_low,14,Iterative Batch Phase: Max,1,White,46,FALSE,FALSE
1516,1,black_low,14,Iterative Batch Phase: Max,1,White,29,TRUE,FALSE
1517,3,white_low,14,Iterative Batch Phase: Max,1,Black or African American,29,TRUE,FALSE
1518,1,black_low,15,Iterative Batch Phase: Max,0,White,64,TRUE,FALSE
1519,2,black_high,15,Iterative Batch Phase: Max,1,White,38,FALSE,FALSE
1520,2,black_high,15,Iterative Batch Phase: Max,1,White,25,FALSE,FALSE
1521,2,black_high,15,Iterative Batch Phase: Max,0,White,26,TRUE,FALSE
1522,2,black_high,15,Iterative Batch Phase: Max,1,White,38,TRUE,FALSE
1523,2,black_high,15,Iterative Batch Phase: Max,1,White,51,TRUE,FALSE
1524,2,black_high,15,Iterative Batch Phase: Max,1,White,63,FALSE,FALSE
1525,2,black_high,15,Iterative Batch Phase: Max,1,Asian,23,FALSE,FALSE
1526,2,black_high,15,Iterative Batch Phase: Max,0,White,31,TRUE,TRUE
1527,2,black_high,15,Iterative Batch Phase: Max,0,White,40,TRUE,FALSE
1528,1,black_low,15,Iterative Batch Phase: Max,1,White,44,FALSE,FALSE
1529,2,black_high,15,Iterative Batch Phase: Max,1,White,37,FALSE,FALSE
1530,2,black_high,15,Iterative Batch Phase: Max,0,Black or African American,26,FALSE,FALSE
1531,1,black_low,15,Iterative Batch Phase: Max,0,White,45,TRUE,FALSE
1532,1,black_low,15,Iterative Batch Phase: Max,1,White,26,FALSE,FALSE
1533,2,black_high,15,Iterative Batch Phase: Max,1,White,26,TRUE,FALSE
1534,1,black_low,15,Iterative Batch Phase: Max,1,Black or African American,28,TRUE,FALSE
1535,2,black_high,15,Iterative Batch Phase: Max,1,White,68,FALSE,FALSE
1536,2,black_high,15,Iterative Batch Phase: Max,1,American Indian or Alaskan Native,52,FALSE,FALSE
1537,2,black_high,15,Iterative Batch Phase: Max,0,White,36,FALSE,FALSE
1538,1,black_low,15,Iterative Batch Phase: Max,1,White,25,TRUE,FALSE
1539,1,black_low,15,Iterative Batch Phase: Max,1,Black or African American,42,TRUE,FALSE
1540,1,black_low,15,Iterative Batch Phase: Max,1,Other,25,TRUE,TRUE
1541,1,black_low,15,Iterative Batch Phase: Max,0,White,33,FALSE,FALSE
1542,2,black_high,15,Iterative Batch Phase: Max,1,White,37,TRUE,FALSE
1543,1,black_low,15,Iterative Batch Phase: Max,0,Black or African American,38,FALSE,FALSE
1544,2,black_high,15,Iterative Batch Phase: Max,0,White,29,TRUE,FALSE
1545,3,white_low,15,Iterative Batch Phase: Max,1,White,73,FALSE,TRUE
1546,2,black_high,15,Iterative Batch Phase: Max,0,White,37,FALSE,FALSE
1547,2,black_high,15,Iterative Batch Phase: Max,0,White,36,TRUE,FALSE
1548,1,black_low,15,Iterative Batch Phase: Max,1,White,38,FALSE,TRUE
1549,2,black_high,15,Iterative Batch Phase: Max,0,White,35,TRUE,FALSE
1550,4,white_high,15,Iterative Batch Phase: Max,0,White,28,FALSE,FALSE
1551,2,black_high,15,Iterative Batch Phase: Max,1,Black or African American,26,FALSE,FALSE
1552,2,black_high,15,Iterative Batch Phase: Max,0,Asian,45,TRUE,FALSE
1553,1,black_low,15,Iterative Batch Phase: Max,1,Black or African American,52,FALSE,FALSE
1554,2,black_high,15,Iterative Batch Phase: Max,0,Asian,34,FALSE,FALSE
1555,1,black_low,15,Iterative Batch Phase: Max,0,White,49,FALSE,FALSE
1556,1,black_low,15,Iterative Batch Phase: Max,0,White,31,TRUE,FALSE
1557,2,black_high,15,Iterative Batch Phase: Max,0,White,47,TRUE,FALSE
1558,2,black_high,15,Iterative Batch Phase: Max,1,White,43,FALSE,FALSE
1559,1,black_low,15,Iterative Batch Phase: Max,1,White,45,FALSE,FALSE
1560,2,black_high,15,Iterative Batch Phase: Max,1,Multiracial,32,TRUE,FALSE
1561,1,black_low,15,Iterative Batch Phase: Max,1,White,38,TRUE,FALSE
1562,2,black_high,15,Iterative Batch Phase: Max,1,Multiracial,28,TRUE,TRUE
1563,2,black_high,15,Iterative Batch Phase: Max,1,White,42,FALSE,FALSE
1564,3,white_low,15,Iterative Batch Phase: Max,0,White,47,FALSE,FALSE
1565,1,black_low,15,Iterative Batch Phase: Max,1,White,43,FALSE,FALSE
1566,1,black_low,15,Iterative Batch Phase: Max,0,Black or African American,40,FALSE,FALSE
1567,1,black_low,15,Iterative Batch Phase: Max,1,White,39,TRUE,FALSE
1568,1,black_low,15,Iterative Batch Phase: Max,0,White,56,TRUE,FALSE
1569,2,black_high,15,Iterative Batch Phase: Max,0,White,43,FALSE,TRUE
1570,2,black_high,15,Iterative Batch Phase: Max,1,White,31,FALSE,FALSE
1571,1,black_low,15,Iterative Batch Phase: Max,0,White,30,TRUE,FALSE
1572,2,black_high,15,Iterative Batch Phase: Max,0,Black or African American,49,FALSE,FALSE
1573,2,black_high,15,Iterative Batch Phase: Max,0,White,56,FALSE,FALSE
1574,3,white_low,15,Iterative Batch Phase: Max,1,White,51,TRUE,FALSE
1575,1,black_low,15,Iterative Batch Phase: Max,0,White,65,FALSE,FALSE
1576,2,black_high,15,Iterative Batch Phase: Max,1,White,24,TRUE,FALSE
1577,1,black_low,15,Iterative Batch Phase: Max,0,White,51,FALSE,FALSE
1578,2,black_high,15,Iterative Batch Phase: Max,1,White,32,TRUE,FALSE
1579,1,black_low,15,Iterative Batch Phase: Max,1,Asian,31,TRUE,FALSE
1580,3,white_low,15,Iterative Batch Phase: Max,0,Multiracial,44,TRUE,FALSE
1581,1,black_low,15,Iterative Batch Phase: Max,1,White,46,TRUE,FALSE
1582,2,black_high,15,Iterative Batch Phase: Max,1,White,28,FALSE,FALSE
1583,1,black_low,15,Iterative Batch Phase: Max,0,White,36,TRUE,FALSE
1584,1,black_low,15,Iterative Batch Phase: Max,1,Multiracial,53,TRUE,FALSE
1585,1,black_low,15,Iterative Batch Phase: Max,0,Black or African American,43,FALSE,FALSE
1586,2,black_high,15,Iterative Batch Phase: Max,1,White,34,FALSE,FALSE
1587,2,black_high,15,Iterative Batch Phase: Max,0,White,44,TRUE,FALSE
1588,1,black_low,15,Iterative Batch Phase: Max,0,White,34,FALSE,FALSE
1589,1,black_low,15,Iterative Batch Phase: Max,1,White,36,TRUE,FALSE
1590,1,black_low,15,Iterative Batch Phase: Max,1,White,31,TRUE,FALSE
1591,1,black_low,15,Iterative Batch Phase: Max,1,White,32,FALSE,FALSE
1592,2,black_high,15,Iterative Batch Phase: Max,0,White,41,FALSE,FALSE
1593,4,white_high,15,Iterative Batch Phase: Max,1,Black or African American,39,TRUE,FALSE
1594,2,black_high,15,Iterative Batch Phase: Max,1,White,60,FALSE,FALSE
1595,2,black_high,15,Iterative Batch Phase: Max,0,White,36,TRUE,FALSE
1596,2,black_high,15,Iterative Batch Phase: Max,0,White,77,FALSE,FALSE
1597,1,black_low,15,Iterative Batch Phase: Max,0,White,41,FALSE,FALSE
1598,1,black_low,15,Iterative Batch Phase: Max,1,White,51,TRUE,FALSE
1599,2,black_high,15,Iterative Batch Phase: Max,1,White,66,TRUE,FALSE
1600,2,black_high,15,Iterative Batch Phase: Max,0,White,40,TRUE,FALSE
1601,2,black_high,15,Iterative Batch Phase: Max,0,White,55,TRUE,FALSE
1602,1,black_low,15,Iterative Batch Phase: Max,1,White,50,FALSE,FALSE
1603,2,black_high,15,Iterative Batch Phase: Max,0,White,49,TRUE,FALSE
1604,2,black_high,15,Iterative Batch Phase: Max,1,White,51,TRUE,FALSE
1605,2,black_high,15,Iterative Batch Phase: Max,0,White,23,TRUE,FALSE
1606,2,black_high,15,Iterative Batch Phase: Max,1,White,33,FALSE,FALSE
1607,1,black_low,15,Iterative Batch Phase: Max,1,White,40,FALSE,FALSE
1608,2,black_high,15,Iterative Batch Phase: Max,1,White,36,TRUE,FALSE
1609,1,black_low,15,Iterative Batch Phase: Max,1,White,60,FALSE,TRUE
1610,1,black_low,15,Iterative Batch Phase: Max,0,Multiracial,31,TRUE,FALSE
1611,1,black_low,15,Iterative Batch Phase: Max,0,White,71,TRUE,FALSE
1612,1,black_low,15,Iterative Batch Phase: Max,1,White,39,TRUE,FALSE
1613,4,white_high,15,Iterative Batch Phase: Max,1,White,38,FALSE,FALSE
1614,2,black_high,15,Iterative Batch Phase: Max,0,Other,54,FALSE,TRUE
1615,2,black_high,15,Iterative Batch Phase: Max,0,White,31,FALSE,FALSE
1616,2,black_high,16,Iterative Batch Phase: Max,0,White,69,FALSE,FALSE
1617,1,black_low,16,Iterative Batch Phase: Max,1,Asian,30,TRUE,FALSE
1618,1,black_low,16,Iterative Batch Phase: Max,1,White,39,FALSE,FALSE
1619,1,black_low,16,Iterative Batch Phase: Max,0,White,30,FALSE,FALSE
1620,1,black_low,16,Iterative Batch Phase: Max,0,White,42,FALSE,FALSE
1621,1,black_low,16,Iterative Batch Phase: Max,0,Black or African American,39,FALSE,FALSE
1622,1,black_low,16,Iterative Batch Phase: Max,0,White,47,FALSE,FALSE
1623,2,black_high,16,Iterative Batch Phase: Max,0,Black or African American,51,FALSE,FALSE
1624,2,black_high,16,Iterative Batch Phase: Max,1,Black or African American,38,FALSE,FALSE
1625,3,white_low,16,Iterative Batch Phase: Max,0,White,37,TRUE,FALSE
1626,1,black_low,16,Iterative Batch Phase: Max,0,White,38,TRUE,FALSE
1627,1,black_low,16,Iterative Batch Phase: Max,1,White,66,FALSE,FALSE
1628,1,black_low,16,Iterative Batch Phase: Max,1,White,57,TRUE,FALSE
1629,2,black_high,16,Iterative Batch Phase: Max,1,White,23,TRUE,FALSE
1630,1,black_low,16,Iterative Batch Phase: Max,0,White,50,TRUE,FALSE
1631,2,black_high,16,Iterative Batch Phase: Max,0,White,33,FALSE,FALSE
1632,1,black_low,16,Iterative Batch Phase: Max,1,White,74,TRUE,FALSE
1633,1,black_low,16,Iterative Batch Phase: Max,0,White,41,FALSE,FALSE
1634,1,black_low,16,Iterative Batch Phase: Max,0,White,40,TRUE,FALSE
1635,2,black_high,16,Iterative Batch Phase: Max,0,White,41,TRUE,FALSE
1636,1,black_low,16,Iterative Batch Phase: Max,0,White,54,FALSE,FALSE
1637,2,black_high,16,Iterative Batch Phase: Max,0,Asian,32,FALSE,FALSE
1638,2,black_high,16,Iterative Batch Phase: Max,0,White,58,TRUE,FALSE
1639,2,black_high,16,Iterative Batch Phase: Max,0,White,70,TRUE,FALSE
1640,2,black_high,16,Iterative Batch Phase: Max,1,White,71,FALSE,FALSE
1641,2,black_high,16,Iterative Batch Phase: Max,1,Black or African American,49,FALSE,FALSE
1642,2,black_high,16,Iterative Batch Phase: Max,0,Black or African American,53,TRUE,FALSE
1643,1,black_low,16,Iterative Batch Phase: Max,1,White,39,FALSE,FALSE
1644,1,black_low,16,Iterative Batch Phase: Max,1,White,60,FALSE,FALSE
1645,2,black_high,16,Iterative Batch Phase: Max,0,White,45,FALSE,FALSE
1646,1,black_low,16,Iterative Batch Phase: Max,1,White,29,FALSE,FALSE
1647,2,black_high,16,Iterative Batch Phase: Max,1,White,32,FALSE,FALSE
1648,1,black_low,16,Iterative Batch Phase: Max,0,White,26,FALSE,FALSE
1649,1,black_low,16,Iterative Batch Phase: Max,0,White,38,TRUE,FALSE
1650,2,black_high,16,Iterative Batch Phase: Max,1,White,49,FALSE,FALSE
1651,1,black_low,16,Iterative Batch Phase: Max,1,White,55,FALSE,FALSE
1652,1,black_low,16,Iterative Batch Phase: Max,0,White,68,TRUE,FALSE
1653,1,black_low,16,Iterative Batch Phase: Max,1,Black or African American,38,FALSE,FALSE
1654,1,black_low,16,Iterative Batch Phase: Max,1,White,51,FALSE,FALSE
1655,1,black_low,16,Iterative Batch Phase: Max,1,White,66,FALSE,FALSE
1656,1,black_low,16,Iterative Batch Phase: Max,1,White,63,FALSE,FALSE
1657,1,black_low,16,Iterative Batch Phase: Max,1,White,54,TRUE,FALSE
1658,1,black_low,16,Iterative Batch Phase: Max,1,White,31,TRUE,FALSE
1659,1,black_low,16,Iterative Batch Phase: Max,0,White,29,TRUE,FALSE
1660,2,black_high,16,Iterative Batch Phase: Max,0,Black or African American,28,FALSE,FALSE
1661,2,black_high,16,Iterative Batch Phase: Max,1,White,50,FALSE,FALSE
1662,1,black_low,16,Iterative Batch Phase: Max,0,White,38,TRUE,FALSE
1663,3,white_low,16,Iterative Batch Phase: Max,1,White,76,TRUE,FALSE
1664,3,white_low,16,Iterative Batch Phase: Max,0,Black or African American,50,FALSE,FALSE
1665,1,black_low,16,Iterative Batch Phase: Max,1,White,32,FALSE,FALSE
1666,2,black_high,16,Iterative Batch Phase: Max,1,American Indian or Alaskan Native,59,TRUE,FALSE
1667,2,black_high,16,Iterative Batch Phase: Max,0,Black or African American,32,TRUE,FALSE
1668,1,black_low,16,Iterative Batch Phase: Max,1,Black or African American,34,FALSE,FALSE
1669,1,black_low,16,Iterative Batch Phase: Max,0,Asian,39,FALSE,FALSE
1670,1,black_low,16,Iterative Batch Phase: Max,0,White,53,TRUE,FALSE
1671,1,black_low,16,Iterative Batch Phase: Max,1,Asian,22,TRUE,FALSE
1672,2,black_high,16,Iterative Batch Phase: Max,1,White,72,TRUE,FALSE
1673,2,black_high,16,Iterative Batch Phase: Max,0,Asian,41,TRUE,FALSE
1674,2,black_high,16,Iterative Batch Phase: Max,0,White,3000000,TRUE,FALSE
1675,2,black_high,16,Iterative Batch Phase: Max,1,Black or African American,29,FALSE,FALSE
1676,1,black_low,16,Iterative Batch Phase: Max,0,White,65,FALSE,FALSE
1677,2,black_high,16,Iterative Batch Phase: Max,0,White,44,FALSE,FALSE
1678,1,black_low,16,Iterative Batch Phase: Max,1,White,51,FALSE,FALSE
1679,1,black_low,16,Iterative Batch Phase: Max,0,Black or African American,50,TRUE,FALSE
1680,2,black_high,16,Iterative Batch Phase: Max,0,White,30,FALSE,FALSE
1681,3,white_low,16,Iterative Batch Phase: Max,0,Other,33,FALSE,TRUE
1682,1,black_low,16,Iterative Batch Phase: Max,0,Black or African American,32,FALSE,FALSE
1683,2,black_high,16,Iterative Batch Phase: Max,1,Black or African American,38,FALSE,FALSE
1684,2,black_high,16,Iterative Batch Phase: Max,1,Black or African American,33,FALSE,FALSE
1685,1,black_low,16,Iterative Batch Phase: Max,1,White,63,FALSE,FALSE
1686,2,black_high,16,Iterative Batch Phase: Max,0,White,69,TRUE,FALSE
1687,1,black_low,16,Iterative Batch Phase: Max,1,White,50,FALSE,FALSE
1688,2,black_high,16,Iterative Batch Phase: Max,0,Asian,52,TRUE,FALSE
1689,1,black_low,16,Iterative Batch Phase: Max,1,White,61,TRUE,FALSE
1690,1,black_low,16,Iterative Batch Phase: Max,1,White,52,FALSE,FALSE
1691,1,black_low,16,Iterative Batch Phase: Max,0,Black or African American,25,FALSE,FALSE
1692,2,black_high,16,Iterative Batch Phase: Max,0,Black or African American,53,FALSE,FALSE
1693,2,black_high,16,Iterative Batch Phase: Max,1,White,44,TRUE,FALSE
1694,1,black_low,16,Iterative Batch Phase: Max,0,Other,33,FALSE,TRUE
1695,2,black_high,16,Iterative Batch Phase: Max,0,White,39,TRUE,FALSE
1696,3,white_low,16,Iterative Batch Phase: Max,1,White,50,FALSE,FALSE
1697,2,black_high,16,Iterative Batch Phase: Max,0,White,68,FALSE,FALSE
1698,2,black_high,16,Iterative Batch Phase: Max,1,White,42,FALSE,FALSE
1699,2,black_high,16,Iterative Batch Phase: Max,0,Black or African American,50,FALSE,FALSE
1700,2,black_high,16,Iterative Batch Phase: Max,0,White,44,FALSE,FALSE
1701,3,white_low,16,Iterative Batch Phase: Max,0,White,33,FALSE,FALSE
1702,1,black_low,16,Iterative Batch Phase: Max,0,Black or African American,52,FALSE,FALSE
1703,1,black_low,16,Iterative Batch Phase: Max,1,White,35,FALSE,TRUE
1704,1,black_low,16,Iterative Batch Phase: Max,1,White,29,TRUE,FALSE
1705,1,black_low,16,Iterative Batch Phase: Max,1,Black or African American,34,TRUE,FALSE
1706,1,black_low,16,Iterative Batch Phase: Max,0,Multiracial,50,TRUE,FALSE
1707,3,white_low,16,Iterative Batch Phase: Max,1,Multiracial,45,TRUE,FALSE
1708,1,black_low,16,Iterative Batch Phase: Max,1,White,27,TRUE,FALSE
1709,1,black_low,16,Iterative Batch Phase: Max,0,White,23,FALSE,FALSE
1710,1,black_low,16,Iterative Batch Phase: Max,1,White,49,FALSE,FALSE
1711,1,black_low,16,Iterative Batch Phase: Max,0,White,33,TRUE,FALSE
1712,2,black_high,16,Iterative Batch Phase: Max,1,White,28,FALSE,FALSE
1713,1,black_low,17,Iterative Batch Phase: Max,1,Prefer not to disclose,NA,FALSE,FALSE
1714,1,black_low,17,Iterative Batch Phase: Max,1,White,37,FALSE,FALSE
1715,2,black_high,17,Iterative Batch Phase: Max,0,Black or African American,28,TRUE,FALSE
1716,1,black_low,17,Iterative Batch Phase: Max,0,White,26,FALSE,FALSE
1717,1,black_low,17,Iterative Batch Phase: Max,1,White,39,TRUE,FALSE
1718,1,black_low,17,Iterative Batch Phase: Max,0,Asian,37,TRUE,FALSE
1719,1,black_low,17,Iterative Batch Phase: Max,1,White,42,TRUE,TRUE
1720,1,black_low,17,Iterative Batch Phase: Max,0,White,48,FALSE,FALSE
1721,1,black_low,17,Iterative Batch Phase: Max,1,White,41,TRUE,TRUE
1722,1,black_low,17,Iterative Batch Phase: Max,0,White,28,TRUE,FALSE
1723,1,black_low,17,Iterative Batch Phase: Max,0,White,43,TRUE,FALSE
1724,3,white_low,17,Iterative Batch Phase: Max,0,White,57,FALSE,FALSE
1725,2,black_high,17,Iterative Batch Phase: Max,0,White,65,FALSE,TRUE
1726,1,black_low,17,Iterative Batch Phase: Max,0,White,26,TRUE,FALSE
1727,3,white_low,17,Iterative Batch Phase: Max,0,White,23,FALSE,FALSE
1728,1,black_low,17,Iterative Batch Phase: Max,1,White,50,FALSE,FALSE
1729,1,black_low,17,Iterative Batch Phase: Max,1,White,34,FALSE,FALSE
1730,2,black_high,17,Iterative Batch Phase: Max,1,White,28,FALSE,FALSE
1731,1,black_low,17,Iterative Batch Phase: Max,1,White,46,TRUE,FALSE
1732,4,white_high,17,Iterative Batch Phase: Max,1,White,61,TRUE,FALSE
1733,2,black_high,17,Iterative Batch Phase: Max,1,White,49,TRUE,FALSE
1734,1,black_low,17,Iterative Batch Phase: Max,0,Asian,52,FALSE,FALSE
1735,2,black_high,17,Iterative Batch Phase: Max,0,White,43,FALSE,FALSE
1736,2,black_high,17,Iterative Batch Phase: Max,0,White,40,FALSE,TRUE
1737,1,black_low,17,Iterative Batch Phase: Max,1,Asian,42,FALSE,FALSE
1738,1,black_low,17,Iterative Batch Phase: Max,0,White,76,FALSE,FALSE
1739,2,black_high,17,Iterative Batch Phase: Max,0,White,34,FALSE,FALSE
1740,2,black_high,17,Iterative Batch Phase: Max,1,Multiracial,30,FALSE,TRUE
1741,1,black_low,17,Iterative Batch Phase: Max,0,White,45,FALSE,FALSE
1742,2,black_high,17,Iterative Batch Phase: Max,0,White,32,TRUE,FALSE
1743,1,black_low,17,Iterative Batch Phase: Max,0,Prefer not to disclose,NA,FALSE,FALSE
1744,2,black_high,17,Iterative Batch Phase: Max,0,Asian,36,FALSE,FALSE
1745,1,black_low,17,Iterative Batch Phase: Max,0,White,43,FALSE,FALSE
1746,3,white_low,17,Iterative Batch Phase: Max,0,Asian,36,FALSE,FALSE
1747,1,black_low,17,Iterative Batch Phase: Max,1,White,44,TRUE,FALSE
1748,2,black_high,17,Iterative Batch Phase: Max,1,White,62,FALSE,FALSE
1749,2,black_high,17,Iterative Batch Phase: Max,0,White,67,FALSE,FALSE
1750,1,black_low,17,Iterative Batch Phase: Max,0,White,37,FALSE,FALSE
1751,3,white_low,17,Iterative Batch Phase: Max,0,Black or African American,27,FALSE,FALSE
1752,1,black_low,17,Iterative Batch Phase: Max,0,White,52,FALSE,FALSE
1753,1,black_low,17,Iterative Batch Phase: Max,1,White,29,FALSE,FALSE
1754,1,black_low,17,Iterative Batch Phase: Max,0,White,68,TRUE,FALSE
1755,2,black_high,17,Iterative Batch Phase: Max,0,White,72,FALSE,FALSE
1756,2,black_high,17,Iterative Batch Phase: Max,0,White,22,TRUE,FALSE
1757,2,black_high,17,Iterative Batch Phase: Max,1,Black or African American,26,TRUE,FALSE
1758,1,black_low,17,Iterative Batch Phase: Max,1,White,34,FALSE,FALSE
1759,1,black_low,17,Iterative Batch Phase: Max,1,White,23,TRUE,FALSE
1760,2,black_high,17,Iterative Batch Phase: Max,0,White,63,TRUE,FALSE
1761,2,black_high,17,Iterative Batch Phase: Max,0,Black or African American,52,TRUE,FALSE
1762,1,black_low,17,Iterative Batch Phase: Max,1,White,42,TRUE,FALSE
1763,1,black_low,17,Iterative Batch Phase: Max,0,White,57,FALSE,TRUE
1764,1,black_low,17,Iterative Batch Phase: Max,0,White,39,FALSE,FALSE
1765,1,black_low,17,Iterative Batch Phase: Max,1,Black or African American,44,TRUE,FALSE
1766,2,black_high,17,Iterative Batch Phase: Max,1,White,23,TRUE,FALSE
1767,2,black_high,17,Iterative Batch Phase: Max,1,White,63,FALSE,FALSE
1768,2,black_high,17,Iterative Batch Phase: Max,0,White,41,TRUE,FALSE
1769,1,black_low,17,Iterative Batch Phase: Max,0,White,28,TRUE,TRUE
1770,1,black_low,17,Iterative Batch Phase: Max,0,White,58,FALSE,FALSE
1771,1,black_low,17,Iterative Batch Phase: Max,1,White,58,TRUE,FALSE
1772,2,black_high,17,Iterative Batch Phase: Max,0,White,32,FALSE,FALSE
1773,1,black_low,17,Iterative Batch Phase: Max,0,White,26,TRUE,FALSE
1774,1,black_low,17,Iterative Batch Phase: Max,0,Asian,40,TRUE,FALSE
1775,3,white_low,17,Iterative Batch Phase: Max,0,Multiracial,48,TRUE,FALSE
1776,3,white_low,17,Iterative Batch Phase: Max,1,Other,26,TRUE,TRUE
1777,2,black_high,17,Iterative Batch Phase: Max,0,White,40,TRUE,FALSE
1778,1,black_low,17,Iterative Batch Phase: Max,0,White,32,TRUE,FALSE
1779,1,black_low,17,Iterative Batch Phase: Max,1,Other,50,TRUE,TRUE
1780,2,black_high,17,Iterative Batch Phase: Max,0,White,38,FALSE,FALSE
1781,2,black_high,17,Iterative Batch Phase: Max,1,White,29,FALSE,FALSE
1782,1,black_low,17,Iterative Batch Phase: Max,0,Asian,37,FALSE,FALSE
1783,1,black_low,17,Iterative Batch Phase: Max,1,White,40,FALSE,FALSE
1784,2,black_high,17,Iterative Batch Phase: Max,1,White,32,FALSE,FALSE
1785,3,white_low,17,Iterative Batch Phase: Max,1,Other,57,TRUE,TRUE
1786,1,black_low,17,Iterative Batch Phase: Max,0,White,33,FALSE,FALSE
1787,1,black_low,17,Iterative Batch Phase: Max,1,White,44,TRUE,FALSE
1788,2,black_high,17,Iterative Batch Phase: Max,0,White,24,TRUE,FALSE
1789,2,black_high,17,Iterative Batch Phase: Max,0,White,36,TRUE,FALSE
1790,1,black_low,17,Iterative Batch Phase: Max,1,White,51,TRUE,FALSE
1791,1,black_low,17,Iterative Batch Phase: Max,1,White,28,TRUE,TRUE
1792,1,black_low,17,Iterative Batch Phase: Max,1,White,25,TRUE,TRUE
1793,1,black_low,17,Iterative Batch Phase: Max,1,White,41,FALSE,TRUE
1794,1,black_low,17,Iterative Batch Phase: Max,1,White,61,FALSE,FALSE
1795,2,black_high,17,Iterative Batch Phase: Max,1,White,62,TRUE,FALSE
1796,3,white_low,17,Iterative Batch Phase: Max,0,White,64,TRUE,FALSE
1797,1,black_low,17,Iterative Batch Phase: Max,1,White,42,TRUE,FALSE
1798,1,black_low,17,Iterative Batch Phase: Max,1,White,38,TRUE,FALSE
1799,1,black_low,17,Iterative Batch Phase: Max,1,Black or African American,35,FALSE,FALSE
1800,2,black_high,17,Iterative Batch Phase: Max,0,White,70,TRUE,FALSE
1801,1,black_low,17,Iterative Batch Phase: Max,0,White,51,TRUE,FALSE
1802,1,black_low,17,Iterative Batch Phase: Max,0,Black or African American,33,FALSE,FALSE
1803,1,black_low,17,Iterative Batch Phase: Max,0,Other,45,FALSE,TRUE
1804,1,black_low,17,Iterative Batch Phase: Max,0,White,53,FALSE,FALSE
1805,1,black_low,17,Iterative Batch Phase: Max,0,White,30,TRUE,TRUE
1806,2,black_high,17,Iterative Batch Phase: Max,0,White,49,TRUE,FALSE
1807,1,black_low,17,Iterative Batch Phase: Max,1,White,56,TRUE,FALSE
1808,2,black_high,17,Iterative Batch Phase: Max,0,White,60,TRUE,FALSE
1809,1,black_low,17,Iterative Batch Phase: Max,1,White,71,FALSE,FALSE
1810,2,black_high,17,Iterative Batch Phase: Max,0,Black or African American,49,TRUE,FALSE
1811,2,black_high,17,Iterative Batch Phase: Max,1,Black or African American,50,TRUE,FALSE
1812,1,black_low,17,Iterative Batch Phase: Max,0,White,72,TRUE,FALSE
1813,1,black_low,18,Iterative Batch Phase: Max,1,White,42,TRUE,FALSE
1814,1,black_low,18,Iterative Batch Phase: Max,1,White,30,FALSE,FALSE
1815,1,black_low,18,Iterative Batch Phase: Max,0,White,41,TRUE,FALSE
1816,3,white_low,18,Iterative Batch Phase: Max,1,White,69,TRUE,FALSE
1817,1,black_low,18,Iterative Batch Phase: Max,1,White,44,TRUE,FALSE
1818,1,black_low,18,Iterative Batch Phase: Max,0,Other,61,TRUE,FALSE
1819,1,black_low,18,Iterative Batch Phase: Max,0,White,72,TRUE,FALSE
1820,1,black_low,18,Iterative Batch Phase: Max,0,White,36,TRUE,FALSE
1821,2,black_high,18,Iterative Batch Phase: Max,1,American Indian or Alaskan Native,62,TRUE,FALSE
1822,1,black_low,18,Iterative Batch Phase: Max,1,White,37,TRUE,FALSE
1823,2,black_high,18,Iterative Batch Phase: Max,1,White,25,TRUE,TRUE
1824,1,black_low,18,Iterative Batch Phase: Max,1,Asian,52,TRUE,FALSE
1825,1,black_low,18,Iterative Batch Phase: Max,0,White,42,TRUE,FALSE
1826,1,black_low,18,Iterative Batch Phase: Max,0,White,49,FALSE,FALSE
1827,1,black_low,18,Iterative Batch Phase: Max,0,White,35,FALSE,FALSE
1828,1,black_low,18,Iterative Batch Phase: Max,0,White,49,TRUE,FALSE
1829,2,black_high,18,Iterative Batch Phase: Max,1,White,34,TRUE,FALSE
1830,1,black_low,18,Iterative Batch Phase: Max,0,White,40,TRUE,TRUE
1831,1,black_low,18,Iterative Batch Phase: Max,0,Multiracial,31,TRUE,FALSE
1832,2,black_high,18,Iterative Batch Phase: Max,0,White,68,TRUE,FALSE
1833,1,black_low,18,Iterative Batch Phase: Max,1,Asian,39,FALSE,FALSE
1834,1,black_low,18,Iterative Batch Phase: Max,0,White,45,FALSE,FALSE
1835,1,black_low,18,Iterative Batch Phase: Max,0,White,38,FALSE,FALSE
1836,2,black_high,18,Iterative Batch Phase: Max,0,White,52,TRUE,FALSE
1837,1,black_low,18,Iterative Batch Phase: Max,0,White,39,TRUE,FALSE
1838,1,black_low,18,Iterative Batch Phase: Max,0,White,46,TRUE,FALSE
1839,1,black_low,18,Iterative Batch Phase: Max,1,White,66,TRUE,FALSE
1840,1,black_low,18,Iterative Batch Phase: Max,1,White,30,FALSE,FALSE
1841,2,black_high,18,Iterative Batch Phase: Max,0,White,62,FALSE,FALSE
1842,2,black_high,18,Iterative Batch Phase: Max,1,Black or African American,35,FALSE,TRUE
1843,1,black_low,18,Iterative Batch Phase: Max,0,White,59,TRUE,FALSE
1844,1,black_low,18,Iterative Batch Phase: Max,1,White,36,FALSE,FALSE
1845,2,black_high,18,Iterative Batch Phase: Max,0,White,34,FALSE,FALSE
1846,2,black_high,18,Iterative Batch Phase: Max,0,White,51,TRUE,FALSE
1847,1,black_low,18,Iterative Batch Phase: Max,0,White,51,FALSE,FALSE
1848,3,white_low,18,Iterative Batch Phase: Max,1,Black or African American,26,FALSE,FALSE
1849,1,black_low,18,Iterative Batch Phase: Max,1,White,33,TRUE,FALSE
1850,1,black_low,18,Iterative Batch Phase: Max,1,White,25,TRUE,FALSE
1851,2,black_high,18,Iterative Batch Phase: Max,1,Multiracial,55,TRUE,FALSE
1852,1,black_low,18,Iterative Batch Phase: Max,0,White,76,FALSE,FALSE
1853,1,black_low,18,Iterative Batch Phase: Max,0,White,39,FALSE,TRUE
1854,1,black_low,18,Iterative Batch Phase: Max,0,Asian,29,TRUE,FALSE
1855,1,black_low,18,Iterative Batch Phase: Max,0,White,33,FALSE,FALSE
1856,4,white_high,18,Iterative Batch Phase: Max,1,White,64,TRUE,FALSE
1857,1,black_low,18,Iterative Batch Phase: Max,1,White,52,TRUE,FALSE
1858,1,black_low,18,Iterative Batch Phase: Max,1,White,42,TRUE,FALSE
1859,1,black_low,18,Iterative Batch Phase: Max,0,White,41,TRUE,FALSE
1860,1,black_low,18,Iterative Batch Phase: Max,0,White,35,FALSE,FALSE
1861,1,black_low,18,Iterative Batch Phase: Max,0,Multiracial,36,TRUE,FALSE
1862,1,black_low,18,Iterative Batch Phase: Max,1,Multiracial,34,TRUE,TRUE
1863,2,black_high,18,Iterative Batch Phase: Max,1,White,51,TRUE,FALSE
1864,1,black_low,18,Iterative Batch Phase: Max,0,White,28,TRUE,FALSE
1865,1,black_low,18,Iterative Batch Phase: Max,0,Black or African American,26,TRUE,FALSE
1866,1,black_low,18,Iterative Batch Phase: Max,0,White,29,TRUE,TRUE
1867,2,black_high,18,Iterative Batch Phase: Max,1,Black or African American,51,TRUE,FALSE
1868,1,black_low,18,Iterative Batch Phase: Max,0,Multiracial,63,FALSE,FALSE
1869,1,black_low,18,Iterative Batch Phase: Max,0,White,61,FALSE,FALSE
1870,1,black_low,18,Iterative Batch Phase: Max,0,White,36,TRUE,FALSE
1871,1,black_low,18,Iterative Batch Phase: Max,1,White,56,TRUE,FALSE
1872,1,black_low,18,Iterative Batch Phase: Max,1,White,53,TRUE,FALSE
1873,3,white_low,18,Iterative Batch Phase: Max,0,White,30,TRUE,FALSE
1874,2,black_high,18,Iterative Batch Phase: Max,0,Multiracial,31,TRUE,FALSE
1875,3,white_low,18,Iterative Batch Phase: Max,0,White,41,TRUE,FALSE
1876,2,black_high,18,Iterative Batch Phase: Max,1,Black or African American,54,TRUE,FALSE
1877,1,black_low,18,Iterative Batch Phase: Max,0,White,48,FALSE,FALSE
1878,1,black_low,18,Iterative Batch Phase: Max,0,White,57,TRUE,FALSE
1879,2,black_high,18,Iterative Batch Phase: Max,1,White,53,FALSE,FALSE
1880,1,black_low,18,Iterative Batch Phase: Max,1,White,24,TRUE,FALSE
1881,1,black_low,18,Iterative Batch Phase: Max,0,Asian,36,FALSE,FALSE
1882,1,black_low,18,Iterative Batch Phase: Max,1,White,31,TRUE,FALSE
1883,1,black_low,18,Iterative Batch Phase: Max,1,White,45,FALSE,FALSE
1884,2,black_high,18,Iterative Batch Phase: Max,0,White,61,TRUE,FALSE
1885,2,black_high,18,Iterative Batch Phase: Max,0,Other,42,TRUE,TRUE
1886,2,black_high,18,Iterative Batch Phase: Max,0,White,33,FALSE,FALSE
1887,2,black_high,18,Iterative Batch Phase: Max,0,Other,56,TRUE,TRUE
1888,1,black_low,18,Iterative Batch Phase: Max,1,White,77,TRUE,FALSE
1889,2,black_high,18,Iterative Batch Phase: Max,1,White,31,FALSE,FALSE
1890,2,black_high,18,Iterative Batch Phase: Max,1,White,35,FALSE,FALSE
1891,2,black_high,18,Iterative Batch Phase: Max,1,White,28,TRUE,FALSE
1892,2,black_high,18,Iterative Batch Phase: Max,0,White,59,TRUE,FALSE
1893,1,black_low,18,Iterative Batch Phase: Max,1,White,25,TRUE,FALSE
1894,1,black_low,18,Iterative Batch Phase: Max,0,White,55,TRUE,FALSE
1895,1,black_low,18,Iterative Batch Phase: Max,1,White,54,TRUE,FALSE
1896,1,black_low,18,Iterative Batch Phase: Max,1,White,23,TRUE,FALSE
1897,3,white_low,18,Iterative Batch Phase: Max,1,White,35,FALSE,TRUE
1898,1,black_low,18,Iterative Batch Phase: Max,1,White,30,TRUE,FALSE
1899,2,black_high,18,Iterative Batch Phase: Max,0,Black or African American,38,TRUE,FALSE
1900,2,black_high,18,Iterative Batch Phase: Max,0,White,62,TRUE,FALSE
1901,1,black_low,18,Iterative Batch Phase: Max,1,White,34,TRUE,FALSE
1902,1,black_low,18,Iterative Batch Phase: Max,1,Asian,50,TRUE,FALSE
1903,1,black_low,18,Iterative Batch Phase: Max,1,White,53,TRUE,FALSE
1904,1,black_low,18,Iterative Batch Phase: Max,0,White,51,TRUE,FALSE
1905,1,black_low,18,Iterative Batch Phase: Max,1,Black or African American,33,TRUE,FALSE
1906,1,black_low,18,Iterative Batch Phase: Max,1,White,50,TRUE,FALSE
1907,1,black_low,18,Iterative Batch Phase: Max,0,White,49,TRUE,FALSE
1908,2,black_high,18,Iterative Batch Phase: Max,1,White,45,TRUE,FALSE
1909,1,black_low,18,Iterative Batch Phase: Max,0,White,21,FALSE,FALSE
1910,1,black_low,18,Iterative Batch Phase: Max,1,Other,35,TRUE,TRUE
1911,2,black_high,19,Iterative Batch Phase: Max,0,Asian,27,TRUE,FALSE
1912,1,black_low,19,Iterative Batch Phase: Max,0,White,62,FALSE,FALSE
1913,1,black_low,19,Iterative Batch Phase: Max,1,Asian,35,FALSE,FALSE
1914,1,black_low,19,Iterative Batch Phase: Max,0,White,38,FALSE,FALSE
1915,3,white_low,19,Iterative Batch Phase: Max,0,Asian,25,FALSE,FALSE
1916,2,black_high,19,Iterative Batch Phase: Max,1,White,45,TRUE,FALSE
1917,1,black_low,19,Iterative Batch Phase: Max,1,White,59,TRUE,FALSE
1918,1,black_low,19,Iterative Batch Phase: Max,1,White,41,FALSE,FALSE
1919,1,black_low,19,Iterative Batch Phase: Max,1,White,33,FALSE,FALSE
1920,2,black_high,19,Iterative Batch Phase: Max,1,Multiracial,52,FALSE,TRUE
1921,1,black_low,19,Iterative Batch Phase: Max,0,White,36,TRUE,FALSE
1922,1,black_low,19,Iterative Batch Phase: Max,1,White,63,TRUE,FALSE
1923,1,black_low,19,Iterative Batch Phase: Max,0,White,50,TRUE,FALSE
1924,1,black_low,19,Iterative Batch Phase: Max,0,Multiracial,29,FALSE,FALSE
1925,1,black_low,19,Iterative Batch Phase: Max,1,Black or African American,50,TRUE,FALSE
1926,1,black_low,19,Iterative Batch Phase: Max,1,White,56,TRUE,FALSE
1927,1,black_low,19,Iterative Batch Phase: Max,1,Black or African American,30,FALSE,FALSE
1928,1,black_low,19,Iterative Batch Phase: Max,1,White,66,FALSE,FALSE
1929,1,black_low,19,Iterative Batch Phase: Max,1,Other,26,FALSE,TRUE
1930,1,black_low,19,Iterative Batch Phase: Max,0,White,41,FALSE,FALSE
1931,1,black_low,19,Iterative Batch Phase: Max,0,White,32,FALSE,FALSE
1932,1,black_low,19,Iterative Batch Phase: Max,0,White,40,FALSE,FALSE
1933,1,black_low,19,Iterative Batch Phase: Max,1,Black or African American,55,TRUE,FALSE
1934,3,white_low,19,Iterative Batch Phase: Max,1,Black or African American,56,FALSE,FALSE
1935,4,white_high,19,Iterative Batch Phase: Max,1,White,53,TRUE,FALSE
1936,2,black_high,19,Iterative Batch Phase: Max,0,Asian,20,FALSE,FALSE
1937,1,black_low,19,Iterative Batch Phase: Max,1,White,63,TRUE,FALSE
1938,2,black_high,19,Iterative Batch Phase: Max,0,Multiracial,47,FALSE,FALSE
1939,1,black_low,19,Iterative Batch Phase: Max,0,Asian,35,FALSE,FALSE
1940,1,black_low,19,Iterative Batch Phase: Max,1,White,39,FALSE,FALSE
1941,1,black_low,19,Iterative Batch Phase: Max,0,White,45,TRUE,FALSE
1942,1,black_low,19,Iterative Batch Phase: Max,0,White,53,TRUE,FALSE
1943,1,black_low,19,Iterative Batch Phase: Max,1,White,48,FALSE,FALSE
1944,1,black_low,19,Iterative Batch Phase: Max,0,White,29,TRUE,TRUE
1945,1,black_low,19,Iterative Batch Phase: Max,1,White,32,TRUE,FALSE
1946,1,black_low,19,Iterative Batch Phase: Max,0,White,46,TRUE,FALSE
1947,2,black_high,19,Iterative Batch Phase: Max,1,White,41,TRUE,FALSE
1948,1,black_low,19,Iterative Batch Phase: Max,0,Multiracial,53,TRUE,FALSE
1949,2,black_high,19,Iterative Batch Phase: Max,0,White,60,TRUE,FALSE
1950,1,black_low,19,Iterative Batch Phase: Max,0,White,42,FALSE,FALSE
1951,2,black_high,19,Iterative Batch Phase: Max,0,White,49,FALSE,FALSE
1952,1,black_low,19,Iterative Batch Phase: Max,0,White,61,TRUE,FALSE
1953,2,black_high,19,Iterative Batch Phase: Max,0,White,64,FALSE,FALSE
1954,1,black_low,19,Iterative Batch Phase: Max,1,White,26,TRUE,FALSE
1955,1,black_low,19,Iterative Batch Phase: Max,0,White,62,FALSE,TRUE
1956,1,black_low,19,Iterative Batch Phase: Max,0,Multiracial,28,TRUE,FALSE
1957,1,black_low,19,Iterative Batch Phase: Max,0,White,64,TRUE,FALSE
1958,1,black_low,19,Iterative Batch Phase: Max,0,Black or African American,41,TRUE,FALSE
1959,1,black_low,19,Iterative Batch Phase: Max,1,White,23,FALSE,FALSE
1960,1,black_low,19,Iterative Batch Phase: Max,1,Black or African American,28,FALSE,FALSE
1961,2,black_high,19,Iterative Batch Phase: Max,0,Asian,27,TRUE,FALSE
1962,1,black_low,19,Iterative Batch Phase: Max,0,White,44,TRUE,FALSE
1963,1,black_low,19,Iterative Batch Phase: Max,0,Black or African American,38,TRUE,FALSE
1964,1,black_low,19,Iterative Batch Phase: Max,0,White,33,FALSE,FALSE
1965,1,black_low,19,Iterative Batch Phase: Max,1,White,51,FALSE,FALSE
1966,1,black_low,19,Iterative Batch Phase: Max,0,Multiracial,43,FALSE,FALSE
1967,2,black_high,19,Iterative Batch Phase: Max,1,White,50,TRUE,FALSE
1968,1,black_low,19,Iterative Batch Phase: Max,1,Asian,32,TRUE,FALSE
1969,1,black_low,19,Iterative Batch Phase: Max,1,White,50,TRUE,FALSE
1970,1,black_low,19,Iterative Batch Phase: Max,1,White,34,FALSE,FALSE
1971,2,black_high,19,Iterative Batch Phase: Max,1,White,90,TRUE,TRUE
1972,1,black_low,19,Iterative Batch Phase: Max,0,White,32,FALSE,FALSE
1973,1,black_low,19,Iterative Batch Phase: Max,1,White,41,TRUE,FALSE
1974,1,black_low,19,Iterative Batch Phase: Max,0,White,53,FALSE,FALSE
1975,1,black_low,19,Iterative Batch Phase: Max,0,Asian,38,FALSE,FALSE
1976,1,black_low,19,Iterative Batch Phase: Max,0,White,55,FALSE,TRUE
1977,1,black_low,19,Iterative Batch Phase: Max,1,White,41,TRUE,FALSE
1978,2,black_high,19,Iterative Batch Phase: Max,0,White,65,TRUE,FALSE
1979,1,black_low,19,Iterative Batch Phase: Max,1,Black or African American,35,TRUE,FALSE
1980,1,black_low,19,Iterative Batch Phase: Max,1,White,38,FALSE,FALSE
1981,3,white_low,19,Iterative Batch Phase: Max,1,White,28,FALSE,FALSE
1982,3,white_low,19,Iterative Batch Phase: Max,0,Multiracial,48,FALSE,FALSE
1983,1,black_low,19,Iterative Batch Phase: Max,0,Black or African American,51,TRUE,FALSE
1984,3,white_low,19,Iterative Batch Phase: Max,0,White,49,TRUE,FALSE
1985,2,black_high,19,Iterative Batch Phase: Max,1,Asian,51,TRUE,FALSE
1986,3,white_low,19,Iterative Batch Phase: Max,0,White,29,TRUE,TRUE
1987,1,black_low,19,Iterative Batch Phase: Max,1,Multiracial,29,TRUE,TRUE
1988,1,black_low,19,Iterative Batch Phase: Max,0,White,29,TRUE,FALSE
1989,1,black_low,19,Iterative Batch Phase: Max,1,White,47,FALSE,FALSE
1990,2,black_high,19,Iterative Batch Phase: Max,1,White,54,TRUE,FALSE
1991,1,black_low,19,Iterative Batch Phase: Max,0,White,28,FALSE,FALSE
1992,1,black_low,19,Iterative Batch Phase: Max,1,Prefer not to disclose,32,FALSE,FALSE
1993,1,black_low,19,Iterative Batch Phase: Max,0,White,37,TRUE,FALSE
1994,1,black_low,19,Iterative Batch Phase: Max,0,White,51,FALSE,FALSE
1995,1,black_low,19,Iterative Batch Phase: Max,0,White,44,FALSE,FALSE
1996,1,black_low,19,Iterative Batch Phase: Max,0,Black or African American,51,TRUE,FALSE
1997,1,black_low,19,Iterative Batch Phase: Max,0,White,33,FALSE,FALSE
1998,1,black_low,19,Iterative Batch Phase: Max,0,Multiracial,34,FALSE,FALSE
1999,1,black_low,19,Iterative Batch Phase: Max,0,White,71,FALSE,FALSE
2000,1,black_low,19,Iterative Batch Phase: Max,1,Asian,26,TRUE,FALSE
2001,2,black_high,19,Iterative Batch Phase: Max,1,Black or African American,42,FALSE,FALSE
2002,2,black_high,19,Iterative Batch Phase: Max,1,Black or African American,52,FALSE,FALSE
2003,1,black_low,19,Iterative Batch Phase: Max,1,White,36,TRUE,FALSE
2004,2,black_high,19,Iterative Batch Phase: Max,0,White,68,FALSE,FALSE
2005,1,black_low,19,Iterative Batch Phase: Max,0,White,31,TRUE,FALSE
2006,1,black_low,19,Iterative Batch Phase: Max,0,White,35,FALSE,FALSE
2007,2,black_high,19,Iterative Batch Phase: Max,1,White,64,TRUE,FALSE
2008,1,black_low,19,Iterative Batch Phase: Max,0,Other,28,TRUE,FALSE
2009,1,black_low,20,Iterative Batch Phase: Max,0,Asian,32,TRUE,FALSE
2010,2,black_high,20,Iterative Batch Phase: Max,0,White,47,TRUE,FALSE
2011,2,black_high,20,Iterative Batch Phase: Max,0,White,48,TRUE,FALSE
2012,1,black_low,20,Iterative Batch Phase: Max,1,Multiracial,40,FALSE,TRUE
2013,3,white_low,20,Iterative Batch Phase: Max,0,White,78,FALSE,TRUE
2014,1,black_low,20,Iterative Batch Phase: Max,0,White,34,TRUE,TRUE
2015,3,white_low,20,Iterative Batch Phase: Max,1,White,63,TRUE,FALSE
2016,2,black_high,20,Iterative Batch Phase: Max,1,White,35,TRUE,TRUE
2017,1,black_low,20,Iterative Batch Phase: Max,0,White,43,TRUE,FALSE
2018,1,black_low,20,Iterative Batch Phase: Max,1,White,70,TRUE,FALSE
2019,1,black_low,20,Iterative Batch Phase: Max,1,White,55,TRUE,FALSE
2020,1,black_low,20,Iterative Batch Phase: Max,1,White,32,TRUE,FALSE
2021,1,black_low,20,Iterative Batch Phase: Max,1,Black or African American,38,TRUE,FALSE
2022,1,black_low,20,Iterative Batch Phase: Max,1,White,46,TRUE,FALSE
2023,1,black_low,20,Iterative Batch Phase: Max,1,White,24,FALSE,TRUE
2024,2,black_high,20,Iterative Batch Phase: Max,0,White,57,TRUE,FALSE
2025,4,white_high,20,Iterative Batch Phase: Max,1,Asian,51,TRUE,FALSE
2026,2,black_high,20,Iterative Batch Phase: Max,0,White,45,TRUE,FALSE
2027,1,black_low,20,Iterative Batch Phase: Max,0,Other,29,TRUE,TRUE
2028,1,black_low,20,Iterative Batch Phase: Max,1,White,42,TRUE,FALSE
2029,2,black_high,20,Iterative Batch Phase: Max,0,Black or African American,49,TRUE,FALSE
2030,4,white_high,20,Iterative Batch Phase: Max,0,Asian,35,FALSE,FALSE
2031,1,black_low,20,Iterative Batch Phase: Max,1,White,54,FALSE,FALSE
2032,2,black_high,20,Iterative Batch Phase: Max,1,Asian,19,TRUE,FALSE
2033,3,white_low,20,Iterative Batch Phase: Max,0,White,58,TRUE,FALSE
2034,1,black_low,20,Iterative Batch Phase: Max,1,Black or African American,67,FALSE,FALSE
2035,1,black_low,20,Iterative Batch Phase: Max,0,Asian,30,TRUE,FALSE
2036,1,black_low,20,Iterative Batch Phase: Max,1,Black or African American,31,TRUE,FALSE
2037,1,black_low,20,Iterative Batch Phase: Max,0,Asian,35,FALSE,FALSE
2038,1,black_low,20,Iterative Batch Phase: Max,0,White,35,TRUE,FALSE
2039,2,black_high,20,Iterative Batch Phase: Max,1,Asian,35,FALSE,FALSE
2040,1,black_low,20,Iterative Batch Phase: Max,0,Black or African American,42,TRUE,FALSE
2041,2,black_high,20,Iterative Batch Phase: Max,0,Black or African American,51,TRUE,FALSE
2042,1,black_low,20,Iterative Batch Phase: Max,0,White,29,FALSE,FALSE
2043,2,black_high,20,Iterative Batch Phase: Max,0,White,28,FALSE,FALSE
2044,1,black_low,20,Iterative Batch Phase: Max,1,White,34,TRUE,FALSE
2045,1,black_low,20,Iterative Batch Phase: Max,0,White,32,TRUE,FALSE
2046,1,black_low,20,Iterative Batch Phase: Max,0,Black or African American,32,TRUE,FALSE
2047,1,black_low,20,Iterative Batch Phase: Max,1,White,35,FALSE,FALSE
2048,1,black_low,20,Iterative Batch Phase: Max,0,White,42,FALSE,FALSE
2049,3,white_low,20,Iterative Batch Phase: Max,1,White,58,TRUE,FALSE
2050,1,black_low,20,Iterative Batch Phase: Max,1,White,48,FALSE,FALSE
2051,1,black_low,20,Iterative Batch Phase: Max,0,White,53,TRUE,FALSE
2052,1,black_low,20,Iterative Batch Phase: Max,0,White,46,FALSE,FALSE
2053,1,black_low,20,Iterative Batch Phase: Max,0,Asian,22,TRUE,FALSE
2054,2,black_high,20,Iterative Batch Phase: Max,0,White,54,FALSE,FALSE
2055,1,black_low,20,Iterative Batch Phase: Max,0,White,73,TRUE,FALSE
2056,1,black_low,20,Iterative Batch Phase: Max,1,Multiracial,46,TRUE,FALSE
2057,3,white_low,20,Iterative Batch Phase: Max,0,Black or African American,30,FALSE,FALSE
2058,2,black_high,20,Iterative Batch Phase: Max,0,White,64,FALSE,FALSE
2059,1,black_low,20,Iterative Batch Phase: Max,0,White,23,FALSE,FALSE
2060,2,black_high,20,Iterative Batch Phase: Max,0,White,39,TRUE,TRUE
2061,1,black_low,20,Iterative Batch Phase: Max,0,White,62,TRUE,FALSE
2062,1,black_low,20,Iterative Batch Phase: Max,1,Black or African American,35,TRUE,FALSE
2063,1,black_low,20,Iterative Batch Phase: Max,0,White,74,FALSE,FALSE
2064,2,black_high,20,Iterative Batch Phase: Max,1,White,44,FALSE,FALSE
2065,1,black_low,20,Iterative Batch Phase: Max,1,White,62,FALSE,FALSE
2066,2,black_high,20,Iterative Batch Phase: Max,1,White,53,FALSE,FALSE
2067,1,black_low,20,Iterative Batch Phase: Max,1,White,59,TRUE,FALSE
2068,1,black_low,20,Iterative Batch Phase: Max,0,White,69,FALSE,FALSE
2069,1,black_low,20,Iterative Batch Phase: Max,1,White,30,FALSE,FALSE
2070,1,black_low,20,Iterative Batch Phase: Max,1,White,25,FALSE,FALSE
2071,1,black_low,20,Iterative Batch Phase: Max,1,White,31,FALSE,FALSE
2072,1,black_low,20,Iterative Batch Phase: Max,0,Asian,47,TRUE,FALSE
2073,2,black_high,20,Iterative Batch Phase: Max,0,Asian,35,FALSE,FALSE
2074,4,white_high,20,Iterative Batch Phase: Max,1,White,40,TRUE,FALSE
2075,1,black_low,20,Iterative Batch Phase: Max,0,White,37,TRUE,FALSE
2076,1,black_low,20,Iterative Batch Phase: Max,0,White,53,TRUE,FALSE
2077,1,black_low,20,Iterative Batch Phase: Max,1,White,36,TRUE,FALSE
2078,2,black_high,20,Iterative Batch Phase: Max,1,White,66,TRUE,FALSE
2079,2,black_high,20,Iterative Batch Phase: Max,0,White,32,FALSE,FALSE
2080,1,black_low,20,Iterative Batch Phase: Max,0,Black or African American,30,TRUE,FALSE
2081,3,white_low,20,Iterative Batch Phase: Max,0,White,27,TRUE,FALSE
2082,1,black_low,20,Iterative Batch Phase: Max,1,Prefer not to disclose,NA,FALSE,FALSE
2083,1,black_low,20,Iterative Batch Phase: Max,0,White,37,FALSE,TRUE
2084,4,white_high,20,Iterative Batch Phase: Max,1,White,33,TRUE,FALSE
2085,1,black_low,20,Iterative Batch Phase: Max,1,Multiracial,39,FALSE,FALSE
2086,2,black_high,20,Iterative Batch Phase: Max,1,Black or African American,49,TRUE,FALSE
2087,2,black_high,20,Iterative Batch Phase: Max,1,White,40,FALSE,TRUE
2088,1,black_low,20,Iterative Batch Phase: Max,1,White,23,TRUE,FALSE
2089,1,black_low,20,Iterative Batch Phase: Max,0,Black or African American,35,FALSE,TRUE
2090,1,black_low,20,Iterative Batch Phase: Max,1,White,37,TRUE,FALSE
2091,1,black_low,20,Iterative Batch Phase: Max,1,White,32,TRUE,FALSE
2092,1,black_low,20,Iterative Batch Phase: Max,1,White,34,FALSE,FALSE
2093,1,black_low,20,Iterative Batch Phase: Max,0,White,29,TRUE,FALSE
2094,1,black_low,20,Iterative Batch Phase: Max,1,Asian,29,FALSE,FALSE
2095,1,black_low,20,Iterative Batch Phase: Max,1,Multiracial,29,TRUE,FALSE
2096,3,white_low,20,Iterative Batch Phase: Max,1,White,26,TRUE,FALSE
2097,1,black_low,20,Iterative Batch Phase: Max,1,Multiracial,40,TRUE,FALSE
2098,2,black_high,20,Iterative Batch Phase: Max,0,Black or African American,29,TRUE,FALSE
2099,2,black_high,20,Iterative Batch Phase: Max,1,Black or African American,50,TRUE,FALSE
2100,1,black_low,20,Iterative Batch Phase: Max,0,Black or African American,66,TRUE,FALSE
2101,1,black_low,20,Iterative Batch Phase: Max,0,White,52,TRUE,FALSE
2102,1,black_low,20,Iterative Batch Phase: Max,0,White,66,FALSE,FALSE
2103,1,black_low,20,Iterative Batch Phase: Max,1,White,40,TRUE,FALSE
2104,1,black_low,20,Iterative Batch Phase: Max,0,Multiracial,46,FALSE,TRUE
2105,1,black_low,20,Iterative Batch Phase: Max,1,Asian,34,FALSE,FALSE
